sim_id,강원특별자치도,경기도,경상남도,경상북도,대구광역시,대전광역시,부산광역시,서울특별시,세종특별자치시,울산광역시,인천광역시,전남광주통합특별시,전북특별자치도,제주특별자치도,충청남도,충청북도
0,D,R,R,R,R,D,R,R,D,R,D,D,D,R,D,D
1,R,R,R,R,R,R,R,R,R,R,R,D,D,R,R,R
2,R,R,R,R,R,R,R,R,R,R,R,D,D,R,R,R
3,D,R,R,R,R,D,D,D,D,R,D,D,D,D,D,D
4,R,D,R,R,R,R,R,R,R,R,R,D,D,R,D,R
5,R,R,R,R,R,R,R,R,R,R,R,D,D,R,D,R
6,D,D,D,R,R,D,D,D,D,R,D,D,D,D,D,D
7,R,R,R,R,R,R,R,R,R,R,R,D,R,R,R,R
8,R,R,R,R,R,R,R,D,D,R,R,D,D,R,D,R
9,R,R,R,R,R,R,R,R,D,R,R,D,D,D,D,D
10,R,R,R,R,R,R,R,D,D,R,R,D,D,D,D,D
11,R,R,R,R,R,R,R,R,D,R,R,D,D,D,R,D
12,R,R,R,R,R,R,R,R,D,R,D,D,D,D,R,R
13,D,R,R,R,R,R,R,R,R,R,R,D,D,R,R,R
14,R,D,R,R,R,R,R,R,D,R,R,D,D,D,R,R
15,R,R,R,R,R,R,R,D,R,R,R,D,D,R,R,R
16,R,R,R,R,R,R,R,R,D,R,R,R,D,D,R,R
17,D,D,R,R,D,D,D,D,D,R,D,D,D,D,D,D
18,R,R,R,R,R,D,D,R,R,R,D,D,D,R,R,R
19,D,R,R,R,R,R,R,D,D,R,D,D,D,D,R,R
20,D,R,R,R,R,R,R,R,D,R,R,D,D,D,D,D
21,R,D,R,R,R,R,R,R,D,R,R,D,D,D,R,D
22,R,D,R,R,R,R,R,D,R,R,R,D,D,R,R,D
23,R,R,R,R,R,R,R,R,R,R,R,D,D,R,D,R
24,D,D,R,R,R,D,D,D,D,R,R,D,D,D,D,D
25,D,R,R,R,R,R,R,R,R,R,D,D,D,D,R,D
26,R,D,R,R,R,R,R,D,D,R,R,D,D,D,D,D
27,R,R,R,R,R,R,R,R,R,R,R,D,D,D,R,R
28,D,D,R,R,R,R,R,R,D,R,R,D,D,D,R,R
29,R,D,R,R,R,R,R,R,D,R,R,D,D,R,R,R
30,D,R,D,R,R,D,D,D,D,D,R,D,D,D,D,D
31,R,R,R,R,R,R,R,D,D,R,R,D,D,R,R,R
32,D,R,R,R,D,D,R,D,D,R,D,D,D,D,R,R
33,R,R,R,R,R,R,R,D,D,R,R,D,D,R,R,R
34,R,R,R,R,R,R,R,R,D,R,R,D,D,D,R,R
35,R,R,R,R,R,R,R,D,D,R,D,D,D,D,R,R
36,R,R,R,R,R,D,R,D,D,R,R,D,D,D,R,R
37,D,R,R,R,R,R,R,R,R,R,R,D,D,D,D,D
38,R,R,R,R,R,D,D,R,R,R,R,D,D,R,R,R
39,R,R,R,R,R,R,R,R,D,R,R,D,D,R,R,R
40,R,D,R,D,R,R,R,R,D,R,D,D,D,D,D,R
41,R,R,R,R,R,R,R,R,D,R,D,D,D,R,R,R
42,R,R,R,R,R,R,D,R,R,R,D,D,D,R,D,R
43,D,R,R,R,R,R,D,R,R,R,R,D,D,R,R,R
44,R,R,R,R,R,R,R,R,R,R,R,D,D,D,R,R
45,D,R,R,R,R,R,D,D,D,R,R,D,D,D,R,R
46,R,R,R,R,R,R,R,D,D,R,D,D,D,D,R,R
47,R,R,R,R,R,R,R,R,R,R,R,D,D,R,D,R
48,R,D,R,R,R,D,R,D,D,R,D,D,D,R,D,R
49,D,R,R,R,D,D,R,D,D,D,D,D,D,D,D,R
50,R,R,R,R,R,R,R,D,R,R,R,D,D,D,R,R
51,R,R,R,R,R,R,R,R,R,R,D,D,D,R,D,R
52,D,D,R,R,R,D,R,D,R,R,D,D,D,D,D,D
53,D,D,R,R,R,D,R,D,D,R,D,D,D,R,R,D
54,R,D,R,R,R,R,R,R,R,R,D,D,D,D,D,R
55,R,R,R,R,R,D,R,D,D,R,R,D,D,D,D,D
56,R,R,R,R,R,R,R,D,D,R,R,D,D,D,R,R
57,R,D,R,R,R,R,R,D,D,R,R,D,D,D,D,R
58,D,D,R,R,R,D,D,D,D,R,D,D,D,D,D,D
59,R,R,R,R,R,R,R,R,R,R,R,D,D,R,D,R
60,R,R,R,R,R,D,R,R,D,R,R,D,D,R,R,D
61,R,R,R,R,R,R,R,R,R,R,R,D,D,R,R,R
62,R,R,R,R,R,R,R,R,D,R,R,D,D,R,R,R
63,R,R,R,R,R,R,R,D,D,R,R,D,D,R,R,R
64,D,R,R,R,R,R,D,D,R,R,R,D,D,R,R,R
65,D,D,R,R,R,D,D,D,D,D,D,D,D,D,D,D
66,R,D,R,R,R,D,R,R,D,R,D,D,D,R,R,R
67,R,R,R,R,R,R,D,R,D,R,D,D,D,R,R,R
68,R,R,R,R,R,R,R,R,R,R,R,D,D,D,D,R
69,R,R,R,R,R,D,R,D,D,R,R,D,D,R,R,R
70,D,D,D,R,D,D,D,D,D,R,D,D,D,D,D,D
71,R,R,R,R,R,R,R,R,R,R,R,D,D,D,D,R
72,R,R,R,R,R,R,R,R,D,R,D,D,D,D,D,R
73,D,D,R,R,R,D,D,R,D,R,D,D,D,D,D,R
74,R,D,R,R,R,D,R,R,R,R,R,D,D,R,R,R
75,D,D,R,R,R,D,R,D,D,D,D,D,D,D,D,D
76,D,R,R,R,R,D,R,D,D,R,D,D,D,R,R,R
77,R,R,R,R,R,D,R,R,R,R,R,D,D,D,D,D
78,R,R,R,R,R,R,R,R,D,R,R,D,D,R,D,R
79,D,R,R,R,R,R,R,R,D,R,R,D,D,R,R,R
80,R,R,R,R,R,D,D,D,D,R,R,D,D,D,D,R
81,R,R,R,R,R,R,R,R,D,R,R,D,D,R,D,R
82,R,R,R,R,R,R,D,R,D,R,R,D,D,R,R,R
83,D,D,R,R,R,R,R,R,R,R,R,D,D,D,R,R
84,R,R,R,R,R,R,R,R,D,R,R,D,D,D,R,R
85,D,R,R,R,R,D,R,R,D,R,R,D,D,D,R,D
86,D,D,R,R,R,R,R,R,D,R,R,D,D,D,D,R
87,D,D,R,R,R,R,R,R,R,R,D,D,D,D,D,R
88,R,R,R,R,R,R,R,D,D,R,R,D,D,D,D,R
89,D,D,R,R,R,D,D,D,D,D,D,D,D,D,D,D
90,R,R,R,R,R,R,R,R,D,R,D,D,D,D,R,R
91,D,D,D,R,R,R,R,D,D,R,R,D,D,D,R,D
92,D,D,R,R,R,D,R,R,D,R,R,D,D,D,R,R
93,R,R,R,R,R,R,R,R,R,R,R,D,D,D,R,R
94,R,R,R,R,R,R,R,R,D,D,R,D,D,R,D,R
95,R,R,R,R,R,D,R,D,R,R,R,D,D,R,R,R
96,D,D,R,R,R,D,D,R,D,R,D,D,D,R,D,D
97,D,D,D,R,D,D,D,D,D,R,D,D,D,D,D,R
98,R,R,R,R,R,R,R,D,D,R,R,D,D,D,R,R
99,D,R,R,R,R,R,R,R,R,R,R,D,D,D,R,R
100,R,R,R,R,R,R,R,D,D,R,R,R,D,R,R,D
101,R,D,R,R,R,R,R,D,R,R,D,D,D,R,D,R
102,R,R,R,R,R,R,R,R,R,R,D,D,D,D,R,R
103,R,R,R,R,R,R,R,D,D,R,R,D,D,D,R,R
104,R,D,R,R,R,D,R,R,R,R,R,D,D,R,R,R
105,R,R,R,R,R,R,R,R,R,R,D,D,R,R,R,R
106,R,R,R,R,R,R,R,R,R,R,D,D,D,D,R,R
107,D,D,R,R,R,R,R,D,R,R,R,D,D,D,R,R
108,D,R,R,R,R,R,R,D,R,R,D,D,D,D,R,R
109,R,R,R,R,R,R,R,R,D,R,R,D,D,D,R,R
110,R,R,R,R,R,R,R,D,R,R,R,D,D,D,D,R
111,D,R,R,R,R,R,R,R,R,R,R,D,D,R,R,R
112,R,R,R,R,R,D,R,R,D,R,D,D,D,D,R,R
113,D,R,R,R,R,R,R,D,R,R,D,D,D,D,R,D
114,D,R,R,R,R,R,R,D,R,R,D,D,D,D,D,R
115,R,D,R,R,R,R,R,R,R,R,R,D,D,R,D,R
116,R,R,R,R,R,R,R,D,R,R,R,D,D,D,R,D
117,R,R,R,R,R,D,R,D,D,R,R,D,D,D,R,R
118,R,R,R,R,R,R,R,R,R,R,R,D,D,R,D,D
119,R,R,R,R,R,R,R,R,D,R,R,D,D,R,R,R
120,D,D,D,D,D,D,R,D,D,R,D,D,D,D,D,R
121,R,R,R,R,R,D,R,R,D,R,R,D,D,D,D,R
122,D,D,R,R,R,D,D,D,D,R,D,D,D,D,D,D
123,R,D,R,R,R,R,R,R,R,R,R,D,R,R,R,D
124,D,R,R,R,R,D,R,R,D,R,D,D,D,D,R,R
125,R,R,R,R,R,R,R,R,R,R,R,D,D,D,R,R
126,D,R,R,R,R,D,R,R,D,R,D,D,D,D,R,R
127,D,D,R,R,D,R,R,D,D,R,R,D,D,D,R,R
128,D,D,R,R,D,D,R,D,D,R,D,D,D,D,D,D
129,D,R,R,R,R,D,R,D,D,R,R,D,R,D,R,R
130,D,D,D,D,D,R,D,D,D,R,D,D,D,D,D,D
131,R,R,R,R,R,R,R,R,D,R,D,D,D,D,R,R
132,R,D,R,R,R,R,R,R,R,R,R,D,D,R,R,R
133,R,R,R,R,R,R,R,R,R,R,R,D,D,R,D,R
134,D,R,R,R,R,R,R,R,D,R,R,D,D,R,R,D
135,D,D,R,R,R,D,R,D,R,R,R,D,D,R,R,R
136,R,R,R,R,R,R,R,D,R,R,R,D,D,R,R,R
137,R,D,R,R,R,R,R,R,R,R,R,D,D,R,D,R
138,D,R,R,R,R,D,R,D,R,R,R,D,D,R,R,R
139,R,R,R,R,R,R,R,D,D,R,R,D,D,D,D,R
140,D,D,D,R,R,D,R,D,D,R,D,D,D,D,D,D
141,R,D,D,R,D,D,D,D,D,R,D,D,D,D,D,D
142,R,R,R,R,R,R,R,D,R,R,R,D,D,R,R,R
143,R,R,R,R,R,R,R,R,D,R,R,D,D,R,D,D
144,D,D,R,R,R,R,D,D,D,R,R,D,D,D,R,D
145,R,R,R,R,D,R,D,D,D,R,D,D,D,R,D,R
146,R,D,R,R,R,D,R,D,R,R,R,D,D,D,D,R
147,R,D,R,R,R,R,R,D,R,R,R,D,D,R,D,R
148,D,R,R,R,R,D,R,R,R,R,R,D,D,R,R,D
149,R,D,R,R,R,D,D,R,D,D,D,D,D,D,D,D
150,R,R,R,R,R,R,R,R,D,R,R,D,D,R,D,D
151,D,R,R,R,R,R,R,R,D,R,R,D,D,D,D,R
152,D,D,D,R,R,D,D,D,D,R,D,D,D,D,D,D
153,D,R,R,D,R,D,R,D,D,R,D,D,D,D,D,D
154,D,D,D,R,D,D,D,D,D,R,D,D,D,D,D,D
155,R,R,R,R,R,D,R,R,R,R,R,D,D,R,D,R
156,R,D,R,R,R,D,D,R,R,R,D,D,D,D,R,R
157,D,R,R,R,R,R,R,D,R,R,D,D,R,R,D,R
158,D,R,R,R,R,R,R,R,D,R,D,D,D,R,D,R
159,R,R,R,R,R,D,D,R,R,R,D,D,D,R,R,R
160,R,R,R,R,R,R,R,R,D,R,R,D,D,R,D,D
161,D,D,R,R,R,D,D,D,D,R,D,D,D,D,D,D
162,D,D,R,R,R,D,R,R,R,R,D,D,D,R,R,R
163,R,R,R,R,R,R,R,D,R,R,R,D,D,D,D,R
164,D,D,R,R,D,D,R,D,D,R,R,D,D,D,D,D
165,R,D,R,R,R,D,R,R,D,R,R,D,D,D,R,R
166,R,R,R,R,R,R,R,R,R,R,R,D,D,D,R,R
167,D,R,R,R,R,D,R,D,D,R,R,D,D,R,D,R
168,R,R,R,R,R,D,R,R,D,R,R,D,D,R,D,R
169,R,R,R,R,D,D,R,R,R,R,D,D,D,D,R,R
170,D,R,R,R,R,R,R,R,R,R,R,D,D,R,R,R
171,D,R,R,R,R,R,D,R,D,R,R,D,D,R,D,R
172,D,D,D,R,D,D,D,D,D,R,D,D,D,D,D,D
173,D,D,R,R,D,D,D,D,D,R,D,D,D,D,D,D
174,R,R,R,R,R,R,R,R,R,R,R,D,D,D,R,R
175,R,R,R,R,R,R,R,D,D,R,R,D,D,D,R,D
176,R,D,D,R,R,R,D,R,D,R,D,D,D,D,R,R
177,R,R,R,R,R,R,R,R,D,R,R,D,D,R,R,R
178,R,R,R,R,R,D,R,R,D,R,R,D,D,D,R,R
179,D,R,R,R,R,D,R,R,D,R,D,D,D,D,D,D
180,D,R,D,R,D,D,R,D,D,R,D,D,D,D,D,D
181,R,R,R,R,R,R,R,R,D,R,R,D,D,R,R,R
182,D,R,R,R,R,D,R,D,D,R,R,D,D,R,R,R
183,R,R,R,R,R,R,R,R,D,R,R,R,D,R,D,R
184,R,R,R,R,R,R,R,R,D,R,R,D,D,R,R,R
185,R,D,R,R,R,D,R,D,D,R,D,D,D,R,D,R
186,R,D,R,R,R,R,R,R,D,R,R,D,D,D,R,R
187,R,R,R,R,R,R,R,R,D,R,R,D,D,R,R,R
188,R,R,R,R,R,R,R,R,R,R,R,D,D,D,R,R
189,R,R,R,R,R,D,R,R,D,R,D,D,D,R,R,R
190,R,R,R,R,R,R,R,R,D,R,R,D,D,R,R,R
191,R,R,R,R,R,R,R,R,D,R,D,D,D,R,R,R
192,R,R,R,R,R,R,R,R,D,R,R,D,D,D,D,R
193,R,R,R,R,R,R,R,R,R,R,R,D,R,R,D,R
194,R,R,R,R,R,D,R,R,R,R,R,D,D,D,R,D
195,R,R,R,R,R,R,R,R,D,R,R,D,D,R,R,R
196,D,R,R,R,R,D,R,D,D,R,R,D,D,D,R,R
197,R,R,R,R,R,R,R,R,R,R,R,D,D,R,D,R
198,R,R,R,R,R,D,D,D,D,R,R,D,D,R,R,R
199,R,R,R,R,R,R,R,R,R,R,R,D,D,R,D,R
200,R,R,R,R,R,D,R,R,D,R,D,D,D,D,D,R
201,R,R,R,R,R,R,R,R,R,R,R,D,D,R,R,R
202,D,D,D,R,D,D,R,D,D,D,R,D,D,R,D,D
203,R,D,R,R,R,R,D,R,R,R,D,D,D,D,R,R
204,R,R,R,R,R,R,R,R,R,R,R,D,D,R,D,R
205,D,R,R,R,R,R,R,R,R,R,R,D,D,R,R,R
206,R,R,R,R,R,R,R,R,R,R,R,D,D,R,D,R
207,R,D,R,R,R,R,R,D,D,D,R,D,R,D,R,D
208,R,D,R,R,R,R,R,R,D,R,D,D,D,R,D,R
209,R,R,R,R,R,R,R,R,D,R,R,D,D,R,D,R
210,R,R,R,R,R,R,R,R,D,R,R,D,D,D,D,R
211,R,D,R,R,R,D,R,R,D,R,D,D,D,D,R,R
212,D,R,R,R,R,R,R,R,R,R,R,D,R,R,R,R
213,D,D,R,R,R,D,R,D,D,R,D,D,D,D,R,R
214,D,R,R,R,D,D,D,D,D,D,D,D,D,D,D,D
215,R,D,R,R,R,R,R,R,D,R,D,D,D,R,D,D
216,D,R,R,R,R,R,D,R,D,R,R,D,D,R,D,D
217,D,R,R,R,R,R,R,D,D,R,D,D,D,D,D,R
218,R,D,R,R,R,R,R,R,D,R,R,D,D,R,R,R
219,D,R,R,R,R,D,R,R,R,R,R,D,D,R,R,R
220,D,D,D,R,R,D,R,D,R,R,D,D,D,D,D,D
221,D,D,R,R,R,D,R,D,D,D,D,D,D,D,D,D
222,R,R,R,R,R,R,D,R,D,R,D,D,D,D,R,R
223,R,R,R,R,R,R,R,R,R,R,R,R,D,R,R,R
224,R,R,R,R,R,R,R,R,R,R,R,D,D,R,R,R
225,R,R,R,R,R,R,R,R,D,R,R,D,D,R,R,R
226,R,R,R,R,R,R,R,R,D,R,D,D,D,R,R,D
227,R,R,R,R,R,R,R,R,R,R,R,D,D,R,R,R
228,R,R,R,R,R,R,D,R,D,R,D,D,D,D,D,R
229,R,R,R,R,R,R,R,R,D,R,R,D,D,D,R,R
230,R,R,R,R,R,R,R,R,D,R,R,D,D,D,D,D
231,D,R,R,R,R,D,R,D,R,R,D,D,D,D,R,R
232,R,R,R,R,R,R,R,R,R,R,R,D,D,R,R,R
233,R,R,R,R,R,D,R,D,R,R,R,D,D,D,R,R
234,R,R,R,R,R,R,R,R,R,R,R,D,D,R,R,R
235,D,D,R,R,R,D,D,D,D,R,D,D,D,D,D,D
236,R,D,R,R,R,R,R,D,D,R,R,D,D,D,D,R
237,R,R,R,R,R,R,R,R,D,R,R,D,D,D,R,D
238,D,R,R,R,R,R,R,D,D,R,R,D,D,R,R,R
239,D,R,R,R,R,R,R,D,D,R,D,D,D,R,D,R
240,R,D,R,R,R,R,R,D,D,R,R,D,D,D,D,D
241,R,R,R,R,R,R,R,R,D,R,D,D,D,R,D,R
242,R,R,R,R,R,R,R,R,D,R,R,D,D,R,R,R
243,R,R,R,R,R,R,R,D,R,R,R,D,D,R,R,R
244,R,R,R,R,R,R,R,R,R,R,R,D,D,R,D,R
245,D,D,D,R,R,D,D,D,D,R,D,D,D,D,D,D
246,D,D,R,R,D,D,R,D,D,R,D,D,D,D,D,D
247,R,R,R,R,R,R,R,R,D,R,R,D,D,D,R,R
248,R,R,R,R,R,D,R,R,R,R,R,D,D,D,D,D
249,R,R,R,R,R,R,R,R,R,R,R,D,D,R,R,R
250,D,R,R,R,R,R,R,R,D,R,D,D,D,R,R,R
251,D,R,R,R,R,R,R,R,D,R,R,D,D,R,D,R
252,R,R,R,R,R,R,R,R,R,R,R,D,D,R,R,R
253,D,R,R,D,R,D,R,D,D,R,D,D,D,D,D,D
254,R,R,R,R,R,R,R,R,D,R,R,D,D,D,R,D
255,D,D,D,R,D,D,D,R,D,R,D,D,D,D,D,D
256,R,R,R,R,R,R,R,R,R,R,R,D,D,D,R,R
257,R,D,R,R,R,D,R,R,D,R,R,D,D,D,D,D
258,R,R,R,R,R,R,R,R,R,R,R,D,D,R,R,R
259,D,D,D,R,D,R,D,D,D,R,D,D,D,D,D,D
260,D,R,R,R,R,R,R,R,R,R,R,D,D,R,R,R
261,R,R,R,R,R,R,R,R,R,R,R,D,D,R,R,R
262,R,R,R,R,R,D,R,R,D,R,R,D,D,R,R,R
263,R,R,R,R,R,R,R,D,D,R,D,D,D,R,D,D
264,D,R,R,R,R,R,R,D,R,R,R,D,D,R,R,R
265,R,R,R,R,R,R,R,R,R,R,R,D,D,R,R,R
266,R,R,R,R,R,R,R,R,D,R,R,D,D,D,D,R
267,D,D,R,R,D,R,R,D,D,D,D,D,D,D,D,D
268,R,R,R,R,R,R,R,D,D,R,R,D,D,D,R,R
269,D,R,R,R,R,R,R,R,R,R,R,D,D,R,D,R
270,R,R,R,R,R,R,R,R,R,R,D,D,D,R,D,D
271,R,R,R,R,R,R,R,R,D,R,R,D,D,D,D,R
272,R,R,R,R,R,R,D,R,R,R,R,D,D,D,R,R
273,R,R,R,R,R,R,R,R,R,D,D,D,D,D,R,R
274,R,R,R,R,R,R,R,R,R,R,R,D,D,D,D,D
275,D,R,R,R,R,R,D,R,D,R,R,D,D,R,R,R
276,R,R,R,R,D,R,R,R,R,R,R,D,D,R,D,R
277,R,D,R,R,R,R,R,R,D,R,D,D,D,D,R,R
278,R,R,R,R,R,R,R,R,D,R,R,D,D,D,R,D
279,R,R,R,R,R,R,R,D,R,R,R,D,D,R,D,R
280,R,R,R,R,R,R,R,D,D,R,R,D,D,R,D,D
281,R,R,R,R,R,R,R,R,R,R,R,D,R,R,D,R
282,D,R,R,R,R,R,D,D,R,R,R,D,D,R,D,R
283,R,R,R,R,R,R,R,D,R,R,R,D,D,D,R,D
284,R,D,R,R,R,R,R,R,D,R,D,D,D,D,R,D
285,D,D,D,R,D,D,R,D,D,D,D,D,D,D,D,D
286,R,R,R,R,R,R,R,R,R,R,R,D,R,R,R,R
287,R,R,R,R,R,R,R,R,D,R,R,D,D,D,R,D
288,R,R,R,R,R,R,R,R,R,R,R,D,D,R,R,R
289,D,D,D,R,R,D,R,D,D,R,D,D,D,D,D,D
290,R,D,R,R,R,R,R,D,R,R,R,D,D,D,R,D
291,D,R,R,R,R,R,D,D,D,R,D,D,D,R,R,D
292,R,R,R,R,R,R,D,D,R,R,D,D,D,D,R,R
293,D,R,R,R,D,R,R,R,D,R,R,D,D,D,D,R
294,D,D,R,R,R,R,R,R,R,R,R,D,D,D,D,R
295,D,D,D,R,R,D,R,D,D,D,D,D,D,D,D,R
296,D,D,R,R,R,R,R,R,D,R,R,D,D,D,D,R
297,D,D,R,D,R,D,D,D,D,R,D,D,D,D,D,D
298,D,D,D,D,R,D,D,D,D,R,D,D,D,D,D,D
299,D,D,R,R,R,D,D,D,D,D,D,D,D,D,D,R
300,R,R,R,R,R,R,R,R,D,R,R,D,D,R,R,R
301,R,R,R,R,R,R,R,R,D,R,R,D,D,R,R,D
302,R,R,R,R,R,R,R,R,R,R,R,D,D,D,R,R
303,R,R,R,R,R,R,R,D,D,R,R,D,D,R,R,D
304,D,R,R,R,R,R,R,R,R,R,R,D,D,D,R,D
305,R,R,R,R,R,R,R,D,D,R,R,D,D,D,R,R
306,R,R,R,R,R,R,R,R,D,R,R,D,D,R,D,R
307,R,R,R,R,R,R,R,R,R,R,R,D,D,R,R,R
308,R,R,R,R,R,D,R,R,D,R,R,D,D,D,R,R
309,R,R,R,R,R,R,R,R,R,R,R,D,D,R,R,R
310,R,R,R,R,R,R,R,R,R,R,R,D,D,R,R,R
311,R,R,R,R,R,R,R,D,D,R,R,D,D,R,R,D
312,D,R,R,R,R,D,R,D,D,R,D,D,D,R,D,D
313,R,R,R,R,R,R,D,D,R,R,R,D,D,D,D,D
314,D,D,R,R,R,R,R,D,D,R,R,D,D,R,D,R
315,R,R,R,R,R,R,D,R,D,R,D,D,R,D,R,R
316,D,D,R,R,R,R,R,R,D,R,R,D,D,D,D,R
317,R,R,R,R,R,R,R,R,D,R,R,D,D,R,D,R
318,R,D,R,R,R,R,R,R,D,R,R,D,D,D,D,R
319,R,R,R,R,R,R,R,R,D,R,R,D,D,R,R,R
320,R,R,R,R,R,D,R,R,D,R,R,D,D,R,R,R
321,R,R,R,R,R,D,R,D,R,R,D,D,D,D,D,D
322,R,R,R,R,R,R,R,D,D,R,D,D,D,D,R,R
323,D,R,D,R,R,D,D,D,D,R,D,D,D,D,D,D
324,R,R,R,R,R,R,R,R,R,R,R,D,R,D,R,R
325,R,R,R,R,R,D,R,R,R,R,R,D,D,D,R,R
326,R,R,R,R,R,D,R,R,D,R,R,D,D,R,R,R
327,D,R,R,R,R,R,R,R,R,R,R,D,D,R,R,D
328,D,R,R,R,R,R,R,R,R,R,R,D,D,R,R,R
329,R,R,R,R,R,D,R,R,D,R,R,D,D,R,R,R
330,D,R,R,R,R,D,R,R,D,R,R,D,D,D,R,R
331,D,D,D,R,R,D,R,R,D,R,D,D,D,D,D,D
332,R,D,R,R,R,R,R,R,R,R,R,D,D,R,R,D
333,D,D,R,R,R,R,R,D,D,R,R,D,D,D,D,R
334,R,R,R,R,R,R,R,R,D,R,R,D,D,R,R,R
335,D,D,D,R,R,D,D,D,D,D,D,D,D,R,R,R
336,R,R,R,R,R,R,R,R,D,R,R,D,D,R,R,R
337,R,D,R,R,R,D,R,D,D,R,R,D,D,R,R,R
338,D,R,R,R,R,R,R,R,D,R,R,D,D,D,R,R
339,D,R,R,R,R,R,R,R,D,R,D,D,D,D,R,R
340,R,D,R,R,R,R,R,D,R,R,R,D,D,R,R,R
341,R,R,R,R,R,R,R,R,R,R,R,D,D,R,D,R
342,R,R,R,R,R,D,R,D,D,R,R,D,D,D,D,R
343,D,R,R,R,R,R,R,D,D,R,D,D,D,D,R,R
344,R,D,R,R,D,D,D,D,D,D,D,D,D,R,D,D
345,R,D,R,R,R,R,R,R,R,R,R,D,D,R,D,R
346,R,R,R,R,R,R,R,R,R,R,R,D,D,R,R,R
347,R,R,R,R,R,D,R,R,D,R,R,D,D,D,D,R
348,D,R,R,R,R,R,R,R,R,R,R,D,D,R,R,R
349,R,D,R,R,R,R,R,R,R,R,R,D,D,R,R,D
350,D,R,R,R,R,R,R,D,R,R,R,D,D,D,D,R
351,D,D,D,R,R,D,D,D,D,R,D,D,D,D,D,R
352,R,R,R,R,R,R,R,R,D,R,R,D,D,D,R,R
353,R,R,R,R,R,R,R,R,D,R,R,D,D,R,R,D
354,R,R,R,R,R,R,R,D,D,R,R,D,D,R,R,R
355,R,R,R,R,R,D,R,R,D,R,R,D,D,R,R,D
356,R,R,R,R,R,R,R,R,R,R,R,D,D,R,R,R
357,D,D,R,R,R,R,R,R,D,R,D,D,D,R,D,R
358,R,R,R,R,R,R,R,R,D,R,R,D,D,R,R,R
359,R,R,R,R,R,R,R,R,D,R,R,D,D,D,R,R
360,D,R,D,R,R,D,R,D,D,R,D,D,D,D,D,D
361,R,D,R,R,R,D,R,R,R,R,R,D,D,R,R,R
362,R,R,R,R,R,R,R,D,D,R,R,D,D,D,R,D
363,R,R,R,R,R,D,R,D,R,R,R,D,D,R,D,R
364,R,R,R,R,R,R,R,R,D,D,D,D,D,R,R,D
365,R,R,R,R,R,R,R,R,R,R,R,D,D,D,D,R
366,R,R,R,R,R,D,D,D,R,D,R,D,D,R,R,D
367,R,R,R,R,R,R,R,R,R,R,R,D,D,R,R,R
368,R,R,R,R,R,R,R,R,R,R,R,D,R,D,R,R
369,R,D,R,R,R,R,R,R,D,R,R,D,D,R,D,D
370,R,D,R,R,R,D,R,R,D,R,R,D,D,R,R,D
371,R,R,R,R,R,R,R,R,R,R,R,D,D,D,R,R
372,R,R,R,R,R,D,R,R,D,R,R,D,D,R,R,R
373,R,R,R,R,R,R,R,R,D,R,R,D,D,D,R,R
374,D,D,D,R,D,D,D,D,D,D,D,D,D,R,D,D
375,R,R,R,R,R,R,R,R,D,R,D,D,D,D,R,R
376,D,D,R,R,R,D,R,D,D,R,D,D,D,D,D,D
377,R,D,D,R,R,R,R,R,D,R,D,D,D,R,D,R
378,D,R,R,R,R,R,R,R,D,R,D,D,D,R,R,D
379,D,R,R,R,R,R,R,R,R,R,R,D,D,D,R,R
380,R,D,R,R,R,D,R,R,D,R,D,D,D,R,D,D
381,R,R,R,R,R,D,R,R,D,R,R,D,D,R,D,R
382,R,D,D,R,R,R,R,R,D,R,R,D,D,D,R,D
383,R,R,R,R,R,R,R,D,R,R,R,D,D,R,D,R
384,D,D,R,R,D,R,R,D,D,R,D,D,D,D,D,D
385,R,R,R,R,R,R,R,R,R,R,R,R,D,R,R,R
386,D,R,R,R,R,D,R,D,D,R,D,D,D,R,D,R
387,R,D,R,R,R,R,R,R,D,R,D,D,D,D,D,R
388,R,R,R,R,R,D,R,D,D,D,R,D,D,D,D,D
389,R,D,R,R,R,D,R,R,D,R,D,D,D,D,R,R
390,D,R,R,R,R,R,D,R,D,R,D,D,R,R,D,R
391,R,R,R,R,R,R,R,R,R,R,D,D,D,R,R,D
392,R,R,R,R,R,R,R,R,D,R,R,D,D,R,R,R
393,R,R,R,R,R,D,R,D,R,R,D,D,D,D,R,D
394,R,R,R,R,R,D,R,R,R,R,R,D,D,D,D,R
395,R,R,R,R,R,R,R,R,D,R,R,D,D,R,R,R
396,D,R,R,R,R,D,R,R,R,R,D,D,D,D,R,R
397,D,R,D,R,R,D,R,D,D,R,R,D,D,R,D,D
398,R,R,R,R,R,R,R,R,D,R,R,D,D,D,D,R
399,R,R,R,R,R,D,R,D,R,R,R,D,D,R,D,R
400,R,R,R,R,R,R,R,D,R,R,R,D,D,D,R,R
401,D,D,D,R,R,D,D,D,D,R,D,D,D,D,D,D
402,R,R,R,R,R,R,D,R,D,R,R,D,D,R,D,R
403,R,R,R,R,R,D,R,D,D,R,D,D,D,D,R,R
404,R,R,R,R,R,R,R,D,D,R,R,D,D,D,R,D
405,D,D,R,R,R,R,R,D,R,R,R,D,R,R,R,R
406,R,R,R,R,R,R,R,D,R,R,R,D,D,R,R,R
407,R,R,R,R,R,D,R,R,R,R,D,D,D,R,R,R
408,D,D,D,D,R,D,D,D,D,D,D,D,D,D,D,D
409,D,R,R,R,R,R,R,R,R,R,R,R,D,R,R,R
410,D,R,R,R,R,R,R,R,D,R,R,D,D,D,D,D
411,R,D,R,R,R,R,D,R,D,D,D,D,D,D,D,D
412,D,R,R,R,R,R,R,D,D,R,R,D,D,D,R,R
413,R,D,R,R,R,R,R,D,D,R,D,D,D,D,D,D
414,D,D,D,R,R,D,D,D,D,R,D,D,D,D,D,D
415,D,R,R,R,R,R,R,R,D,R,R,D,D,R,R,R
416,R,R,R,R,R,R,R,R,D,R,R,D,D,D,R,R
417,R,D,R,R,R,D,R,D,D,R,R,D,D,D,D,D
418,R,R,R,R,R,R,R,R,R,R,R,D,D,R,R,R
419,D,R,R,R,R,R,R,R,D,R,D,D,D,D,D,R
420,R,R,R,R,R,D,R,D,D,R,D,D,D,D,R,D
421,D,R,R,R,R,R,R,R,D,R,R,D,D,R,D,R
422,R,R,R,R,R,R,R,R,R,R,D,D,D,D,R,R
423,D,R,R,R,R,D,R,D,D,D,D,D,D,D,D,D
424,R,D,R,R,R,R,R,R,R,R,R,D,R,R,R,R
425,R,R,R,R,R,R,R,R,D,R,R,D,D,D,R,R
426,R,R,R,R,R,D,R,D,D,R,R,D,D,D,R,D
427,R,R,R,R,R,R,R,R,R,R,R,D,D,D,D,R
428,R,R,R,R,R,R,R,R,D,R,D,D,D,D,R,R
429,R,R,R,R,R,R,R,R,R,R,R,D,D,D,D,R
430,R,R,R,R,R,R,R,R,D,D,R,D,D,R,R,R
431,R,R,R,R,R,R,R,R,D,D,D,D,D,D,D,R
432,D,D,R,R,R,R,R,R,D,R,R,D,D,D,R,R
433,R,R,R,R,R,R,R,R,R,R,R,D,D,D,R,R
434,R,R,R,R,R,R,R,R,D,R,R,D,D,R,R,R
435,R,R,R,R,R,R,R,R,R,R,R,D,D,D,R,R
436,D,D,R,R,R,R,R,R,D,R,D,D,D,R,R,R
437,R,R,R,R,R,D,R,R,D,R,R,D,D,D,R,R
438,R,R,R,R,R,R,R,R,D,R,R,D,D,R,D,D
439,R,R,R,R,R,R,R,D,R,R,R,D,D,R,R,R
440,R,R,R,R,R,R,R,R,D,R,R,D,D,D,R,R
441,R,R,R,R,R,R,R,R,R,R,R,D,D,D,D,R
442,D,D,R,R,R,R,R,R,R,R,D,D,D,D,D,R
443,R,D,R,R,R,D,R,R,R,R,R,D,D,R,D,R
444,R,D,R,R,R,R,R,R,D,R,R,R,D,R,R,R
445,R,R,R,R,R,R,R,R,R,R,R,D,D,R,R,R
446,D,R,R,R,R,R,R,R,R,R,R,D,D,R,D,R
447,D,R,D,R,D,R,D,D,D,R,D,D,D,D,D,D
448,R,D,R,R,R,R,R,R,R,R,R,D,D,R,R,R
449,D,D,D,R,R,D,D,D,D,R,D,D,D,D,D,R
450,R,D,R,R,R,D,R,R,R,R,D,D,D,R,D,R
451,R,R,R,R,R,R,R,D,D,R,R,D,D,D,R,R
452,R,R,R,R,R,R,R,D,D,R,D,D,D,R,D,D
453,R,R,R,R,R,R,R,D,D,R,R,D,D,R,R,R
454,D,R,D,R,R,R,D,R,D,D,D,D,D,D,D,D
455,D,R,R,R,R,D,R,R,D,R,R,D,D,R,R,R
456,R,R,R,R,R,D,R,R,D,R,R,D,D,R,D,R
457,R,R,R,R,R,R,R,R,R,R,R,D,D,R,R,R
458,R,R,R,R,R,D,D,R,D,R,R,D,D,D,D,R
459,R,D,R,R,R,R,D,R,D,R,R,D,D,R,R,R
460,D,D,D,R,R,D,R,D,D,D,D,D,D,D,D,D
461,R,R,D,R,R,R,R,D,D,R,D,D,D,D,R,D
462,R,R,R,R,R,R,R,D,R,R,R,D,D,D,R,R
463,R,D,R,R,R,R,D,R,D,R,R,D,D,D,D,R
464,R,D,R,R,R,D,R,D,D,R,R,D,D,D,R,D
465,R,D,R,R,R,R,R,R,R,R,R,D,D,R,D,R
466,D,R,R,R,R,D,R,D,D,R,D,D,D,D,R,R
467,D,R,D,R,R,D,D,D,D,R,D,D,D,D,D,D
468,R,R,R,R,R,R,R,D,D,R,R,D,D,R,R,D
469,R,R,R,R,R,R,R,R,D,R,R,D,D,D,D,R
470,D,R,R,R,R,R,R,R,D,R,R,D,D,D,R,R
471,D,R,D,R,R,D,R,R,R,R,R,D,D,D,R,R
472,R,R,R,R,R,R,R,R,R,R,R,D,D,R,R,R
473,R,R,R,R,R,R,R,R,R,R,R,D,D,R,R,R
474,R,R,R,R,R,R,R,D,D,R,R,D,D,R,R,R
475,R,R,R,R,R,R,R,R,D,R,R,D,D,R,R,R
476,R,R,R,R,R,R,R,R,R,R,R,D,D,R,R,R
477,R,R,R,R,R,R,R,R,R,R,R,D,D,R,R,R
478,D,R,R,R,R,R,R,R,R,R,R,D,D,R,R,R
479,R,R,R,R,R,D,R,R,R,R,R,D,D,R,D,R
480,D,R,R,R,R,R,R,R,R,R,D,D,D,R,D,R
481,R,R,R,R,R,R,R,R,R,R,R,D,D,R,D,R
482,R,R,R,R,R,D,R,R,D,R,D,D,D,D,D,R
483,D,R,R,R,R,R,R,R,D,R,R,D,R,D,D,R
484,D,R,R,R,R,D,R,R,D,D,R,D,D,D,R,D
485,R,R,R,R,R,R,R,R,R,R,R,D,D,R,D,R
486,R,R,R,R,R,D,R,R,D,R,D,D,D,R,D,D
487,D,R,R,R,R,D,R,D,D,R,D,D,D,D,R,R
488,D,R,R,R,D,D,R,D,D,D,D,D,D,D,D,D
489,R,R,R,R,R,R,R,R,D,R,D,D,D,R,D,R
490,R,R,R,R,R,R,R,D,D,R,R,D,D,R,R,R
491,R,R,R,R,R,R,R,D,D,R,R,D,D,R,R,R
492,R,R,R,R,R,R,R,D,D,R,R,D,D,D,R,R
493,R,R,R,R,R,D,R,R,R,R,R,D,D,D,R,R
494,D,R,R,R,R,R,R,R,R,R,R,D,D,R,R,R
495,D,D,R,R,R,D,R,D,R,R,D,D,D,R,R,R
496,R,R,R,R,R,R,R,R,D,R,R,D,D,R,R,R
497,R,R,R,R,R,R,R,R,R,R,R,D,D,D,R,R
498,R,R,D,R,R,R,R,D,D,R,R,D,D,R,R,R
499,R,R,R,R,R,D,R,R,D,R,D,D,D,R,D,R
500,D,R,R,R,R,R,R,D,R,R,R,D,D,D,R,R
501,D,D,D,R,D,D,R,D,D,D,D,D,D,D,R,D
502,D,D,R,D,D,D,D,D,D,D,D,D,D,D,D,D
503,R,R,R,R,R,R,R,D,D,D,D,D,D,D,D,D
504,R,R,R,R,R,R,R,R,D,R,R,D,D,D,R,D
505,D,D,R,R,R,D,D,R,D,R,R,D,D,D,R,D
506,D,R,R,D,R,D,R,R,D,R,D,D,D,D,D,D
507,D,R,R,R,R,R,R,R,D,R,D,D,D,D,D,R
508,R,R,R,R,R,R,D,R,R,R,R,D,D,D,D,R
509,D,R,R,R,R,R,R,R,R,R,R,D,D,R,D,D
510,R,D,R,R,R,D,R,D,R,R,D,D,D,D,R,R
511,R,R,R,R,R,R,R,R,D,R,D,D,D,R,R,R
512,R,D,R,R,R,R,R,R,D,R,R,D,D,D,R,R
513,D,R,R,R,R,D,D,D,D,D,D,D,D,D,D,D
514,R,D,R,R,R,R,R,R,D,R,R,D,D,R,R,R
515,R,R,R,R,R,D,R,R,D,R,R,D,D,R,D,R
516,R,R,R,R,R,R,R,R,R,R,D,D,D,D,D,R
517,D,D,R,R,R,R,R,D,D,R,D,D,D,D,D,R
518,R,D,R,R,R,R,R,D,R,R,D,D,D,D,D,R
519,R,D,R,R,R,R,R,R,R,R,R,D,D,R,R,R
520,D,R,R,R,R,R,R,R,R,R,R,D,D,R,D,D
521,R,R,R,R,R,R,R,R,D,R,R,D,D,R,R,D
522,D,D,D,R,R,D,D,D,D,D,D,D,D,D,D,D
523,R,R,R,R,R,R,D,R,R,R,R,D,D,R,R,R
524,D,R,R,R,R,D,R,R,R,R,D,D,D,R,R,D
525,R,D,R,R,R,R,R,D,D,R,D,D,D,R,R,R
526,R,R,R,R,R,R,R,R,R,R,D,D,D,D,R,R
527,D,D,D,R,D,D,D,D,D,D,D,D,D,D,D,D
528,R,D,R,R,R,R,R,R,R,R,R,D,D,R,R,R
529,R,R,R,R,R,R,R,D,D,R,D,D,D,D,R,R
530,R,R,R,R,R,R,R,R,R,R,R,D,D,R,R,D
531,D,R,R,R,R,R,R,R,R,R,R,D,D,R,R,R
532,R,R,R,R,R,D,R,R,R,R,D,D,D,R,R,R
533,R,R,R,R,R,R,R,R,D,R,R,D,D,D,D,R
534,D,D,D,D,D,D,R,D,D,D,D,D,D,D,D,D
535,D,D,R,R,D,R,R,D,D,R,D,D,D,D,R,R
536,D,R,R,R,R,R,R,R,D,R,R,D,D,D,D,R
537,R,R,R,R,R,R,R,D,R,R,R,D,D,D,D,R
538,R,R,R,R,R,D,R,D,D,R,R,D,D,D,D,D
539,R,R,R,R,R,R,R,R,R,R,R,R,D,R,R,R
540,R,R,R,R,R,R,R,R,D,R,R,D,D,R,R,D
541,D,R,R,R,R,R,R,D,D,R,D,D,D,R,D,R
542,R,R,R,R,R,R,R,R,D,R,R,D,D,D,R,D
543,D,R,R,R,R,R,R,R,R,R,R,D,D,R,D,R
544,R,D,R,R,D,D,R,D,D,R,D,D,D,D,D,R
545,R,D,R,R,R,R,R,D,D,R,R,D,D,D,D,R
546,D,R,R,R,R,D,R,R,D,R,D,D,D,D,R,D
547,R,R,R,R,R,D,R,R,D,R,R,D,D,R,R,D
548,R,R,D,R,R,D,D,D,D,D,D,D,D,D,R,D
549,R,R,R,R,R,R,R,D,R,R,R,D,D,D,D,R
550,R,R,R,R,R,R,R,R,D,R,R,D,D,R,R,R
551,R,D,R,R,R,R,R,D,R,R,R,D,D,D,D,R
552,R,R,R,R,R,R,D,R,R,R,R,D,D,R,D,R
553,D,D,D,R,R,D,R,D,D,D,D,D,D,D,D,D
554,R,R,R,R,R,R,R,R,D,R,R,D,D,R,D,D
555,R,R,R,R,R,D,R,R,D,R,R,D,D,R,R,R
556,D,D,D,R,D,D,D,D,D,R,R,D,D,D,D,D
557,R,R,R,R,R,R,R,R,R,R,R,D,D,D,D,R
558,R,D,R,R,R,D,R,R,D,R,R,D,D,R,R,R
559,R,D,R,R,R,R,R,R,D,D,D,D,D,D,R,R
560,R,R,R,R,R,R,R,D,R,R,R,D,D,R,D,D
561,R,R,R,R,R,R,R,R,R,R,R,D,D,R,R,R
562,R,R,R,R,R,R,R,R,R,R,R,D,D,R,D,R
563,R,D,R,R,R,R,R,D,R,R,D,D,D,D,R,R
564,R,R,R,R,R,R,R,R,R,R,R,D,D,R,D,R
565,R,R,R,R,R,R,R,R,R,R,R,D,D,R,D,D
566,R,R,R,R,R,R,R,D,R,R,D,D,D,R,R,R
567,D,D,R,R,D,D,D,D,D,R,D,D,D,D,D,D
568,D,R,R,R,R,D,R,R,D,R,R,D,D,R,D,R
569,R,R,R,R,R,D,R,R,D,R,R,D,D,R,R,R
570,R,R,R,R,R,R,R,R,R,R,R,D,D,R,R,D
571,R,R,R,R,R,R,R,R,D,R,R,D,D,D,R,R
572,R,R,R,R,R,R,R,R,R,R,R,D,D,D,R,R
573,R,R,R,R,R,R,R,R,R,R,R,D,D,D,R,R
574,D,R,R,R,R,R,R,R,D,R,R,D,D,R,R,R
575,R,R,R,R,R,R,R,R,R,R,R,D,D,R,R,R
576,R,D,R,R,R,R,R,R,D,R,R,D,D,R,R,R
577,D,R,R,R,R,D,R,R,D,R,R,D,D,D,R,D
578,D,R,R,R,R,R,R,R,R,R,R,D,D,R,D,R
579,R,R,R,R,R,R,R,R,R,R,R,D,D,R,R,R
580,D,D,D,R,R,D,R,D,D,R,D,D,D,D,D,D
581,R,R,R,R,R,R,R,D,R,R,R,D,D,R,D,D
582,D,R,D,R,R,R,R,D,D,R,D,D,D,D,D,R
583,D,D,D,R,R,D,R,D,D,R,D,D,D,D,D,D
584,R,D,R,R,R,R,R,R,R,R,R,D,D,R,R,D
585,D,D,R,R,R,D,D,D,D,D,D,D,D,D,D,D
586,R,R,R,R,R,R,R,R,R,R,D,D,D,D,D,D
587,R,R,R,R,R,R,R,R,R,R,R,D,D,R,R,R
588,D,R,D,R,D,D,D,D,D,D,D,D,D,D,D,D
589,R,R,R,R,R,D,R,R,D,R,D,D,D,D,R,R
590,R,D,R,R,R,R,R,R,R,R,R,D,D,D,R,R
591,D,R,D,R,D,D,D,D,D,D,D,D,D,D,R,D
592,D,R,R,R,R,D,D,D,D,R,R,D,D,D,R,R
593,R,D,R,R,R,D,R,R,D,R,R,D,D,R,R,D
594,R,R,R,R,R,R,R,D,R,R,R,D,D,R,R,R
595,D,R,R,R,R,R,R,D,D,R,R,D,D,R,R,R
596,D,R,R,R,R,D,R,D,D,D,D,D,D,R,D,D
597,R,R,R,R,R,R,R,D,D,R,R,D,D,R,R,R
598,D,R,R,R,R,R,R,D,R,R,R,D,D,R,D,R
599,R,R,R,R,R,D,R,D,D,R,R,D,D,D,D,D
600,R,R,R,R,R,R,R,D,D,R,R,D,D,D,R,R
601,R,R,R,R,R,R,R,R,R,R,R,D,D,R,D,D
602,R,R,R,R,R,R,R,R,R,R,R,D,D,D,R,D
603,D,R,R,R,R,D,R,D,D,R,R,D,D,D,D,D
604,R,R,R,R,R,R,R,D,D,R,R,D,D,D,D,R
605,R,R,R,R,R,D,R,R,D,R,R,D,D,R,R,R
606,D,D,D,R,D,D,D,D,D,D,R,D,D,D,D,D
607,D,D,D,R,R,D,D,D,D,R,D,D,D,D,D,D
608,R,R,R,R,R,D,R,R,D,R,R,D,D,R,D,D
609,R,R,R,R,R,D,R,D,R,R,D,D,D,D,D,R
610,R,R,R,R,R,R,R,R,R,R,D,D,D,R,D,D
611,R,D,R,R,R,R,R,R,R,R,D,D,D,R,R,R
612,R,R,R,R,R,D,R,D,D,R,D,D,D,D,R,R
613,R,R,R,R,R,R,R,R,R,R,D,D,D,D,R,R
614,R,R,R,R,R,R,R,D,D,R,D,D,R,R,R,R
615,R,R,R,R,R,R,R,R,R,R,D,D,D,R,R,D
616,D,D,R,R,R,D,R,R,D,R,D,D,D,R,R,D
617,D,D,D,D,R,D,R,D,D,D,D,D,D,D,D,D
618,R,R,R,R,R,R,R,R,R,R,D,D,D,D,D,R
619,R,R,R,R,R,R,R,R,R,R,R,D,D,R,R,R
620,R,R,R,R,R,R,R,R,R,R,R,D,D,D,D,R
621,R,R,R,R,R,R,R,R,R,R,R,D,D,D,R,R
622,D,D,R,R,R,D,D,D,D,D,D,D,D,D,D,D
623,R,R,R,R,R,R,R,D,D,R,D,D,D,D,D,R
624,D,D,R,R,R,D,D,D,D,R,D,D,D,D,D,R
625,R,R,R,R,R,R,R,R,D,R,R,D,R,D,R,R
626,R,R,R,R,R,R,R,R,D,R,R,D,D,R,R,R
627,R,R,R,R,R,R,R,R,R,R,R,D,D,R,D,R
628,R,R,R,R,R,D,R,R,R,R,D,D,D,R,R,R
629,D,R,R,R,R,R,R,R,D,R,D,D,D,R,R,D
630,D,D,R,R,R,R,R,R,D,R,R,D,D,R,R,R
631,R,R,R,R,R,R,R,R,R,R,R,D,D,D,R,R
632,R,D,R,R,R,R,D,R,R,R,R,D,D,D,R,R
633,D,R,R,R,R,R,R,R,R,R,R,D,D,D,D,R
634,R,R,R,R,R,D,R,R,R,R,R,D,D,R,R,D
635,R,R,R,R,R,R,R,R,D,R,R,D,D,R,R,R
636,R,D,R,R,R,D,R,R,D,R,R,D,D,D,R,D
637,R,D,D,R,D,D,R,D,D,D,D,D,D,D,D,D
638,R,D,R,R,R,R,R,R,D,D,R,D,D,D,D,R
639,R,D,D,R,D,D,D,D,D,R,D,D,D,D,D,D
640,R,R,R,R,R,R,R,R,D,R,R,D,D,R,R,R
641,R,D,R,R,R,R,R,R,R,R,R,D,D,R,R,R
642,R,R,R,R,R,R,R,R,D,R,R,D,D,D,R,D
643,R,R,R,R,R,R,R,D,D,R,R,D,D,D,R,R
644,R,R,R,R,R,R,R,R,D,R,R,D,D,D,R,D
645,R,R,R,R,R,R,R,D,R,R,R,D,D,R,R,R
646,R,R,R,R,R,R,R,D,R,R,R,D,D,R,D,R
647,R,R,R,R,R,D,R,R,R,R,R,D,D,D,R,R
648,R,R,R,R,R,R,R,R,D,R,R,D,D,R,R,R
649,R,R,D,R,R,D,R,R,D,R,R,D,D,D,D,R
650,D,R,R,R,R,D,R,D,D,R,D,D,D,R,R,R
651,D,R,D,R,D,D,R,D,D,D,D,D,D,D,D,D
652,D,R,R,R,R,D,R,D,D,R,R,D,D,R,D,D
653,D,R,R,R,R,D,R,D,D,R,R,D,D,R,R,R
654,R,D,R,R,R,D,R,R,D,R,R,D,D,D,R,R
655,R,R,R,R,R,R,R,R,R,R,R,D,D,R,R,R
656,D,D,R,R,R,D,D,D,D,R,D,D,D,D,D,D
657,R,R,R,R,R,R,R,R,R,R,R,D,D,R,R,D
658,D,D,R,R,R,D,R,R,D,R,R,D,D,D,D,R
659,R,R,R,R,R,R,R,R,R,R,R,D,D,D,D,R
660,D,R,R,R,D,D,D,D,D,D,D,D,D,R,D,D
661,R,R,R,R,R,D,D,R,D,D,R,D,D,D,D,R
662,R,D,R,R,D,D,R,D,D,D,D,D,D,D,D,D
663,R,R,R,R,R,D,R,R,D,R,D,D,D,D,D,R
664,R,R,R,R,R,R,R,R,R,R,D,D,D,D,R,R
665,D,D,R,R,R,D,R,R,D,R,D,D,D,R,D,R
666,R,R,R,R,R,R,R,R,R,R,R,D,D,R,D,D
667,R,R,R,R,R,R,R,R,D,R,R,D,R,R,R,R
668,D,D,R,R,R,D,R,D,D,R,D,D,D,D,D,D
669,D,D,D,R,R,D,R,D,D,R,R,D,D,D,D,D
670,R,R,R,R,R,D,R,D,D,R,D,D,D,R,R,D
671,R,R,R,R,R,R,R,D,R,D,R,D,D,R,R,D
672,R,R,R,R,R,R,R,R,D,R,R,D,D,R,R,R
673,R,R,R,R,R,R,R,R,D,R,R,D,D,D,R,R
674,D,R,R,R,R,R,R,R,R,R,R,D,D,R,R,R
675,D,D,R,R,R,R,R,D,R,R,R,D,D,R,R,R
676,R,R,R,R,R,D,R,R,D,R,R,D,D,R,D,R
677,D,D,D,R,R,D,D,D,D,D,D,D,D,D,D,D
678,D,R,R,R,R,R,D,R,D,R,R,D,D,R,D,D
679,R,D,R,R,R,R,R,R,D,R,R,D,D,R,D,R
680,D,R,R,R,R,D,R,R,D,R,D,D,D,R,R,R
681,R,D,R,R,R,D,R,R,D,R,D,D,D,R,D,R
682,D,R,R,R,R,R,R,R,D,R,D,D,D,D,R,R
683,R,R,R,R,R,R,R,R,D,R,D,D,D,D,D,D
684,D,D,R,R,R,R,R,D,D,R,D,D,D,D,R,R
685,R,R,R,R,R,R,R,R,R,R,R,D,D,R,D,R
686,R,R,R,R,R,D,R,R,R,R,D,D,D,R,D,R
687,R,D,R,R,R,R,R,R,R,D,R,D,D,D,R,D
688,D,D,D,R,R,D,D,D,D,R,D,D,D,D,D,D
689,R,R,R,R,R,R,R,R,D,R,D,D,D,R,D,R
690,R,R,R,R,R,D,R,D,D,R,R,D,D,R,D,D
691,R,R,R,R,R,R,R,R,R,R,R,D,D,D,R,R
692,D,D,R,R,R,D,D,D,D,D,D,D,D,D,D,D
693,R,R,R,R,R,D,R,R,R,R,R,D,D,R,R,R
694,R,D,R,R,R,R,R,R,D,R,D,D,D,D,D,D
695,R,R,R,R,R,R,R,R,R,R,R,D,D,R,R,R
696,D,D,R,R,R,D,D,D,D,R,D,D,D,D,D,D
697,R,R,R,R,R,R,R,R,D,R,R,D,D,D,R,R
698,D,D,D,R,D,D,D,D,D,R,D,D,D,D,D,D
699,R,R,R,R,R,R,R,R,R,R,D,D,D,R,R,R
700,R,R,R,R,R,R,R,R,R,R,R,D,D,R,R,R
701,R,R,R,R,R,R,R,D,D,R,R,D,D,D,R,R
702,R,R,R,R,R,R,R,R,R,R,R,D,D,D,R,R
703,R,D,R,R,R,D,R,D,R,R,R,D,D,D,R,R
704,R,D,R,R,R,R,D,R,D,R,R,D,D,D,D,R
705,D,R,R,R,R,R,R,R,D,R,R,D,D,D,R,R
706,R,R,R,R,R,R,R,D,D,R,D,D,D,R,R,R
707,R,D,R,R,R,D,R,D,R,R,R,D,D,R,R,D
708,D,D,R,R,R,D,R,D,D,D,D,D,D,D,D,D
709,R,R,R,R,R,D,R,R,D,R,R,D,R,D,D,R
710,R,R,R,R,R,R,R,D,D,R,R,D,D,D,R,R
711,R,R,R,R,R,R,R,R,R,R,R,D,D,R,R,R
712,R,R,R,R,R,R,R,R,R,R,R,D,D,R,R,R
713,R,D,R,R,R,R,R,R,R,R,R,D,D,D,D,R
714,R,R,R,R,R,D,R,R,D,R,D,D,D,R,D,D
715,R,D,R,R,R,D,D,D,D,R,D,D,D,D,D,D
716,D,D,R,R,R,D,R,R,D,R,R,D,D,R,D,R
717,D,R,R,R,R,D,R,R,D,R,R,D,D,R,R,R
718,D,R,R,R,R,R,R,D,R,R,D,D,D,R,R,R
719,R,D,R,R,R,R,R,R,D,R,R,D,D,R,R,R
720,R,D,R,R,R,D,R,R,D,R,R,D,D,D,R,D
721,R,R,R,R,R,R,R,D,D,R,R,D,D,D,D,R
722,D,R,R,R,R,D,R,D,R,R,R,D,D,D,D,D
723,R,R,R,R,R,R,R,R,D,R,R,D,D,D,R,R
724,R,R,R,R,R,R,R,R,R,R,R,D,D,R,D,R
725,D,D,D,R,R,D,D,D,D,R,D,D,D,D,D,D
726,R,R,R,R,R,R,R,R,D,R,R,D,D,R,R,R
727,R,D,R,R,R,D,R,D,D,R,D,D,D,D,D,D
728,D,R,R,R,R,D,R,D,D,R,D,D,D,D,D,R
729,R,R,R,R,R,R,R,D,D,R,R,D,D,R,R,D
730,R,R,R,R,R,D,D,R,D,R,D,D,D,D,R,R
731,D,R,R,R,R,D,R,R,D,R,R,D,D,R,R,D
732,R,D,R,R,R,D,R,R,D,R,D,D,D,R,D,R
733,R,D,R,R,R,D,D,D,D,R,D,D,D,D,D,R
734,D,D,D,R,R,D,D,D,D,D,D,D,D,D,D,R
735,D,R,R,R,R,D,R,R,D,R,R,D,D,D,R,R
736,D,D,R,R,R,R,R,R,D,R,R,D,D,R,D,R
737,D,D,R,R,R,D,D,D,D,R,R,D,D,R,R,D
738,R,R,R,R,R,R,R,R,D,R,R,D,D,R,D,R
739,R,D,R,R,R,R,R,R,R,R,R,D,D,D,R,R
740,R,D,R,R,R,R,R,R,D,R,R,D,D,R,R,D
741,D,R,R,R,R,R,R,R,R,R,R,D,D,R,R,R
742,R,R,R,R,R,R,R,D,D,R,D,D,D,R,R,R
743,R,R,R,R,R,D,R,R,D,R,R,D,D,D,R,D
744,R,R,R,R,R,R,R,R,D,R,R,D,D,R,R,R
745,R,R,R,R,R,R,R,D,R,R,D,D,D,D,D,R
746,D,D,R,R,R,R,R,R,D,R,R,D,D,R,D,R
747,R,R,R,R,R,R,R,R,D,R,R,D,D,R,R,R
748,D,R,D,R,D,D,D,D,D,D,D,D,D,D,D,D
749,R,D,R,R,R,D,R,R,R,R,R,D,D,D,R,D
750,D,R,R,R,R,R,R,R,D,R,R,D,D,D,R,D
751,R,R,R,R,R,D,R,D,R,R,R,D,D,R,D,R
752,D,R,R,R,R,R,R,R,R,R,R,D,D,R,D,R
753,R,D,R,R,R,D,D,D,R,R,R,D,D,D,D,R
754,D,D,R,R,R,D,D,D,D,D,D,D,D,D,D,R
755,R,R,R,R,R,R,R,R,D,R,R,D,D,R,R,R
756,D,D,R,R,R,R,R,R,D,R,D,D,D,D,R,D
757,R,D,R,R,R,R,R,D,D,R,R,D,D,D,R,D
758,D,D,D,R,R,D,R,D,D,D,D,D,D,D,D,D
759,D,R,R,R,R,R,R,R,D,R,D,D,D,R,D,R
760,D,R,R,R,R,R,R,R,D,D,R,D,D,R,D,R
761,R,R,R,R,R,D,R,R,D,R,R,D,D,D,R,R
762,D,R,R,R,R,R,R,D,D,R,D,D,D,R,D,R
763,R,D,R,R,R,R,R,R,D,R,R,D,D,R,R,R
764,R,D,R,R,R,R,R,D,D,R,D,D,D,R,D,R
765,D,R,R,R,R,D,R,R,D,R,R,D,D,D,D,R
766,D,D,R,R,R,R,R,R,D,R,R,D,D,R,R,R
767,R,R,R,R,R,D,R,D,R,R,R,D,D,R,R,R
768,R,R,R,R,R,R,R,R,R,R,R,R,D,R,R,R
769,R,R,R,R,R,D,D,D,D,R,R,D,D,D,R,R
770,R,D,R,R,R,R,R,R,D,R,R,D,D,D,D,R
771,D,R,R,R,R,R,R,R,R,R,R,D,D,D,D,D
772,R,R,R,R,R,R,R,R,D,R,R,D,D,R,R,D
773,D,R,R,R,R,D,R,R,D,R,R,D,D,D,D,R
774,R,R,R,R,R,R,R,D,R,R,R,D,D,R,D,R
775,D,D,D,R,D,D,D,D,D,D,D,D,D,D,D,D
776,R,R,R,R,R,R,R,R,D,R,D,D,D,R,R,R
777,R,D,R,R,R,D,R,D,R,R,D,D,D,D,R,R
778,D,R,R,R,R,R,R,D,D,R,R,D,D,D,D,R
779,R,R,R,R,R,D,R,D,R,R,D,D,D,R,D,R
780,R,R,R,R,R,R,R,R,D,R,D,D,D,R,D,R
781,R,D,R,R,R,R,R,D,R,R,R,D,D,D,R,R
782,R,D,R,R,R,R,R,D,D,R,R,D,D,D,R,R
783,R,R,R,R,R,R,R,R,D,R,D,D,D,D,R,D
784,R,R,R,R,R,R,R,R,D,R,D,D,D,D,D,R
785,R,R,R,R,R,R,R,R,R,R,R,D,D,R,D,R
786,R,R,R,R,R,R,R,D,D,R,R,D,D,D,R,R
787,D,D,R,R,R,R,R,R,R,R,R,D,D,D,R,R
788,R,R,R,R,R,R,R,D,D,R,R,D,D,R,D,R
789,R,R,R,R,R,R,R,R,R,R,R,D,D,R,D,R
790,D,D,R,R,R,D,D,R,D,D,D,D,D,D,D,D
791,R,R,R,R,R,R,R,D,D,R,R,D,D,R,R,R
792,R,R,R,R,R,R,R,R,D,R,D,D,D,R,R,D
793,R,D,D,R,R,D,R,D,D,R,D,D,D,D,D,D
794,R,R,R,R,R,R,R,R,R,R,R,D,D,R,R,R
795,D,R,D,R,R,D,D,D,D,R,D,D,D,D,D,D
796,R,R,R,R,R,R,R,R,D,R,D,D,D,R,R,R
797,R,R,D,R,R,R,R,D,D,R,R,D,D,D,R,R
798,D,R,D,D,R,D,D,D,D,D,D,D,D,D,D,D
799,R,R,R,R,R,D,R,R,R,R,R,D,D,R,R,D
800,D,R,R,R,R,R,R,R,D,R,R,D,D,R,D,D
801,R,R,R,R,R,D,D,D,D,R,R,D,D,D,R,D
802,R,R,R,R,R,R,R,R,D,R,R,D,D,R,R,R
803,R,D,R,R,R,R,R,R,R,R,R,D,D,R,R,R
804,R,R,R,R,R,R,R,R,R,R,R,D,D,R,R,R
805,R,D,R,R,R,R,R,R,D,R,R,D,D,D,D,R
806,D,R,R,R,R,R,R,D,D,R,R,D,D,D,D,R
807,D,R,R,R,R,R,R,D,D,R,R,D,D,R,R,R
808,D,D,R,R,R,R,R,D,R,D,R,D,D,R,R,R
809,D,D,D,R,R,D,D,D,D,R,D,D,D,D,D,D
810,R,D,R,R,R,D,R,R,R,R,R,D,D,R,R,R
811,R,D,R,R,R,D,R,D,D,R,D,D,D,D,R,R
812,R,D,R,R,R,D,R,D,D,R,R,D,D,D,R,R
813,R,D,R,R,R,D,R,R,D,R,D,D,D,D,R,R
814,R,R,R,R,R,R,D,R,R,R,R,D,D,D,D,R
815,R,R,R,R,R,R,R,R,D,R,R,D,D,D,R,R
816,R,R,R,R,R,R,D,R,D,R,R,D,D,R,D,R
817,R,R,R,R,R,R,R,R,D,R,R,D,D,D,R,R
818,R,D,R,R,R,R,R,D,R,R,D,D,D,R,D,D
819,R,R,R,R,R,R,R,R,R,R,R,D,D,R,D,R
820,D,D,D,R,R,D,D,D,D,R,D,D,D,D,D,D
821,D,D,D,R,D,D,D,R,D,R,D,D,D,D,D,D
822,R,R,R,R,R,R,R,R,R,R,R,D,D,R,R,D
823,R,D,R,R,R,R,R,R,R,R,D,D,D,D,D,D
824,R,R,R,R,R,R,R,R,R,R,R,D,D,R,R,R
825,R,R,R,R,R,R,R,R,R,R,R,D,D,R,R,R
826,R,D,R,R,R,D,R,D,R,R,D,D,D,R,R,D
827,R,R,R,R,R,R,R,R,R,R,R,D,D,R,R,R
828,D,D,R,R,R,R,R,D,R,R,D,D,D,R,R,R
829,R,R,R,R,R,R,R,R,D,R,D,D,D,D,R,R
830,D,D,R,R,R,D,R,R,R,R,R,D,D,R,R,D
831,R,R,R,R,R,R,R,D,D,R,D,D,D,D,R,R
832,R,R,R,R,R,R,R,D,R,R,D,D,D,R,R,R
833,D,D,R,D,R,D,D,R,D,R,D,D,D,D,D,D
834,R,D,R,R,R,R,R,R,R,R,R,D,D,R,R,R
835,R,R,R,R,R,R,R,D,R,R,R,D,D,R,R,R
836,R,R,R,R,R,R,R,R,R,R,R,D,D,R,R,R
837,D,R,R,R,R,R,R,D,R,R,D,D,D,R,R,R
838,D,D,R,R,R,R,R,R,D,R,R,D,D,R,D,D
839,R,R,D,R,R,R,R,R,D,R,R,D,D,R,D,R
840,R,R,R,R,R,R,R,R,R,R,R,D,D,D,R,R
841,R,R,R,R,R,R,R,R,D,R,R,D,D,R,D,R
842,D,D,D,R,R,D,R,D,D,R,R,D,D,D,D,D
843,R,R,R,R,R,R,R,R,D,R,D,D,D,D,D,D
844,D,R,R,R,R,R,R,R,D,R,D,D,D,R,D,D
845,R,D,R,R,R,R,R,D,R,R,R,D,D,D,D,R
846,R,R,R,R,R,R,R,R,R,R,R,D,D,R,R,D
847,R,R,R,R,R,R,R,R,D,R,R,D,D,D,R,R
848,R,D,R,R,R,D,D,D,D,R,D,D,D,D,D,D
849,D,D,D,R,R,D,D,D,D,R,D,D,D,D,D,D
850,D,R,R,R,R,R,R,R,D,R,R,D,D,R,R,R
851,D,R,R,R,R,D,R,D,D,R,R,D,D,R,R,R
852,D,R,R,R,R,D,R,R,R,R,R,D,D,R,D,R
853,D,R,R,R,R,D,R,D,D,R,R,D,D,D,R,R
854,R,R,R,R,R,D,R,R,D,R,D,D,D,R,D,R
855,R,D,R,R,R,D,R,D,D,R,D,D,D,R,D,R
856,R,R,R,R,R,R,R,R,D,R,R,D,D,R,R,R
857,R,R,R,R,R,D,R,R,R,R,R,D,D,R,R,R
858,D,R,R,R,R,R,R,R,D,R,R,D,D,D,R,R
859,R,R,R,R,R,R,R,D,R,R,R,D,D,D,R,R
860,R,R,R,R,R,R,R,D,R,R,D,D,D,D,R,R
861,R,D,R,R,R,R,R,D,D,R,D,D,D,R,R,D
862,R,R,R,R,R,R,R,D,R,R,R,D,D,D,R,R
863,R,R,R,R,R,R,R,R,R,R,R,D,R,R,R,R
864,D,R,R,R,R,R,R,D,R,D,D,D,D,R,R,R
865,D,D,R,R,R,R,R,D,D,D,D,D,D,D,D,D
866,R,D,R,R,R,R,R,R,R,R,D,D,D,D,R,R
867,D,D,R,R,R,D,D,D,D,R,D,D,D,D,D,D
868,D,R,R,R,R,R,R,R,R,R,R,D,D,D,D,R
869,R,R,R,R,R,R,R,R,D,R,R,D,D,R,D,R
870,R,R,R,R,R,R,R,R,R,R,R,D,D,D,R,R
871,D,R,R,R,R,R,R,R,D,R,R,D,D,D,D,R
872,D,R,R,R,R,R,R,D,D,R,R,D,D,R,R,R
873,R,D,R,R,R,R,R,R,R,R,R,D,D,D,R,D
874,R,R,R,R,R,R,R,R,D,R,R,D,D,R,R,R
875,R,R,R,R,R,R,R,R,R,R,R,D,R,R,R,R
876,R,D,R,R,R,D,R,R,R,R,R,D,D,R,D,D
877,R,R,R,R,R,R,D,D,D,D,R,D,D,D,R,R
878,R,R,R,R,R,R,R,D,R,R,R,D,D,D,R,R
879,R,R,R,R,R,R,R,D,D,R,D,D,D,D,R,R
880,R,R,R,R,R,D,R,R,R,R,D,D,D,D,D,R
881,D,D,R,R,R,D,D,R,D,D,D,D,D,D,R,D
882,R,D,R,R,R,R,R,R,R,R,R,D,D,R,R,R
883,R,R,R,R,R,R,R,R,R,R,R,D,D,D,D,R
884,D,R,R,R,R,R,R,R,D,R,R,D,D,D,R,D
885,R,D,R,R,R,R,R,D,D,R,D,D,D,R,D,R
886,R,R,R,R,R,D,R,D,D,R,R,D,D,D,D,R
887,R,R,R,R,R,R,R,R,R,R,R,D,D,R,R,R
888,D,D,R,R,R,D,R,R,D,R,D,D,D,D,D,R
889,D,D,D,R,D,D,R,D,D,R,D,D,D,D,D,D
890,R,R,R,R,R,R,R,R,R,R,R,D,R,R,R,R
891,D,D,D,R,R,D,R,D,D,R,D,D,D,D,D,D
892,R,R,R,R,R,R,R,R,D,R,D,D,D,D,D,R
893,R,R,R,R,R,R,R,R,D,R,R,D,D,D,D,R
894,R,D,R,R,R,R,R,R,D,R,R,D,D,D,D,R
895,R,R,R,R,R,R,R,R,R,R,R,D,D,R,R,R
896,D,R,R,R,R,R,R,R,D,R,R,D,D,R,R,R
897,R,R,R,R,R,R,R,R,R,R,R,D,D,D,R,R
898,R,R,R,R,R,R,R,D,D,R,R,D,D,R,R,D
899,R,D,R,R,R,D,R,D,R,R,R,D,D,D,R,D
900,D,R,R,R,R,R,R,R,D,R,R,D,D,R,R,R
901,R,R,R,R,R,R,R,D,D,R,D,D,D,D,R,R
902,R,R,R,R,R,R,R,D,R,D,R,D,D,D,R,D
903,R,R,R,R,R,R,R,R,R,R,R,D,D,R,D,R
904,D,R,R,R,R,R,R,R,R,R,R,D,D,D,R,D
905,R,R,R,R,R,R,R,R,R,R,R,D,D,R,R,D
906,R,R,R,R,R,R,R,D,D,R,R,D,D,R,R,D
907,R,R,R,R,R,R,R,R,D,R,R,D,D,D,R,D
908,R,R,R,R,R,R,R,D,R,R,D,D,D,R,R,R
909,R,R,R,R,R,R,R,R,R,R,R,D,D,R,R,R
910,R,R,R,R,R,R,R,D,R,R,R,D,D,R,R,R
911,R,R,R,R,R,R,R,D,D,R,R,D,D,D,R,R
912,D,R,D,R,R,D,D,D,D,R,D,D,D,D,D,D
913,D,D,R,R,R,D,R,D,D,R,R,D,D,R,D,R
914,R,R,R,R,R,R,D,D,R,R,R,D,D,D,D,R
915,R,R,R,R,R,R,R,R,D,R,R,D,D,D,D,R
916,D,R,R,R,R,D,D,D,D,R,R,D,D,D,D,D
917,R,D,R,R,D,D,R,R,D,R,D,D,D,D,D,D
918,D,R,R,R,R,R,R,R,R,R,R,D,D,D,R,R
919,R,R,R,R,D,D,R,D,D,R,R,D,D,D,D,D
920,R,R,R,R,R,D,R,D,D,R,R,D,D,D,D,R
921,R,R,R,R,R,D,R,D,R,R,D,D,D,D,R,R
922,R,R,R,R,R,D,R,R,R,R,R,D,D,R,D,D
923,D,D,D,R,R,D,R,D,D,D,D,D,D,D,D,D
924,R,R,R,R,R,R,R,R,R,R,D,D,D,D,R,R
925,R,D,R,R,R,R,R,R,R,R,R,D,D,R,D,D
926,R,R,R,R,R,D,R,R,R,R,R,D,D,R,R,R
927,D,R,R,R,R,R,R,R,R,R,R,D,D,D,R,R
928,R,R,R,R,R,R,R,R,D,R,R,D,D,R,R,R
929,R,D,R,R,R,D,R,R,D,R,R,D,D,R,R,R
930,R,D,R,R,R,R,R,R,R,R,R,D,D,D,R,R
931,D,R,D,R,R,R,R,R,D,R,R,D,D,D,R,R
932,R,R,R,R,R,D,R,D,D,D,R,D,D,R,R,R
933,R,R,R,R,R,R,R,D,R,R,R,D,D,R,D,R
934,D,D,R,R,R,R,R,R,D,R,D,D,D,D,R,D
935,R,D,R,R,R,R,R,D,D,R,R,D,D,R,R,R
936,R,R,R,R,R,R,R,D,D,R,R,D,D,R,D,R
937,R,R,R,R,R,D,R,D,D,R,R,D,D,R,R,R
938,R,R,R,R,R,D,R,R,D,R,R,D,D,R,R,D
939,D,R,R,R,R,D,D,R,D,R,D,D,D,R,R,R
940,D,R,R,R,D,D,D,D,D,R,D,D,D,D,D,D
941,R,R,R,R,R,D,R,D,R,R,R,D,D,D,D,D
942,R,D,R,R,R,D,R,D,D,R,D,D,D,D,D,D
943,R,R,R,R,R,R,D,R,R,R,R,D,D,R,R,R
944,R,R,R,R,R,R,R,R,R,R,R,D,R,R,R,R
945,R,R,R,R,R,R,R,D,D,R,R,D,D,R,D,D
946,R,R,R,R,R,D,R,R,D,R,D,D,D,D,R,D
947,R,R,R,R,R,R,R,R,R,R,R,D,D,R,R,D
948,R,R,R,R,R,D,R,R,D,R,R,D,D,D,D,D
949,D,R,R,R,R,R,R,R,D,R,R,D,D,D,R,R
950,D,R,R,R,R,R,R,R,R,R,R,D,D,D,D,R
951,R,R,R,R,R,R,R,R,D,R,R,D,D,R,R,R
952,R,R,D,R,R,R,R,R,R,R,R,D,D,R,R,R
953,R,R,R,R,R,R,R,R,D,R,R,D,D,R,R,R
954,R,R,R,R,R,R,R,D,D,R,R,D,D,D,D,D
955,R,R,D,R,R,R,R,D,D,R,R,D,D,D,R,D
956,R,D,R,R,R,D,R,R,R,R,R,D,D,D,R,D
957,D,R,R,R,R,D,R,D,D,R,D,D,D,D,R,R
958,R,R,R,R,R,R,R,R,R,R,R,D,D,R,R,D
959,R,R,R,R,R,D,R,R,D,R,R,D,D,D,D,R
960,R,D,R,R,R,R,R,R,R,R,R,D,D,R,R,R
961,R,R,R,R,R,R,R,D,D,R,R,D,D,D,R,R
962,R,R,R,R,R,R,R,D,D,R,R,D,D,D,D,R
963,D,D,R,D,R,D,D,D,D,R,D,D,D,D,D,D
964,D,R,R,R,R,D,R,R,D,R,R,D,D,R,R,R
965,R,R,R,R,D,D,R,R,R,R,D,D,D,D,R,D
966,D,R,R,R,R,D,R,R,D,R,D,D,D,R,R,D
967,R,R,R,R,R,D,R,R,D,R,R,D,D,D,R,R
968,R,R,R,R,R,R,R,R,D,R,R,D,D,D,R,R
969,R,R,R,R,R,R,R,R,D,R,R,D,D,R,R,R
970,R,R,R,R,R,R,R,D,D,R,R,D,D,D,R,R
971,R,D,R,R,R,R,R,D,R,R,R,D,D,R,R,R
972,D,R,R,R,R,D,R,R,D,R,R,D,D,D,D,R
973,R,R,R,R,R,R,R,D,D,R,R,D,D,R,D,R
974,R,R,R,R,R,R,R,R,R,R,R,D,D,D,R,R
975,D,D,R,R,R,D,D,D,D,R,D,D,D,R,D,D
976,D,D,R,R,D,D,R,D,D,R,D,D,D,D,D,D
977,D,D,R,R,R,D,R,D,D,R,D,D,D,D,D,R
978,R,R,R,R,R,D,R,R,R,R,D,D,D,D,R,R
979,R,R,R,R,R,D,R,R,R,D,R,D,D,R,R,D
980,D,R,R,R,R,D,R,D,D,R,R,D,D,R,D,R
981,D,R,R,R,R,R,R,D,D,R,D,D,D,D,R,R
982,R,R,R,R,R,R,R,D,D,R,D,D,D,D,R,R
983,R,R,R,R,R,R,R,R,D,R,D,D,D,D,D,D
984,D,D,R,R,R,D,D,D,D,D,D,D,D,D,D,D
985,D,D,D,R,D,D,R,D,D,D,D,D,D,D,D,D
986,D,R,R,R,R,R,R,D,R,R,R,D,D,D,D,R
987,R,R,R,R,R,R,R,R,R,R,R,D,R,R,R,R
988,R,R,R,R,R,D,R,D,D,R,R,D,D,D,R,D
989,D,R,R,R,R,D,R,R,R,R,R,D,D,D,R,D
990,D,R,R,R,R,R,R,R,R,R,R,D,D,R,D,R
991,R,R,R,R,R,D,R,R,R,R,R,D,D,D,R,R
992,R,D,R,R,D,R,R,D,D,R,R,D,D,R,D,R
993,R,R,R,R,R,R,R,R,D,R,R,D,D,R,R,R
994,R,R,R,R,R,R,R,R,R,R,R,D,D,R,D,R
995,R,D,R,R,R,R,R,D,R,R,R,D,D,R,R,R
996,R,R,R,R,R,R,R,D,R,R,R,D,D,R,R,R
997,D,D,D,D,D,D,D,D,D,R,D,D,D,D,D,D
998,D,R,R,R,R,D,R,D,R,D,R,D,D,D,R,R
999,R,D,R,R,R,R,D,D,D,R,R,D,D,D,D,R
1000,D,R,R,R,R,R,D,D,R,R,R,D,D,D,D,R
1001,D,R,R,R,R,R,R,R,D,R,D,D,D,D,R,R
1002,R,R,R,R,R,R,R,R,D,R,R,D,D,R,R,R
1003,R,R,R,R,R,R,R,R,R,R,R,D,R,R,R,R
1004,R,R,R,R,R,R,R,R,D,R,R,D,R,D,R,R
1005,D,R,R,R,D,D,D,D,D,R,R,D,D,D,D,D
1006,R,R,R,R,R,R,R,D,D,R,R,D,D,R,R,R
1007,R,R,R,R,R,R,R,R,D,R,R,D,R,D,R,R
1008,R,D,R,R,R,R,R,R,R,R,D,D,D,R,D,R
1009,R,R,R,R,R,R,R,R,R,R,R,D,D,D,R,R
1010,R,D,R,R,R,R,R,R,R,R,R,D,D,D,R,D
1011,R,R,R,R,R,R,R,R,R,R,R,D,D,R,R,R
1012,R,R,R,R,R,R,R,R,D,R,R,D,D,R,D,R
1013,R,R,R,R,R,R,R,D,R,R,D,D,D,R,R,R
1014,D,R,R,R,D,D,D,D,D,D,D,D,D,D,D,D
1015,R,R,R,R,R,R,R,R,R,R,R,D,D,D,D,R
1016,R,R,R,R,R,R,R,D,D,R,R,D,D,D,R,R
1017,R,R,R,R,R,R,R,R,R,R,R,D,D,R,R,R
1018,R,R,R,R,R,D,R,R,D,R,D,D,D,D,R,R
1019,R,R,R,R,R,R,R,R,D,R,R,D,D,R,R,R
1020,R,R,R,R,R,D,D,R,R,R,R,D,D,D,R,D
1021,R,D,R,R,R,R,R,D,D,R,R,D,D,R,D,R
1022,D,R,R,R,R,D,R,R,D,R,R,D,D,R,R,D
1023,R,D,R,R,R,D,R,R,D,R,R,D,D,R,R,D
1024,R,D,R,R,R,R,R,D,D,R,D,D,D,R,R,R
1025,R,R,R,R,R,R,R,R,R,R,D,D,D,R,R,D
1026,R,D,R,R,R,D,R,R,R,R,D,D,D,D,D,D
1027,R,R,R,R,R,R,D,R,D,R,R,D,D,D,R,R
1028,R,D,R,R,R,D,R,R,R,R,R,D,D,R,R,R
1029,R,R,R,R,R,R,R,R,D,R,D,D,D,R,D,R
1030,D,R,R,R,R,R,R,D,D,R,R,D,D,D,R,R
1031,D,R,R,R,R,R,R,R,R,R,D,D,D,R,R,R
1032,D,R,R,R,R,R,R,R,D,D,R,D,D,R,R,R
1033,R,R,R,R,R,R,R,R,R,R,D,D,D,D,R,R
1034,R,D,R,R,R,D,R,R,D,R,D,D,D,D,D,D
1035,R,R,R,R,R,D,R,R,R,R,D,D,D,D,R,R
1036,R,D,R,R,R,D,R,D,D,R,R,D,D,D,D,D
1037,R,R,R,R,R,R,R,R,R,R,R,D,D,D,D,R
1038,R,R,R,R,R,D,R,D,R,R,D,D,D,D,D,D
1039,R,R,R,R,R,R,R,D,D,R,R,D,D,R,R,R
1040,R,R,R,R,R,R,R,R,R,R,R,D,D,R,R,R
1041,R,R,R,R,R,R,R,D,D,R,R,D,D,R,D,R
1042,R,R,R,R,R,D,D,D,D,R,D,D,D,D,D,D
1043,D,D,R,R,R,D,R,D,D,D,D,D,D,D,D,D
1044,R,D,R,R,R,D,R,D,D,R,R,D,D,R,R,D
1045,R,D,R,R,R,R,R,R,D,D,R,D,D,D,R,D
1046,R,D,R,R,R,R,R,R,R,R,R,D,D,D,D,R
1047,R,R,R,R,R,R,R,R,D,R,R,D,D,R,D,D
1048,R,R,R,R,R,D,R,R,R,R,R,D,D,D,R,R
1049,R,R,R,R,R,R,R,D,D,R,D,D,D,R,D,D
1050,R,R,R,R,R,R,R,D,D,R,R,D,D,R,D,D
1051,D,R,R,R,R,R,R,R,R,D,R,D,D,R,R,R
1052,D,R,R,R,R,D,R,R,D,D,R,D,D,R,D,R
1053,D,R,D,R,D,D,R,D,D,D,D,D,D,D,D,D
1054,D,D,D,D,D,D,D,D,D,R,D,D,D,D,D,D
1055,D,R,R,R,R,D,R,D,D,R,R,D,D,R,D,D
1056,R,R,R,R,R,R,R,D,D,R,D,D,D,D,D,D
1057,D,D,R,R,R,R,R,R,R,R,R,D,D,R,R,R
1058,R,R,R,R,R,R,R,R,D,R,R,D,D,R,R,R
1059,R,D,R,R,R,R,R,R,R,R,R,D,D,R,D,R
1060,R,R,R,R,R,D,R,R,R,R,R,D,D,D,D,R
1061,R,D,R,R,R,R,R,R,D,R,R,D,D,R,D,R
1062,R,R,R,R,R,R,R,R,D,R,R,D,D,D,D,D
1063,R,R,D,R,R,R,R,D,R,R,R,D,D,R,D,R
1064,D,R,R,R,R,R,D,R,R,R,D,D,D,D,R,R
1065,R,R,R,R,R,D,D,R,D,R,R,D,D,D,R,D
1066,R,D,R,R,R,D,R,R,R,R,R,D,D,D,R,R
1067,R,R,R,R,R,D,R,R,R,R,R,D,D,D,D,R
1068,D,R,R,R,R,D,R,D,R,R,R,D,D,D,R,R
1069,R,R,R,R,R,R,R,D,D,R,R,D,D,R,D,D
1070,D,D,D,R,R,D,R,D,D,R,D,D,D,D,D,D
1071,D,R,D,R,R,D,D,D,D,R,D,D,D,D,D,D
1072,D,D,R,R,D,D,R,D,D,R,D,D,D,D,D,D
1073,D,R,R,R,R,D,R,R,R,R,R,D,D,D,D,R
1074,R,R,R,R,R,R,R,D,D,R,D,D,D,R,R,R
1075,R,R,R,R,R,R,R,D,D,R,R,D,D,D,R,D
1076,D,D,D,R,R,D,R,D,D,R,D,D,D,D,D,D
1077,R,R,R,R,R,R,R,R,D,R,R,D,R,R,R,R
1078,R,R,R,R,R,R,R,R,R,R,R,D,D,R,R,D
1079,D,D,R,R,R,R,R,R,D,R,R,D,D,R,D,D
1080,R,D,R,R,R,R,R,R,D,R,R,D,D,R,R,R
1081,D,D,R,R,R,D,D,D,D,D,D,D,D,D,D,D
1082,R,R,R,R,R,R,R,R,D,R,R,D,R,R,R,R
1083,R,R,R,R,R,R,R,R,R,R,R,D,D,R,R,R
1084,R,R,R,R,R,R,R,R,D,R,R,D,D,D,R,R
1085,R,R,R,R,D,R,R,R,R,R,R,D,D,D,R,R
1086,D,D,D,R,R,D,D,D,D,D,D,D,D,D,D,D
1087,R,R,R,R,D,R,R,R,D,R,R,D,D,D,R,D
1088,R,D,R,R,R,D,R,D,R,R,R,D,D,D,D,R
1089,R,R,R,R,R,D,R,R,D,R,D,D,D,R,R,R
1090,D,R,R,R,R,R,R,D,D,R,R,D,D,D,R,R
1091,R,D,R,R,R,R,R,R,R,R,R,D,D,R,D,R
1092,R,R,R,R,R,R,R,R,D,R,R,D,D,R,R,R
1093,R,R,R,R,R,R,R,D,R,R,D,D,D,R,D,R
1094,R,R,R,R,R,D,R,D,D,R,R,D,D,D,R,R
1095,D,D,R,R,R,R,R,R,D,R,R,D,D,D,R,R
1096,R,D,R,R,R,R,R,D,D,R,R,D,D,D,R,R
1097,D,R,R,R,R,R,R,R,R,R,R,D,D,D,R,R
1098,D,D,R,R,R,R,R,D,D,R,R,D,D,R,D,R
1099,R,R,R,R,R,D,R,D,R,R,R,D,D,D,R,R
1100,R,R,D,D,D,D,D,D,D,D,D,D,D,R,D,D
1101,R,R,R,R,R,R,R,R,D,R,R,D,D,D,R,R
1102,R,R,R,R,R,R,D,R,D,R,R,D,D,D,D,D
1103,D,D,R,R,R,R,R,D,R,R,R,D,D,R,D,R
1104,R,R,R,R,R,D,D,R,R,R,R,D,R,R,R,R
1105,R,R,R,R,R,R,R,R,D,R,D,D,D,R,D,R
1106,D,D,R,R,R,D,R,D,D,R,D,D,D,D,D,D
1107,D,R,D,R,R,R,R,R,R,R,D,D,D,D,R,D
1108,R,R,R,R,R,R,R,R,R,R,D,D,D,R,R,R
1109,D,D,R,R,D,D,D,D,D,R,D,D,D,D,D,D
1110,R,R,R,R,R,D,R,R,D,R,D,D,D,D,R,R
1111,D,R,R,R,R,R,R,D,D,R,R,D,D,D,R,R
1112,R,D,R,R,R,D,R,D,D,D,D,D,D,D,D,D
1113,R,R,R,R,D,R,R,D,D,R,D,D,D,R,D,R
1114,R,R,R,R,R,D,R,R,R,R,D,D,D,D,R,R
1115,R,D,R,R,R,R,R,R,D,R,R,D,D,R,D,R
1116,R,R,R,R,R,D,R,R,R,R,R,D,D,D,D,R
1117,D,D,R,R,R,R,R,R,D,R,D,D,D,D,R,R
1118,D,R,R,R,R,R,R,D,R,R,R,D,D,R,D,R
1119,R,R,R,R,R,R,R,R,R,R,R,D,D,D,D,R
1120,D,R,R,R,R,R,R,R,R,R,R,D,D,R,D,R
1121,R,R,R,R,R,R,R,D,R,R,D,D,D,R,R,R
1122,R,R,R,R,R,R,R,R,R,R,R,D,D,R,R,R
1123,R,R,R,R,R,R,R,R,D,R,D,D,D,R,R,D
1124,R,R,R,R,R,R,R,D,R,R,R,D,D,D,D,D
1125,D,R,R,R,R,R,R,R,D,D,R,D,D,R,R,R
1126,R,R,R,R,R,R,R,D,D,R,R,D,D,D,D,R
1127,D,R,R,R,R,D,R,R,D,R,R,D,D,R,R,D
1128,D,D,D,R,R,D,R,D,D,R,D,D,D,D,D,D
1129,R,D,R,R,R,D,R,R,R,R,R,D,D,D,R,R
1130,R,R,R,R,R,R,R,R,D,D,R,D,D,R,D,D
1131,D,R,R,R,R,D,R,R,R,R,R,D,D,R,R,R
1132,R,D,R,R,R,R,R,R,D,R,R,D,D,D,D,D
1133,D,R,R,R,R,D,R,D,D,R,D,D,D,R,R,D
1134,D,R,R,R,R,D,R,R,D,R,D,D,D,R,R,R
1135,R,R,R,R,R,R,R,R,D,R,R,D,D,D,R,R
1136,D,D,R,R,R,D,D,D,D,R,D,D,D,D,D,D
1137,D,R,R,R,R,D,R,D,D,R,R,D,D,R,D,R
1138,R,R,R,R,R,R,R,D,D,R,R,D,D,D,R,D
1139,D,D,D,R,R,D,D,D,D,D,D,D,D,D,D,D
1140,R,R,D,R,R,D,R,R,R,R,R,D,D,R,R,D
1141,D,D,R,R,R,D,R,D,D,R,D,D,D,D,D,D
1142,R,R,R,R,R,R,R,R,R,R,D,D,D,R,R,R
1143,D,D,R,R,R,D,D,D,D,R,D,D,D,D,D,D
1144,R,D,R,R,R,D,R,R,D,R,R,D,D,D,R,R
1145,D,R,D,R,R,D,D,D,D,R,D,D,D,D,D,D
1146,R,D,R,R,R,D,R,D,D,R,R,D,D,R,D,R
1147,R,R,R,R,R,D,R,D,D,R,D,D,D,D,R,R
1148,D,R,R,R,R,R,R,R,R,R,R,D,D,R,R,R
1149,D,R,R,R,R,R,R,D,R,R,D,D,D,R,D,R
1150,R,D,D,R,D,D,D,D,D,D,D,D,D,D,D,D
1151,D,D,D,R,R,D,D,D,D,D,D,D,D,D,D,D
1152,R,R,R,R,R,D,R,D,R,R,R,D,R,D,R,R
1153,D,D,R,R,R,D,R,D,R,R,D,D,D,D,D,R
1154,R,R,R,R,R,R,R,R,D,R,R,D,D,D,D,R
1155,R,R,R,R,R,R,R,R,R,R,R,D,D,R,R,R
1156,R,R,R,R,R,D,R,R,D,R,R,D,D,R,R,D
1157,D,R,D,R,D,D,D,D,D,D,D,D,D,D,D,D
1158,R,R,R,R,R,R,R,R,D,R,R,D,D,D,R,R
1159,D,D,D,R,R,D,D,D,D,R,D,D,D,D,D,R
1160,D,D,D,R,R,D,R,D,D,R,R,D,D,D,D,D
1161,R,D,R,R,R,R,R,R,D,R,R,D,D,D,D,R
1162,R,R,R,R,R,R,R,R,R,R,R,D,D,R,D,R
1163,D,D,R,R,D,D,D,D,D,R,D,D,D,D,D,D
1164,R,R,R,R,R,R,R,R,R,R,D,D,D,D,D,R
1165,D,D,D,R,R,D,R,D,D,R,D,D,D,D,D,D
1166,R,R,R,R,R,D,R,R,R,R,D,D,D,R,R,R
1167,R,D,R,R,R,D,R,D,D,R,R,D,D,D,R,D
1168,R,R,R,R,R,R,R,R,D,R,D,D,D,R,R,D
1169,R,R,R,R,R,D,R,R,D,R,R,D,D,D,D,R
1170,R,D,R,R,R,D,R,D,D,D,D,D,D,D,R,D
1171,R,R,R,R,R,R,R,R,R,R,R,D,D,D,D,R
1172,D,D,R,R,D,D,D,D,D,D,D,D,D,D,D,D
1173,D,D,D,R,R,D,D,D,D,R,D,D,D,D,D,D
1174,D,D,D,R,D,D,D,D,D,R,D,D,D,D,D,D
1175,R,R,R,R,R,R,R,R,R,R,R,D,D,R,D,R
1176,R,R,R,R,R,R,R,R,R,R,D,D,D,R,R,R
1177,R,R,R,R,R,R,R,R,R,R,D,D,D,R,D,R
1178,D,D,R,R,R,D,D,D,D,R,D,D,D,D,D,D
1179,R,R,R,R,R,R,R,R,R,R,R,D,R,D,R,R
1180,D,D,D,R,D,D,R,D,D,D,D,D,D,D,D,D
1181,R,R,R,R,R,R,R,D,D,R,D,D,D,R,D,D
1182,D,D,D,R,R,D,D,D,D,D,D,D,D,D,D,D
1183,R,R,R,R,R,R,R,D,D,R,D,D,D,D,D,R
1184,R,R,R,R,R,D,R,D,R,R,R,D,D,D,R,D
1185,D,D,D,D,R,D,D,D,D,D,D,D,D,D,D,D
1186,R,R,R,R,R,R,R,R,R,R,R,D,D,R,R,D
1187,R,D,R,R,R,R,R,D,D,R,R,D,D,D,D,D
1188,R,D,R,R,R,R,R,R,R,R,R,D,D,D,R,R
1189,D,R,R,R,R,R,R,R,D,R,R,D,D,R,D,R
1190,R,R,R,R,R,R,R,D,R,R,R,D,D,D,D,R
1191,R,R,R,R,R,D,D,R,R,R,R,D,D,R,R,R
1192,R,D,R,R,R,R,R,R,D,R,R,D,D,D,R,R
1193,R,R,R,R,R,D,R,R,R,R,R,D,D,R,R,R
1194,R,D,R,R,R,R,R,R,R,R,R,D,D,R,D,D
1195,R,R,R,R,R,D,R,D,D,R,R,D,D,D,R,R
1196,R,R,R,R,R,R,R,R,R,R,R,D,R,R,R,R
1197,R,D,R,R,R,R,R,D,D,R,R,D,D,R,D,R
1198,D,D,D,R,R,D,R,D,D,D,D,D,D,D,D,R
1199,D,D,R,R,R,D,D,D,D,D,D,D,D,D,D,D
1200,R,R,R,R,R,R,R,R,D,R,R,D,D,R,D,R
1201,D,D,R,R,R,D,R,D,R,R,D,D,D,D,R,D
1202,D,D,R,R,R,R,R,R,R,R,R,D,D,D,D,R
1203,D,R,R,R,R,R,R,R,R,R,R,D,D,R,R,R
1204,R,R,R,R,R,R,R,R,D,R,R,D,D,D,R,R
1205,D,D,R,R,R,R,R,R,D,R,D,D,D,D,R,R
1206,R,R,R,R,R,R,R,R,R,R,R,D,D,R,D,R
1207,R,R,R,R,R,D,R,D,D,R,R,D,D,R,R,R
1208,R,R,R,R,R,R,D,R,D,D,D,D,D,R,D,R
1209,R,D,R,R,R,R,R,D,R,R,R,D,D,D,D,R
1210,R,D,R,R,R,D,R,D,D,R,R,D,D,D,R,D
1211,R,R,R,R,R,R,R,R,R,R,R,D,D,R,R,R
1212,D,R,R,R,R,R,R,R,R,R,R,D,D,D,R,R
1213,D,D,D,R,D,D,D,D,D,D,D,D,D,D,D,D
1214,R,D,R,R,R,R,R,R,R,R,D,D,D,R,D,R
1215,R,R,R,R,R,R,D,R,R,R,R,D,D,R,R,R
1216,D,R,R,R,R,R,R,R,R,R,R,D,D,D,D,R
1217,R,D,R,R,R,R,R,R,D,R,R,D,D,R,D,R
1218,R,R,R,R,R,R,R,R,D,R,D,D,D,R,R,D
1219,R,R,R,R,R,R,R,R,D,R,R,D,D,D,R,D
1220,R,R,R,R,R,R,R,R,D,R,R,D,D,D,D,R
1221,R,R,R,R,R,D,R,R,R,R,D,D,D,R,R,R
1222,R,R,R,R,R,R,R,R,R,R,R,D,D,R,R,R
1223,R,R,R,R,R,R,R,R,R,R,R,D,D,R,R,R
1224,R,R,R,R,R,R,R,D,R,R,D,D,D,D,R,D
1225,R,R,R,R,R,R,R,D,R,R,R,D,D,R,R,R
1226,D,R,D,R,D,R,D,D,D,R,D,D,D,D,D,D
1227,R,R,R,R,R,D,R,D,R,R,D,D,D,D,R,R
1228,D,R,R,R,R,R,R,D,D,R,D,D,D,R,R,D
1229,R,R,R,R,R,R,R,R,D,R,R,D,D,D,R,R
1230,R,R,R,R,R,R,D,R,D,R,R,D,D,R,R,R
1231,R,D,R,R,R,R,R,R,D,R,R,D,D,D,D,R
1232,D,R,R,R,R,R,R,R,D,R,D,D,D,R,D,D
1233,R,D,R,R,R,D,R,D,R,R,R,D,D,R,D,R
1234,R,R,R,R,R,R,R,D,R,R,R,D,D,R,R,R
1235,R,D,D,R,R,D,R,R,D,R,D,D,D,D,R,R
1236,D,D,R,R,R,D,R,D,D,R,R,D,D,R,D,R
1237,R,R,R,R,R,R,R,R,R,R,R,D,D,R,R,R
1238,R,R,R,R,R,R,R,R,R,R,R,D,D,R,R,R
1239,R,R,R,R,R,D,R,R,R,R,R,D,D,D,D,R
1240,D,R,R,R,R,R,R,R,D,R,R,D,D,D,R,R
1241,R,R,R,R,R,R,R,R,D,R,R,D,D,R,R,D
1242,D,R,R,R,R,D,R,R,R,R,R,D,D,D,R,R
1243,R,D,R,R,D,D,R,D,D,R,R,D,D,D,R,D
1244,D,D,R,R,R,R,R,D,R,R,R,D,D,R,D,R
1245,R,R,R,R,R,R,R,R,R,R,R,D,D,R,R,R
1246,R,R,R,R,R,D,R,D,R,R,R,D,D,D,D,R
1247,R,R,R,R,R,R,R,R,R,R,R,D,D,R,D,R
1248,R,D,R,R,R,R,R,R,D,R,R,D,D,R,D,R
1249,D,D,D,R,D,D,R,D,D,R,D,D,D,D,D,D
1250,D,R,R,R,D,R,D,R,D,D,R,D,D,R,D,R
1251,D,D,R,R,R,D,R,R,D,R,D,D,D,D,D,R
1252,R,D,R,R,R,R,R,R,R,R,R,D,D,D,R,R
1253,D,R,D,R,D,D,D,D,D,D,D,D,D,D,D,D
1254,R,R,R,R,R,D,R,R,R,R,R,D,D,R,R,R
1255,D,R,R,R,R,R,R,R,R,R,R,D,D,R,R,R
1256,R,R,R,R,R,R,R,R,R,R,R,D,D,R,D,D
1257,R,R,R,R,R,R,R,R,D,R,R,D,D,D,R,R
1258,R,R,R,R,R,D,R,R,R,R,R,D,D,R,D,R
1259,D,D,R,R,R,R,R,D,R,R,R,D,D,D,R,R
1260,R,R,R,R,R,R,R,R,R,R,D,D,D,R,D,R
1261,R,R,R,R,R,R,R,D,R,R,D,D,D,D,R,R
1262,R,D,R,R,R,R,R,R,D,R,D,D,D,R,D,D
1263,D,D,R,R,R,D,D,D,D,R,D,D,D,R,D,D
1264,R,R,R,R,R,R,R,R,R,R,R,D,D,R,R,R
1265,R,R,R,R,R,R,R,R,R,R,R,D,D,D,D,R
1266,R,R,R,R,R,R,R,R,D,R,R,D,D,R,D,R
1267,R,D,R,R,R,R,R,R,R,R,R,D,D,R,R,R
1268,D,R,R,R,R,R,R,R,R,R,R,D,D,R,R,R
1269,R,R,R,R,R,R,R,R,R,R,R,D,D,R,R,D
1270,R,R,R,R,R,R,R,R,R,R,R,D,D,D,R,R
1271,R,R,R,R,R,D,R,R,D,R,R,D,D,R,D,D
1272,R,R,R,R,R,R,R,R,R,R,R,D,D,R,R,R
1273,R,R,R,R,R,D,R,R,D,R,R,D,D,D,D,R
1274,D,R,R,R,R,R,R,R,R,R,R,D,D,R,R,R
1275,D,D,R,R,R,R,R,R,D,R,D,D,D,D,R,R
1276,R,R,R,R,R,D,R,R,R,R,D,D,D,R,D,D
1277,R,R,R,R,R,R,R,D,D,R,D,D,D,R,D,R
1278,D,D,D,R,R,D,D,D,D,R,D,D,D,D,R,D
1279,R,R,R,R,R,D,R,R,D,R,D,D,D,D,R,R
1280,R,R,R,R,R,R,R,R,D,R,R,D,D,R,D,R
1281,R,R,D,R,R,D,R,D,D,R,D,D,D,D,D,D
1282,R,R,R,R,R,R,R,D,R,R,D,D,D,R,R,D
1283,R,R,R,R,R,D,R,R,R,R,R,D,R,R,R,R
1284,R,R,R,R,R,D,R,D,D,R,D,D,D,D,D,D
1285,D,D,D,R,D,R,D,D,D,D,D,D,D,D,D,R
1286,R,R,R,R,R,D,R,D,D,R,R,D,D,D,D,R
1287,R,R,R,R,R,R,R,R,R,R,R,D,D,R,R,R
1288,D,R,R,R,R,D,R,R,D,R,R,D,D,R,D,R
1289,R,R,R,R,R,R,R,D,D,R,R,D,D,R,R,R
1290,R,R,R,R,R,D,R,D,D,R,R,D,D,R,D,R
1291,R,D,R,R,R,D,R,D,R,R,R,D,D,R,D,R
1292,R,R,R,R,R,R,R,R,R,R,R,D,D,D,R,R
1293,D,R,R,R,R,R,D,R,D,R,R,D,D,R,R,R
1294,R,R,R,R,D,R,R,R,D,R,R,D,D,R,D,R
1295,R,R,R,R,R,D,R,D,D,R,R,D,D,D,D,D
1296,D,R,R,R,R,R,R,R,D,R,R,D,D,R,R,R
1297,R,R,R,R,R,R,R,R,R,R,R,D,D,R,R,R
1298,D,D,D,R,D,D,D,D,D,D,D,D,D,D,D,D
1299,D,D,D,R,D,D,R,D,D,R,D,D,D,D,D,D
1300,R,R,R,R,R,R,R,R,R,R,R,D,R,R,R,R
1301,R,R,R,R,R,R,R,R,R,R,R,D,D,R,R,R
1302,D,R,D,R,R,D,D,D,D,R,D,D,D,D,D,D
1303,R,D,R,R,R,R,R,D,R,R,R,D,D,R,R,R
1304,R,R,R,R,R,R,R,R,R,R,D,D,D,R,R,R
1305,D,D,R,R,R,R,R,D,D,R,D,D,D,D,D,D
1306,D,D,D,R,D,R,D,D,D,R,D,D,D,D,D,D
1307,R,R,R,R,R,R,R,D,R,R,D,D,D,R,R,R
1308,D,R,R,R,R,D,R,R,D,R,D,D,D,D,R,R
1309,R,R,R,R,R,R,R,R,D,R,R,D,D,R,D,D
1310,D,R,R,R,R,R,R,R,R,R,R,D,D,R,D,R
1311,D,D,D,R,R,R,R,D,D,D,D,D,D,D,D,D
1312,R,R,R,R,R,D,R,R,R,R,R,D,D,R,R,D
1313,R,D,R,R,R,R,R,R,D,R,R,D,D,D,R,D
1314,D,R,R,R,R,D,R,D,R,R,D,D,D,R,R,R
1315,D,D,R,R,R,D,D,D,D,R,D,D,D,D,D,D
1316,R,R,R,R,R,R,R,R,R,R,R,D,D,D,R,R
1317,R,R,R,R,R,D,R,R,D,R,R,D,D,D,D,D
1318,R,R,R,R,R,R,R,D,D,R,R,D,D,D,R,D
1319,R,R,R,R,R,R,R,R,D,R,D,D,D,R,R,D
1320,D,D,R,R,D,D,D,D,D,R,D,D,D,D,D,D
1321,R,R,R,R,R,R,R,R,R,R,R,D,D,D,R,R
1322,R,R,R,R,R,R,R,R,R,R,D,D,D,D,R,R
1323,R,D,R,R,R,R,R,R,R,R,R,D,D,R,R,R
1324,D,R,R,R,R,D,D,D,D,R,R,D,D,D,D,R
1325,D,R,R,R,R,D,R,D,R,R,D,D,D,D,D,D
1326,R,R,R,R,R,R,R,R,R,R,R,D,D,D,R,R
1327,R,R,R,R,R,D,R,D,D,R,D,D,D,R,R,D
1328,R,D,R,R,R,R,R,R,D,R,R,D,D,R,D,R
1329,R,R,R,R,R,D,R,D,R,R,R,D,D,R,R,R
1330,R,R,R,R,R,R,R,R,R,R,R,D,D,R,D,R
1331,D,D,R,R,D,D,R,D,D,R,D,D,D,D,D,D
1332,R,R,R,R,R,D,R,R,R,R,R,D,D,R,R,R
1333,R,R,R,R,R,R,R,R,R,R,D,D,D,R,D,R
1334,R,R,R,R,R,D,R,R,R,R,R,D,D,R,D,R
1335,R,R,R,R,R,R,R,R,D,R,R,D,D,R,R,R
1336,D,R,R,R,R,R,R,D,R,R,R,D,D,R,D,R
1337,R,D,R,R,R,D,D,D,D,R,R,D,D,D,R,R
1338,R,R,R,R,R,R,R,R,D,R,R,D,D,R,R,D
1339,R,R,R,R,R,R,R,R,R,R,R,D,D,D,R,R
1340,R,D,R,R,R,R,R,D,D,R,R,D,D,R,R,D
1341,R,R,R,R,R,R,R,R,D,R,R,D,D,R,R,R
1342,R,R,R,R,R,R,R,R,D,R,R,D,D,R,R,R
1343,R,R,R,R,R,R,R,R,D,R,R,D,D,R,R,R
1344,D,R,R,R,R,R,D,R,D,D,R,D,D,D,R,R
1345,D,D,D,R,R,D,D,D,D,R,D,D,D,D,D,D
1346,D,R,R,R,R,R,R,D,R,R,D,D,D,R,R,D
1347,R,R,R,R,R,D,R,D,R,R,D,D,D,R,R,R
1348,R,R,R,R,R,D,R,R,D,R,D,D,D,D,R,R
1349,R,D,R,R,R,D,R,R,R,R,R,D,D,D,R,R
1350,R,R,R,R,R,R,R,R,D,R,R,D,D,R,R,R
1351,R,R,R,R,R,R,R,R,R,R,R,D,D,D,R,R
1352,R,R,R,R,R,R,R,D,D,R,D,D,D,D,R,R
1353,D,D,R,R,D,D,D,D,D,R,D,D,D,D,R,D
1354,R,D,R,R,R,R,R,D,D,R,R,D,D,D,R,R
1355,R,R,R,R,R,R,R,R,D,R,R,D,D,D,R,R
1356,D,R,R,R,D,D,D,D,D,R,D,D,D,D,D,D
1357,R,R,R,R,R,R,R,D,D,R,D,D,D,D,R,R
1358,D,R,R,R,R,D,R,D,D,R,D,D,D,D,D,R
1359,R,R,R,R,R,R,R,R,D,R,R,D,D,R,D,R
1360,R,R,R,R,R,D,R,R,D,R,R,D,D,R,D,R
1361,R,R,R,R,R,R,R,R,D,R,R,D,D,D,D,R
1362,D,D,D,R,D,D,D,D,D,R,D,D,D,D,R,D
1363,D,R,R,R,R,R,R,R,D,R,R,D,D,R,R,R
1364,D,R,R,R,R,R,R,D,D,R,R,D,D,D,R,R
1365,D,D,R,R,D,D,R,D,D,D,D,D,D,D,D,D
1366,R,R,R,R,R,R,R,R,R,R,R,R,D,R,R,R
1367,D,R,R,R,R,R,R,D,D,R,R,D,D,D,D,R
1368,R,R,R,R,R,R,R,R,R,R,R,D,D,R,R,R
1369,R,D,R,R,R,R,R,D,R,R,R,D,D,R,D,R
1370,R,R,R,R,R,R,R,R,R,R,R,D,D,R,R,R
1371,R,R,R,R,R,R,R,R,D,R,R,D,D,R,R,R
1372,R,D,R,R,R,D,R,R,D,R,R,D,D,D,D,R
1373,R,R,R,R,R,R,R,R,R,R,R,D,D,D,R,R
1374,R,R,R,R,R,D,R,D,D,R,D,D,D,R,D,R
1375,D,R,R,R,R,R,R,R,R,R,R,D,D,D,D,D
1376,R,R,R,R,R,R,R,R,D,R,D,D,D,D,D,D
1377,R,D,R,R,R,R,R,R,R,R,R,D,D,R,R,R
1378,R,R,R,R,R,R,R,R,D,R,R,D,D,R,R,R
1379,D,D,R,R,R,R,R,R,D,D,R,D,D,D,R,R
1380,D,D,R,R,D,D,R,D,D,R,D,D,D,D,D,D
1381,R,R,R,R,R,R,D,R,R,R,R,D,D,D,D,D
1382,R,D,R,R,R,R,R,R,D,R,D,D,D,D,R,R
1383,R,R,R,R,R,R,R,R,R,R,R,D,D,R,R,R
1384,D,R,D,R,R,D,R,D,D,D,D,D,D,D,D,D
1385,R,R,R,R,R,D,R,R,R,R,R,D,D,D,R,R
1386,R,R,R,R,R,R,R,D,D,R,R,D,D,D,D,R
1387,R,D,R,R,R,D,R,D,R,R,D,D,D,D,R,R
1388,R,R,R,R,R,R,R,R,R,R,D,R,D,R,R,R
1389,D,D,R,R,D,D,D,D,D,R,D,D,D,D,D,D
1390,R,R,R,R,R,R,R,D,D,R,R,D,D,R,R,R
1391,D,R,R,R,R,R,R,R,D,R,R,D,D,R,R,D
1392,D,R,R,R,R,R,R,R,R,R,D,D,D,D,D,R
1393,R,R,R,R,R,D,R,D,D,R,R,D,D,R,D,D
1394,R,R,R,R,R,R,R,D,D,R,D,D,D,D,D,R
1395,R,D,R,R,R,R,R,D,D,R,R,D,D,D,D,R
1396,R,R,R,R,R,R,R,R,D,R,R,D,D,R,R,R
1397,D,D,R,R,R,D,R,R,D,R,R,D,D,D,R,R
1398,R,D,R,R,R,R,R,D,R,R,R,D,D,R,D,D
1399,R,R,R,R,D,R,R,R,R,D,D,D,D,D,R,R
1400,D,R,R,R,R,D,R,R,D,R,R,D,D,D,R,R
1401,D,R,D,R,R,R,R,R,D,R,D,D,D,D,D,R
1402,D,R,R,R,R,R,R,R,R,R,R,D,D,R,R,R
1403,D,D,D,R,R,D,D,D,D,D,D,D,D,D,D,D
1404,D,R,R,R,R,D,R,D,D,R,R,D,D,R,D,R
1405,R,R,R,R,R,R,R,R,D,R,R,D,D,R,D,R
1406,R,R,R,R,R,D,R,D,R,R,R,D,D,D,D,R
1407,D,D,R,D,R,D,D,D,D,R,D,D,D,D,D,D
1408,D,R,R,R,R,D,R,R,R,R,R,D,D,R,R,R
1409,D,D,R,R,D,D,D,D,D,D,D,D,D,D,D,D
1410,R,D,R,R,R,D,R,R,R,R,D,D,D,D,R,R
1411,R,D,R,R,R,R,R,R,R,R,R,D,R,R,R,R
1412,R,R,R,R,R,R,R,R,R,R,R,D,D,D,R,R
1413,R,R,R,R,R,R,R,R,R,R,R,D,D,R,R,R
1414,R,R,R,R,R,D,R,D,R,R,R,D,D,R,R,R
1415,R,R,R,R,R,R,R,R,R,R,R,D,D,R,R,R
1416,R,D,R,R,R,D,R,R,D,R,D,D,D,D,D,D
1417,D,D,D,R,R,D,D,D,D,D,R,D,D,D,D,D
1418,R,R,R,R,R,D,R,R,D,R,R,D,D,D,R,R
1419,R,R,R,R,R,D,R,D,R,R,D,D,D,R,R,R
1420,D,R,D,R,R,R,R,D,R,R,D,D,D,D,R,R
1421,R,R,R,R,R,R,R,R,D,R,D,D,D,R,R,R
1422,R,R,R,R,R,R,R,D,R,R,R,D,D,D,R,R
1423,R,R,R,R,R,R,R,R,D,R,R,D,D,R,D,R
1424,D,R,R,R,R,R,D,D,D,D,D,D,D,R,R,R
1425,D,D,R,R,R,D,R,D,D,R,D,D,D,D,D,R
1426,R,D,D,R,R,D,R,D,D,R,R,D,D,D,D,D
1427,R,R,R,R,R,R,R,D,D,R,R,D,D,R,D,R
1428,R,R,R,R,R,R,R,D,R,R,R,D,D,R,R,D
1429,R,R,R,R,R,R,R,R,D,R,R,D,D,R,R,R
1430,R,R,R,R,R,R,R,R,D,D,R,D,D,D,R,R
1431,R,R,R,R,R,R,R,D,D,R,R,D,D,D,R,D
1432,R,R,R,R,R,R,R,R,D,R,R,D,D,D,R,R
1433,R,D,R,R,R,R,R,R,R,R,R,D,D,D,D,D
1434,R,R,R,R,R,R,R,R,R,R,R,D,D,R,R,R
1435,D,D,R,R,R,R,R,D,D,R,D,D,D,D,R,R
1436,R,R,R,R,R,D,R,D,D,R,R,D,D,R,R,R
1437,D,R,D,R,R,D,D,D,D,R,D,D,D,D,D,D
1438,D,R,D,R,R,R,R,R,D,R,R,D,D,R,R,R
1439,R,R,R,R,R,D,R,D,D,R,D,D,D,D,R,D
1440,R,R,R,R,R,R,R,D,D,R,R,D,D,D,D,R
1441,R,D,R,R,R,D,R,R,D,R,R,D,D,R,R,D
1442,D,R,D,R,R,D,D,D,D,D,D,D,D,D,D,D
1443,D,D,R,R,R,D,R,D,D,R,R,D,D,D,D,R
1444,D,D,R,R,R,R,R,D,D,R,D,D,D,D,D,D
1445,D,R,R,R,R,R,R,D,R,R,D,D,D,R,R,D
1446,R,R,R,R,R,R,R,D,D,R,D,D,D,D,R,R
1447,D,D,R,R,D,D,D,D,D,R,D,D,D,D,D,D
1448,D,R,R,R,R,R,R,R,D,R,D,D,D,D,D,D
1449,R,D,R,R,R,D,D,R,D,R,R,D,D,D,D,R
1450,R,D,R,R,R,R,R,R,D,R,D,D,D,R,D,D
1451,D,R,R,R,R,R,R,R,R,R,R,D,D,R,R,R
1452,D,D,R,R,D,D,R,D,D,R,D,D,D,D,D,D
1453,R,R,R,R,R,R,R,D,D,R,R,D,D,R,D,R
1454,R,R,R,R,R,R,R,R,D,R,R,D,D,D,D,R
1455,D,D,R,R,R,D,R,R,R,R,R,D,D,D,R,R
1456,R,R,R,R,R,R,R,D,D,R,R,D,D,R,R,R
1457,R,R,R,R,R,R,R,R,D,R,R,D,D,D,D,R
1458,D,D,R,R,R,D,D,D,D,R,D,D,D,R,D,D
1459,R,R,R,R,R,R,R,R,D,R,R,D,D,R,D,R
1460,D,R,D,R,R,R,R,R,D,R,D,D,D,D,R,R
1461,D,R,R,D,D,D,D,D,D,D,D,D,D,D,D,R
1462,R,R,R,R,R,R,R,R,D,R,R,D,D,D,D,R
1463,D,D,D,R,D,D,D,D,D,R,D,D,D,D,D,D
1464,D,D,R,R,R,R,R,D,D,R,R,D,D,R,R,D
1465,D,R,D,R,R,D,D,D,D,D,D,D,D,D,D,D
1466,R,R,R,R,R,R,R,D,D,R,R,D,D,R,R,R
1467,D,D,R,R,R,R,R,R,R,R,R,D,D,R,D,D
1468,R,R,R,R,R,R,R,D,R,R,R,D,D,R,R,R
1469,D,D,R,R,D,D,D,D,D,R,D,D,D,D,D,R
1470,D,D,D,R,D,D,D,D,D,R,D,D,D,D,D,D
1471,R,R,R,R,R,R,D,D,R,R,R,D,D,D,D,D
1472,R,R,R,R,R,D,R,R,D,R,R,D,D,D,D,D
1473,D,D,R,R,R,D,R,R,R,R,R,D,D,R,R,D
1474,R,R,R,R,R,R,R,R,R,R,R,D,D,R,R,R
1475,R,D,D,R,D,D,D,D,D,D,D,D,D,D,D,D
1476,R,R,R,R,R,R,R,D,D,R,D,D,D,D,D,R
1477,R,D,R,D,D,D,D,D,D,D,D,D,D,D,D,D
1478,R,R,R,R,R,R,R,D,D,R,R,D,D,R,R,R
1479,D,R,R,R,R,R,R,R,R,R,R,D,D,R,R,D
1480,R,R,R,R,R,R,R,D,R,R,R,D,D,D,R,R
1481,D,D,D,R,D,D,D,D,D,D,D,D,D,D,D,D
1482,R,R,R,R,R,R,R,D,R,R,R,D,D,R,R,R
1483,R,R,R,R,R,D,R,D,R,R,D,D,D,R,R,D
1484,R,R,R,R,R,R,R,R,D,R,D,D,D,R,D,D
1485,D,D,R,R,R,R,R,R,D,R,D,D,D,D,R,R
1486,R,R,R,R,R,R,R,R,D,R,R,D,D,R,R,R
1487,R,R,R,R,R,R,R,R,R,R,R,D,D,D,R,R
1488,R,R,R,R,R,R,R,R,D,R,R,D,D,R,D,R
1489,R,R,R,R,R,R,R,R,D,R,D,D,D,R,D,D
1490,D,R,R,R,R,R,R,R,D,D,R,D,D,D,D,R
1491,R,R,R,R,R,D,R,R,R,R,R,D,D,D,R,R
1492,R,D,R,R,R,R,R,D,R,R,R,D,D,R,R,R
1493,R,R,R,R,R,D,R,R,D,R,R,D,D,R,R,R
1494,D,D,D,R,R,D,R,D,D,R,D,D,D,R,D,D
1495,R,R,R,R,R,D,R,R,R,R,D,D,D,R,R,R
1496,R,R,R,R,R,R,R,D,R,R,R,D,D,R,R,R
1497,D,R,R,R,R,R,R,R,R,R,R,D,D,R,R,R
1498,R,R,R,R,R,R,R,R,D,R,R,D,D,D,R,R
1499,D,R,D,R,R,D,R,D,D,D,D,D,D,D,D,D
1500,R,R,R,R,R,D,R,R,D,R,D,D,D,D,R,R
1501,R,R,R,R,R,R,R,R,R,R,R,D,D,R,R,R
1502,R,R,R,R,R,R,R,R,R,R,R,D,D,R,D,R
1503,R,R,R,R,R,R,R,D,R,R,R,D,D,R,R,R
1504,D,D,R,R,R,D,D,R,D,R,R,D,D,R,R,D
1505,D,R,R,R,R,R,R,D,R,R,R,D,D,D,D,R
1506,R,D,R,R,R,R,R,R,D,R,R,D,D,D,D,R
1507,R,R,R,R,R,R,R,D,D,R,D,D,D,R,R,R
1508,R,R,R,R,R,D,R,D,D,R,D,D,D,R,R,R
1509,D,R,R,R,R,R,R,R,D,R,R,D,D,R,R,R
1510,R,D,R,R,R,R,R,D,R,R,R,D,D,D,R,R
1511,D,R,R,R,R,R,R,R,R,R,R,D,D,R,R,R
1512,R,R,R,R,R,R,R,R,D,R,D,D,D,D,D,R
1513,R,D,R,R,R,R,R,R,D,D,D,D,D,D,D,R
1514,D,D,R,R,R,D,D,D,D,R,D,D,D,D,D,D
1515,D,R,R,R,R,R,R,R,D,R,R,D,D,D,D,R
1516,R,D,R,R,R,R,R,R,D,R,R,D,D,R,R,R
1517,D,R,R,R,R,D,R,R,D,R,R,D,D,R,R,D
1518,R,R,R,R,R,R,R,R,D,R,R,D,D,D,D,D
1519,R,R,R,R,R,D,R,D,D,D,D,D,D,R,R,R
1520,D,R,R,R,R,R,D,D,D,R,D,D,D,D,D,D
1521,R,D,R,R,R,R,R,R,D,R,D,D,D,D,R,R
1522,R,R,R,R,R,R,R,D,R,R,R,D,D,D,R,R
1523,D,D,R,R,D,D,D,D,D,R,R,D,D,D,D,D
1524,R,R,R,R,R,R,R,R,R,R,R,D,D,R,R,R
1525,R,R,R,R,R,R,R,R,R,R,R,D,D,R,D,R
1526,D,D,R,R,R,R,D,D,D,D,D,D,D,D,D,D
1527,R,R,R,R,R,R,R,R,R,R,R,D,D,D,D,R
1528,R,R,R,R,R,R,R,R,R,R,R,D,D,D,R,D
1529,D,R,R,R,R,R,R,R,R,R,R,D,D,D,R,R
1530,D,D,D,R,R,D,R,D,D,R,D,D,D,D,D,D
1531,R,R,R,R,R,R,R,R,D,R,D,D,D,R,D,R
1532,R,D,R,D,D,D,R,D,D,D,D,D,D,R,D,D
1533,D,D,D,R,R,D,D,D,D,R,D,D,D,D,D,R
1534,R,R,R,R,R,D,R,R,R,D,R,D,D,D,D,R
1535,D,R,D,R,D,D,D,D,D,R,D,D,D,D,D,D
1536,D,D,R,R,D,D,R,D,D,R,D,D,D,D,D,D
1537,R,R,R,R,R,D,R,D,D,R,R,D,D,D,D,R
1538,R,D,R,R,R,D,D,D,D,R,D,D,D,D,R,R
1539,R,D,R,R,R,R,R,R,R,R,R,D,D,R,R,R
1540,D,R,R,R,R,R,D,R,R,R,R,D,D,D,R,R
1541,D,R,R,R,R,R,R,D,R,R,R,D,D,R,R,R
1542,D,D,D,R,R,D,D,D,D,D,D,D,D,D,D,R
1543,D,D,R,R,R,R,R,R,D,R,D,D,D,R,D,D
1544,D,D,R,R,R,R,R,D,R,R,R,D,D,D,D,R
1545,D,D,D,R,R,R,D,D,D,D,D,D,D,D,D,D
1546,R,R,R,R,R,R,D,D,D,R,R,D,D,D,D,R
1547,R,R,R,R,R,R,R,D,R,R,R,D,D,R,R,R
1548,R,R,R,R,R,D,R,R,D,R,R,D,D,D,R,D
1549,R,D,R,R,R,D,R,D,D,R,R,D,D,D,D,R
1550,R,D,R,R,R,R,R,D,D,D,R,D,D,R,R,R
1551,R,R,R,R,R,R,R,D,D,R,D,D,D,R,D,R
1552,D,D,D,R,R,D,R,D,D,D,D,D,D,D,D,D
1553,R,D,R,R,R,R,R,R,D,D,R,D,D,R,R,D
1554,R,R,R,R,R,R,R,D,R,R,R,D,D,R,R,R
1555,D,R,R,R,R,R,R,R,R,R,R,D,D,R,R,R
1556,R,R,R,R,R,R,R,R,R,R,R,D,D,R,R,R
1557,R,R,R,R,R,D,R,R,D,R,R,D,D,R,R,D
1558,R,D,R,R,R,R,R,R,D,R,R,D,D,D,R,R
1559,R,R,R,R,R,D,R,R,R,R,R,D,D,R,R,D
1560,R,D,R,R,R,R,R,D,D,R,R,D,D,D,R,R
1561,R,R,R,R,R,R,R,R,R,R,R,D,D,R,D,R
1562,R,R,R,R,R,D,R,R,D,R,D,D,D,D,R,R
1563,R,D,R,R,R,R,D,D,R,R,R,D,D,D,R,D
1564,R,D,R,R,R,R,R,D,D,R,R,D,D,D,R,R
1565,R,R,R,R,R,D,R,R,D,R,R,D,D,D,D,R
1566,R,R,R,R,R,D,R,R,R,R,R,D,D,R,R,R
1567,R,D,R,R,R,D,R,R,R,R,R,D,D,D,R,R
1568,D,D,R,R,R,D,R,R,D,R,R,D,D,R,R,R
1569,D,R,R,R,R,D,R,R,D,R,R,D,D,D,D,D
1570,D,D,R,R,R,R,D,D,D,R,D,D,D,R,D,R
1571,R,R,R,R,R,D,R,R,D,R,R,D,D,D,R,D
1572,R,R,R,R,R,R,R,R,R,R,R,D,D,R,R,R
1573,D,R,R,R,R,D,R,D,D,R,R,D,D,D,R,R
1574,R,D,R,R,R,R,R,R,R,R,D,D,D,D,R,R
1575,D,D,R,R,R,D,R,R,D,R,R,D,D,D,R,D
1576,R,R,R,R,R,R,R,D,D,R,R,D,D,D,R,R
1577,D,R,D,R,R,R,D,D,D,R,D,D,D,D,D,R
1578,D,R,R,R,R,R,R,R,D,R,R,D,D,D,R,R
1579,D,R,R,R,R,R,R,D,R,R,R,D,D,R,D,R
1580,R,R,R,R,R,R,R,R,R,R,R,D,D,D,R,R
1581,D,R,R,R,R,R,R,D,D,R,D,D,D,D,D,R
1582,R,R,R,R,R,R,D,R,D,R,D,D,D,R,D,D
1583,R,R,R,R,R,D,R,R,D,R,R,D,D,D,R,R
1584,R,R,R,R,R,D,R,R,D,R,R,D,D,D,R,R
1585,D,R,R,R,R,R,R,D,D,R,R,D,D,R,D,D
1586,D,D,D,R,R,R,D,D,D,R,D,D,D,D,D,R
1587,R,R,R,R,R,D,R,D,D,R,R,D,D,D,D,R
1588,D,D,R,R,R,R,R,R,R,R,R,D,D,D,R,R
1589,R,R,R,R,R,D,R,R,R,R,R,D,D,R,R,R
1590,R,R,R,R,R,R,R,D,R,R,D,D,D,R,R,R
1591,R,R,R,R,R,D,R,R,R,R,D,D,D,D,D,R
1592,D,D,R,R,R,R,R,D,R,R,R,D,D,R,R,R
1593,D,D,D,R,R,D,R,D,D,D,D,D,D,D,D,D
1594,D,R,R,R,R,R,R,D,R,R,R,D,D,R,D,R
1595,D,D,D,R,R,D,D,D,D,R,D,D,D,D,D,D
1596,D,D,R,R,R,D,D,D,D,R,D,D,D,D,D,D
1597,D,R,R,R,R,D,R,D,D,R,D,D,D,R,R,R
1598,R,D,R,R,R,R,R,D,D,R,R,D,D,R,R,D
1599,D,D,R,R,R,R,R,D,D,R,R,D,D,D,R,D
1600,R,R,R,R,R,R,R,D,R,R,R,D,D,R,R,D
1601,R,R,R,R,R,R,R,R,R,R,R,D,D,D,R,R
1602,R,D,R,R,R,R,R,D,D,R,D,D,D,R,R,R
1603,R,R,R,R,R,R,R,D,D,R,R,D,D,D,D,R
1604,D,R,R,R,R,R,R,D,R,R,R,D,D,R,R,D
1605,R,R,R,R,R,R,R,D,D,R,R,D,D,R,R,D
1606,D,D,R,R,R,R,R,R,D,R,R,D,D,D,R,R
1607,D,D,R,R,R,R,R,D,D,R,D,D,D,D,D,R
1608,R,R,R,R,R,D,D,D,R,R,R,D,D,D,D,D
1609,D,R,R,R,R,R,D,D,D,R,D,D,D,R,R,R
1610,R,D,R,R,R,R,R,R,D,R,R,D,D,D,R,D
1611,D,R,R,R,R,R,R,R,D,R,R,D,D,D,R,D
1612,R,D,R,R,R,R,R,R,R,R,R,R,D,D,R,R
1613,R,D,R,R,R,R,R,R,R,R,R,D,D,D,D,R
1614,D,R,R,R,R,R,R,R,D,R,R,D,R,R,R,R
1615,D,R,R,R,R,D,R,D,R,R,R,D,D,D,D,D
1616,D,D,R,R,R,R,R,R,D,R,R,D,D,D,D,R
1617,D,R,R,R,R,D,D,D,D,R,D,D,D,D,D,D
1618,D,R,D,D,D,D,D,D,D,D,D,D,D,D,D,D
1619,R,R,R,R,R,R,R,R,R,R,R,D,D,R,R,R
1620,R,R,R,R,R,R,R,R,R,R,D,D,D,R,R,R
1621,D,R,R,R,R,R,R,R,R,R,R,D,D,R,D,R
1622,D,D,D,R,R,D,D,D,D,R,D,D,D,D,D,D
1623,D,R,R,R,R,D,R,R,D,R,R,D,D,D,R,R
1624,R,R,R,R,R,R,R,R,R,R,R,D,D,R,R,R
1625,D,R,R,R,R,D,R,R,D,R,D,D,D,D,R,D
1626,R,R,R,R,R,D,R,D,D,R,R,D,D,D,R,R
1627,R,R,R,R,R,R,R,R,R,R,R,D,R,D,R,R
1628,D,D,R,R,R,R,R,R,D,R,R,D,D,R,D,R
1629,R,R,R,R,R,D,R,R,R,R,D,D,D,D,R,R
1630,R,R,R,R,R,R,R,R,D,R,R,D,D,R,R,R
1631,D,D,D,R,R,D,R,D,D,D,D,D,D,D,D,D
1632,D,D,D,R,D,D,D,D,D,D,D,D,D,D,D,D
1633,D,D,R,R,D,D,R,D,D,R,D,D,D,D,R,D
1634,R,R,R,R,R,R,R,R,D,R,D,D,D,D,R,R
1635,R,R,R,R,R,D,R,R,D,R,R,D,D,D,D,R
1636,D,R,R,R,R,R,R,R,D,R,R,D,D,R,R,D
1637,R,D,R,R,R,R,R,R,D,R,R,D,D,D,D,R
1638,D,D,R,R,R,D,R,D,D,D,D,D,D,D,D,D
1639,R,D,R,R,R,R,R,R,R,R,R,D,D,R,R,R
1640,R,R,R,R,R,R,R,R,D,R,R,D,D,R,D,R
1641,D,R,R,R,R,D,R,R,R,R,R,D,D,R,R,D
1642,R,R,R,R,R,D,R,R,D,R,R,D,D,R,R,R
1643,R,R,R,R,R,R,R,R,D,R,R,D,D,R,R,R
1644,R,R,R,R,R,R,R,R,R,R,R,D,D,R,D,R
1645,R,D,R,R,R,R,R,R,R,R,R,D,D,R,R,R
1646,R,R,R,R,R,R,R,R,D,R,R,D,D,R,R,R
1647,R,R,R,R,R,R,R,D,R,R,D,D,D,R,R,D
1648,D,D,D,D,D,D,D,D,D,D,D,D,D,D,D,D
1649,R,R,R,R,R,R,R,R,D,R,R,D,D,R,R,R
1650,R,D,R,R,R,R,D,D,D,R,R,D,D,R,D,R
1651,R,R,R,R,R,R,R,D,D,R,D,D,D,D,D,R
1652,D,D,R,R,R,R,R,R,D,R,R,D,R,D,D,R
1653,R,R,R,R,R,R,R,R,D,D,R,D,D,R,R,R
1654,R,D,R,R,R,R,R,D,R,R,D,D,D,D,R,R
1655,R,R,R,R,R,D,R,R,D,R,R,D,D,R,R,R
1656,R,R,R,R,R,R,R,R,R,R,R,D,R,R,D,R
1657,R,R,R,R,R,R,R,R,R,R,R,D,D,R,D,D
1658,R,D,R,R,R,D,R,R,D,R,D,D,D,D,D,R
1659,R,R,R,R,R,R,R,R,R,R,R,R,D,R,R,R
1660,D,D,D,R,R,D,D,R,D,D,D,D,D,D,D,D
1661,R,R,R,R,R,D,R,R,R,R,R,D,D,R,R,D
1662,R,R,R,R,R,D,R,R,D,R,R,D,D,D,R,R
1663,R,R,R,R,R,D,R,R,D,R,R,D,D,R,D,R
1664,D,D,D,R,D,D,R,R,D,D,D,D,D,D,D,D
1665,R,D,R,R,R,R,R,R,R,R,R,D,D,R,R,R
1666,D,R,D,R,R,D,R,R,R,R,R,D,D,R,R,R
1667,R,R,R,R,R,R,R,R,R,R,D,D,D,R,R,R
1668,D,R,R,R,R,R,D,R,D,R,D,D,D,R,R,R
1669,R,D,D,R,R,D,R,D,D,R,D,D,D,D,D,R
1670,D,D,R,R,R,D,R,D,D,R,R,D,D,D,D,R
1671,D,R,R,R,R,R,R,D,D,R,R,D,D,R,D,D
1672,R,R,R,R,R,R,R,R,R,R,R,D,D,R,R,R
1673,D,R,R,R,R,D,R,R,D,R,D,D,D,D,R,D
1674,R,D,R,R,R,R,R,D,D,R,D,D,D,R,D,R
1675,R,D,R,R,R,R,R,R,D,R,R,D,D,R,R,R
1676,D,D,D,R,R,D,R,D,D,R,D,D,D,D,D,D
1677,D,R,D,R,D,D,D,D,D,D,D,D,D,D,D,D
1678,R,R,R,R,R,R,R,D,R,R,D,D,D,D,R,R
1679,R,R,R,R,R,R,R,R,R,R,R,D,D,R,D,R
1680,R,D,R,R,R,D,R,R,D,R,D,D,D,D,R,R
1681,R,R,R,R,R,R,R,R,R,R,R,D,D,D,R,D
1682,R,R,R,R,D,D,R,R,D,R,R,D,D,R,D,D
1683,R,R,R,R,R,R,R,R,D,R,R,D,D,R,D,R
1684,R,R,R,R,R,R,R,R,R,R,R,D,D,R,R,R
1685,D,D,D,R,R,D,D,D,D,D,D,D,D,D,D,D
1686,R,R,R,R,R,D,R,D,D,R,R,D,D,R,R,D
1687,R,D,R,R,R,R,R,D,R,R,R,D,D,R,R,R
1688,R,R,R,R,R,R,R,R,D,R,D,D,D,D,R,R
1689,R,R,D,R,R,D,D,D,D,D,D,D,D,D,D,D
1690,R,D,R,R,R,D,R,R,D,R,R,D,D,D,R,R
1691,D,D,R,R,R,D,D,D,D,R,D,D,D,D,D,D
1692,R,R,R,R,R,R,R,R,D,R,D,D,D,R,R,R
1693,D,R,R,R,R,D,R,D,D,R,D,D,D,R,R,R
1694,R,D,R,R,R,R,R,R,R,R,D,D,D,R,D,R
1695,R,R,R,R,R,R,R,D,D,R,R,D,D,D,R,D
1696,R,R,R,R,R,R,R,R,D,D,R,D,D,R,D,R
1697,R,R,R,R,R,R,R,R,D,R,D,D,D,R,D,R
1698,D,R,R,R,R,D,R,D,D,R,R,D,D,D,D,R
1699,R,R,R,R,R,D,D,R,D,R,R,D,D,R,R,R
1700,R,R,R,R,R,R,R,R,D,R,R,D,D,R,R,R
1701,D,R,R,R,R,R,R,R,R,R,R,D,D,D,R,R
1702,R,R,R,R,R,D,R,R,R,R,R,D,D,R,D,R
1703,R,R,R,R,R,R,R,R,R,R,R,D,D,R,R,R
1704,D,D,R,R,D,D,D,D,D,R,D,D,D,D,D,D
1705,R,R,R,R,R,D,R,R,D,R,R,D,D,R,R,D
1706,D,R,R,R,R,D,D,D,D,R,D,D,D,D,D,D
1707,D,D,R,R,R,D,D,D,D,R,D,D,D,D,D,D
1708,R,D,R,R,R,R,R,D,D,R,D,D,D,R,R,D
1709,D,R,R,R,R,D,R,R,R,R,R,D,D,D,R,D
1710,R,R,R,R,R,R,R,R,D,R,R,D,D,D,D,R
1711,R,R,R,R,R,R,R,R,R,R,R,D,D,R,R,R
1712,R,R,R,R,R,D,R,R,D,R,D,D,D,R,R,R
1713,R,R,R,R,R,R,R,D,D,R,R,D,D,R,R,D
1714,R,R,D,R,R,D,R,D,D,R,D,D,D,D,D,D
1715,R,D,D,R,R,R,R,D,D,R,R,D,D,D,D,R
1716,D,D,D,R,D,D,D,D,D,R,D,D,D,D,D,R
1717,R,R,R,R,R,R,R,R,R,R,R,D,D,D,D,D
1718,R,R,R,R,R,D,R,R,D,R,D,D,D,D,D,R
1719,R,R,R,R,R,D,R,D,R,R,R,D,D,R,D,D
1720,D,R,R,R,R,D,D,D,D,D,D,D,D,D,D,D
1721,D,R,R,R,R,R,R,R,D,R,R,D,D,D,D,D
1722,R,D,R,R,R,R,R,R,R,R,R,D,D,D,R,R
1723,D,R,D,R,D,D,D,D,D,D,D,D,D,D,D,D
1724,R,R,R,R,R,R,R,D,R,R,R,D,D,D,D,R
1725,D,R,R,R,R,R,R,R,D,R,D,D,D,R,D,D
1726,R,R,R,R,R,R,R,R,R,R,D,D,D,R,R,R
1727,D,R,R,R,R,R,R,R,R,R,R,D,D,D,R,D
1728,R,D,D,R,D,D,D,D,D,R,D,D,D,D,D,D
1729,R,D,R,R,R,D,R,D,D,R,D,D,D,R,R,R
1730,D,R,D,R,R,D,D,D,D,D,D,D,D,D,D,D
1731,R,R,R,R,R,R,R,R,D,R,D,D,D,R,D,R
1732,D,D,D,R,R,D,R,D,D,R,D,D,D,D,D,D
1733,R,R,R,R,R,R,R,R,R,R,R,D,D,R,R,D
1734,R,R,R,R,R,R,R,R,D,R,D,D,R,D,D,D
1735,D,R,R,R,R,R,R,R,D,R,R,D,D,D,R,R
1736,R,R,R,R,R,R,R,D,R,R,R,D,D,R,R,R
1737,R,R,R,R,R,R,R,R,D,R,D,D,D,R,R,R
1738,R,R,R,R,R,D,R,R,R,R,D,D,D,D,D,R
1739,D,R,R,R,R,D,R,D,D,R,D,D,D,D,D,D
1740,D,R,R,R,R,R,R,D,D,R,R,D,D,R,R,R
1741,R,R,D,R,R,R,R,R,R,R,R,D,D,D,D,R
1742,R,R,R,R,R,D,D,R,D,R,D,D,D,R,D,D
1743,D,D,D,R,D,D,D,D,D,R,D,D,D,D,D,D
1744,R,R,R,R,R,R,R,R,R,R,R,D,D,D,R,R
1745,R,R,R,R,R,R,R,R,D,R,R,D,D,R,R,R
1746,R,R,R,R,R,R,R,D,R,R,D,D,D,D,R,R
1747,D,D,R,R,R,D,R,D,D,R,D,D,D,D,D,D
1748,D,D,D,D,D,D,D,D,D,D,D,D,D,D,D,D
1749,R,R,R,R,D,R,R,R,D,R,R,D,D,R,D,R
1750,D,D,R,R,R,D,D,D,D,D,D,D,D,D,D,D
1751,D,R,R,R,R,R,R,R,D,R,D,D,D,R,R,R
1752,R,R,R,R,R,R,R,R,D,R,R,D,D,R,D,D
1753,R,D,R,R,R,D,D,D,D,D,D,D,D,D,D,D
1754,R,D,R,R,R,D,R,D,R,R,D,D,D,D,R,R
1755,R,R,R,R,R,D,R,R,D,R,R,D,D,R,D,R
1756,R,R,R,R,R,R,R,R,R,R,D,D,D,R,R,R
1757,R,R,R,R,R,D,R,R,R,R,R,D,D,R,R,R
1758,R,R,R,R,R,R,R,R,D,R,R,R,D,R,R,R
1759,R,R,R,R,R,R,R,R,D,R,R,D,D,R,R,R
1760,R,R,R,R,R,R,R,R,R,R,R,D,D,R,D,D
1761,D,D,R,R,R,R,R,D,D,R,R,D,D,D,R,R
1762,D,R,R,R,R,D,R,R,D,R,R,D,D,R,D,D
1763,R,R,R,R,R,R,R,R,D,R,R,D,D,R,R,R
1764,R,R,R,R,R,D,R,R,R,D,R,D,D,R,D,R
1765,R,R,R,R,R,D,R,D,D,R,R,D,D,D,R,D
1766,D,R,R,R,R,D,R,R,D,R,D,D,D,D,D,R
1767,R,R,R,R,R,R,R,R,R,R,R,D,D,R,R,R
1768,R,R,R,R,R,R,D,R,D,R,R,D,D,R,R,R
1769,R,D,R,R,R,R,R,R,D,R,R,D,D,R,D,D
1770,R,R,R,R,R,R,R,R,R,R,R,D,D,R,R,R
1771,D,R,R,R,R,D,R,R,D,R,R,D,D,R,D,R
1772,D,D,D,R,R,R,R,R,R,R,R,D,D,D,R,R
1773,R,D,R,R,R,R,R,R,D,R,D,D,D,D,D,R
1774,D,R,D,R,R,D,D,D,D,R,R,D,D,R,R,R
1775,R,R,R,R,R,R,R,R,R,R,R,D,D,R,D,D
1776,R,R,R,R,R,R,R,R,D,R,R,D,D,D,D,R
1777,R,R,R,R,D,D,R,R,D,R,R,D,D,R,D,D
1778,R,R,R,R,R,R,R,R,R,R,R,D,D,R,R,R
1779,R,R,R,R,R,R,R,R,R,R,R,D,D,R,D,R
1780,D,D,R,R,D,D,R,D,D,R,D,D,D,D,D,D
1781,D,R,R,R,R,R,R,R,D,R,D,D,D,R,D,R
1782,R,R,R,R,R,R,R,R,D,R,D,D,D,D,D,R
1783,R,R,R,R,R,R,R,R,D,R,R,D,D,R,D,R
1784,R,D,R,R,R,D,D,R,R,R,R,D,D,R,D,R
1785,R,R,R,R,R,R,R,R,R,R,R,D,D,R,D,D
1786,D,D,R,R,R,R,R,D,R,R,R,D,D,D,D,R
1787,D,D,R,R,R,D,R,D,D,R,R,D,D,R,D,R
1788,R,R,R,R,R,R,R,R,R,R,R,D,D,R,R,R
1789,R,R,R,R,R,R,R,R,D,R,R,D,D,D,D,R
1790,R,R,R,R,R,D,R,R,D,R,R,D,D,D,R,R
1791,R,R,R,R,R,R,R,R,R,R,R,D,D,D,R,R
1792,R,R,R,R,R,R,R,R,R,R,R,D,D,R,R,R
1793,D,R,R,R,R,D,D,R,D,D,R,D,D,D,D,R
1794,R,R,R,R,R,R,R,R,D,R,R,D,D,D,R,R
1795,R,R,R,R,R,R,R,D,D,R,D,D,D,D,R,R
1796,R,R,R,R,R,R,R,D,R,R,R,D,D,R,R,R
1797,R,R,R,R,R,R,R,R,D,R,R,D,D,D,D,R
1798,R,R,R,R,R,D,R,R,D,R,D,D,D,R,D,R
1799,D,R,R,R,R,R,R,R,D,R,D,D,D,D,D,R
1800,D,R,R,R,R,D,R,R,D,R,D,D,D,R,R,R
1801,R,R,R,R,R,D,R,R,D,R,R,D,D,R,D,R
1802,R,R,R,R,R,R,R,R,R,R,D,D,D,D,D,R
1803,R,D,R,R,R,D,R,D,D,R,D,D,D,R,D,D
1804,R,D,D,R,R,D,D,D,R,D,R,D,D,D,D,R
1805,R,R,R,R,R,R,R,R,D,R,R,D,D,R,R,R
1806,D,R,D,R,D,D,D,D,D,D,D,D,D,D,D,D
1807,R,R,R,R,R,R,R,D,R,D,D,D,D,D,D,D
1808,R,R,R,R,R,R,R,R,R,R,R,D,D,R,D,D
1809,R,R,R,R,R,D,R,D,D,R,R,D,D,D,R,D
1810,R,R,R,R,R,D,R,R,D,R,R,D,R,D,R,R
1811,R,D,R,R,R,R,R,R,D,R,R,D,D,R,R,R
1812,D,D,D,R,D,D,D,D,D,R,D,D,D,D,D,D
1813,R,R,R,R,R,R,R,R,R,R,R,D,D,R,R,R
1814,R,D,R,R,R,D,R,R,R,R,R,D,D,R,D,R
1815,R,D,R,R,R,D,R,D,R,R,R,D,D,R,R,R
1816,R,D,D,R,R,D,D,D,D,R,D,D,D,D,D,D
1817,R,R,R,R,R,D,R,R,D,R,R,D,D,D,R,R
1818,R,R,R,R,R,D,R,R,D,R,R,D,D,D,D,D
1819,R,R,R,R,R,R,D,R,R,R,R,D,D,D,R,R
1820,R,R,R,R,R,R,R,D,D,R,R,D,D,D,R,R
1821,D,R,R,R,R,R,R,R,R,R,R,D,D,R,R,R
1822,R,R,R,R,R,R,D,R,D,R,R,D,D,R,D,R
1823,R,R,R,R,R,R,R,R,R,R,D,D,D,D,D,D
1824,R,R,R,R,R,R,R,R,R,R,R,D,D,D,D,R
1825,R,D,R,R,R,D,R,R,D,R,R,D,D,D,D,R
1826,R,R,R,R,R,D,R,D,D,R,R,D,D,D,R,R
1827,R,D,R,R,R,R,R,R,D,R,R,D,D,R,R,R
1828,R,R,R,R,R,R,R,R,R,R,R,D,D,R,R,R
1829,R,R,R,R,R,D,R,R,R,R,R,D,D,R,D,D
1830,R,D,R,R,R,R,R,R,D,R,D,D,D,D,R,R
1831,D,R,D,D,D,D,D,D,D,R,D,D,D,D,D,D
1832,D,R,R,R,R,R,R,R,D,R,D,D,D,D,R,R
1833,R,R,R,R,R,R,R,R,R,R,R,D,D,R,R,R
1834,R,D,R,R,R,D,R,R,D,R,R,D,D,D,R,R
1835,R,D,R,R,R,R,R,D,D,D,D,D,D,D,R,D
1836,R,R,R,R,R,R,R,R,R,R,R,D,R,R,R,R
1837,R,R,R,R,R,D,R,R,D,R,R,D,D,R,R,R
1838,R,R,R,R,R,D,R,D,D,R,R,D,D,R,D,R
1839,R,R,R,R,R,R,R,D,R,R,R,D,D,R,R,R
1840,R,D,R,R,R,R,R,D,R,R,R,D,D,R,R,R
1841,R,D,R,R,R,D,R,R,D,R,R,D,D,R,D,R
1842,D,D,R,R,R,R,R,D,D,R,R,D,D,R,D,R
1843,D,D,R,D,R,D,R,D,D,R,D,D,D,D,D,D
1844,D,R,R,R,R,R,R,R,R,R,R,D,D,D,R,R
1845,R,R,R,R,R,R,R,R,R,R,R,D,D,R,R,R
1846,R,R,R,R,D,R,R,D,D,R,R,D,D,D,R,D
1847,R,R,R,R,R,R,R,R,R,R,R,D,D,D,R,D
1848,R,R,R,R,R,R,R,R,R,R,R,D,D,D,R,D
1849,R,R,R,R,R,R,R,D,D,R,D,D,D,D,R,R
1850,R,D,R,R,R,R,R,R,D,R,R,D,D,D,R,R
1851,R,R,R,R,R,R,R,R,R,R,R,D,D,D,D,R
1852,R,R,R,R,R,R,R,D,D,R,D,D,D,R,D,R
1853,D,R,R,R,R,R,R,R,R,R,R,D,D,D,D,R
1854,D,R,R,R,R,R,R,R,D,R,D,D,D,D,R,R
1855,R,R,R,R,R,R,R,R,D,R,R,D,D,R,D,R
1856,R,D,R,R,R,R,R,R,R,D,R,D,D,D,R,R
1857,D,R,R,R,R,R,R,D,D,R,R,D,D,R,R,D
1858,R,R,R,R,R,R,R,R,R,R,R,D,D,D,R,D
1859,R,R,R,R,R,R,R,R,R,R,R,D,D,D,D,R
1860,R,R,R,R,R,R,R,R,D,R,R,D,D,R,R,D
1861,D,D,R,R,R,R,R,D,D,R,R,D,D,D,D,D
1862,R,R,R,R,R,R,R,R,D,R,D,D,D,R,D,R
1863,D,D,R,R,R,D,D,D,D,R,D,D,D,D,D,D
1864,R,R,R,R,R,D,D,R,D,R,R,D,D,R,R,R
1865,R,R,R,R,R,R,R,D,D,R,D,D,D,D,R,R
1866,D,R,R,R,R,D,R,R,D,R,R,D,D,R,R,R
1867,R,D,R,R,R,R,R,R,D,D,R,D,D,D,R,D
1868,D,D,R,R,D,D,D,D,D,R,D,D,D,D,D,D
1869,D,D,D,R,R,D,D,D,R,R,D,D,D,D,D,D
1870,R,R,R,R,R,R,R,R,D,R,R,D,D,R,D,R
1871,R,R,R,R,R,D,R,R,R,R,R,D,D,R,R,R
1872,R,D,R,R,R,R,R,R,R,R,R,D,D,R,D,R
1873,R,D,R,R,R,R,R,R,D,R,D,D,R,D,R,R
1874,R,R,R,R,R,R,R,R,R,R,R,D,D,R,R,D
1875,R,R,R,R,R,R,R,R,R,R,R,D,D,R,R,R
1876,R,D,D,R,R,D,R,D,R,R,R,D,D,R,R,R
1877,R,R,R,R,R,R,R,D,D,R,R,D,D,D,D,D
1878,R,R,R,R,R,D,R,D,D,R,R,D,D,D,R,R
1879,D,R,R,R,R,D,R,D,D,R,D,D,D,R,R,R
1880,R,D,R,R,R,R,R,D,D,R,R,D,D,R,R,R
1881,R,R,R,R,R,R,R,R,R,R,R,D,D,R,R,D
1882,R,R,R,R,R,R,R,D,D,R,R,D,D,D,D,R
1883,R,R,R,R,R,D,R,R,D,R,R,D,D,R,D,R
1884,R,R,R,R,R,R,R,D,D,R,R,D,D,D,R,R
1885,D,D,R,R,R,D,R,D,D,R,D,D,D,D,D,D
1886,R,R,R,R,R,D,R,R,D,R,R,D,D,D,D,R
1887,R,R,R,R,R,R,R,R,D,R,D,D,D,D,D,R
1888,R,R,R,R,R,D,R,R,D,R,R,D,D,D,R,D
1889,R,D,R,R,R,R,R,R,R,R,R,D,D,R,R,R
1890,R,D,R,R,R,R,R,D,D,R,D,D,R,D,D,D
1891,R,R,R,R,R,D,R,D,R,R,R,D,D,R,D,R
1892,R,R,R,R,R,R,R,R,R,R,R,D,D,R,R,R
1893,R,R,R,R,R,R,R,R,R,R,R,D,D,R,D,R
1894,R,R,R,R,R,R,D,R,D,R,D,D,D,D,R,R
1895,R,R,R,R,R,R,R,D,D,R,D,D,D,D,R,D
1896,D,R,R,R,R,D,R,D,D,R,R,D,D,D,D,R
1897,D,D,R,R,R,D,R,R,D,D,D,D,D,D,D,D
1898,R,R,R,R,R,R,R,R,R,R,R,D,D,R,R,R
1899,R,R,R,R,R,D,R,D,R,R,D,D,D,D,R,R
1900,D,R,R,R,R,D,R,R,R,R,R,D,D,D,D,D
1901,D,D,R,R,R,D,R,D,D,R,D,D,D,D,D,D
1902,R,D,R,R,R,R,R,D,D,R,R,D,D,R,D,R
1903,R,D,R,R,R,D,D,D,D,R,R,D,D,D,D,D
1904,R,R,R,R,R,R,R,R,D,R,R,D,D,D,R,R
1905,R,R,R,R,R,R,R,R,D,R,D,D,D,D,D,R
1906,R,R,R,R,R,R,R,R,R,R,R,D,D,R,R,R
1907,R,D,R,R,R,R,R,R,R,R,D,D,D,D,D,R
1908,R,R,R,R,R,R,R,R,R,R,R,D,D,R,R,R
1909,D,D,R,R,R,D,R,D,D,R,D,D,D,D,R,R
1910,R,R,R,R,R,R,R,D,D,R,R,D,D,D,D,R
1911,R,D,R,R,R,R,R,R,D,R,D,D,D,D,R,D
1912,R,R,R,R,R,D,R,D,R,R,R,D,D,R,R,R
1913,D,R,R,R,R,D,R,R,D,R,R,D,D,R,D,R
1914,R,D,R,R,R,R,D,R,D,D,R,D,D,R,D,R
1915,R,R,R,R,R,D,R,D,R,R,D,D,D,R,D,R
1916,R,R,R,R,R,R,R,R,D,D,D,D,D,R,D,R
1917,R,R,R,R,R,R,R,D,D,R,R,D,D,R,R,D
1918,R,D,R,R,R,R,R,R,R,R,R,D,D,R,R,R
1919,R,R,R,R,R,R,R,D,D,R,R,D,D,R,R,R
1920,D,D,R,R,R,R,R,R,R,R,R,D,R,D,R,D
1921,R,R,R,R,R,R,R,R,D,R,D,D,D,D,D,D
1922,D,R,R,R,R,R,R,R,D,R,D,D,D,R,D,D
1923,R,R,D,R,R,R,R,R,R,R,R,D,D,R,D,D
1924,D,D,D,R,D,D,R,D,D,R,D,D,D,D,D,D
1925,R,D,R,R,R,D,R,R,D,R,R,D,D,D,D,R
1926,R,R,R,R,R,D,R,R,R,R,R,D,D,R,R,R
1927,D,R,R,R,R,D,R,R,D,R,R,D,D,R,R,R
1928,R,R,R,R,R,R,R,R,D,R,R,D,D,D,D,R
1929,R,D,R,R,R,R,R,R,R,R,D,D,D,D,D,R
1930,D,R,R,R,R,R,R,D,R,R,R,D,D,D,D,R
1931,R,R,R,R,R,R,R,R,D,R,R,D,D,D,R,D
1932,D,R,R,R,D,R,R,R,R,R,D,D,D,D,R,D
1933,R,R,R,R,R,R,R,D,R,R,R,D,D,D,R,D
1934,R,R,R,R,R,D,R,D,D,R,R,D,D,R,R,R
1935,R,R,R,R,R,R,R,R,R,R,D,D,D,D,D,R
1936,R,R,R,R,R,R,R,R,D,R,R,D,R,R,R,R
1937,R,R,R,R,R,R,R,R,R,R,R,D,D,D,D,R
1938,R,R,R,R,R,R,R,R,R,R,R,D,D,D,R,R
1939,R,D,R,R,R,R,R,D,R,R,R,D,D,R,D,R
1940,D,R,R,R,R,D,R,R,D,R,D,D,D,R,D,R
1941,D,D,R,R,R,D,D,D,D,R,D,D,D,D,D,D
1942,D,D,R,R,R,D,D,D,D,R,D,D,D,D,D,D
1943,D,R,R,R,R,D,R,D,R,R,R,D,D,R,R,D
1944,R,R,R,R,R,R,R,R,D,R,R,D,D,R,R,R
1945,R,R,R,R,R,R,R,R,D,R,R,D,D,D,R,R
1946,D,R,R,R,R,R,R,D,D,R,R,D,D,D,D,R
1947,D,D,D,R,D,D,D,D,D,D,D,D,D,D,D,D
1948,R,R,R,R,R,D,R,R,D,R,R,D,D,D,R,R
1949,D,D,R,R,R,D,R,R,R,R,R,D,D,R,R,R
1950,R,R,R,R,R,R,R,R,R,R,R,D,D,R,R,R
1951,D,R,R,R,R,R,R,D,R,R,R,D,D,R,R,R
1952,R,R,R,R,R,D,R,R,R,R,R,D,D,D,D,D
1953,R,D,R,R,R,R,R,R,D,R,R,D,D,D,D,R
1954,R,R,R,R,R,R,R,R,R,R,R,D,D,R,R,R
1955,D,R,R,R,R,R,R,R,D,R,R,D,D,R,R,R
1956,D,R,R,R,R,D,R,D,R,R,R,D,D,R,D,R
1957,D,D,R,R,D,D,R,D,D,D,D,D,D,D,D,D
1958,R,R,R,R,R,R,R,D,R,R,R,D,D,D,R,R
1959,D,D,R,R,R,D,R,R,D,R,R,D,D,D,D,R
1960,D,D,R,R,D,D,D,D,D,R,D,D,D,D,D,D
1961,R,R,R,R,R,R,R,R,R,R,R,D,D,R,R,R
1962,R,R,R,R,R,R,R,R,D,R,R,D,D,R,D,R
1963,D,R,D,R,R,D,D,D,D,R,D,D,D,D,D,R
1964,R,R,R,R,R,D,R,D,D,R,R,D,D,D,D,R
1965,D,D,D,R,R,D,D,D,D,R,D,D,D,D,D,R
1966,R,R,R,R,R,R,R,D,D,R,R,D,D,R,R,R
1967,R,D,R,R,R,R,R,D,R,R,R,D,D,D,R,R
1968,D,R,R,D,D,D,R,D,D,R,D,D,D,R,D,R
1969,R,R,R,R,R,D,R,R,D,R,R,D,D,D,R,R
1970,R,R,R,R,R,R,R,D,R,R,R,D,D,D,R,R
1971,R,R,R,R,R,R,R,D,R,R,R,D,D,D,D,R
1972,R,R,R,R,R,R,R,R,R,R,R,D,D,R,R,R
1973,R,R,R,R,R,R,R,R,D,R,R,D,D,R,D,R
1974,D,R,R,R,R,R,R,R,R,R,D,D,D,R,D,D
1975,R,R,R,R,R,R,R,D,D,R,D,D,D,D,R,R
1976,D,D,D,R,D,D,R,D,D,R,D,D,D,D,D,R
1977,R,R,D,R,R,D,R,D,D,R,R,D,D,R,R,R
1978,R,D,R,R,R,D,D,D,D,R,D,D,D,D,D,R
1979,R,R,R,R,R,R,R,D,D,R,D,D,D,R,R,R
1980,R,D,R,R,R,R,R,R,R,R,R,D,D,R,R,D
1981,D,R,R,R,R,R,R,R,R,R,R,D,D,R,D,D
1982,R,D,R,R,R,R,R,R,D,R,R,D,D,D,D,R
1983,D,R,D,R,R,D,D,D,D,R,D,D,D,D,D,D
1984,D,D,R,R,R,D,R,D,D,D,D,D,D,D,D,R
1985,D,D,D,R,R,D,D,D,D,R,D,D,D,D,D,D
1986,D,R,R,R,R,R,R,D,D,R,R,D,D,D,D,D
1987,R,R,D,R,R,R,R,R,R,R,R,R,D,D,R,R
1988,R,R,R,R,R,R,R,R,D,R,D,D,D,R,R,R
1989,R,R,R,R,R,R,D,D,D,R,R,D,D,R,R,D
1990,D,D,D,D,R,D,D,D,D,D,D,D,D,D,D,D
1991,D,R,R,R,R,R,R,R,R,R,R,D,D,D,D,R
1992,R,R,R,R,R,R,R,R,R,R,R,D,D,R,R,R
1993,R,D,R,R,R,R,R,R,D,R,R,D,D,R,D,R
1994,R,R,R,R,R,R,R,R,D,R,R,D,D,R,R,R
1995,R,R,R,R,R,D,R,R,D,R,R,D,D,R,R,R
1996,R,D,R,R,R,R,R,D,D,R,D,D,D,R,D,R
1997,R,R,R,R,R,D,R,R,D,R,R,D,D,R,R,R
1998,R,D,R,R,R,R,R,R,D,R,R,D,D,R,R,R
1999,R,R,R,R,R,R,R,R,R,R,R,D,D,R,R,D
2000,D,D,D,R,D,D,R,D,D,D,D,D,D,D,D,D
2001,R,R,R,R,R,R,R,R,R,R,R,D,D,R,D,R
2002,R,R,R,R,R,R,R,R,R,R,R,D,D,R,D,R
2003,R,D,R,R,R,R,D,R,D,R,R,D,D,D,R,R
2004,R,R,R,R,D,D,R,R,D,R,R,D,D,D,D,R
2005,R,R,R,R,R,R,R,R,D,R,D,D,D,D,R,R
2006,R,R,R,R,R,D,R,D,D,R,D,D,D,D,R,R
2007,R,D,R,R,R,R,R,R,D,R,R,D,D,D,R,R
2008,D,D,R,R,R,D,R,D,D,R,R,D,D,R,R,R
2009,R,R,D,R,R,D,R,R,D,R,R,D,D,D,D,D
2010,R,R,R,R,R,R,R,R,R,R,R,D,D,R,D,R
2011,R,R,R,R,R,R,R,R,D,D,R,D,D,R,D,R
2012,D,R,R,R,R,R,R,R,R,R,R,D,D,D,R,R
2013,R,R,R,R,R,R,R,R,R,R,R,D,D,R,R,R
2014,R,D,R,R,R,R,R,R,R,D,R,D,D,R,D,R
2015,R,R,R,R,R,R,D,R,R,R,R,D,D,R,R,R
2016,D,R,R,R,R,R,R,D,D,R,R,D,D,R,D,D
2017,R,D,D,R,R,D,D,R,D,R,D,D,D,R,R,R
2018,R,R,R,R,R,R,R,R,D,R,D,D,D,R,R,R
2019,D,R,R,R,R,R,R,R,D,R,R,D,D,D,R,R
2020,R,R,R,R,R,R,R,R,R,R,R,D,D,R,R,R
2021,D,D,R,R,R,D,R,D,D,D,D,D,D,D,D,D
2022,D,R,R,R,R,R,R,R,R,R,R,D,D,D,D,D
2023,D,R,R,R,R,R,R,R,R,R,R,D,D,D,R,D
2024,R,R,R,R,R,R,R,R,R,R,R,D,D,R,R,R
2025,R,R,R,R,R,R,R,R,D,R,R,D,D,D,R,R
2026,D,R,R,R,R,R,R,R,R,R,D,D,D,D,R,R
2027,R,D,R,R,R,R,R,R,R,R,D,D,D,D,R,R
2028,R,D,R,R,R,R,R,R,R,R,R,D,R,R,R,R
2029,R,R,R,R,R,R,R,R,D,R,D,D,D,D,D,R
2030,D,R,R,R,R,R,R,D,D,R,R,D,D,D,R,R
2031,R,R,R,R,R,R,R,R,D,R,R,D,D,R,D,R
2032,R,R,R,R,R,R,R,D,D,R,R,D,D,R,D,R
2033,R,D,R,R,R,R,R,R,D,R,R,D,D,R,R,R
2034,D,R,R,R,R,R,R,D,D,R,D,D,D,D,D,R
2035,R,R,R,R,R,R,R,R,R,R,R,D,D,D,R,R
2036,R,D,R,R,R,R,R,R,D,R,R,D,D,R,D,R
2037,R,R,R,R,R,D,R,D,D,R,R,D,D,R,R,R
2038,D,R,D,R,R,D,D,D,D,D,D,D,D,D,D,D
2039,D,R,R,R,R,R,R,R,D,R,R,D,D,R,R,R
2040,D,D,R,R,R,D,D,D,D,R,R,D,D,D,D,D
2041,D,D,R,R,R,D,D,D,D,R,D,D,D,R,D,D
2042,R,R,R,R,R,R,R,R,D,R,R,D,D,D,D,D
2043,R,R,R,R,R,R,R,R,R,D,R,D,D,R,R,R
2044,D,R,R,R,R,D,R,R,D,R,R,D,D,R,D,D
2045,D,R,R,R,R,R,R,R,D,R,R,D,D,D,D,R
2046,D,D,R,R,R,R,R,R,D,R,D,D,D,D,R,R
2047,R,D,R,R,R,R,D,R,D,R,R,D,D,R,R,R
2048,R,R,R,R,R,R,R,D,R,R,R,D,D,D,R,R
2049,R,R,R,R,R,R,R,R,D,D,R,D,D,R,D,R
2050,R,D,R,R,R,R,R,D,D,R,R,D,D,R,R,R
2051,R,R,R,R,R,R,R,R,D,R,R,D,D,D,R,R
2052,R,R,R,R,R,R,R,D,R,R,R,D,D,D,R,R
2053,R,R,R,R,R,R,R,R,D,R,D,D,D,R,D,D
2054,R,R,R,R,R,R,R,R,R,R,R,D,D,R,R,R
2055,D,R,R,R,R,R,R,R,R,R,R,D,D,R,R,R
2056,R,D,R,R,R,D,R,D,R,R,R,D,D,R,D,R
2057,D,D,D,R,R,D,R,D,D,D,D,D,D,D,D,R
2058,R,R,R,R,R,R,R,D,D,R,D,D,D,R,D,R
2059,R,R,R,R,R,R,R,R,D,R,R,D,D,R,D,R
2060,R,D,R,R,R,R,R,D,D,R,D,D,D,R,R,D
2061,R,R,R,R,R,R,R,D,D,R,R,D,D,D,D,R
2062,R,R,R,R,R,R,R,D,D,R,D,D,D,D,D,D
2063,R,R,R,R,R,D,R,R,D,R,D,D,D,R,D,R
2064,R,R,R,R,R,D,R,D,R,R,R,D,D,R,D,R
2065,D,R,R,R,R,R,R,D,D,R,D,D,D,D,R,R
2066,D,D,R,R,R,D,R,D,R,R,R,D,D,D,R,R
2067,D,D,D,R,R,D,D,D,D,R,D,D,D,D,D,D
2068,D,D,D,R,D,D,D,D,D,R,D,D,D,D,D,R
2069,R,R,R,R,R,R,R,R,R,R,R,D,D,R,R,R
2070,D,D,D,R,R,D,D,D,D,R,D,D,D,D,D,D
2071,R,R,R,R,R,R,R,R,R,R,D,D,D,R,D,R
2072,D,D,D,R,R,D,D,D,D,R,D,D,D,D,D,D
2073,D,R,R,R,R,D,R,R,D,R,D,D,D,R,R,D
2074,D,R,D,R,R,D,D,D,D,D,D,D,D,D,D,D
2075,R,R,R,R,R,R,R,R,R,R,D,D,D,R,R,R
2076,R,R,R,R,R,R,R,D,R,R,R,D,D,D,R,D
2077,R,R,R,R,R,D,R,D,R,R,R,D,D,D,D,R
2078,R,R,R,R,R,D,R,R,R,R,R,D,D,R,D,R
2079,R,R,R,R,R,R,R,D,D,R,D,D,D,D,D,R
2080,R,R,R,R,R,R,R,R,R,R,R,D,D,R,R,R
2081,R,R,R,R,R,R,R,R,D,R,R,D,D,R,D,D
2082,R,R,R,R,R,D,D,D,R,R,R,D,D,R,D,D
2083,R,R,R,R,R,R,D,D,D,R,D,D,D,D,D,D
2084,D,R,R,R,R,D,R,R,D,R,R,D,D,D,R,R
2085,R,R,R,R,R,D,R,D,D,R,D,D,D,D,R,R
2086,D,D,D,R,R,R,D,D,D,R,D,D,D,D,D,D
2087,D,D,D,R,D,D,D,D,D,D,D,D,D,D,D,D
2088,R,D,R,R,R,D,R,R,R,R,R,D,D,R,R,R
2089,R,R,R,R,R,D,R,D,D,R,R,D,D,D,D,R
2090,R,R,R,R,R,R,R,R,D,R,R,D,D,D,R,R
2091,R,R,R,R,R,R,R,R,R,D,R,D,D,R,R,R
2092,R,R,R,R,R,R,R,R,R,R,R,D,D,D,R,D
2093,R,R,R,R,R,D,R,D,D,R,D,D,D,D,R,R
2094,D,D,R,R,R,R,R,R,D,R,R,D,D,R,D,R
2095,R,R,R,R,R,D,D,D,R,R,D,D,D,R,D,R
2096,D,R,R,R,R,R,R,D,R,R,D,D,D,D,D,D
2097,R,R,R,R,R,R,R,D,R,R,R,D,D,D,R,R
2098,D,D,D,D,D,D,D,D,D,R,D,D,D,D,D,R
2099,R,R,R,R,R,R,R,D,D,R,R,D,D,D,R,R
2100,R,R,R,R,R,R,R,R,R,R,R,D,D,R,R,R
2101,R,D,R,R,R,D,R,D,D,R,R,D,D,R,R,D
2102,R,D,R,R,R,R,R,R,R,R,R,D,D,R,R,R
2103,D,R,R,R,R,R,R,D,R,R,R,D,D,R,D,R
2104,R,R,R,R,R,R,R,R,D,R,D,D,D,D,R,R
2105,R,R,R,R,R,D,R,R,R,R,R,D,D,R,R,R
2106,R,R,R,R,R,D,R,R,D,R,D,D,D,D,D,R
2107,R,R,R,R,R,R,R,D,R,R,D,D,D,D,R,D
2108,R,D,R,R,R,D,R,R,R,R,R,D,D,R,R,R
2109,R,R,R,R,R,R,R,D,R,R,R,D,D,R,R,R
2110,D,D,D,R,D,D,D,D,D,R,D,D,D,D,D,D
2111,R,R,R,R,R,R,R,R,D,R,R,D,D,R,D,R
2112,D,D,R,R,R,R,R,R,R,R,R,D,D,D,D,D
2113,D,D,D,R,R,D,R,D,D,D,D,D,D,D,R,D
2114,R,D,R,R,D,D,D,D,D,D,D,D,D,D,D,R
2115,D,D,R,R,R,R,R,D,R,R,R,D,D,R,D,D
2116,R,R,R,R,R,R,R,R,R,R,R,D,D,D,D,R
2117,R,R,R,R,R,R,R,R,D,R,R,D,D,R,R,R
2118,R,D,R,R,R,R,R,D,D,R,R,D,D,R,R,R
2119,D,R,D,R,D,D,D,D,D,D,D,D,D,D,D,D
2120,R,D,R,R,R,R,R,R,R,R,R,D,D,D,D,R
2121,R,R,R,R,R,R,R,R,D,R,R,D,D,R,R,R
2122,D,R,R,R,R,R,R,D,R,R,R,D,D,R,R,R
2123,R,R,R,R,R,R,R,D,D,R,R,D,D,D,R,R
2124,R,R,R,R,R,R,R,R,D,R,D,D,D,D,D,D
2125,R,R,R,R,R,R,R,D,R,R,R,D,D,R,D,R
2126,R,R,R,R,R,R,D,D,D,R,D,D,D,D,R,D
2127,R,R,R,R,R,D,R,R,R,R,R,D,D,D,D,D
2128,R,R,R,R,R,D,R,R,R,R,R,D,D,R,D,R
2129,R,R,R,R,R,R,R,R,D,R,R,D,D,D,R,R
2130,D,D,R,R,D,D,D,D,D,R,D,D,D,D,D,D
2131,D,D,R,R,R,D,R,R,R,R,R,D,D,R,D,D
2132,R,R,R,R,R,R,R,R,R,R,R,D,D,R,R,R
2133,D,R,R,R,R,R,R,D,R,R,R,D,D,R,D,R
2134,R,R,R,R,R,R,R,R,R,R,R,D,D,R,D,R
2135,D,R,R,R,D,R,R,D,D,R,R,D,D,R,R,R
2136,R,R,R,R,R,R,R,D,R,R,R,D,D,D,R,R
2137,R,R,R,R,R,D,R,R,D,R,D,D,D,D,R,R
2138,D,D,R,R,D,R,D,D,D,D,D,D,D,D,D,R
2139,R,R,R,R,R,R,R,D,D,R,D,D,D,R,R,D
2140,R,R,R,R,R,D,R,D,D,R,D,D,D,D,R,D
2141,D,D,D,R,R,D,R,D,D,R,D,D,D,D,D,R
2142,D,D,R,R,R,R,R,R,D,R,R,D,D,R,R,R
2143,R,R,R,R,R,D,R,D,D,R,D,D,D,R,D,R
2144,R,D,D,D,D,D,D,R,D,R,D,D,D,D,D,D
2145,R,R,R,R,R,D,R,D,D,R,D,D,D,D,D,D
2146,D,R,R,R,R,D,R,D,D,R,D,D,D,D,D,R
2147,R,D,R,R,R,R,R,R,R,R,R,D,D,D,D,D
2148,R,R,R,R,R,D,R,R,R,R,R,D,D,R,R,R
2149,D,R,R,R,R,D,R,D,R,R,D,D,D,D,D,D
2150,R,R,R,R,R,R,R,R,D,R,R,D,D,D,R,R
2151,D,R,R,R,R,D,R,R,D,R,R,D,D,D,R,D
2152,D,D,D,R,D,D,D,D,D,R,D,D,D,R,D,D
2153,R,R,R,R,R,R,R,R,R,R,D,D,D,D,R,R
2154,R,D,R,R,R,R,R,D,D,R,D,D,D,R,D,R
2155,R,D,R,R,R,D,R,R,R,R,R,D,D,D,R,R
2156,R,R,R,R,R,R,R,D,D,R,D,D,D,D,D,R
2157,R,R,R,R,R,R,R,D,D,R,R,D,D,R,R,R
2158,D,D,D,R,R,D,D,D,D,D,D,D,D,D,D,D
2159,D,R,R,R,R,R,R,D,D,R,R,D,D,R,R,R
2160,R,R,R,R,R,R,R,D,R,R,R,D,D,D,D,D
2161,D,R,R,R,R,D,R,R,D,R,R,D,D,D,R,R
2162,R,R,R,R,R,R,R,D,D,R,R,D,D,D,D,R
2163,R,R,R,R,R,D,R,D,D,R,R,D,D,R,D,R
2164,R,R,R,R,R,R,R,R,D,R,R,D,D,R,R,R
2165,D,R,R,R,R,R,R,R,D,R,D,D,D,D,D,R
2166,R,D,R,R,R,R,R,R,D,R,D,D,D,D,R,R
2167,D,D,R,R,R,R,D,R,D,R,D,D,D,D,R,R
2168,D,R,R,R,R,R,D,D,D,R,R,D,D,D,R,R
2169,R,D,R,R,D,D,D,R,D,D,R,D,D,D,D,D
2170,D,D,D,R,R,D,R,D,D,R,D,D,D,D,D,D
2171,R,R,R,R,R,R,R,R,D,R,R,D,D,R,R,R
2172,D,R,R,R,D,D,R,D,D,R,D,D,D,D,D,D
2173,D,R,R,R,R,R,R,R,D,R,R,D,D,R,D,D
2174,R,R,R,R,R,R,R,R,D,R,D,D,D,R,D,R
2175,D,D,R,R,R,D,D,D,D,R,D,D,D,D,D,D
2176,D,R,R,R,R,D,R,R,D,D,D,D,D,R,R,D
2177,R,D,R,R,R,R,R,D,D,R,D,D,D,R,R,R
2178,R,R,R,R,R,D,R,R,R,R,R,D,D,R,D,R
2179,R,R,R,R,R,R,R,R,R,R,R,D,D,R,R,R
2180,R,R,R,R,R,D,R,R,R,R,D,D,D,R,R,R
2181,R,D,R,R,R,R,R,D,D,R,D,D,D,R,R,R
2182,D,D,R,R,R,D,D,D,D,R,D,D,D,D,D,D
2183,D,R,D,R,R,D,R,D,D,D,D,D,D,D,D,D
2184,R,R,R,R,R,R,R,D,D,R,R,D,D,D,R,D
2185,R,R,R,R,R,D,R,D,R,R,R,D,D,R,R,R
2186,R,R,R,R,R,R,R,R,R,R,R,D,D,R,R,R
2187,R,R,R,R,R,R,R,R,R,R,D,D,R,D,R,R
2188,D,R,R,R,R,D,R,D,D,R,R,D,D,D,R,D
2189,R,R,R,R,R,R,R,R,D,R,D,D,R,R,D,R
2190,R,R,R,R,R,R,R,D,R,R,R,D,D,D,R,R
2191,R,R,R,R,R,R,R,R,D,R,R,D,D,D,R,R
2192,R,D,R,R,R,R,R,D,R,R,R,D,D,D,R,R
2193,R,D,R,R,R,D,R,D,D,D,R,D,D,R,R,R
2194,D,R,R,R,R,D,R,R,R,R,D,D,D,D,R,R
2195,D,R,R,R,R,D,R,D,D,R,R,D,D,D,R,R
2196,R,D,D,R,R,D,R,D,D,D,D,D,D,D,D,R
2197,R,R,R,R,R,R,R,D,R,R,R,D,D,D,R,R
2198,R,D,R,R,R,R,R,D,R,R,D,D,D,D,R,R
2199,D,R,R,R,R,D,D,R,R,R,R,D,D,R,D,D
2200,D,D,D,R,R,D,R,D,D,R,D,D,D,D,R,D
2201,R,R,R,R,R,R,R,D,D,R,R,D,D,R,R,R
2202,R,R,R,R,R,R,R,R,R,R,R,D,R,D,R,R
2203,D,R,R,R,R,R,R,D,R,R,R,D,D,D,R,R
2204,D,R,R,R,R,R,R,D,R,R,R,D,D,R,R,R
2205,D,D,R,R,D,R,D,D,D,R,R,D,D,D,D,R
2206,R,R,R,R,R,R,R,R,R,R,R,D,D,D,R,R
2207,R,R,R,R,R,R,R,D,D,R,R,D,D,R,R,R
2208,R,R,R,R,R,D,R,R,R,R,R,D,D,D,R,R
2209,D,R,D,R,D,D,R,D,D,D,D,D,D,D,D,D
2210,D,D,D,R,D,D,D,D,D,D,D,D,D,D,D,D
2211,D,D,R,R,R,D,D,D,D,D,D,D,D,D,D,D
2212,D,D,D,R,R,D,R,D,D,D,D,D,D,D,D,D
2213,D,D,R,R,D,D,R,D,D,D,D,D,D,D,D,D
2214,R,R,R,R,R,D,R,R,D,R,R,D,D,D,D,R
2215,R,R,R,R,R,R,R,R,D,R,R,D,D,D,R,R
2216,D,D,R,R,R,D,D,D,D,R,D,D,D,D,R,D
2217,R,R,R,R,R,R,R,R,R,R,R,D,D,R,R,R
2218,R,R,R,R,R,R,R,R,D,R,R,D,D,R,R,R
2219,R,R,R,R,R,R,R,R,R,R,R,D,D,D,R,R
2220,D,D,R,R,R,R,R,D,R,R,R,D,D,D,R,R
2221,D,D,R,R,R,R,D,D,D,D,D,D,D,D,D,D
2222,R,D,R,R,R,R,D,D,D,R,R,D,D,D,R,R
2223,R,R,R,R,R,R,R,D,R,R,D,D,D,D,R,R
2224,D,R,R,R,R,R,R,D,D,R,R,D,D,R,D,R
2225,R,R,R,R,R,R,R,R,D,R,R,D,D,R,R,R
2226,R,R,R,R,R,D,R,D,R,R,R,D,D,R,R,R
2227,R,R,R,R,R,R,R,R,R,R,R,D,D,D,R,D
2228,R,D,R,R,R,R,R,R,D,D,D,D,D,D,R,D
2229,R,R,R,R,R,D,R,R,R,R,D,D,D,D,D,R
2230,R,R,R,R,R,D,R,R,R,R,R,D,D,D,R,R
2231,D,D,D,R,R,D,R,R,D,R,D,D,D,D,D,D
2232,R,R,R,R,R,R,R,R,D,R,R,D,D,D,R,R
2233,R,R,R,R,R,R,R,D,R,R,D,D,D,R,R,R
2234,R,D,R,R,R,D,R,D,D,R,R,D,D,R,D,R
2235,R,R,R,R,R,R,R,D,D,R,R,D,D,R,R,R
2236,R,D,R,R,R,R,R,D,D,R,R,D,D,R,D,D
2237,R,R,R,R,R,R,R,R,R,R,R,D,D,R,R,R
2238,R,R,R,R,R,D,R,D,R,R,R,D,D,R,R,R
2239,D,D,R,R,R,R,D,R,D,R,R,D,D,R,R,R
2240,D,D,R,R,R,R,R,D,D,R,R,D,D,D,D,R
2241,R,R,R,R,R,R,R,D,D,R,R,D,D,R,R,R
2242,R,R,R,R,R,R,R,R,D,R,R,D,D,R,R,R
2243,D,D,R,R,R,D,D,D,D,R,D,D,D,D,D,R
2244,R,D,R,R,R,R,R,R,D,R,R,D,D,R,R,R
2245,D,D,D,D,R,D,D,R,D,R,D,D,D,R,D,D
2246,D,D,D,R,R,D,D,D,D,D,D,D,D,D,D,D
2247,R,R,R,R,R,D,R,R,R,R,R,D,D,D,R,R
2248,D,D,D,R,R,D,D,D,D,R,D,D,D,D,D,D
2249,R,R,R,R,R,R,R,D,R,R,R,D,D,R,D,D
2250,D,D,R,R,R,D,R,D,D,D,D,D,D,D,R,R
2251,R,D,R,R,R,R,R,R,D,R,R,D,D,D,R,R
2252,R,R,R,R,R,D,R,R,R,R,R,D,D,R,R,R
2253,R,R,R,R,R,R,R,R,R,R,R,D,D,R,R,R
2254,R,R,R,R,R,D,R,R,R,R,R,D,D,R,R,D
2255,R,D,R,R,R,D,R,R,D,R,D,D,D,R,R,R
2256,R,D,R,R,R,D,R,D,R,R,R,D,D,D,D,R
2257,R,R,R,R,R,R,R,D,R,R,R,D,D,R,D,D
2258,D,R,R,R,R,R,R,R,R,R,R,D,D,D,R,D
2259,R,R,R,R,R,R,R,D,R,R,R,D,D,R,R,R
2260,D,D,D,R,R,D,D,D,D,R,D,D,D,D,D,D
2261,D,R,R,R,R,R,R,D,D,R,R,D,D,D,D,R
2262,R,R,R,R,R,R,R,R,R,R,R,D,D,R,R,R
2263,D,D,R,R,R,R,R,D,D,R,D,D,D,R,R,D
2264,R,D,R,R,R,D,R,D,D,R,R,D,D,D,D,R
2265,D,R,R,R,R,D,R,D,R,R,R,D,D,D,R,R
2266,R,D,D,R,R,D,R,R,D,R,D,D,D,D,D,D
2267,R,R,R,D,R,R,D,D,D,R,D,D,D,D,D,R
2268,D,D,D,R,D,D,D,D,D,D,D,D,D,D,D,D
2269,R,R,R,R,R,R,R,R,R,R,R,D,D,D,D,R
2270,R,R,R,R,D,D,R,R,D,R,R,D,D,R,D,R
2271,R,R,R,R,R,R,R,R,D,R,R,D,D,R,R,R
2272,R,D,D,R,R,D,D,D,D,D,D,D,D,R,D,D
2273,R,R,R,R,R,R,R,D,D,R,D,D,D,R,R,R
2274,R,R,R,R,R,R,R,R,R,R,R,D,D,R,R,R
2275,D,R,R,R,R,D,R,R,R,R,D,D,D,D,R,R
2276,R,R,R,R,R,R,R,D,D,R,R,D,D,D,R,R
2277,R,D,R,R,R,D,D,D,D,R,R,D,D,R,D,R
2278,R,R,R,R,R,D,R,D,D,R,D,D,D,D,D,R
2279,R,R,R,R,R,R,R,D,D,R,R,D,D,D,R,D
2280,D,D,R,R,R,D,D,D,D,D,D,D,D,D,D,D
2281,D,D,R,R,R,D,D,D,D,D,D,D,D,D,D,R
2282,R,R,R,R,R,R,R,D,D,R,R,D,D,R,R,D
2283,D,D,D,R,R,D,R,D,D,R,D,D,D,D,D,D
2284,R,R,R,R,R,R,R,D,D,R,R,D,D,R,R,R
2285,D,R,R,R,R,R,R,R,D,R,R,D,D,D,R,R
2286,R,D,R,R,R,R,R,R,D,R,R,D,D,D,D,R
2287,D,D,D,R,R,D,R,D,D,D,D,D,D,D,D,D
2288,D,R,R,R,R,R,R,R,D,R,D,D,D,D,R,D
2289,R,R,R,R,R,D,R,D,D,R,R,D,D,R,R,R
2290,R,R,R,R,R,R,R,R,R,R,R,D,D,R,R,R
2291,R,R,R,R,R,R,R,R,D,R,D,D,D,R,R,R
2292,R,D,R,R,R,R,R,R,R,R,R,D,D,D,R,R
2293,D,D,R,R,R,D,R,R,D,R,D,D,D,R,D,D
2294,R,R,R,R,R,R,R,R,D,R,R,D,D,R,D,D
2295,D,D,R,R,R,D,D,D,D,D,D,D,D,D,D,D
2296,D,R,R,R,R,R,R,R,R,R,R,D,D,D,D,R
2297,R,R,R,R,R,R,R,R,R,R,R,D,D,R,R,R
2298,D,R,R,R,R,R,R,D,R,R,R,D,D,D,R,R
2299,R,R,R,R,R,D,R,R,R,R,R,D,D,R,R,R
2300,R,R,R,R,R,R,R,D,R,R,R,D,D,R,D,R
2301,D,R,R,R,R,R,R,R,D,R,R,D,D,D,D,D
2302,R,D,R,R,R,R,R,R,R,R,D,D,D,R,R,R
2303,D,R,R,R,R,R,R,R,R,R,R,D,D,D,R,D
2304,D,R,R,R,R,R,R,R,D,R,D,D,D,R,R,R
2305,D,R,R,R,R,D,R,D,D,R,D,D,D,R,D,R
2306,D,R,R,R,R,D,R,R,D,R,R,D,D,R,R,D
2307,D,R,R,R,R,R,R,R,D,R,D,D,D,D,D,R
2308,R,R,R,R,R,D,R,R,R,R,R,R,D,R,R,R
2309,R,D,R,R,R,D,R,D,D,R,R,D,D,D,R,D
2310,D,R,R,R,R,R,R,R,R,R,R,D,D,R,D,R
2311,R,R,R,R,R,R,R,D,D,R,R,D,D,R,R,R
2312,R,R,R,R,R,R,R,R,D,R,D,D,D,R,R,R
2313,R,D,R,R,R,R,R,D,R,R,D,D,D,R,R,R
2314,R,R,R,R,R,R,R,D,D,R,R,D,D,R,R,R
2315,R,R,R,R,R,R,R,R,D,R,R,D,D,D,D,R
2316,D,D,R,R,D,D,D,D,D,D,D,D,D,D,D,D
2317,D,R,R,R,R,R,D,D,R,R,D,D,D,R,R,R
2318,D,R,R,R,R,R,R,R,D,R,R,D,D,R,R,R
2319,D,R,R,R,R,R,R,R,R,R,R,D,D,R,R,D
2320,R,R,R,R,R,R,R,R,D,R,R,D,D,D,R,R
2321,D,R,R,R,R,R,R,R,R,R,R,D,D,R,R,R
2322,D,D,R,R,D,D,R,D,D,D,D,D,D,D,D,D
2323,D,D,R,R,R,R,R,R,D,R,D,D,D,R,D,R
2324,R,D,R,R,R,R,R,R,R,R,R,D,D,D,D,R
2325,D,R,R,R,R,R,R,R,D,R,R,D,D,D,D,R
2326,D,D,R,R,R,R,R,D,R,R,R,D,D,R,R,R
2327,R,R,R,R,R,R,R,R,D,R,R,D,D,R,D,D
2328,R,R,R,R,R,R,R,R,R,R,R,D,D,R,R,R
2329,R,R,R,R,R,R,R,R,R,R,R,D,D,R,D,R
2330,D,D,D,R,R,D,D,D,D,R,D,D,D,D,D,R
2331,R,R,R,R,R,R,R,D,R,R,R,D,D,R,R,D
2332,R,R,R,R,R,D,R,R,D,R,R,D,D,D,R,R
2333,D,R,R,R,R,D,R,R,R,R,D,D,D,R,R,R
2334,R,R,R,R,R,R,R,R,D,R,R,D,D,D,D,R
2335,R,R,D,R,R,R,R,D,D,R,D,D,D,R,D,R
2336,R,D,R,R,R,R,R,R,R,R,D,D,D,R,D,R
2337,R,R,R,R,R,R,R,D,D,R,D,D,D,D,R,D
2338,R,R,R,R,R,R,R,D,D,R,D,D,D,R,R,R
2339,R,R,R,R,R,R,R,D,R,R,R,D,D,D,R,R
2340,D,R,R,R,R,D,R,D,D,R,R,D,D,D,D,R
2341,R,D,R,R,R,R,R,R,R,R,D,D,D,R,R,R
2342,R,R,R,R,R,D,R,D,D,R,D,D,D,R,R,R
2343,R,R,R,R,R,D,R,R,R,R,R,R,D,R,R,R
2344,R,D,R,R,R,D,R,D,R,R,R,D,D,R,D,D
2345,D,R,R,R,R,D,R,R,R,R,R,D,D,R,D,R
2346,R,R,R,R,R,D,R,D,D,R,R,D,D,R,D,R
2347,R,R,R,R,R,R,R,R,D,R,D,D,D,R,D,R
2348,D,D,D,R,D,R,D,D,D,R,D,D,D,D,D,D
2349,D,R,R,R,R,R,R,D,D,R,D,D,D,R,R,R
2350,R,R,R,R,R,R,R,R,R,R,R,D,D,R,D,R
2351,D,R,R,R,D,D,R,R,R,R,R,D,D,D,R,D
2352,R,D,R,R,R,D,R,D,R,R,R,D,D,D,R,R
2353,R,R,R,R,R,R,R,R,D,R,D,D,D,R,D,R
2354,R,R,R,R,R,R,R,R,D,R,D,D,D,R,D,R
2355,R,R,R,R,R,R,R,R,D,R,R,D,D,R,R,R
2356,D,R,R,R,R,D,R,D,R,R,R,D,D,R,D,D
2357,D,R,R,R,R,R,D,R,R,R,D,D,D,R,D,R
2358,D,D,R,R,R,R,R,R,R,R,R,D,D,R,D,R
2359,R,R,R,R,R,D,R,R,R,R,D,D,D,D,R,D
2360,D,R,R,R,R,R,R,D,D,R,D,D,D,R,R,R
2361,R,R,R,R,R,R,R,R,D,R,R,D,D,R,R,R
2362,R,R,R,R,R,R,R,D,D,R,D,D,D,R,R,R
2363,D,R,R,R,R,D,R,D,D,R,D,D,D,R,D,D
2364,D,R,R,R,R,R,D,D,D,R,R,D,D,D,D,R
2365,D,R,R,R,R,D,R,R,D,R,D,D,D,D,D,D
2366,R,R,R,R,R,R,R,R,R,R,R,D,D,R,R,R
2367,R,R,R,R,R,R,R,D,R,R,R,D,D,D,R,D
2368,R,D,R,R,R,D,R,R,D,R,R,D,D,R,R,R
2369,R,D,R,R,R,R,R,R,R,R,R,D,D,D,D,D
2370,D,D,D,D,D,D,D,D,D,R,D,D,D,R,D,D
2371,R,R,R,R,R,R,D,D,D,R,D,D,D,R,D,R
2372,R,R,R,R,R,D,R,D,R,R,R,D,D,D,D,R
2373,R,R,R,R,R,R,R,R,D,R,R,D,D,D,D,R
2374,R,R,R,R,R,D,R,R,D,R,D,D,D,R,D,R
2375,R,R,R,R,R,R,R,R,D,R,R,D,D,D,D,D
2376,R,R,R,R,R,D,R,D,R,R,D,D,D,R,D,R
2377,R,R,R,R,R,R,R,D,D,R,R,D,D,R,D,D
2378,R,R,R,R,R,R,R,R,D,R,R,D,D,R,R,R
2379,D,R,R,R,R,D,R,D,D,R,D,D,D,D,D,D
2380,D,R,R,R,R,D,R,D,D,R,R,D,D,R,D,R
2381,R,R,R,R,R,R,R,R,D,R,R,D,D,R,R,R
2382,R,R,R,R,R,D,R,R,D,R,D,D,D,D,R,R
2383,D,D,R,R,R,R,R,R,D,R,D,D,D,D,R,R
2384,R,R,R,R,R,R,R,R,D,R,R,D,D,R,R,R
2385,D,D,D,R,R,D,D,D,D,D,D,D,D,D,D,R
2386,D,R,R,R,R,R,R,D,D,D,R,D,D,R,R,R
2387,D,D,R,R,R,D,R,D,D,R,D,D,D,D,D,D
2388,R,D,R,R,R,R,R,R,R,R,R,D,D,R,D,R
2389,D,R,R,R,R,D,R,R,D,R,R,D,D,D,R,D
2390,R,R,R,R,R,R,R,R,D,R,R,D,D,D,R,R
2391,D,R,R,R,R,D,R,R,D,R,R,D,D,D,R,D
2392,D,D,R,R,R,D,R,D,D,R,D,D,D,D,D,R
2393,D,R,R,R,R,R,R,R,R,R,R,D,D,D,R,R
2394,R,R,R,R,R,R,R,D,D,R,D,R,D,R,D,D
2395,R,R,R,R,R,R,R,R,R,R,R,D,D,R,R,R
2396,R,R,R,R,R,R,R,R,D,R,R,D,D,D,R,R
2397,D,D,R,R,D,D,D,D,D,R,D,D,D,D,D,R
2398,R,R,R,R,D,R,R,D,R,R,D,D,D,R,R,D
2399,R,R,R,R,R,R,R,R,D,R,D,D,D,D,R,R
2400,D,R,D,R,D,D,R,D,D,D,D,D,D,D,D,D
2401,R,R,R,R,R,D,R,D,D,R,R,D,D,R,R,R
2402,R,R,R,R,R,R,R,D,R,R,R,D,R,D,R,R
2403,R,R,R,R,R,R,R,D,D,D,D,D,D,D,R,R
2404,R,R,R,R,R,R,R,R,D,R,R,D,D,D,R,R
2405,R,R,D,R,R,R,R,D,R,R,R,D,D,D,D,D
2406,R,D,R,R,R,R,R,R,R,R,R,D,D,R,D,R
2407,R,R,R,R,R,R,R,R,D,R,R,D,D,R,R,R
2408,D,D,D,R,R,D,D,D,D,R,D,D,D,D,D,D
2409,R,D,R,R,R,D,R,D,D,R,R,D,D,R,D,R
2410,D,D,R,R,R,D,R,D,D,R,R,D,D,R,D,R
2411,R,R,R,R,R,R,R,D,R,R,R,D,D,D,R,D
2412,D,R,R,R,R,D,D,D,D,R,D,D,D,D,D,D
2413,R,R,R,R,R,R,R,D,R,R,D,D,D,R,D,R
2414,R,R,R,R,R,D,R,R,R,R,R,D,D,R,R,D
2415,D,R,R,R,R,R,R,R,D,R,R,D,D,D,R,R
2416,R,R,R,R,R,D,R,R,R,R,R,D,D,R,R,R
2417,R,R,R,R,R,R,R,R,R,R,R,D,D,R,R,R
2418,D,D,R,R,D,D,D,R,D,R,D,D,D,D,D,D
2419,R,R,R,R,R,R,R,R,R,R,R,D,D,D,R,R
2420,D,D,R,R,R,D,R,D,D,R,D,D,D,D,D,D
2421,R,R,R,R,R,R,R,D,D,R,D,D,D,D,D,R
2422,R,R,R,R,R,R,R,R,R,R,R,D,D,R,R,D
2423,D,D,D,R,R,D,D,D,D,D,D,D,D,D,D,R
2424,R,D,R,R,R,R,R,D,D,R,R,D,D,D,R,R
2425,D,R,R,R,R,R,R,R,D,R,R,D,D,R,R,R
2426,D,R,R,R,R,R,R,D,D,R,D,D,D,D,D,R
2427,R,R,R,R,R,R,R,R,D,R,R,D,D,D,R,R
2428,D,D,R,R,R,R,R,D,D,R,R,D,D,R,D,D
2429,D,D,D,R,R,D,D,D,D,R,D,D,D,D,R,D
2430,R,R,D,R,R,R,R,D,R,R,R,D,D,R,D,R
2431,R,D,R,R,R,R,R,R,D,R,R,D,D,R,R,D
2432,D,D,D,R,R,D,D,D,D,R,D,D,D,D,D,R
2433,R,D,R,R,R,R,R,D,R,R,R,D,D,R,D,R
2434,R,D,R,R,R,R,R,R,D,R,R,D,D,D,R,D
2435,R,R,R,R,R,R,R,R,R,R,R,D,D,R,R,R
2436,R,R,R,R,R,D,R,R,D,D,D,D,D,R,R,R
2437,D,D,R,R,R,D,R,R,D,R,R,D,D,D,D,D
2438,D,R,R,R,R,D,D,R,D,R,R,D,D,R,R,R
2439,D,R,R,R,R,R,R,D,D,R,D,D,D,D,D,D
2440,R,R,R,R,R,D,R,R,D,R,R,D,D,R,D,R
2441,D,D,D,R,R,D,D,D,D,R,D,D,D,D,D,D
2442,R,R,R,R,R,R,R,R,R,R,R,D,D,R,R,R
2443,R,R,R,R,R,D,R,D,R,R,R,D,D,D,R,R
2444,R,R,R,R,R,R,R,D,R,R,R,D,D,R,D,R
2445,D,R,R,R,R,R,R,R,D,R,R,D,D,D,R,R
2446,R,D,R,R,R,R,D,D,D,R,R,D,D,R,R,D
2447,D,R,R,R,R,D,R,D,D,R,D,D,D,R,D,D
2448,R,R,R,R,R,R,R,R,D,R,R,D,D,R,D,R
2449,D,D,R,R,D,D,D,D,D,R,D,D,D,D,D,D
2450,R,R,R,R,R,R,R,R,D,R,R,D,D,D,R,R
2451,R,R,R,R,R,R,R,D,R,R,R,D,D,D,D,D
2452,R,R,R,R,R,R,R,R,R,R,R,D,D,R,R,R
2453,R,D,R,R,R,R,R,R,D,R,R,D,D,D,R,D
2454,R,R,R,R,R,D,R,R,D,R,D,D,D,R,R,R
2455,R,R,R,R,R,R,R,R,R,R,R,D,D,D,R,R
2456,R,R,R,R,R,R,R,R,R,R,R,D,D,R,R,D
2457,D,D,R,R,R,R,R,R,R,R,R,D,D,R,R,R
2458,D,R,R,R,R,R,R,D,D,R,R,D,D,D,D,R
2459,R,R,R,R,R,R,R,R,R,R,R,D,D,D,R,R
2460,D,D,D,R,D,D,D,D,D,D,D,D,D,D,D,D
2461,R,D,R,R,D,D,R,D,R,R,D,D,D,R,R,D
2462,R,R,R,R,R,R,R,R,R,R,R,D,D,D,R,R
2463,R,D,R,R,D,D,R,R,D,R,D,D,D,R,D,R
2464,R,R,R,R,R,R,R,R,D,R,D,D,D,D,R,D
2465,R,R,R,R,R,R,R,R,R,R,D,D,D,D,D,D
2466,R,R,R,R,R,R,R,R,D,R,R,D,D,R,D,D
2467,D,R,R,R,R,D,D,D,D,D,D,D,D,D,D,D
2468,R,R,R,R,R,R,D,D,D,R,R,D,D,D,R,R
2469,R,R,R,R,R,R,R,R,D,R,R,D,D,D,D,R
2470,R,D,R,R,R,R,R,R,D,R,R,R,D,R,R,R
2471,D,D,R,R,R,R,R,R,D,R,R,D,D,D,D,R
2472,R,R,R,R,R,D,R,R,D,R,R,D,D,R,R,R
2473,D,D,R,R,R,D,R,D,D,R,R,D,D,R,R,R
2474,R,D,R,R,R,R,D,D,D,R,D,D,D,D,R,R
2475,R,R,R,R,R,R,R,D,D,D,R,D,D,D,D,R
2476,D,D,R,R,R,D,D,D,D,D,D,D,D,D,D,D
2477,R,D,R,R,R,D,R,R,D,R,R,D,D,D,D,R
2478,R,R,R,R,R,R,R,R,R,R,R,D,D,R,R,R
2479,R,R,R,R,R,R,R,R,R,R,D,D,D,D,R,R
2480,R,R,R,R,R,R,R,R,R,R,R,D,D,D,R,R
2481,R,D,R,R,R,R,R,R,D,R,R,D,D,D,D,R
2482,D,R,R,R,R,R,R,R,R,R,R,D,D,R,R,R
2483,R,D,R,R,R,R,R,R,R,R,D,D,D,D,D,R
2484,R,R,R,R,R,D,R,R,R,R,D,D,D,R,D,R
2485,D,R,R,R,R,R,R,R,R,R,R,D,R,R,R,R
2486,D,R,R,R,R,R,R,R,R,R,R,D,D,D,R,R
2487,D,D,D,R,R,D,D,D,D,R,D,D,D,D,D,D
2488,R,R,R,R,R,R,R,R,R,R,R,D,D,R,R,R
2489,D,D,R,R,R,R,D,D,D,R,R,D,D,R,R,R
2490,D,D,R,R,D,D,D,D,D,R,R,D,D,D,D,D
2491,R,R,R,R,R,R,R,R,R,R,R,D,R,R,R,R
2492,D,D,D,R,R,D,R,D,D,R,D,D,D,D,D,D
2493,R,D,R,R,R,D,D,D,D,D,D,D,D,D,D,D
2494,D,D,R,R,R,R,R,D,R,R,R,D,D,R,R,R
2495,D,D,R,R,R,D,R,D,D,D,D,D,D,D,D,D
2496,D,D,R,R,R,R,R,R,D,R,R,D,D,D,D,R
2497,R,D,R,R,R,R,R,R,D,R,D,D,D,R,D,D
2498,R,R,R,R,R,R,R,R,R,R,R,D,D,D,D,R
2499,R,R,R,R,R,D,R,D,R,R,R,D,D,R,R,R
2500,R,R,R,R,R,R,R,R,R,R,R,D,D,D,R,R
2501,R,D,R,R,R,R,R,R,R,R,D,D,D,D,D,R
2502,R,R,R,R,R,R,R,R,D,R,R,D,D,R,R,R
2503,R,R,R,R,R,R,R,R,R,R,R,D,D,R,R,R
2504,R,R,R,R,R,D,R,D,R,R,D,D,D,D,R,R
2505,D,D,R,R,R,D,R,R,D,R,D,D,D,D,D,R
2506,D,D,R,R,R,D,R,R,D,R,R,D,D,D,D,R
2507,R,R,R,R,R,R,R,R,R,R,R,D,D,R,R,R
2508,R,R,R,R,R,R,R,D,R,R,R,D,D,R,R,D
2509,D,R,R,R,R,R,R,R,D,R,R,R,D,D,R,R
2510,R,R,R,R,R,R,D,R,D,R,R,D,D,D,D,D
2511,R,R,R,R,R,R,R,R,D,R,R,D,D,R,R,R
2512,R,R,R,R,R,R,R,R,D,R,R,D,D,R,D,D
2513,D,D,D,R,D,D,D,D,D,R,D,D,D,D,D,D
2514,R,R,R,R,R,R,R,D,R,R,R,D,D,R,D,D
2515,D,D,D,R,R,R,R,D,D,R,D,D,D,D,D,D
2516,D,R,D,R,R,D,D,D,D,R,D,D,D,D,R,R
2517,R,R,R,R,R,D,R,R,D,R,R,D,D,D,D,D
2518,D,D,D,R,R,D,D,D,D,R,D,D,D,D,D,D
2519,R,R,R,R,R,D,R,D,D,R,D,D,D,D,D,D
2520,D,R,R,R,R,R,R,R,R,R,D,D,D,D,R,R
2521,D,D,D,R,R,D,R,D,D,R,D,D,D,D,D,D
2522,R,R,R,R,R,R,R,R,R,R,R,D,D,R,R,R
2523,D,D,D,R,R,D,R,D,D,R,D,D,D,D,D,D
2524,R,R,R,R,R,R,R,R,R,R,R,R,D,R,R,D
2525,D,R,R,R,R,D,R,D,R,D,D,D,D,D,D,R
2526,D,R,R,R,R,D,R,D,D,R,D,D,D,R,D,R
2527,R,R,D,R,D,D,D,R,R,R,R,D,D,R,D,R
2528,D,D,R,D,R,R,D,D,D,R,D,D,D,D,D,D
2529,D,D,R,R,R,D,D,D,D,R,D,D,D,D,D,D
2530,R,D,R,D,R,D,D,D,D,D,D,D,D,D,D,R
2531,R,R,R,R,R,D,R,D,R,R,R,D,D,R,R,D
2532,D,D,D,R,D,D,R,D,D,D,D,D,D,D,D,R
2533,D,D,D,R,R,D,D,D,D,R,D,D,D,D,D,D
2534,R,R,R,R,R,D,R,D,D,R,D,D,D,D,D,D
2535,R,R,R,R,R,R,R,R,D,R,D,D,D,D,D,R
2536,R,R,R,R,R,R,R,R,R,R,D,D,D,R,R,R
2537,R,R,R,R,R,R,R,D,D,R,R,D,D,R,R,R
2538,R,R,R,R,R,D,R,R,R,R,R,D,D,D,R,R
2539,D,D,R,R,R,R,R,R,D,R,R,D,D,D,R,R
2540,R,R,R,R,R,R,R,D,D,R,R,D,D,R,R,D
2541,R,R,R,R,R,D,R,R,R,R,R,D,D,R,R,R
2542,D,R,R,R,R,R,R,R,R,R,R,D,D,D,R,R
2543,R,R,R,R,R,D,R,R,D,R,R,D,D,D,D,R
2544,R,R,R,R,R,R,R,R,R,R,R,D,D,R,D,R
2545,R,D,R,R,R,D,R,D,R,D,R,D,D,R,R,R
2546,R,R,R,R,R,R,R,R,D,R,R,D,D,R,R,R
2547,R,R,R,R,R,R,R,R,D,R,R,D,D,R,D,D
2548,R,R,R,R,R,D,R,R,R,R,D,D,D,D,D,R
2549,R,R,R,R,R,D,R,D,R,R,D,D,D,D,R,D
2550,D,D,D,R,D,D,D,D,D,R,D,D,D,D,D,D
2551,D,R,R,R,R,R,R,R,D,R,R,D,D,D,D,R
2552,R,D,R,R,R,R,R,R,D,R,D,D,D,D,D,R
2553,R,R,R,R,R,R,D,D,D,R,D,D,D,D,R,R
2554,D,D,R,R,D,D,D,D,D,R,D,D,D,D,D,D
2555,R,D,R,R,R,R,R,D,R,R,R,D,D,R,R,R
2556,R,D,R,R,R,D,R,D,D,R,R,D,D,R,R,R
2557,D,D,R,R,R,R,D,D,D,D,D,D,D,D,D,D
2558,R,R,R,R,R,R,R,R,R,R,R,D,D,R,D,R
2559,D,R,R,R,R,R,R,R,D,R,D,D,D,D,R,R
2560,D,R,R,R,R,D,R,D,D,R,D,D,D,D,D,R
2561,D,R,D,R,R,D,D,D,D,R,R,D,D,D,D,D
2562,R,R,R,R,R,R,R,D,D,R,R,D,D,R,R,R
2563,R,R,R,R,R,D,R,R,D,R,D,D,D,D,R,D
2564,R,R,R,R,R,D,R,R,R,R,R,D,D,D,R,R
2565,R,R,R,R,R,D,R,D,D,R,R,D,D,R,D,D
2566,D,D,R,R,R,D,R,D,D,D,D,D,D,D,D,D
2567,R,R,R,R,R,R,R,D,R,R,R,D,D,R,R,R
2568,D,R,R,R,R,D,R,D,D,D,R,D,D,R,R,D
2569,R,R,R,R,R,R,R,R,R,R,R,D,D,D,D,R
2570,R,R,R,R,R,R,R,R,R,R,R,D,D,D,R,R
2571,D,D,D,R,R,R,R,R,D,R,R,D,D,D,D,D
2572,D,R,R,R,R,R,R,R,R,R,D,D,D,D,D,R
2573,R,R,R,R,R,R,R,R,D,R,R,D,D,R,D,R
2574,R,R,R,R,R,D,R,D,D,R,D,D,D,D,D,D
2575,D,R,R,R,R,R,R,D,R,R,D,D,D,D,R,D
2576,D,R,R,R,R,D,D,D,D,R,D,D,D,D,D,D
2577,D,R,D,R,R,D,D,D,D,D,D,D,D,D,D,D
2578,R,R,R,R,R,D,R,R,R,R,R,D,D,R,R,R
2579,R,R,R,R,R,D,R,D,D,R,D,D,D,R,R,R
2580,D,R,R,R,R,R,R,R,D,R,R,D,D,R,R,R
2581,D,D,R,R,R,D,R,D,D,R,D,D,D,D,D,D
2582,R,R,R,R,R,R,R,R,D,R,R,D,D,D,R,D
2583,R,R,R,R,R,R,R,D,R,R,R,D,D,R,R,D
2584,D,D,R,R,R,D,R,R,R,R,D,D,D,D,D,D
2585,R,R,R,R,R,R,R,R,R,R,R,D,D,D,D,D
2586,D,D,D,R,R,D,D,D,D,R,D,D,D,D,D,R
2587,R,R,R,R,R,D,R,D,R,R,D,D,D,R,R,R
2588,R,D,R,R,R,D,D,D,D,R,D,D,D,R,D,R
2589,R,R,R,R,R,R,R,R,R,R,R,D,D,R,R,R
2590,R,R,R,R,R,R,R,R,R,R,R,D,D,R,R,R
2591,R,R,R,R,R,R,R,R,D,R,R,D,D,R,R,R
2592,R,R,R,R,R,R,R,R,D,R,R,D,D,D,R,D
2593,R,R,R,R,R,R,D,D,R,R,R,D,D,R,D,R
2594,R,R,R,R,R,R,R,R,R,R,R,R,D,R,R,R
2595,D,R,R,R,R,D,R,D,D,R,R,D,D,D,R,D
2596,R,D,R,R,R,R,R,R,R,R,D,D,D,R,R,R
2597,R,R,R,R,R,R,R,R,D,R,D,D,D,R,D,R
2598,D,R,R,R,R,R,D,R,D,R,R,D,D,D,D,R
2599,R,R,R,R,R,D,R,R,D,R,D,D,D,D,D,R
2600,D,R,R,R,R,R,R,D,R,R,D,D,D,R,D,R
2601,R,R,R,R,R,D,R,D,R,R,R,D,D,R,D,R
2602,R,D,R,R,R,R,R,R,R,R,R,D,D,D,R,R
2603,D,R,R,R,R,D,R,R,D,R,R,D,D,R,D,R
2604,R,R,R,R,R,R,R,R,D,R,D,D,R,R,R,D
2605,R,R,R,R,R,D,R,D,D,R,D,D,D,R,D,R
2606,D,R,R,R,R,D,R,D,D,R,D,D,D,D,D,D
2607,R,R,R,R,R,R,D,R,R,R,R,D,D,R,D,D
2608,D,R,R,R,R,D,D,D,D,R,R,D,D,D,D,D
2609,D,R,R,R,R,R,D,D,D,D,D,D,D,D,D,D
2610,R,R,R,R,R,D,R,R,D,R,R,D,D,D,D,D
2611,D,R,D,R,R,R,R,R,D,R,R,D,D,D,D,R
2612,R,R,R,R,R,R,R,D,D,R,R,D,D,D,R,R
2613,D,D,R,R,D,D,D,D,D,R,D,D,D,D,D,D
2614,R,R,R,R,R,R,R,D,D,R,D,D,D,D,R,R
2615,D,D,R,R,R,R,R,D,R,R,R,D,D,R,D,D
2616,R,R,R,R,R,R,R,R,R,R,R,D,D,D,R,R
2617,D,D,D,R,D,D,D,D,D,R,D,D,D,D,D,D
2618,D,D,R,R,D,D,D,D,D,R,D,D,D,D,D,D
2619,D,D,D,R,R,D,D,D,D,R,D,D,D,D,D,D
2620,R,R,R,R,R,R,R,R,R,R,R,D,D,D,R,R
2621,R,R,R,R,R,R,R,R,D,R,R,D,D,D,R,R
2622,R,R,R,R,R,D,R,R,D,D,D,D,D,D,R,R
2623,R,R,R,R,R,R,R,R,R,R,R,D,D,D,D,R
2624,D,D,D,D,R,R,D,D,D,R,D,D,D,D,D,R
2625,R,R,R,R,R,R,R,R,R,R,D,D,D,R,R,R
2626,R,D,R,R,R,D,R,R,D,R,D,D,D,R,D,D
2627,D,R,R,R,R,R,R,D,D,R,D,D,D,D,R,R
2628,D,R,R,R,R,R,D,R,D,R,R,D,D,R,D,R
2629,R,R,R,R,R,R,R,R,R,D,R,D,D,D,D,R
2630,R,D,R,D,D,D,D,D,D,R,D,D,D,D,D,D
2631,R,R,R,R,R,R,R,D,R,R,R,D,D,R,R,R
2632,R,R,R,R,R,D,D,R,D,R,R,D,D,R,R,R
2633,D,D,R,R,R,R,R,D,R,R,R,D,D,D,R,R
2634,D,D,R,R,R,D,D,D,D,D,D,D,D,D,D,D
2635,R,R,R,R,R,R,R,R,R,R,R,R,D,R,R,R
2636,R,D,D,R,R,R,D,D,D,R,R,D,D,D,D,R
2637,R,R,R,R,R,R,R,D,D,R,R,D,D,D,R,D
2638,R,D,R,R,R,R,R,D,R,R,R,D,D,R,R,R
2639,R,D,R,R,R,R,R,D,D,D,D,D,D,D,D,D
2640,D,D,D,R,R,D,R,D,D,D,D,D,D,D,D,D
2641,R,R,R,R,R,R,R,R,D,R,D,D,D,D,D,D
2642,D,R,R,R,R,R,R,D,D,R,D,D,D,D,D,D
2643,D,R,D,R,D,D,D,D,D,R,D,D,D,D,D,D
2644,D,D,R,R,R,D,D,D,D,D,D,D,D,D,D,D
2645,D,D,R,R,R,R,R,D,D,R,R,D,D,D,D,R
2646,D,D,D,R,D,R,R,D,D,D,D,D,D,D,D,R
2647,R,D,R,R,R,R,R,R,D,R,D,D,D,R,D,R
2648,D,D,D,R,R,D,D,D,D,R,D,D,D,D,D,D
2649,R,D,R,R,R,R,R,D,D,R,R,D,D,R,R,R
2650,D,R,R,R,R,R,R,D,D,R,R,D,D,R,D,R
2651,D,R,R,R,R,R,R,D,D,R,R,D,D,D,R,R
2652,R,R,R,R,R,R,R,R,R,R,R,D,R,R,R,R
2653,D,D,D,R,R,D,R,D,D,D,D,D,D,D,R,D
2654,R,R,R,R,R,R,R,R,D,R,D,D,D,D,D,D
2655,R,R,R,R,R,R,R,D,D,R,R,D,D,R,R,R
2656,R,R,R,R,R,R,R,R,D,R,R,D,D,R,R,R
2657,R,R,R,R,R,R,R,D,D,R,R,D,D,R,R,R
2658,D,D,R,R,R,D,R,R,D,R,D,D,D,D,R,R
2659,D,R,D,R,R,D,D,D,D,R,D,D,D,D,D,D
2660,R,R,R,R,R,R,R,R,D,R,R,D,D,D,R,R
2661,R,R,R,R,R,D,R,R,R,R,R,D,D,R,R,R
2662,D,D,R,R,R,D,D,D,D,R,R,D,D,D,D,D
2663,R,R,R,R,R,D,D,D,R,R,R,D,D,D,R,R
2664,D,R,R,R,R,D,R,D,D,R,D,D,D,R,D,R
2665,R,R,R,R,R,R,R,R,D,R,R,D,D,R,D,R
2666,R,R,R,R,R,D,R,R,R,R,R,D,D,R,D,R
2667,D,R,R,R,R,R,R,D,R,R,D,D,D,D,R,R
2668,D,D,D,R,R,D,D,D,D,R,D,D,D,D,D,D
2669,R,R,R,R,R,R,D,R,D,R,R,D,D,D,D,R
2670,D,R,R,R,R,D,R,R,R,R,D,D,D,R,D,D
2671,D,D,D,R,R,D,D,D,D,R,D,D,D,D,D,D
2672,D,D,R,R,R,R,R,R,R,R,D,D,R,R,R,D
2673,R,R,R,R,R,D,R,R,R,R,D,D,D,R,R,R
2674,R,R,R,R,R,R,R,R,R,R,R,D,D,R,R,R
2675,D,D,R,R,R,D,D,D,D,D,D,D,D,D,D,D
2676,R,R,R,R,R,R,R,R,D,R,R,D,D,R,R,R
2677,D,R,R,R,R,R,R,R,R,R,D,D,D,D,R,R
2678,R,R,R,R,R,R,R,D,R,R,R,D,D,R,R,R
2679,R,R,R,R,R,R,R,R,D,R,R,D,D,D,D,R
2680,R,R,R,R,R,R,R,R,R,D,D,D,D,R,D,R
2681,R,R,D,R,R,D,D,D,D,R,D,D,D,D,D,D
2682,R,R,R,R,R,R,R,D,D,R,R,D,D,D,R,R
2683,D,R,R,R,R,R,R,D,D,R,D,D,D,R,R,R
2684,R,R,R,R,R,R,R,R,R,R,R,D,D,D,D,R
2685,R,R,R,R,R,R,R,R,D,R,R,D,D,R,R,R
2686,R,R,R,R,R,R,R,D,D,R,R,D,D,D,D,R
2687,R,R,R,R,R,R,R,R,R,R,R,D,D,R,R,R
2688,D,D,R,R,R,D,D,D,D,D,D,D,D,D,D,D
2689,D,D,R,R,R,D,R,R,D,R,R,D,D,R,D,R
2690,D,D,R,R,R,D,R,D,D,R,D,D,D,D,D,D
2691,D,R,R,R,R,R,R,D,R,R,R,D,D,D,R,R
2692,D,R,R,R,R,R,R,R,D,R,R,D,D,D,D,R
2693,D,R,R,R,R,D,R,D,D,R,R,D,D,R,R,R
2694,R,R,R,R,R,R,R,R,D,R,R,D,D,R,R,D
2695,D,R,R,R,R,D,R,D,D,R,R,D,D,D,D,R
2696,R,R,R,R,R,R,R,R,R,R,R,D,D,R,D,R
2697,R,R,R,R,R,D,R,R,D,R,D,D,D,D,D,R
2698,D,R,R,R,R,R,R,D,D,R,R,D,D,R,R,R
2699,R,D,R,R,R,D,R,R,R,R,R,D,D,R,R,R
2700,R,R,R,R,R,R,R,R,R,R,R,D,R,R,R,R
2701,R,R,R,R,R,R,R,R,R,R,D,D,D,R,R,D
2702,R,R,R,R,R,D,R,R,R,R,D,D,D,R,D,R
2703,D,D,D,R,D,D,D,R,D,D,D,D,D,D,D,D
2704,R,R,R,R,R,R,D,R,R,R,R,D,D,R,R,R
2705,R,D,R,R,R,R,D,D,D,R,R,D,D,R,R,R
2706,D,D,R,R,R,R,R,R,D,R,R,D,D,D,D,D
2707,R,R,R,R,R,R,R,R,R,R,R,D,D,D,D,R
2708,R,R,R,R,R,D,R,R,D,R,R,D,D,D,R,R
2709,R,D,R,R,R,R,R,D,R,R,R,D,D,R,R,D
2710,R,R,R,R,R,R,D,D,D,R,D,D,D,D,D,R
2711,R,R,R,R,R,D,R,D,D,R,D,D,D,R,D,R
2712,R,D,R,R,R,R,R,R,D,R,D,D,D,D,R,R
2713,R,R,R,R,R,R,R,R,R,R,R,D,D,R,R,R
2714,R,R,R,R,R,R,R,D,R,R,D,D,D,D,R,R
2715,R,R,R,R,R,R,R,R,R,R,D,D,D,D,R,R
2716,R,R,R,R,R,R,R,R,D,R,R,D,D,D,D,R
2717,R,R,R,R,R,D,R,R,D,R,D,D,D,D,R,R
2718,D,D,R,R,D,D,D,D,D,R,R,D,D,D,D,D
2719,D,D,R,R,D,D,R,D,D,D,D,D,D,D,D,R
2720,R,R,R,R,R,R,R,R,R,R,D,D,D,R,R,R
2721,R,R,R,R,R,R,R,D,R,R,R,D,D,D,D,D
2722,D,R,R,R,R,R,R,D,D,R,R,D,D,R,R,D
2723,R,R,R,R,R,D,R,D,D,R,D,D,D,D,D,R
2724,R,D,R,R,R,D,R,R,D,R,R,D,D,D,R,R
2725,R,R,R,R,R,R,R,D,D,R,R,D,D,R,R,R
2726,D,D,R,R,D,D,D,D,D,D,D,D,D,D,D,D
2727,R,R,D,D,R,D,D,D,D,D,D,D,D,D,D,D
2728,R,D,R,R,R,D,R,R,D,R,R,D,D,R,D,R
2729,R,D,D,R,R,R,R,R,D,R,D,D,D,D,R,R
2730,D,R,R,R,R,R,R,R,D,R,D,D,D,R,R,R
2731,R,R,R,R,R,D,D,R,D,R,R,D,D,R,R,D
2732,D,D,D,R,R,D,D,D,D,R,D,D,D,D,D,D
2733,R,D,R,R,R,D,D,D,R,R,R,D,D,R,D,D
2734,R,R,R,R,R,D,R,R,R,R,R,D,R,R,R,R
2735,R,R,R,R,R,R,R,R,D,R,R,D,D,D,R,R
2736,D,D,D,D,D,R,D,D,D,R,D,D,D,D,D,D
2737,D,R,R,R,D,D,D,D,D,R,D,D,D,D,D,D
2738,R,R,R,R,R,D,R,R,D,R,D,D,D,D,R,R
2739,D,R,R,R,R,R,R,D,D,R,R,D,D,R,D,R
2740,R,R,R,R,R,R,R,R,R,R,R,D,D,D,R,R
2741,R,D,R,R,R,D,R,D,D,R,R,D,D,D,D,R
2742,R,R,R,R,R,R,R,R,D,R,R,D,D,D,R,D
2743,R,R,R,R,R,R,R,R,R,R,R,D,D,R,R,R
2744,R,R,R,R,R,R,R,R,R,R,R,D,D,R,D,R
2745,R,R,R,R,R,R,R,R,D,R,R,D,D,D,R,R
2746,R,R,R,R,R,R,R,D,D,R,D,D,D,R,D,R
2747,R,R,R,R,R,R,R,R,D,R,R,D,R,D,R,R
2748,R,D,R,R,R,R,R,R,D,R,D,D,D,R,R,D
2749,R,R,R,R,R,R,R,R,D,R,R,D,D,R,R,R
2750,R,R,R,R,R,R,R,R,D,R,R,D,D,R,D,R
2751,R,R,R,R,R,D,R,R,R,R,D,D,D,R,R,R
2752,D,R,R,R,R,R,R,R,D,R,R,D,D,D,R,R
2753,D,R,R,R,R,R,R,R,D,R,D,D,D,D,D,R
2754,R,R,R,R,R,D,R,R,D,R,R,D,D,D,D,D
2755,D,R,R,R,R,R,R,R,D,R,D,D,D,D,D,R
2756,R,R,R,R,R,D,R,R,D,R,R,D,D,D,R,R
2757,R,R,R,R,R,R,R,D,D,R,R,D,D,R,R,R
2758,R,D,R,R,R,R,D,R,D,R,R,D,D,R,R,R
2759,D,R,R,R,R,D,R,D,D,R,R,D,D,D,R,R
2760,D,R,R,R,R,D,R,D,D,R,D,D,D,R,R,R
2761,R,R,R,R,R,D,R,R,D,R,R,D,D,D,R,D
2762,R,R,R,R,R,R,R,R,D,R,R,D,D,R,R,R
2763,R,R,R,R,R,R,R,D,D,R,R,D,D,D,R,R
2764,D,D,R,R,R,R,R,D,D,R,R,D,D,D,D,D
2765,R,R,R,R,R,D,R,R,D,R,R,D,D,R,D,R
2766,R,R,R,R,R,R,R,R,R,R,R,D,D,D,R,R
2767,R,D,R,R,R,R,R,D,D,R,R,D,D,D,D,R
2768,R,R,R,R,R,R,R,R,R,R,R,D,D,D,R,R
2769,R,R,R,R,R,R,R,D,D,R,D,D,D,R,R,D
2770,R,R,R,R,R,R,R,R,D,R,D,D,D,D,R,R
2771,R,R,R,R,R,R,R,R,R,R,R,D,R,R,D,R
2772,D,D,D,R,R,D,R,R,D,R,R,D,D,D,D,R
2773,R,R,R,R,R,D,R,R,R,R,R,D,D,D,R,D
2774,R,R,R,R,R,R,R,R,R,R,D,D,D,R,D,R
2775,R,R,R,R,R,R,R,D,D,R,R,D,D,R,R,R
2776,D,D,D,R,R,D,R,D,D,R,D,D,D,D,D,R
2777,R,R,R,R,R,D,R,R,R,R,R,D,D,R,R,R
2778,R,D,R,R,R,R,R,R,R,R,D,D,D,D,R,D
2779,R,R,D,R,R,D,R,D,D,R,R,D,D,R,D,R
2780,R,D,R,R,R,R,R,R,D,R,R,D,D,R,R,D
2781,R,R,R,R,R,R,D,R,D,R,D,D,D,D,R,R
2782,D,R,R,R,R,D,R,D,R,R,D,D,D,D,R,R
2783,R,R,R,R,R,R,R,R,D,R,R,D,D,R,R,R
2784,R,R,R,R,R,R,R,D,D,R,R,D,D,D,R,D
2785,R,D,R,R,R,D,R,R,D,R,R,D,D,R,D,R
2786,R,R,R,R,R,R,R,R,D,R,R,D,D,R,R,R
2787,R,R,R,R,R,R,R,D,D,R,R,D,D,R,R,R
2788,D,D,R,R,R,D,D,D,D,D,D,D,D,R,D,D
2789,D,D,R,R,R,D,R,D,D,D,D,D,D,D,R,R
2790,D,D,D,R,D,D,D,D,D,R,D,D,D,D,D,D
2791,D,R,D,R,R,D,D,D,D,R,D,D,D,D,D,D
2792,R,R,R,R,R,R,R,R,R,R,R,D,D,R,R,R
2793,R,R,R,R,R,D,R,R,R,R,R,D,D,D,D,R
2794,D,D,R,R,R,R,R,R,D,R,R,D,D,R,R,R
2795,R,D,R,R,R,R,R,R,D,R,R,D,D,R,D,R
2796,R,R,R,R,R,D,R,R,D,R,R,D,D,R,R,R
2797,R,R,R,R,R,R,R,R,R,R,R,D,D,D,R,R
2798,D,D,R,R,R,D,R,D,R,R,R,D,D,R,D,R
2799,R,R,R,R,R,R,R,R,R,R,R,R,D,R,R,R
2800,R,R,R,R,R,R,R,R,D,D,R,D,D,R,D,R
2801,R,R,R,R,R,R,R,D,D,R,D,D,D,R,R,R
2802,R,R,R,R,R,R,R,D,R,R,D,D,D,R,R,R
2803,R,R,R,R,R,D,R,R,D,R,R,D,D,D,D,R
2804,R,R,R,R,R,R,D,R,D,R,R,D,D,R,R,D
2805,R,D,R,R,R,R,R,D,D,R,R,D,D,D,R,D
2806,D,R,D,R,R,D,D,D,D,D,D,D,D,D,D,D
2807,R,R,R,R,R,R,R,R,D,R,D,D,D,R,R,D
2808,R,R,R,R,R,D,R,D,D,D,R,D,D,D,R,D
2809,D,R,R,R,R,D,R,D,D,R,D,D,D,R,D,D
2810,D,R,R,R,R,R,R,D,R,R,D,D,D,D,D,R
2811,R,D,R,R,R,R,R,R,R,R,R,D,D,R,R,R
2812,R,R,R,R,R,D,R,D,D,R,D,D,D,D,D,D
2813,D,R,R,R,R,R,R,D,D,R,D,D,D,D,D,R
2814,R,R,R,R,R,R,R,R,R,R,D,D,D,R,D,R
2815,D,R,R,R,R,R,R,R,D,R,D,D,D,R,D,R
2816,D,R,R,R,R,R,R,R,D,R,D,D,D,R,D,R
2817,R,R,R,R,R,R,R,D,R,R,R,D,D,R,R,R
2818,R,R,R,R,R,R,R,R,R,R,R,D,D,R,D,R
2819,D,R,R,R,R,R,R,R,D,R,R,D,D,R,R,D
2820,R,R,R,R,R,D,R,D,R,R,R,D,D,D,D,R
2821,R,R,R,R,R,R,R,R,R,R,D,D,D,D,R,R
2822,R,R,R,R,R,R,R,R,R,R,R,D,D,R,R,R
2823,D,D,D,R,R,D,R,D,D,D,D,D,D,D,D,D
2824,R,R,R,R,R,R,D,R,D,R,R,D,D,D,R,R
2825,R,R,R,R,R,R,R,R,R,R,R,D,D,R,R,R
2826,R,R,R,R,R,R,R,D,D,R,D,D,D,R,D,R
2827,R,R,R,R,R,R,R,R,R,R,R,D,D,R,D,R
2828,R,R,R,R,R,R,D,R,D,D,R,D,D,D,R,D
2829,R,D,R,R,R,R,R,D,D,R,R,D,D,D,D,R
2830,R,D,R,R,R,D,R,R,D,R,R,D,D,D,R,D
2831,R,R,R,R,D,R,R,R,D,R,R,D,D,R,R,R
2832,D,R,R,R,R,R,R,D,D,R,R,R,D,R,D,R
2833,D,R,R,R,R,D,D,R,D,R,D,D,D,R,D,D
2834,R,R,R,R,R,D,R,R,R,R,D,D,D,R,D,D
2835,D,R,D,R,R,D,R,D,D,R,D,D,D,D,D,D
2836,D,R,R,R,R,R,R,D,D,D,D,D,D,R,D,R
2837,D,D,R,R,D,D,D,D,D,D,D,D,D,D,D,D
2838,R,R,R,R,R,R,R,R,R,R,R,D,D,D,D,R
2839,R,D,R,R,R,D,R,D,R,D,R,D,D,D,D,R
2840,D,D,R,D,R,D,D,D,D,R,D,D,D,D,D,D
2841,R,D,R,R,R,R,R,D,R,R,D,D,D,R,D,D
2842,R,R,R,R,R,D,R,D,D,R,R,D,D,D,D,R
2843,R,D,R,R,R,R,R,D,D,R,R,D,D,D,D,R
2844,D,R,D,R,D,D,D,D,D,R,D,D,D,D,D,D
2845,R,D,R,R,R,R,R,R,D,R,R,D,D,D,R,R
2846,R,R,R,R,R,R,R,R,R,R,R,D,D,D,D,D
2847,D,D,R,D,R,D,R,D,D,R,D,D,D,D,D,D
2848,D,D,D,R,D,D,D,D,D,R,D,D,D,R,D,D
2849,R,R,R,R,R,R,R,D,D,R,R,D,D,D,D,D
2850,D,D,D,R,R,D,D,D,D,D,D,D,D,D,D,D
2851,R,R,R,R,R,R,R,R,R,R,D,D,D,R,R,R
2852,R,D,R,R,R,R,R,D,D,R,R,D,D,D,D,R
2853,R,D,R,R,R,R,R,D,R,R,R,D,D,D,R,R
2854,R,D,R,R,D,D,R,D,D,R,D,D,D,R,D,D
2855,R,R,R,R,R,R,R,R,D,R,R,D,D,R,D,R
2856,D,R,R,R,R,R,R,D,D,R,D,D,D,R,R,R
2857,R,R,R,R,R,R,R,D,D,R,R,D,D,R,D,D
2858,R,R,R,R,R,R,R,R,R,R,D,D,D,D,R,R
2859,R,D,R,R,R,R,R,R,R,R,R,D,D,R,R,R
2860,R,R,R,R,R,R,R,R,R,R,R,D,D,R,R,R
2861,R,R,R,R,R,R,R,R,R,R,R,D,R,R,R,R
2862,R,R,R,R,R,R,R,D,R,R,R,D,D,R,R,R
2863,R,D,R,R,R,R,R,D,D,R,R,D,D,D,D,R
2864,R,R,R,R,R,R,R,R,R,R,R,D,D,R,R,R
2865,D,R,R,R,R,R,R,R,D,R,R,D,D,R,R,D
2866,R,R,R,R,R,D,R,D,R,R,D,D,D,D,R,R
2867,D,R,R,R,R,R,R,D,D,R,R,D,D,D,R,R
2868,R,R,R,R,R,R,R,D,D,R,D,D,D,R,R,D
2869,R,R,R,R,R,R,R,R,D,R,D,D,D,D,R,D
2870,D,R,R,R,R,R,R,D,D,R,R,D,D,D,R,R
2871,D,R,R,R,R,D,R,R,R,R,D,D,D,D,D,R
2872,R,D,R,R,R,D,D,D,D,R,R,D,D,D,D,D
2873,D,R,R,R,R,R,R,R,R,R,R,D,D,R,R,R
2874,D,R,R,R,R,D,R,D,D,R,R,D,D,R,R,R
2875,R,D,R,R,D,D,D,D,D,R,D,D,D,D,D,D
2876,R,R,R,R,R,R,R,D,R,R,R,D,D,R,R,R
2877,D,R,R,R,R,R,R,R,D,R,D,D,D,R,D,R
2878,D,D,R,R,R,D,R,D,D,R,D,D,D,D,D,D
2879,D,D,R,R,R,R,R,R,D,R,R,D,D,R,R,D
2880,R,R,R,R,R,D,R,R,D,R,R,D,D,D,D,R
2881,R,R,R,R,R,R,R,R,D,R,D,D,D,D,R,D
2882,D,R,R,R,D,R,R,R,D,R,D,D,D,R,D,R
2883,R,R,R,R,R,R,R,R,D,R,R,D,D,D,D,D
2884,D,D,R,R,R,R,R,R,D,R,D,D,D,D,R,R
2885,R,R,R,R,R,R,R,R,R,R,R,D,D,D,D,R
2886,R,R,R,R,R,R,R,R,R,R,D,D,D,R,R,D
2887,R,R,R,R,R,R,R,R,R,R,R,D,D,R,R,R
2888,R,R,R,R,R,D,R,D,R,R,R,D,D,D,R,R
2889,D,D,R,R,R,R,R,D,R,R,R,D,D,R,R,R
2890,D,R,R,R,R,R,D,D,D,R,D,D,D,D,D,R
2891,D,D,R,R,R,D,D,D,D,D,D,D,D,D,D,D
2892,R,D,R,R,R,R,R,D,D,R,D,D,D,D,R,D
2893,D,D,D,D,D,D,R,D,D,D,D,D,D,D,D,D
2894,R,R,R,R,R,R,R,R,R,R,R,D,D,D,R,R
2895,R,R,R,R,R,R,R,R,D,R,D,D,R,D,D,R
2896,R,D,R,R,R,R,D,R,R,R,R,D,D,R,D,R
2897,D,R,R,R,R,R,R,R,R,R,R,D,D,D,R,R
2898,D,D,R,R,R,D,R,D,D,D,D,D,D,D,D,D
2899,R,R,R,R,R,R,R,D,R,D,D,D,D,D,D,D
2900,R,R,R,R,R,R,R,R,R,R,R,D,D,D,D,R
2901,R,R,R,R,D,D,D,D,D,R,D,D,D,D,D,D
2902,D,D,R,R,R,D,D,D,D,R,D,D,D,D,D,D
2903,R,R,R,R,R,D,R,R,D,R,R,D,D,D,R,D
2904,R,R,R,R,R,R,R,R,R,R,R,D,D,R,R,R
2905,D,D,R,R,D,D,D,R,D,R,D,D,D,D,D,D
2906,D,R,R,R,R,R,R,D,D,R,R,D,D,D,D,R
2907,D,R,D,R,D,D,R,D,D,R,D,D,D,R,D,D
2908,D,D,D,R,R,D,R,D,D,D,D,D,D,D,D,D
2909,D,D,D,R,R,D,D,D,D,D,D,D,D,D,D,D
2910,R,D,R,R,R,R,R,R,D,R,R,D,D,D,R,D
2911,R,R,R,R,R,R,R,R,R,R,D,D,D,D,D,R
2912,R,R,R,R,R,R,R,R,R,R,R,D,R,D,R,R
2913,R,R,R,R,R,R,R,R,R,D,D,D,D,D,D,D
2914,D,R,D,R,R,D,R,D,D,R,D,D,D,D,D,D
2915,D,D,R,R,D,D,D,D,D,R,D,D,D,D,D,D
2916,D,R,R,R,R,R,R,R,R,R,D,D,D,R,R,D
2917,R,R,R,R,R,R,R,D,R,D,D,D,D,R,D,R
2918,D,D,D,R,D,D,R,D,D,D,D,D,D,D,D,R
2919,R,R,R,R,R,R,R,R,R,R,R,D,D,R,R,R
2920,D,D,D,R,D,D,D,D,D,R,R,D,D,D,D,D
2921,R,R,R,R,R,R,R,R,R,R,D,D,D,R,R,R
2922,R,R,R,R,R,R,R,D,R,R,R,D,D,D,R,R
2923,R,R,R,R,R,D,R,D,D,R,R,D,D,D,R,D
2924,D,D,R,R,D,D,D,D,D,D,D,D,D,D,D,D
2925,R,D,R,R,R,D,R,D,D,R,R,D,D,D,R,D
2926,R,R,R,R,R,R,R,R,R,R,R,D,D,R,R,R
2927,R,R,R,R,R,D,R,R,D,R,D,D,D,R,R,R
2928,R,R,R,R,R,R,R,D,D,R,R,D,D,R,D,R
2929,R,R,R,R,R,R,R,D,R,R,D,D,D,D,R,R
2930,D,R,R,R,R,R,R,R,D,R,R,D,D,R,D,R
2931,R,R,R,R,R,R,R,D,D,R,D,D,D,D,D,R
2932,R,D,R,R,R,D,R,R,D,D,R,D,D,R,R,R
2933,R,D,R,R,R,D,R,D,D,R,R,D,D,D,D,R
2934,R,D,R,R,R,R,R,R,D,R,R,D,D,R,D,R
2935,R,R,R,R,R,R,R,R,R,R,R,D,D,D,R,R
2936,R,R,R,R,R,R,R,R,R,R,D,D,D,R,R,R
2937,D,D,R,R,D,D,R,D,D,R,D,D,D,D,D,D
2938,D,R,R,R,R,R,R,R,R,R,D,D,D,D,R,D
2939,D,D,R,R,R,D,R,D,D,R,D,D,D,D,D,R
2940,D,D,D,R,R,D,R,D,D,D,D,D,D,D,D,D
2941,D,R,D,R,R,D,R,D,D,R,R,D,D,D,D,R
2942,R,R,R,R,R,D,R,D,D,R,R,D,D,R,D,D
2943,R,R,R,R,R,R,R,R,D,R,D,D,D,D,D,R
2944,D,R,R,R,R,R,D,R,R,R,R,D,D,D,D,R
2945,R,D,R,R,R,D,R,R,D,R,R,D,D,R,R,R
2946,R,R,R,R,R,R,R,D,R,R,R,D,D,R,D,R
2947,R,R,R,R,R,R,R,R,R,R,R,D,D,R,D,R
2948,R,D,D,R,R,D,D,D,D,R,D,D,D,D,D,D
2949,R,D,R,R,R,R,R,R,R,R,D,D,D,D,R,R
2950,R,R,R,R,R,R,R,R,D,R,R,D,D,R,R,R
2951,D,D,R,R,R,R,R,R,D,D,R,D,D,D,D,R
2952,R,R,R,R,R,R,R,R,D,R,R,D,D,R,D,R
2953,R,R,R,R,R,R,R,R,R,R,R,D,D,R,R,R
2954,R,R,R,R,R,D,R,R,D,R,R,D,D,R,D,D
2955,R,R,R,R,R,R,R,R,R,R,R,D,D,D,R,R
2956,R,D,R,R,R,R,R,R,R,R,R,D,D,R,D,R
2957,R,R,R,R,R,D,R,R,D,R,R,D,D,R,R,R
2958,R,R,R,R,R,R,R,R,D,R,R,D,D,D,R,R
2959,R,R,R,R,R,D,R,R,R,R,R,D,D,R,R,R
2960,R,R,R,R,R,D,R,D,D,R,R,D,D,R,R,R
2961,R,R,R,R,R,D,R,D,R,R,R,D,D,D,R,D
2962,R,R,R,R,R,R,D,R,R,R,D,D,D,R,D,D
2963,R,R,R,R,R,D,R,R,D,R,R,D,D,R,R,R
2964,R,R,R,R,R,R,R,R,D,R,R,D,D,R,D,R
2965,D,R,R,R,R,R,R,R,D,R,D,D,D,R,R,D
2966,R,R,R,R,R,R,R,R,R,R,R,D,D,D,R,R
2967,D,R,R,R,R,D,R,R,D,D,R,D,D,D,R,R
2968,R,R,R,R,R,D,R,D,D,R,R,D,D,R,D,R
2969,R,R,R,R,R,D,R,D,D,R,R,D,D,R,R,R
2970,R,R,R,R,R,R,R,R,R,D,R,D,D,D,R,D
2971,R,D,R,R,R,R,R,R,R,D,D,D,D,R,R,R
2972,R,D,R,R,R,R,D,R,D,R,R,D,D,D,R,D
2973,R,R,R,R,D,R,D,D,D,R,D,D,D,D,R,R
2974,R,R,R,R,R,R,R,D,D,R,R,D,D,D,R,R
2975,D,D,D,R,D,D,D,D,D,D,D,D,D,D,D,D
2976,R,R,R,R,R,R,R,R,R,R,R,D,D,R,D,R
2977,R,R,R,R,R,D,R,R,D,R,R,D,D,R,D,R
2978,D,D,D,R,R,D,R,D,D,R,R,D,D,D,D,D
2979,R,R,R,R,R,R,R,R,R,R,R,D,D,R,R,R
2980,R,R,R,R,R,D,R,D,D,R,R,D,D,R,D,R
2981,R,R,R,R,R,R,R,R,R,R,D,D,D,D,D,R
2982,R,R,R,R,R,R,R,R,R,R,R,R,D,R,R,R
2983,R,R,R,R,R,D,R,R,R,R,R,D,D,R,R,R
2984,R,D,R,R,R,R,R,D,D,R,R,D,D,D,R,R
2985,R,R,R,R,R,R,R,R,D,R,R,D,D,R,D,D
2986,R,R,R,R,R,D,R,D,R,R,R,D,D,D,R,R
2987,R,R,R,R,R,R,R,D,D,R,D,D,D,D,R,R
2988,R,R,R,R,R,R,R,R,R,D,R,D,D,R,D,D
2989,R,D,R,R,R,D,R,R,D,R,D,D,D,D,D,R
2990,R,D,R,R,R,D,R,D,D,R,R,D,D,D,D,D
2991,R,R,R,R,R,R,R,R,R,R,R,D,D,D,R,R
2992,D,D,R,R,D,D,R,D,D,R,D,D,D,D,D,D
2993,D,R,R,R,R,R,R,R,D,R,D,D,D,R,R,D
2994,R,D,R,R,R,R,R,D,D,R,R,D,D,D,D,R
2995,D,R,R,R,R,D,R,R,D,R,D,D,D,D,R,D
2996,D,D,R,R,R,R,R,R,D,R,D,D,D,D,R,R
2997,R,R,R,R,R,R,R,R,R,R,D,D,D,D,D,D
2998,R,R,R,R,R,D,R,D,D,R,R,D,D,D,R,R
2999,R,R,R,R,R,R,R,R,R,R,R,D,D,R,R,R
3000,R,R,R,R,R,R,R,R,R,R,R,D,D,R,R,R
3001,D,R,R,R,R,R,R,R,R,R,R,D,D,R,R,R
3002,R,R,R,R,R,D,R,D,D,R,R,D,D,D,R,R
3003,R,R,R,R,R,R,R,R,D,R,R,D,D,D,D,R
3004,R,R,R,R,R,R,R,R,R,R,R,D,D,D,R,R
3005,R,R,R,R,R,R,R,R,D,R,R,D,D,D,R,D
3006,D,R,R,R,R,D,R,D,D,R,R,D,D,D,R,D
3007,R,R,R,R,R,R,R,R,D,R,R,D,D,R,R,R
3008,D,R,R,R,R,D,D,D,D,R,D,D,D,D,D,D
3009,D,R,R,R,R,D,R,R,D,R,D,D,D,D,D,D
3010,R,R,R,R,R,D,R,D,D,R,D,D,R,D,D,R
3011,R,R,R,R,R,R,R,R,R,R,R,D,D,R,R,R
3012,R,R,R,R,R,D,R,R,D,R,D,D,D,R,D,R
3013,D,D,R,R,D,D,R,D,D,D,D,D,D,D,D,D
3014,R,D,R,R,R,D,R,R,R,R,D,D,D,D,R,R
3015,D,R,R,R,R,R,R,R,D,R,R,D,D,D,R,R
3016,R,R,R,R,R,R,R,D,D,R,R,D,D,R,D,R
3017,R,R,R,R,R,D,R,R,D,R,R,D,D,R,D,R
3018,R,R,R,R,R,R,R,R,D,R,R,D,D,D,R,R
3019,D,D,R,R,R,R,R,D,D,R,D,D,D,D,D,D
3020,D,R,R,R,R,R,R,R,R,R,R,D,D,R,R,R
3021,D,D,R,R,R,R,R,R,D,R,D,D,D,D,R,D
3022,D,R,R,R,R,D,R,D,R,R,R,D,D,R,R,R
3023,D,D,R,R,D,D,D,D,D,R,D,D,D,R,D,D
3024,D,R,R,R,R,R,R,R,D,R,R,D,D,R,D,R
3025,R,R,R,R,R,R,R,R,R,R,R,D,D,D,R,R
3026,R,R,R,R,R,R,R,R,D,R,D,D,D,D,D,D
3027,R,R,R,R,R,R,R,R,D,R,R,D,D,R,R,D
3028,R,R,R,R,R,R,R,D,D,R,R,D,D,D,R,R
3029,D,R,R,R,D,D,R,D,D,D,D,D,D,D,D,D
3030,R,R,R,R,R,D,R,R,D,R,D,D,D,D,R,R
3031,R,R,R,R,R,R,R,R,R,R,D,D,D,D,D,D
3032,R,R,R,R,R,D,R,D,D,R,R,D,D,D,R,D
3033,R,R,R,R,R,R,R,D,D,R,R,D,D,D,D,R
3034,R,R,R,R,R,R,R,R,R,R,R,D,D,D,R,R
3035,D,D,R,R,R,D,R,R,D,R,R,D,D,R,R,R
3036,D,D,R,R,R,D,R,R,D,D,D,D,D,R,R,D
3037,R,D,R,R,R,R,R,D,D,R,D,D,D,D,D,R
3038,D,R,R,R,R,R,R,D,D,R,D,D,D,R,R,R
3039,D,D,D,R,R,D,R,D,D,D,D,D,D,D,D,D
3040,D,D,R,R,R,D,R,D,D,D,D,D,D,D,D,D
3041,R,R,R,R,R,R,R,D,R,R,R,D,D,R,R,R
3042,D,R,R,R,R,R,R,R,D,R,R,D,D,D,D,R
3043,R,D,R,R,R,R,R,R,R,R,R,D,D,D,R,R
3044,D,R,R,R,R,D,R,R,D,R,R,D,D,D,R,D
3045,R,D,R,R,R,R,R,R,D,R,R,D,D,D,R,D
3046,D,D,R,R,R,R,D,D,D,R,D,D,D,R,R,R
3047,R,R,R,R,R,R,R,D,D,R,R,D,D,D,R,R
3048,R,D,R,R,R,D,R,R,R,R,R,D,D,R,R,R
3049,D,R,R,R,R,D,R,D,D,R,R,D,D,D,D,R
3050,D,R,R,R,R,D,R,R,D,R,R,D,D,R,D,R
3051,R,R,R,R,R,R,R,R,R,R,R,D,D,R,R,R
3052,D,R,D,R,R,R,R,R,D,R,R,D,D,D,D,R
3053,R,R,R,R,R,R,R,R,D,R,R,D,D,D,D,R
3054,R,R,R,R,R,R,R,D,D,R,R,D,D,R,D,R
3055,R,R,R,R,R,R,R,R,D,R,R,D,R,R,R,R
3056,R,R,R,R,R,R,R,R,D,R,R,D,R,R,R,R
3057,D,R,R,R,R,R,R,R,D,R,R,D,D,R,D,D
3058,R,R,R,R,R,D,R,R,D,R,R,D,D,R,R,D
3059,D,D,R,R,R,R,R,D,D,R,D,D,D,D,R,D
3060,D,D,D,R,R,D,R,D,D,D,D,D,D,D,D,D
3061,R,R,R,R,R,R,R,R,R,R,R,D,D,R,R,R
3062,R,R,R,R,R,R,R,R,R,R,R,D,D,R,R,R
3063,D,R,R,R,R,R,R,D,D,R,R,D,D,R,D,R
3064,R,R,R,R,R,R,R,R,D,R,R,D,D,R,R,R
3065,R,D,R,R,R,D,R,R,D,R,R,D,D,R,R,D
3066,R,R,R,R,R,R,R,R,D,R,D,D,D,R,R,D
3067,R,R,R,R,R,D,D,D,D,R,D,D,D,D,R,D
3068,D,D,D,R,R,D,R,D,D,D,D,D,D,D,D,D
3069,R,R,R,R,R,R,R,D,R,R,R,D,D,D,R,R
3070,D,D,D,R,R,D,D,D,D,D,D,D,D,D,R,D
3071,R,D,R,R,R,R,R,R,R,R,R,D,D,D,R,R
3072,R,D,R,R,R,D,R,D,D,R,D,D,D,D,D,D
3073,D,D,R,R,R,R,R,R,R,R,D,D,D,D,R,D
3074,R,R,R,R,R,R,R,R,R,R,R,D,D,D,R,D
3075,D,D,R,R,R,D,R,D,D,R,R,D,D,R,D,R
3076,D,D,D,R,R,D,R,D,D,D,D,D,D,D,D,D
3077,D,R,R,R,R,D,D,D,D,D,D,D,D,D,D,D
3078,R,R,R,R,R,R,R,D,R,R,D,D,D,D,R,R
3079,R,D,R,R,R,D,R,R,D,R,R,D,D,R,R,R
3080,R,D,R,R,R,R,R,D,D,R,D,D,D,D,R,D
3081,D,R,R,R,R,R,R,D,D,R,R,D,D,R,R,R
3082,D,R,R,R,R,D,R,D,D,R,D,D,D,R,D,R
3083,R,R,R,R,R,D,R,R,R,R,R,D,D,R,R,R
3084,R,R,R,R,R,D,R,D,D,R,D,D,D,D,D,R
3085,D,D,R,R,R,R,R,R,D,R,R,D,D,R,D,R
3086,R,R,R,R,R,R,R,R,D,R,R,D,D,R,D,R
3087,R,R,R,R,R,R,R,R,R,R,R,D,D,R,R,R
3088,R,D,R,R,R,D,R,R,R,R,R,D,D,R,D,R
3089,R,R,R,R,R,D,R,R,D,R,D,D,D,D,D,D
3090,D,D,D,R,D,D,R,D,D,R,D,D,D,D,D,D
3091,D,R,R,R,R,R,R,R,R,R,D,D,D,R,D,R
3092,D,D,D,R,D,D,D,D,D,R,D,D,D,D,D,D
3093,R,R,R,R,R,R,R,R,R,R,D,R,D,R,R,R
3094,D,D,D,D,D,D,R,D,D,R,D,D,D,D,D,D
3095,R,R,R,R,R,R,R,R,R,R,R,D,R,R,R,R
3096,D,D,R,R,R,D,R,D,D,R,D,D,D,D,D,D
3097,D,R,R,R,R,R,R,D,D,R,R,D,D,D,R,D
3098,R,D,R,R,R,R,R,R,D,R,R,D,D,D,R,R
3099,R,R,R,R,R,R,R,D,D,R,R,D,D,D,D,R
3100,R,R,R,R,R,R,R,R,D,R,R,D,D,R,R,R
3101,D,D,D,R,R,D,R,D,D,R,D,D,D,D,D,D
3102,R,R,R,R,R,R,R,D,R,R,R,D,D,R,R,R
3103,R,R,R,R,R,D,R,D,R,R,R,D,D,D,R,D
3104,D,D,R,R,R,R,D,R,D,R,D,D,D,D,D,D
3105,D,D,R,R,R,D,D,D,D,D,D,D,D,D,D,R
3106,R,R,R,R,R,R,R,R,R,R,D,D,D,D,R,D
3107,R,D,R,R,R,R,R,D,R,R,D,D,D,D,R,D
3108,D,D,D,R,R,D,D,D,D,R,D,D,D,D,D,D
3109,D,D,D,R,R,D,R,D,D,R,D,D,D,D,D,D
3110,R,R,R,R,R,R,R,D,R,R,R,D,D,R,R,R
3111,R,R,R,R,R,R,R,R,D,R,R,D,D,R,R,R
3112,D,D,R,R,R,R,D,R,D,R,D,D,D,D,R,R
3113,R,R,R,R,R,D,R,R,R,R,R,D,D,R,R,R
3114,R,R,R,R,R,R,R,D,R,R,D,D,D,D,R,R
3115,R,D,R,R,R,D,R,R,R,R,R,D,D,R,R,D
3116,R,R,R,R,R,R,R,R,R,R,D,D,D,R,R,R
3117,R,R,R,R,R,D,R,R,R,R,R,D,D,R,R,R
3118,D,D,R,R,R,R,D,D,R,R,R,D,D,D,R,R
3119,D,D,R,R,D,D,R,D,D,R,D,D,D,D,D,D
3120,R,R,R,R,R,D,R,R,R,R,R,D,R,R,D,R
3121,R,D,R,R,R,D,R,R,R,R,R,D,D,D,R,R
3122,R,R,R,R,R,R,R,R,R,R,R,D,D,R,D,R
3123,D,D,R,R,R,D,R,D,R,R,R,D,D,D,R,R
3124,R,R,R,R,R,R,R,R,R,R,R,D,D,R,R,R
3125,R,R,R,R,R,R,R,R,R,R,R,D,D,D,R,R
3126,D,D,R,R,R,D,R,R,D,R,R,D,D,D,R,R
3127,R,R,R,R,R,R,R,R,D,R,R,D,D,R,R,R
3128,R,R,R,R,R,R,R,D,D,R,D,D,D,D,D,R
3129,R,R,R,R,R,R,R,R,R,R,R,R,D,R,R,R
3130,D,D,D,R,R,D,R,D,D,D,D,D,D,D,D,D
3131,R,D,R,R,R,R,R,R,R,R,R,D,D,R,D,R
3132,D,D,D,R,R,D,D,D,D,R,R,D,D,D,D,D
3133,R,R,R,R,R,D,R,D,D,R,R,D,D,R,D,D
3134,R,R,R,R,R,D,R,R,D,R,R,D,D,D,R,R
3135,D,R,R,R,R,D,D,D,D,R,D,D,D,D,D,D
3136,R,D,R,R,R,R,D,D,D,R,R,D,D,D,R,R
3137,R,D,R,R,R,R,R,D,D,D,R,D,D,R,R,R
3138,R,R,R,R,R,R,R,R,R,R,R,D,D,R,R,R
3139,D,R,R,R,R,R,R,R,D,R,R,D,D,D,D,R
3140,D,R,R,R,R,R,R,R,R,D,R,D,D,R,R,R
3141,D,D,R,R,R,D,R,R,R,R,D,D,D,R,R,R
3142,R,R,R,R,R,R,R,D,D,R,R,D,D,R,D,R
3143,D,D,R,R,R,D,R,D,D,R,R,D,D,R,D,D
3144,D,D,R,R,R,D,R,D,D,R,R,D,D,R,D,D
3145,R,R,R,R,R,R,R,D,R,R,R,D,D,D,R,R
3146,D,D,D,R,D,D,D,D,D,D,D,D,D,D,D,D
3147,R,R,R,R,R,R,R,D,D,R,R,D,D,R,R,R
3148,R,R,R,R,R,R,R,R,R,R,R,D,D,R,R,R
3149,R,D,R,R,D,D,D,D,D,D,D,D,D,D,D,D
3150,R,D,R,R,R,D,R,D,D,R,D,D,D,D,D,R
3151,R,R,R,R,R,D,R,D,R,R,D,D,D,R,R,R
3152,R,D,R,R,R,R,R,R,D,R,R,D,D,D,R,D
3153,D,R,R,R,R,R,R,R,R,R,R,D,D,D,D,D
3154,R,R,R,R,R,R,R,D,R,R,R,D,D,R,R,R
3155,R,R,D,R,R,R,D,R,D,R,D,D,D,R,D,R
3156,D,D,D,R,R,D,D,D,D,R,D,D,D,D,D,D
3157,R,R,R,R,R,R,R,R,D,R,R,D,D,R,R,R
3158,D,D,R,R,D,D,D,D,D,D,D,D,D,D,D,D
3159,R,R,R,R,R,R,R,R,D,R,R,D,D,R,D,D
3160,D,D,R,R,R,R,R,D,R,R,R,D,D,D,D,D
3161,D,D,R,D,D,D,D,D,D,D,D,D,D,D,D,D
3162,R,D,R,R,R,D,D,D,D,R,D,D,D,D,D,D
3163,D,R,R,R,R,R,R,R,R,R,R,D,D,D,R,R
3164,R,R,R,R,R,R,R,R,R,R,R,D,D,R,R,R
3165,D,R,R,R,R,R,R,D,D,R,R,D,D,D,D,D
3166,D,D,R,R,D,D,D,D,D,R,D,D,D,D,D,D
3167,R,R,R,R,R,D,R,R,D,R,R,D,D,R,R,R
3168,R,D,R,R,D,D,D,D,D,R,D,D,D,D,D,D
3169,R,R,R,R,R,R,R,R,R,R,R,D,D,D,R,R
3170,R,R,R,R,R,D,R,D,R,R,D,D,D,R,R,R
3171,R,D,R,R,R,R,R,R,D,R,R,D,D,D,R,D
3172,D,D,R,R,R,D,R,R,R,R,R,D,D,D,R,R
3173,R,R,R,R,R,R,R,R,R,R,R,D,D,R,D,R
3174,R,R,R,R,R,R,R,R,R,R,R,D,D,R,R,R
3175,D,D,D,R,D,D,D,D,D,D,D,D,D,D,R,D
3176,R,D,R,R,R,D,D,R,D,R,R,D,D,R,R,D
3177,R,R,R,R,R,D,R,R,R,R,R,D,D,D,D,R
3178,R,R,R,R,R,R,R,D,D,R,R,D,D,R,R,R
3179,R,D,R,R,R,R,R,R,D,R,R,D,D,D,R,D
3180,R,R,R,R,R,D,R,D,D,R,D,D,D,D,R,R
3181,D,D,R,R,R,D,D,R,D,R,D,D,D,D,D,R
3182,D,R,R,R,R,D,R,R,D,R,R,D,D,D,R,R
3183,R,R,R,R,R,R,D,R,D,R,D,D,D,D,R,R
3184,D,R,R,R,R,R,R,R,D,R,R,D,D,R,R,R
3185,R,R,R,R,R,R,R,R,R,R,R,D,D,D,R,R
3186,R,R,R,R,R,R,R,D,R,R,D,D,D,R,R,D
3187,R,R,R,R,R,D,D,R,R,R,D,D,D,D,R,R
3188,R,R,R,R,R,R,R,D,R,R,R,D,D,R,R,R
3189,R,R,R,R,R,R,R,D,R,R,R,D,D,R,R,D
3190,D,R,R,R,R,R,R,R,D,R,R,D,D,D,R,R
3191,R,R,R,R,R,D,R,R,R,R,R,D,D,R,D,R
3192,D,D,R,R,R,D,R,R,D,R,R,D,D,R,R,R
3193,R,D,R,R,R,R,R,D,D,R,D,D,D,R,R,R
3194,R,R,R,R,R,R,R,R,R,R,R,D,D,R,R,R
3195,D,D,R,R,D,D,R,D,D,R,D,D,D,D,D,D
3196,D,R,R,R,R,R,R,R,R,R,D,D,D,R,R,R
3197,D,D,R,R,D,D,R,D,D,D,D,D,D,D,D,R
3198,R,R,R,R,R,R,R,R,D,R,R,D,D,R,D,R
3199,R,R,R,R,R,R,R,R,R,R,R,D,D,R,R,R
3200,R,R,R,R,R,D,R,R,D,R,R,D,D,R,D,R
3201,D,R,R,R,R,D,R,R,R,R,R,D,D,D,R,R
3202,D,R,R,R,R,D,R,D,D,R,R,D,D,R,R,D
3203,R,R,R,R,R,R,R,R,D,R,R,D,D,D,R,D
3204,R,D,R,R,R,R,R,R,R,R,R,D,D,D,R,R
3205,R,D,R,R,R,D,R,D,R,R,R,D,D,R,R,R
3206,D,D,R,R,R,D,D,D,D,R,D,D,D,D,D,D
3207,R,R,R,R,R,D,R,D,D,D,R,D,D,D,D,R
3208,R,D,R,R,R,R,R,D,D,R,R,D,D,D,R,R
3209,R,R,R,R,R,R,R,R,R,R,R,D,D,R,R,R
3210,D,D,R,R,D,D,R,D,D,D,D,D,D,D,D,D
3211,R,D,R,R,R,R,R,D,D,R,R,D,D,R,R,R
3212,D,D,R,R,R,R,R,D,D,R,R,D,D,D,R,R
3213,R,R,R,R,R,R,R,R,D,R,R,D,D,R,D,R
3214,R,R,R,R,R,R,R,R,R,R,R,R,D,R,R,R
3215,R,R,R,R,R,R,R,R,R,R,R,D,D,R,R,R
3216,R,D,D,R,D,D,D,D,D,D,R,D,D,D,D,D
3217,R,D,R,R,R,R,R,D,D,R,R,D,D,D,D,R
3218,R,R,R,R,R,R,R,R,R,R,D,D,D,D,R,R
3219,D,D,R,R,R,R,R,R,D,R,D,D,D,D,R,R
3220,D,D,R,R,D,D,D,D,D,R,D,D,D,D,R,R
3221,D,D,R,R,R,R,R,D,D,R,R,D,D,D,R,R
3222,R,R,R,R,R,R,R,D,D,R,R,D,D,R,R,R
3223,D,D,R,R,R,D,R,R,D,R,D,D,D,D,R,R
3224,R,R,R,R,R,R,R,R,R,R,R,D,D,R,D,R
3225,D,R,R,R,R,R,R,R,D,R,R,D,D,R,D,D
3226,D,D,R,R,R,D,D,D,D,R,D,D,D,D,D,R
3227,R,R,R,R,R,D,R,R,R,R,R,D,D,R,D,R
3228,R,R,R,R,R,D,R,D,D,R,R,D,D,D,R,R
3229,D,D,D,R,D,D,D,D,D,R,D,D,D,D,D,D
3230,D,D,D,R,R,D,D,D,R,R,R,D,D,R,R,R
3231,R,R,R,R,R,R,R,R,D,R,R,D,D,D,D,R
3232,R,D,R,R,R,D,R,R,R,R,R,D,D,R,D,R
3233,R,R,R,R,R,R,R,R,D,R,R,D,D,R,R,R
3234,R,R,D,R,R,D,D,R,R,R,D,D,D,D,D,D
3235,R,R,R,R,R,D,R,D,R,R,D,D,D,D,D,R
3236,R,R,R,R,R,R,R,R,R,R,R,D,D,D,R,R
3237,R,R,R,D,R,D,D,D,D,D,D,D,D,D,D,D
3238,R,R,R,R,R,R,R,D,R,R,R,D,D,R,R,R
3239,R,D,R,R,R,R,R,D,D,D,D,D,D,D,R,D
3240,D,R,D,R,R,R,R,D,D,D,D,D,D,D,D,D
3241,R,R,R,R,R,D,R,R,R,R,R,D,D,D,R,R
3242,R,D,R,R,R,D,D,D,D,D,R,D,D,R,R,D
3243,R,R,R,R,R,D,R,D,D,R,R,D,D,D,D,D
3244,D,R,R,R,R,D,D,D,D,R,D,D,D,D,D,R
3245,D,R,D,D,R,D,R,D,D,R,D,D,D,D,D,D
3246,R,D,R,R,R,R,R,R,D,R,R,D,D,R,D,R
3247,R,D,R,R,R,R,R,R,R,R,R,D,D,D,D,R
3248,D,D,R,R,R,D,D,D,D,R,D,D,D,D,D,D
3249,R,R,R,R,R,D,R,R,R,R,R,D,D,R,R,R
3250,R,R,R,R,R,R,D,R,D,R,R,D,D,D,D,R
3251,R,R,R,R,R,R,R,R,R,R,R,D,D,R,R,R
3252,D,D,R,R,R,D,R,R,D,R,R,D,D,D,R,R
3253,D,R,R,R,R,R,R,R,R,R,R,D,D,R,D,D
3254,R,D,R,R,R,D,R,R,R,R,D,D,D,D,D,R
3255,D,R,R,R,R,D,R,R,D,R,R,D,D,R,R,D
3256,D,R,R,R,R,R,R,D,D,R,R,D,D,R,R,D
3257,D,R,R,R,R,D,D,D,D,D,D,D,D,D,D,D
3258,R,R,R,R,R,R,R,R,D,R,D,D,D,R,R,R
3259,R,R,R,R,R,R,R,D,R,R,R,D,D,R,R,R
3260,D,D,R,R,R,R,R,R,D,R,R,D,D,D,R,D
3261,D,R,R,R,R,D,R,D,R,R,R,D,D,R,D,R
3262,D,R,R,R,R,D,R,D,D,D,D,D,D,D,D,D
3263,D,R,R,R,R,D,D,R,D,R,D,D,D,D,D,R
3264,R,R,R,R,R,D,R,D,D,R,R,D,D,D,R,R
3265,D,D,R,R,D,D,D,D,D,R,D,D,D,D,D,D
3266,D,R,R,R,R,R,R,D,D,R,R,D,D,R,D,R
3267,D,D,D,R,R,D,D,D,D,R,D,D,D,D,D,D
3268,R,R,D,D,R,D,D,D,D,R,D,D,D,D,D,D
3269,R,R,R,R,R,D,R,D,D,R,R,D,D,R,D,R
3270,D,D,R,R,D,D,R,D,D,R,D,D,D,D,D,D
3271,R,R,R,R,R,R,R,R,D,R,R,D,D,R,D,R
3272,R,R,R,R,R,R,R,D,R,R,R,D,D,R,D,R
3273,D,D,R,R,R,D,R,D,R,R,R,D,D,R,D,R
3274,D,R,R,R,R,R,R,D,D,R,D,D,D,D,R,R
3275,D,D,R,R,R,R,R,R,D,R,R,D,D,D,R,R
3276,R,R,R,R,R,R,R,D,D,R,R,D,D,D,D,D
3277,D,D,R,R,D,D,D,D,D,R,D,D,D,D,D,D
3278,R,R,R,R,R,R,R,D,R,R,D,D,D,R,R,D
3279,R,R,R,R,R,R,D,R,R,R,D,D,D,D,D,D
3280,R,D,R,R,R,D,R,D,R,R,R,D,D,R,D,D
3281,R,R,R,R,R,R,R,R,R,R,R,D,D,R,R,R
3282,R,R,R,R,R,R,R,R,R,R,R,D,D,R,R,R
3283,R,R,R,R,R,R,R,R,R,R,R,D,D,R,R,R
3284,D,D,R,R,D,D,D,D,D,D,D,D,D,D,D,D
3285,D,D,D,R,R,D,R,R,D,R,R,D,D,R,D,R
3286,R,D,R,R,R,D,R,R,D,D,D,D,D,R,R,R
3287,D,R,R,R,R,R,R,R,D,R,D,D,D,R,R,R
3288,D,R,R,R,R,R,R,D,R,R,R,D,D,R,R,R
3289,D,R,R,R,R,D,D,D,D,R,D,D,D,D,D,D
3290,R,R,R,R,R,R,R,R,R,R,R,R,D,R,R,R
3291,R,R,R,R,R,R,R,R,R,R,R,D,D,D,D,R
3292,R,R,R,R,R,D,R,R,D,R,R,D,D,R,D,R
3293,R,D,R,R,R,R,R,D,D,R,D,D,D,R,D,R
3294,D,R,R,R,R,D,D,D,D,R,D,D,D,D,D,D
3295,R,R,R,R,R,D,R,R,D,D,R,D,D,D,D,R
3296,R,R,R,R,R,D,D,R,R,R,D,D,D,R,D,R
3297,D,R,R,R,R,R,R,R,D,R,R,D,D,R,R,D
3298,R,R,R,R,R,R,R,D,D,R,R,D,D,R,R,D
3299,R,R,R,R,R,D,R,R,R,R,R,D,D,R,D,R
3300,R,R,R,R,R,R,R,D,R,R,D,D,D,D,R,R
3301,D,R,R,R,R,D,R,D,D,R,D,D,D,R,D,R
3302,D,D,D,R,R,D,R,D,D,R,D,D,D,D,D,R
3303,D,D,D,R,R,D,R,D,D,D,R,D,D,D,D,D
3304,D,D,D,R,R,R,R,D,D,D,D,D,D,D,D,R
3305,R,R,R,R,R,D,D,R,D,R,R,D,D,D,D,D
3306,R,R,D,R,R,D,D,D,D,D,D,D,D,D,D,D
3307,D,R,D,R,R,D,R,R,D,R,R,D,D,D,R,R
3308,R,R,R,R,R,R,R,R,D,R,D,D,D,R,R,R
3309,R,R,R,R,R,R,R,R,R,R,R,D,D,R,R,R
3310,D,D,D,R,R,D,R,D,D,D,D,D,D,D,D,R
3311,R,R,R,R,R,D,R,D,D,R,D,D,D,R,D,R
3312,R,D,R,R,R,R,R,R,R,R,R,D,D,D,R,R
3313,R,R,R,R,R,R,R,R,D,R,D,D,D,D,R,R
3314,R,R,R,R,R,R,R,R,D,R,R,D,D,R,R,R
3315,D,D,R,R,D,D,D,D,D,R,D,D,D,D,D,D
3316,D,R,R,R,R,R,R,R,R,R,R,D,D,R,D,R
3317,R,D,R,R,R,D,R,R,R,R,R,D,D,D,D,D
3318,R,R,R,R,R,R,R,R,R,R,D,D,D,R,R,R
3319,R,R,R,R,R,R,R,D,R,R,R,D,D,D,D,R
3320,R,R,R,R,R,D,R,R,D,R,R,D,D,D,D,R
3321,R,R,R,R,R,R,R,R,R,R,R,D,D,R,R,D
3322,R,D,D,R,R,D,D,D,D,D,D,D,D,D,D,D
3323,R,R,R,R,R,R,R,D,R,R,D,D,D,D,R,R
3324,R,R,R,R,R,D,R,R,D,R,R,D,R,R,R,R
3325,R,D,R,R,R,D,R,D,D,R,D,D,D,R,R,R
3326,R,R,R,R,R,R,R,R,R,R,R,D,D,D,R,R
3327,R,R,R,R,R,R,R,R,D,R,R,D,D,R,R,R
3328,D,D,D,R,R,D,D,D,D,R,R,D,D,D,D,D
3329,D,D,R,R,D,D,D,D,D,D,D,D,D,D,D,D
3330,R,R,R,R,R,D,R,R,D,R,R,D,D,D,R,R
3331,D,D,D,D,R,D,D,D,D,D,D,D,D,D,D,D
3332,R,R,R,R,R,R,R,R,R,R,R,D,D,D,R,R
3333,R,R,R,R,R,R,R,R,R,R,R,D,D,D,R,R
3334,R,R,R,R,R,R,R,R,R,R,R,D,D,R,R,R
3335,R,R,R,R,R,R,R,R,R,R,D,D,D,D,R,R
3336,D,D,D,R,R,D,D,D,D,D,D,D,D,D,D,D
3337,D,D,R,R,R,D,R,R,D,R,R,D,D,D,D,R
3338,R,D,R,R,R,D,R,R,R,R,R,D,D,D,D,R
3339,D,R,R,R,R,R,R,D,D,R,R,D,D,R,D,D
3340,D,R,R,D,R,D,R,D,D,R,D,D,D,D,D,R
3341,R,R,R,R,R,R,R,D,D,R,D,D,D,R,R,R
3342,D,D,R,R,D,D,D,D,D,R,D,D,D,D,D,D
3343,D,D,D,R,R,R,R,D,D,D,D,D,D,D,D,D
3344,R,R,R,R,R,R,R,R,D,R,R,D,D,R,R,R
3345,R,R,R,R,R,R,R,R,R,R,R,D,D,R,R,R
3346,R,R,R,R,R,R,R,D,D,R,R,D,D,D,R,R
3347,R,R,R,R,R,R,R,R,R,R,R,D,D,R,R,R
3348,R,R,R,R,R,R,R,R,R,R,D,D,D,D,D,R
3349,D,R,R,R,R,R,R,R,R,R,R,D,D,D,R,R
3350,D,R,R,R,R,R,R,R,D,R,R,D,D,R,R,R
3351,R,R,R,R,R,R,R,R,R,R,R,D,D,D,D,R
3352,R,R,R,R,R,R,R,R,R,R,R,D,D,R,R,D
3353,D,R,R,R,R,D,R,D,D,R,R,D,D,R,R,R
3354,R,R,R,R,R,R,R,R,D,R,R,D,D,D,R,R
3355,R,D,R,R,R,R,R,R,R,R,R,D,D,D,R,R
3356,R,D,R,R,R,D,R,R,D,R,R,D,D,R,R,R
3357,D,R,R,R,R,D,R,R,R,R,R,D,D,D,R,R
3358,R,R,R,R,R,R,R,R,R,R,R,D,D,R,R,D
3359,R,R,R,R,R,D,R,D,R,R,D,D,D,D,R,R
3360,R,R,R,R,R,D,R,D,D,D,D,D,D,D,D,R
3361,R,D,D,R,R,R,R,R,D,R,D,D,D,D,R,R
3362,R,D,R,R,R,D,R,D,D,R,R,D,D,D,D,D
3363,R,R,R,R,R,D,R,R,R,R,D,D,R,R,R,R
3364,R,R,R,R,R,R,R,R,D,D,R,D,D,D,R,R
3365,R,R,R,R,R,R,R,D,R,R,R,D,D,R,D,R
3366,D,R,R,R,R,R,R,R,R,R,R,D,D,D,R,D
3367,D,R,R,R,R,R,R,R,D,R,R,D,D,D,R,R
3368,D,D,D,R,R,D,D,D,D,R,D,D,D,D,D,D
3369,R,D,R,R,R,R,R,R,R,R,R,D,D,R,R,R
3370,R,R,R,R,R,R,R,R,R,R,R,D,D,R,R,R
3371,R,R,R,R,R,R,R,R,D,R,R,D,D,R,R,R
3372,R,R,R,R,R,R,R,R,R,R,R,D,D,R,R,D
3373,D,D,R,R,D,D,R,D,D,R,D,D,D,D,D,D
3374,D,R,R,R,R,R,R,D,D,R,D,D,D,R,D,R
3375,D,R,R,R,R,R,R,R,D,R,D,D,D,R,D,R
3376,D,R,R,R,R,R,R,R,R,R,R,D,D,R,R,R
3377,R,R,R,R,R,D,R,D,D,D,R,D,D,R,R,R
3378,R,D,R,R,D,D,R,D,D,D,D,D,D,D,D,D
3379,D,R,R,R,R,R,R,R,D,R,D,D,D,D,R,R
3380,R,R,R,R,R,R,R,R,D,R,R,D,D,R,D,R
3381,R,R,R,R,R,R,R,R,D,R,D,D,D,R,D,R
3382,D,R,R,R,R,R,R,D,D,R,R,D,D,D,R,R
3383,R,R,R,R,R,D,R,D,D,R,R,D,D,R,D,R
3384,R,R,R,R,R,R,R,R,D,R,R,D,D,R,D,R
3385,R,R,R,R,R,R,R,R,D,R,R,D,D,R,D,D
3386,R,R,R,R,R,R,R,R,R,R,R,D,D,D,D,R
3387,R,D,R,R,R,R,D,D,D,R,R,D,D,D,R,R
3388,D,R,R,R,R,R,R,R,D,R,R,D,D,D,R,R
3389,R,R,R,R,R,D,R,D,D,R,D,D,D,R,D,R
3390,R,R,R,R,R,D,R,R,D,R,R,D,D,D,R,D
3391,D,R,R,R,R,D,R,D,D,R,D,D,D,D,R,D
3392,R,R,R,R,R,R,R,D,D,R,R,D,D,D,D,D
3393,D,R,R,R,R,R,R,R,R,R,D,D,D,R,R,R
3394,D,D,R,R,D,R,R,D,D,R,D,D,D,D,D,R
3395,R,R,R,R,R,R,R,R,R,R,R,D,D,D,R,R
3396,R,R,R,R,R,R,R,R,R,R,R,D,D,R,R,D
3397,R,R,R,R,R,D,R,D,R,R,R,D,D,D,D,R
3398,R,R,R,R,R,R,R,R,R,R,R,R,D,R,R,R
3399,R,D,D,R,R,D,D,D,D,R,D,D,D,D,D,D
3400,R,R,R,R,R,R,R,R,R,R,R,D,D,R,R,D
3401,R,R,R,R,R,D,R,R,D,R,R,D,D,D,D,R
3402,R,D,D,R,R,D,D,R,D,R,D,D,D,D,D,D
3403,D,R,R,R,R,D,R,D,D,R,D,D,D,R,R,D
3404,R,D,R,R,R,R,R,D,R,R,R,D,D,D,D,R
3405,R,R,R,R,R,R,R,R,R,R,R,D,D,R,R,R
3406,R,D,R,R,D,D,R,D,R,R,D,D,D,D,R,R
3407,D,R,R,R,D,R,R,R,D,R,R,D,D,R,R,D
3408,D,D,R,R,R,D,D,D,D,R,D,D,D,R,D,D
3409,R,R,R,R,R,R,R,R,D,R,R,D,D,R,R,R
3410,D,R,R,R,D,D,R,D,D,R,D,D,D,D,D,D
3411,R,R,R,R,R,R,R,R,D,R,D,D,D,D,R,R
3412,R,R,R,R,R,R,R,R,D,R,D,D,D,R,R,R
3413,D,D,D,R,R,D,R,D,D,R,D,D,D,D,D,D
3414,R,R,R,R,R,R,R,R,R,R,R,D,D,R,D,R
3415,R,R,R,R,R,D,R,D,R,R,R,D,D,D,D,R
3416,D,R,R,R,R,R,R,R,R,R,D,D,D,R,D,R
3417,R,D,R,R,R,R,R,R,R,R,R,D,D,D,R,R
3418,D,D,R,R,R,D,R,D,D,D,D,D,D,D,D,D
3419,R,R,R,R,R,R,R,R,R,R,R,D,D,D,R,D
3420,D,R,R,R,R,D,R,D,R,R,R,D,D,D,D,R
3421,R,R,R,R,R,D,R,D,D,D,R,D,D,D,D,R
3422,R,R,R,R,R,R,R,D,R,R,R,D,D,R,R,R
3423,R,D,R,R,R,D,R,R,D,R,R,D,D,R,R,R
3424,R,R,R,R,R,R,R,R,D,R,R,D,D,R,R,R
3425,R,D,R,R,R,R,R,R,R,R,D,D,D,D,D,R
3426,D,D,D,R,R,D,R,D,D,D,D,D,D,D,R,D
3427,R,R,R,R,R,R,R,R,D,R,R,D,D,D,D,R
3428,R,D,R,R,R,R,D,R,R,R,R,D,R,D,D,R
3429,R,R,R,R,R,R,R,R,R,R,R,D,D,D,R,R
3430,R,R,R,R,R,R,R,D,R,R,R,D,D,D,R,R
3431,R,D,R,R,R,R,R,R,R,R,R,D,D,R,R,R
3432,R,R,R,R,R,D,R,D,R,D,R,D,D,D,D,R
3433,R,D,R,R,R,R,R,R,D,R,R,D,D,D,R,R
3434,R,R,R,R,R,D,R,D,R,R,D,D,D,D,D,R
3435,D,D,D,D,R,D,R,D,D,R,D,D,D,D,D,R
3436,R,R,R,R,R,R,R,R,D,R,R,D,D,D,D,R
3437,D,R,R,R,R,D,D,R,D,R,D,D,D,D,D,D
3438,D,R,R,R,R,R,R,R,R,R,R,D,D,D,R,R
3439,R,R,R,R,R,R,R,R,D,R,R,D,D,D,R,R
3440,D,D,R,R,R,R,R,R,D,R,R,D,D,D,R,R
3441,R,R,R,R,R,R,R,R,D,R,R,D,D,D,R,R
3442,R,R,R,R,R,D,R,R,D,R,D,D,D,D,R,D
3443,R,R,R,R,R,R,R,D,R,R,R,D,D,R,R,R
3444,D,D,R,R,R,R,R,R,D,R,R,D,D,D,R,R
3445,R,R,R,R,R,R,R,R,R,R,D,D,D,R,D,R
3446,D,D,R,R,R,D,D,D,D,D,D,D,D,D,D,D
3447,D,D,R,R,R,R,R,D,R,R,D,D,D,R,R,R
3448,R,R,R,R,R,D,R,D,D,R,R,D,D,R,D,R
3449,R,D,R,R,R,R,R,D,D,R,R,D,D,R,D,R
3450,R,D,D,R,R,R,R,R,R,R,D,D,D,D,R,D
3451,D,R,D,R,R,D,R,D,D,D,D,D,D,D,D,D
3452,R,R,R,R,R,R,D,R,R,R,R,D,D,R,R,R
3453,D,D,R,R,R,D,D,D,D,R,D,D,D,D,D,D
3454,R,R,R,R,R,R,R,D,D,R,D,D,D,R,D,R
3455,D,R,R,R,R,R,D,D,D,R,D,D,D,D,R,R
3456,D,R,R,R,R,D,R,D,D,R,R,D,D,R,R,R
3457,R,R,R,R,R,R,R,D,R,R,D,D,D,D,R,R
3458,D,D,R,R,D,D,D,D,D,R,D,D,D,D,D,D
3459,R,R,R,R,R,R,R,D,D,R,D,D,D,D,R,D
3460,D,D,R,R,R,D,R,R,D,R,R,D,D,R,R,R
3461,R,D,R,R,R,D,R,R,D,R,R,D,D,R,R,R
3462,R,R,R,R,R,R,R,R,R,R,R,D,D,R,R,R
3463,R,R,R,R,R,R,D,R,R,R,R,D,D,D,D,D
3464,D,R,R,R,R,R,R,D,D,R,R,D,D,R,R,R
3465,R,R,R,R,R,D,R,R,R,R,R,D,D,R,R,R
3466,R,D,R,R,R,R,D,R,D,R,R,D,D,D,R,R
3467,D,R,R,R,R,R,D,D,D,R,D,D,D,D,D,D
3468,D,D,R,R,R,D,R,R,D,R,R,D,D,D,D,R
3469,R,R,R,R,R,R,R,R,D,R,R,D,D,D,D,R
3470,D,R,R,R,R,R,R,R,D,R,R,D,D,D,R,R
3471,R,R,R,R,R,R,R,R,R,R,R,D,D,R,R,R
3472,R,D,D,R,R,D,R,D,D,R,R,D,D,D,R,D
3473,R,R,R,R,R,R,R,D,D,R,R,D,R,R,R,R
3474,R,R,R,R,R,R,R,R,R,R,R,D,D,D,D,R
3475,D,D,R,R,R,R,R,D,D,R,R,D,D,D,D,R
3476,R,R,R,R,R,D,R,R,D,R,R,D,D,D,R,R
3477,D,D,R,R,D,D,D,D,D,R,D,D,D,D,D,D
3478,R,R,R,R,R,D,R,D,D,R,R,D,D,R,R,R
3479,R,R,R,R,R,R,R,R,R,R,R,D,D,R,D,R
3480,R,D,R,R,R,R,R,D,D,R,D,D,D,D,R,R
3481,R,R,R,R,R,R,R,R,D,R,R,D,D,R,R,D
3482,R,R,R,R,R,R,R,R,R,R,R,D,D,R,R,R
3483,R,D,R,R,R,R,R,D,D,R,R,D,D,R,R,R
3484,R,R,R,R,R,D,R,R,R,R,R,D,D,D,R,R
3485,R,R,R,R,R,R,R,R,D,R,R,D,D,D,D,R
3486,R,R,R,R,R,R,R,R,R,R,R,D,D,D,D,D
3487,R,R,R,R,R,D,R,R,R,R,R,D,D,R,R,R
3488,R,R,R,R,R,R,R,D,D,R,R,D,D,D,R,D
3489,R,R,R,R,R,R,R,R,R,R,D,D,D,D,D,R
3490,R,R,R,R,R,D,R,D,D,R,D,D,D,D,D,R
3491,R,R,R,R,R,R,R,D,R,R,R,D,D,D,R,R
3492,R,R,R,R,R,R,R,R,R,R,R,D,D,R,R,R
3493,D,D,D,R,D,D,D,D,D,R,R,D,D,D,D,D
3494,D,D,R,R,R,D,D,D,D,R,D,D,D,D,D,D
3495,D,D,D,R,R,D,D,D,D,D,D,D,D,D,D,D
3496,R,R,R,R,R,R,R,R,R,R,R,D,D,R,R,R
3497,R,R,R,R,R,D,R,R,R,R,R,D,D,R,R,R
3498,R,R,R,R,R,D,R,D,D,R,R,D,D,D,R,R
3499,R,R,R,R,R,D,R,D,D,R,R,D,D,D,D,D
3500,R,R,R,R,R,R,R,R,D,R,R,D,D,R,D,D
3501,D,D,D,R,R,D,D,D,D,R,D,D,D,D,D,D
3502,D,D,D,R,R,D,R,D,D,D,D,D,D,D,R,D
3503,D,D,D,R,R,D,D,D,D,D,D,D,D,D,D,D
3504,R,R,R,R,R,R,R,R,D,R,R,D,D,R,R,R
3505,R,R,R,R,R,R,R,D,D,R,D,D,D,D,D,R
3506,D,R,R,R,D,D,D,D,D,D,D,D,D,D,D,D
3507,D,R,R,R,R,R,R,D,D,R,R,D,D,D,D,R
3508,D,D,R,R,D,D,R,D,D,D,D,D,D,D,D,D
3509,R,R,R,R,R,R,R,R,R,R,R,D,D,R,R,R
3510,D,D,D,R,R,D,R,D,D,D,D,D,D,R,D,D
3511,D,R,R,R,R,D,R,D,R,R,R,D,D,R,D,R
3512,R,R,R,R,R,R,R,R,R,R,R,D,D,R,R,R
3513,R,R,R,R,R,D,R,R,D,R,R,D,D,D,D,R
3514,D,D,R,R,R,D,D,D,D,D,D,D,D,D,D,D
3515,R,D,R,R,R,R,R,R,D,R,R,D,D,R,R,D
3516,R,R,R,R,R,R,R,R,R,R,R,D,D,D,D,R
3517,R,R,R,R,R,R,R,D,R,R,R,D,D,R,D,R
3518,R,R,R,R,R,R,R,D,R,R,D,D,D,D,D,R
3519,R,R,R,R,R,R,R,R,R,R,D,D,D,R,R,R
3520,R,R,R,R,R,R,R,R,R,R,R,D,D,D,D,D
3521,R,D,R,R,R,D,R,R,D,R,D,D,D,D,R,D
3522,D,D,R,R,R,D,R,D,D,R,D,D,D,R,D,R
3523,R,R,R,R,R,R,R,R,R,R,R,D,D,D,R,D
3524,D,R,R,R,R,D,D,D,D,R,D,D,D,R,D,D
3525,R,R,R,R,R,R,R,R,R,R,R,D,D,D,D,R
3526,D,R,R,R,R,R,R,D,R,R,D,D,D,R,D,R
3527,D,D,R,R,R,R,R,R,R,R,R,D,D,D,R,R
3528,R,R,R,R,R,R,R,D,D,R,R,D,D,R,R,R
3529,R,R,R,R,R,R,R,R,D,R,R,D,D,D,R,R
3530,R,D,R,R,R,R,R,D,D,R,R,D,D,D,D,R
3531,D,D,R,R,R,R,R,R,D,R,R,D,D,D,R,D
3532,R,R,R,R,R,R,R,R,D,R,R,D,D,R,D,R
3533,R,R,R,R,R,R,R,R,D,R,R,D,D,R,R,R
3534,D,R,R,R,R,R,R,R,R,R,R,D,D,D,D,R
3535,D,R,R,R,R,D,R,D,D,R,R,D,D,R,D,R
3536,R,R,R,R,R,R,R,R,D,R,R,D,D,R,R,R
3537,R,D,R,R,R,R,R,D,D,R,D,D,D,D,R,R
3538,R,R,R,R,R,R,R,D,D,R,R,D,D,D,R,R
3539,R,R,R,R,R,D,R,D,D,D,R,D,D,D,R,R
3540,R,R,R,R,R,R,R,R,D,R,R,D,D,D,R,R
3541,R,D,R,R,R,R,R,D,D,R,R,D,D,D,D,R
3542,R,R,R,R,R,R,R,R,D,R,D,D,D,D,R,D
3543,R,R,R,R,R,R,R,D,D,R,R,D,D,D,R,D
3544,R,R,R,R,R,R,R,R,D,R,D,D,D,D,D,R
3545,D,D,D,R,R,D,D,D,D,R,D,D,D,D,D,R
3546,R,D,R,R,R,R,R,R,R,R,D,D,D,D,R,R
3547,D,R,D,R,R,R,R,R,D,R,D,D,D,D,D,D
3548,R,D,D,R,R,D,D,D,D,R,D,D,D,D,D,D
3549,R,R,R,R,R,R,R,D,D,R,R,D,D,D,R,R
3550,R,R,R,R,R,R,R,R,D,R,R,D,D,R,D,R
3551,R,R,R,R,R,R,R,R,D,R,D,D,D,R,D,R
3552,R,R,R,R,R,R,R,R,R,R,R,D,D,D,R,R
3553,R,R,R,R,R,R,R,R,D,R,R,D,D,D,R,R
3554,R,D,R,R,R,D,R,R,D,R,R,D,D,D,R,D
3555,D,D,D,R,R,D,R,D,D,R,D,D,D,D,D,D
3556,R,D,R,R,D,D,R,D,D,R,D,D,D,D,D,D
3557,D,D,R,R,R,R,R,D,R,R,R,D,D,R,D,R
3558,D,R,R,R,R,R,R,D,D,R,D,D,D,R,R,R
3559,R,R,R,R,R,D,R,D,D,R,D,D,D,R,R,R
3560,D,D,R,R,R,R,D,D,D,R,D,D,D,D,D,D
3561,R,D,R,R,R,R,R,R,D,R,R,D,D,D,D,R
3562,D,D,R,R,R,R,R,D,D,R,D,D,D,D,D,D
3563,R,R,R,R,R,D,R,R,D,R,R,D,D,D,R,R
3564,R,R,R,R,R,R,R,R,R,R,R,D,R,D,R,R
3565,D,R,R,R,R,R,R,R,R,R,D,D,D,D,D,R
3566,R,R,R,R,R,R,R,R,D,R,R,D,D,D,R,R
3567,D,D,R,R,R,D,R,D,D,R,D,D,D,D,D,D
3568,D,D,D,R,R,D,R,D,D,D,R,D,D,D,D,D
3569,R,R,R,R,R,R,R,R,R,R,R,D,D,R,R,R
3570,R,D,R,R,R,D,R,D,D,R,R,D,D,D,D,R
3571,R,D,R,R,R,D,R,R,R,R,R,D,D,R,R,R
3572,D,R,R,R,R,D,D,R,D,R,R,D,D,D,D,R
3573,D,R,R,R,R,R,R,R,D,R,R,D,D,R,R,R
3574,R,R,R,R,R,R,R,D,R,R,R,D,D,D,R,D
3575,R,R,R,R,R,R,R,R,R,R,R,D,D,R,R,D
3576,R,R,R,R,R,D,R,D,D,R,R,D,D,D,R,R
3577,D,D,D,R,R,R,D,D,D,D,D,D,D,R,D,D
3578,D,R,R,R,R,R,R,D,R,R,R,D,D,R,R,R
3579,D,D,R,R,R,D,R,D,D,R,D,D,D,D,R,R
3580,R,R,R,R,R,R,R,R,R,R,R,D,D,D,D,D
3581,R,R,R,R,R,R,D,D,D,R,D,D,D,D,R,R
3582,R,R,R,R,R,D,R,R,D,R,D,D,D,D,D,D
3583,R,R,R,R,R,R,R,R,R,R,R,D,D,D,D,R
3584,D,R,R,R,R,R,R,D,D,R,D,D,D,R,D,D
3585,R,R,R,R,R,D,R,D,D,R,D,D,D,R,D,R
3586,D,R,R,R,R,D,R,R,R,R,R,D,D,R,R,D
3587,R,R,R,R,R,R,R,D,R,R,D,D,D,R,R,R
3588,R,R,R,R,R,R,R,R,R,R,R,D,D,R,D,R
3589,D,D,R,R,R,D,R,D,D,R,R,D,D,R,R,D
3590,R,R,R,R,R,D,R,R,D,R,R,D,D,R,R,R
3591,R,R,R,R,R,R,R,R,D,R,R,D,D,D,R,R
3592,R,R,R,R,R,R,R,R,R,R,D,D,D,R,D,R
3593,D,R,R,R,R,R,R,R,R,R,R,D,D,R,D,R
3594,R,R,R,R,R,R,R,R,R,R,R,D,D,R,D,R
3595,D,D,R,R,R,D,R,R,D,R,R,D,D,D,D,R
3596,D,D,R,R,R,D,D,D,D,D,D,D,D,D,D,D
3597,R,R,D,R,R,D,R,R,D,R,R,D,D,D,R,R
3598,D,D,D,R,R,D,R,D,D,R,D,D,D,D,D,D
3599,R,D,R,R,R,R,R,R,D,R,R,D,D,R,D,D
3600,D,D,R,R,R,D,D,D,D,D,D,D,D,D,D,D
3601,D,D,R,R,D,D,D,R,D,R,D,D,D,D,D,D
3602,R,R,R,R,R,R,R,R,D,R,R,D,D,R,R,D
3603,D,D,D,R,D,D,D,D,D,R,D,D,D,D,D,D
3604,D,D,D,R,D,D,R,D,D,D,D,D,D,R,D,D
3605,R,R,R,R,R,R,R,D,D,D,R,D,D,D,R,D
3606,R,R,R,R,R,R,R,D,D,R,R,D,D,R,R,R
3607,D,R,R,R,R,R,R,R,R,R,R,D,D,R,R,R
3608,R,R,D,R,R,D,R,D,D,R,R,D,D,D,R,R
3609,R,R,R,R,R,D,R,R,R,R,D,D,D,D,R,R
3610,R,R,R,R,R,R,R,R,D,R,R,D,D,D,D,R
3611,R,R,R,R,R,R,R,R,D,R,D,D,D,D,D,R
3612,D,D,R,R,R,D,D,D,D,D,D,D,D,D,D,D
3613,R,R,R,R,R,R,R,R,R,R,R,D,D,R,R,R
3614,D,D,R,R,D,D,D,D,D,R,D,D,D,D,D,D
3615,D,D,D,R,R,D,R,D,D,R,D,D,D,D,D,D
3616,D,R,R,R,R,R,D,R,D,R,R,D,D,D,D,R
3617,R,R,R,R,R,R,R,R,D,R,R,D,D,R,R,R
3618,R,R,R,R,R,R,R,R,D,R,R,D,D,D,R,R
3619,D,R,R,R,D,R,R,R,D,R,D,D,D,R,R,R
3620,R,R,R,R,R,D,R,D,R,R,R,D,D,R,R,R
3621,R,R,R,R,R,R,R,R,R,R,D,D,D,R,D,R
3622,D,R,R,R,R,R,R,R,R,R,D,D,R,R,D,R
3623,R,R,D,R,R,R,D,R,R,R,R,D,D,R,R,R
3624,R,R,R,R,R,R,R,R,D,D,D,D,D,D,R,D
3625,R,R,R,R,R,R,R,R,D,R,R,D,D,R,R,R
3626,D,D,R,R,R,D,D,D,D,R,D,D,D,D,D,D
3627,R,R,R,R,R,D,R,R,R,R,R,D,D,R,R,R
3628,R,R,R,R,R,R,R,R,D,R,R,D,D,D,R,R
3629,R,D,R,R,R,R,R,R,R,R,R,D,D,R,R,R
3630,R,R,R,R,R,D,R,R,D,R,R,D,D,R,R,R
3631,R,R,R,R,R,R,R,D,D,R,R,D,R,R,R,D
3632,R,D,R,R,R,R,R,D,D,R,R,D,D,D,D,R
3633,R,D,D,R,D,D,R,D,D,R,D,D,D,D,D,D
3634,R,R,R,R,R,R,R,D,D,R,R,D,D,D,R,D
3635,D,R,D,R,D,R,D,D,D,R,D,D,D,D,D,D
3636,R,D,R,R,R,D,R,R,D,D,R,D,D,D,D,R
3637,R,D,R,R,R,D,D,R,D,R,D,D,D,R,R,R
3638,D,D,R,R,R,D,R,R,D,R,R,D,D,R,R,R
3639,D,D,D,R,D,D,D,D,D,D,D,D,D,D,D,D
3640,R,D,R,R,R,D,D,R,D,R,D,D,D,D,D,R
3641,R,D,D,R,R,D,D,D,D,D,D,D,D,D,D,D
3642,R,R,R,R,R,D,R,D,D,D,R,D,D,R,R,D
3643,D,D,D,D,R,D,D,D,D,D,D,D,D,D,D,D
3644,R,R,R,R,R,R,R,D,R,R,D,D,D,R,R,D
3645,D,D,R,R,R,R,R,R,D,R,R,D,D,R,R,D
3646,R,R,R,R,R,D,R,D,R,R,R,D,D,D,D,R
3647,R,R,R,R,R,R,R,R,D,R,D,D,D,D,R,R
3648,D,D,R,R,R,D,R,R,D,R,D,D,D,R,D,R
3649,D,D,D,R,R,D,D,D,D,R,D,D,D,D,D,R
3650,D,D,R,R,R,D,D,D,D,R,D,D,D,D,D,R
3651,D,R,R,R,R,D,R,R,D,R,R,D,D,D,D,R
3652,R,R,R,R,R,R,R,R,R,R,D,D,D,D,D,R
3653,R,R,R,R,R,D,R,R,R,R,R,D,R,D,R,R
3654,R,R,R,R,R,R,R,D,R,R,D,D,D,D,R,D
3655,R,D,R,R,R,D,R,R,D,R,R,D,D,R,D,R
3656,R,R,R,R,R,R,R,R,R,R,D,D,D,R,R,R
3657,D,R,R,R,R,D,R,D,D,R,R,D,D,D,R,R
3658,R,R,R,R,R,D,R,D,R,R,R,R,D,D,R,R
3659,R,D,R,R,R,R,R,D,D,R,R,D,D,R,R,R
3660,R,R,R,R,R,R,R,D,R,R,R,D,D,D,D,D
3661,R,D,D,R,R,D,D,D,D,R,D,D,D,D,D,D
3662,D,R,D,R,R,D,D,D,D,R,R,D,D,D,D,D
3663,R,R,R,R,R,D,R,R,D,R,D,D,D,R,D,R
3664,D,D,R,R,D,D,D,D,D,D,D,D,D,D,D,D
3665,R,R,R,R,R,R,R,R,D,R,D,D,D,R,R,R
3666,D,D,D,R,R,D,D,D,D,D,D,D,D,D,D,R
3667,R,R,R,R,R,R,D,R,R,R,R,D,D,D,D,D
3668,D,D,R,D,R,D,R,D,D,D,D,D,D,D,D,D
3669,R,R,D,R,R,R,R,R,D,R,R,D,D,R,R,R
3670,D,D,D,R,R,D,D,D,D,D,D,D,D,D,D,R
3671,R,R,R,R,R,D,R,R,D,R,R,D,D,R,R,R
3672,D,R,R,R,R,R,R,R,D,R,R,D,D,D,R,R
3673,D,D,D,D,R,D,D,D,D,D,D,D,D,D,D,R
3674,R,R,R,R,R,D,R,D,D,D,R,D,D,D,R,R
3675,R,R,R,R,R,D,R,R,D,R,R,D,D,R,R,R
3676,R,R,R,R,R,D,R,R,R,R,R,D,D,R,R,R
3677,R,D,R,R,R,R,R,R,D,R,R,D,D,R,D,R
3678,R,D,R,R,R,D,R,D,D,R,R,D,D,R,R,D
3679,R,R,R,R,R,D,R,R,R,R,D,D,D,R,D,R
3680,R,R,R,R,R,D,R,D,D,R,R,D,D,R,R,R
3681,R,R,R,R,R,R,R,D,R,R,R,D,D,D,D,R
3682,R,R,R,R,R,D,R,R,D,R,R,D,D,D,D,R
3683,R,R,R,R,R,R,R,R,D,R,R,D,D,D,D,R
3684,R,D,R,R,R,R,R,D,R,R,R,D,R,R,R,D
3685,R,R,R,R,R,R,R,R,D,R,D,D,D,R,R,R
3686,D,R,R,R,R,D,R,D,R,R,R,D,D,D,D,R
3687,R,D,R,R,D,D,D,D,D,R,D,D,D,R,D,D
3688,R,R,R,R,R,R,R,R,D,R,R,D,D,D,R,R
3689,R,R,R,R,R,R,R,R,D,R,D,D,D,D,D,D
3690,D,D,R,D,D,D,R,D,D,R,D,D,D,D,D,D
3691,R,R,R,R,R,R,R,R,R,R,R,D,D,R,R,R
3692,D,D,R,R,R,D,R,D,D,D,D,D,D,D,D,D
3693,D,D,R,R,R,D,R,D,D,R,D,D,D,R,D,D
3694,R,R,R,R,R,D,R,R,D,R,D,D,D,D,D,R
3695,R,R,R,R,R,D,R,D,D,D,R,D,D,D,R,D
3696,D,R,R,R,R,R,D,D,R,R,D,D,D,R,R,D
3697,R,R,R,R,R,R,R,R,R,R,R,D,D,R,R,R
3698,R,R,R,R,R,D,R,R,R,R,R,D,D,R,R,R
3699,D,R,R,R,R,R,R,D,R,R,R,D,D,D,D,R
3700,R,R,R,R,R,R,R,R,R,R,R,R,D,R,R,R
3701,R,R,R,R,R,D,R,D,D,R,R,D,D,R,R,R
3702,R,R,R,R,R,R,R,R,R,R,R,D,D,R,R,R
3703,R,R,R,R,R,R,R,D,D,R,R,D,D,D,D,R
3704,R,R,R,R,R,D,R,D,R,R,D,D,D,R,D,R
3705,R,R,R,R,R,R,R,R,R,R,R,D,D,D,R,R
3706,R,R,R,R,R,R,R,R,D,D,D,D,D,D,R,R
3707,R,R,R,R,R,R,R,R,R,R,R,D,D,R,D,R
3708,D,D,R,R,R,D,D,D,D,R,R,D,D,D,D,D
3709,R,R,R,R,R,R,R,R,R,R,R,D,D,R,R,R
3710,R,D,R,R,R,R,R,R,D,R,R,D,D,R,R,R
3711,R,R,R,R,R,R,R,R,D,R,D,D,D,D,R,D
3712,R,R,R,R,R,R,R,D,R,R,R,D,D,R,R,R
3713,R,D,D,R,R,D,D,D,D,D,D,D,D,D,D,D
3714,R,R,R,R,R,D,R,R,R,R,R,D,D,R,R,R
3715,R,R,R,R,R,R,R,D,R,R,R,D,D,R,R,R
3716,D,R,R,R,R,D,R,R,D,R,R,D,D,R,D,R
3717,R,R,R,R,R,R,R,R,R,R,R,D,D,R,R,R
3718,R,D,R,R,R,R,D,D,D,R,R,D,D,R,D,R
3719,R,R,R,R,R,D,R,D,D,R,R,D,R,D,D,R
3720,R,D,R,R,R,R,R,R,D,R,D,D,D,R,D,R
3721,R,D,R,R,R,R,R,R,D,R,D,D,D,R,R,D
3722,D,R,R,R,R,R,R,D,R,R,D,D,D,D,R,R
3723,D,D,D,D,R,R,D,D,D,D,D,D,D,D,D,D
3724,D,D,R,R,R,D,R,D,D,R,R,D,D,R,R,R
3725,R,D,R,R,R,R,R,R,D,D,R,D,D,R,D,R
3726,D,R,R,R,R,R,R,R,R,R,R,D,D,D,R,R
3727,D,D,R,R,D,D,R,D,D,D,D,D,D,D,D,D
3728,D,D,D,R,R,D,R,D,D,R,D,D,D,R,D,D
3729,R,R,R,R,R,R,R,R,D,R,D,D,D,R,R,R
3730,D,R,R,R,R,D,D,D,D,R,D,D,D,R,R,R
3731,R,D,R,R,R,R,R,D,R,R,R,D,D,D,R,R
3732,R,D,R,R,R,R,R,D,D,R,R,D,D,D,R,R
3733,R,D,R,R,R,R,R,D,R,R,R,D,D,D,R,R
3734,R,R,R,R,R,D,R,D,R,R,R,D,D,D,D,D
3735,R,D,R,R,R,R,R,R,R,R,R,D,D,D,R,R
3736,R,D,R,R,R,R,R,R,R,R,R,D,D,R,D,R
3737,R,R,R,R,R,R,R,R,R,R,R,D,D,R,R,R
3738,R,D,R,R,R,D,R,R,R,R,R,D,D,D,D,D
3739,D,D,R,R,R,D,R,D,D,D,D,D,D,D,D,R
3740,D,D,D,R,R,D,R,D,D,R,D,D,D,D,D,R
3741,R,D,R,R,R,R,R,R,R,R,R,D,D,R,R,R
3742,D,R,R,R,R,D,R,R,D,R,R,D,D,D,R,R
3743,D,D,R,R,R,D,R,D,D,R,D,D,D,D,D,D
3744,R,R,R,R,R,R,R,D,R,R,R,D,D,R,R,R
3745,D,R,R,R,R,R,R,R,R,R,R,D,D,R,R,D
3746,R,R,R,R,R,D,R,D,R,R,R,D,D,D,D,R
3747,R,R,R,R,R,R,R,R,R,R,R,D,D,D,D,R
3748,R,R,R,R,R,R,R,D,R,R,R,D,D,D,D,R
3749,R,D,R,R,R,R,R,R,D,R,D,D,D,D,D,D
3750,R,R,R,R,R,R,R,R,D,R,R,D,D,R,R,R
3751,D,R,R,R,R,R,R,R,D,R,D,D,D,R,R,R
3752,R,R,R,R,R,D,R,D,D,R,D,D,D,R,R,D
3753,D,R,R,R,R,R,R,R,R,R,R,D,D,D,R,R
3754,D,D,D,D,R,D,D,D,D,D,D,D,D,D,D,D
3755,D,D,D,R,D,D,D,D,D,R,D,D,D,D,D,D
3756,R,R,R,R,R,D,R,R,D,R,R,D,D,R,R,D
3757,D,D,R,R,R,R,R,D,D,R,D,D,D,D,R,D
3758,R,R,R,R,R,R,R,R,R,R,R,D,D,D,D,R
3759,R,D,R,R,R,R,R,D,R,R,R,D,D,R,D,R
3760,R,R,R,R,R,D,R,R,D,R,R,D,D,R,D,D
3761,D,R,R,D,R,D,R,D,D,R,D,D,D,D,D,R
3762,R,D,R,R,R,D,R,D,D,R,R,D,D,D,D,R
3763,D,D,R,R,R,D,R,D,D,R,R,D,D,R,R,D
3764,R,R,R,R,R,D,R,R,R,R,R,D,D,R,D,R
3765,R,R,R,R,R,R,R,R,R,R,R,D,D,R,R,R
3766,D,R,D,R,R,D,D,D,D,R,D,D,D,D,D,D
3767,R,R,R,R,R,R,R,D,D,R,R,D,D,R,R,R
3768,D,R,R,R,R,D,R,D,R,R,R,D,D,D,R,R
3769,R,R,R,R,R,R,R,R,D,R,R,D,D,D,R,R
3770,R,D,R,R,R,R,R,R,R,R,R,D,D,D,D,R
3771,D,D,R,R,R,D,D,D,D,R,D,D,D,D,D,D
3772,D,R,R,R,R,R,R,R,R,R,R,D,D,R,R,D
3773,R,R,R,R,R,R,R,R,D,R,R,D,D,R,R,R
3774,R,R,R,R,R,R,R,R,D,R,R,D,D,R,R,R
3775,R,R,R,R,R,R,R,R,R,R,R,D,D,D,R,R
3776,D,D,R,R,D,D,D,D,D,R,D,D,D,D,D,D
3777,R,D,R,R,R,R,R,R,D,R,D,D,D,R,D,R
3778,R,R,R,R,R,R,R,R,D,R,D,D,D,D,R,D
3779,R,R,R,R,R,R,R,D,D,R,R,D,D,R,R,R
3780,R,R,R,R,R,D,R,R,D,R,R,D,D,R,R,R
3781,R,R,R,R,R,R,R,R,R,R,D,D,D,D,D,R
3782,R,R,R,R,R,R,R,R,R,R,R,D,D,R,D,R
3783,R,R,R,R,R,D,R,D,D,R,R,D,D,R,R,D
3784,D,R,R,R,R,R,R,D,R,D,R,D,D,R,R,R
3785,R,R,R,R,R,D,R,R,D,D,R,D,D,R,R,R
3786,R,R,R,R,R,D,R,R,D,R,R,D,D,D,R,R
3787,R,R,R,R,R,R,R,D,R,R,R,D,D,D,R,R
3788,D,R,R,R,R,D,R,R,R,R,R,D,D,R,R,R
3789,R,D,R,R,R,R,R,R,R,R,R,D,D,R,R,D
3790,R,R,R,R,R,R,R,R,D,R,R,D,D,R,D,R
3791,D,R,R,R,R,R,R,R,D,R,R,D,D,R,D,R
3792,R,R,R,R,R,R,R,D,D,R,D,D,D,R,D,R
3793,R,R,R,R,R,R,R,R,R,R,D,D,D,D,D,R
3794,D,D,R,R,D,D,D,D,D,R,D,D,D,D,D,D
3795,R,R,R,R,R,D,R,D,D,R,R,D,D,R,R,R
3796,R,R,R,R,R,R,R,R,R,R,R,D,R,R,R,R
3797,R,R,R,R,R,R,R,R,R,R,R,D,R,D,R,R
3798,R,R,R,R,R,D,R,R,D,R,R,D,D,D,R,D
3799,D,D,D,R,R,D,R,D,D,R,D,D,D,D,D,D
3800,D,R,R,R,R,R,R,R,R,R,R,D,D,R,R,D
3801,R,R,R,R,R,R,R,D,D,R,R,D,D,R,R,R
3802,R,R,R,R,R,R,R,R,D,R,D,D,D,D,R,R
3803,R,D,R,R,R,D,R,R,D,R,D,D,D,R,D,R
3804,D,D,R,R,D,D,R,D,D,D,R,D,D,D,D,D
3805,D,D,D,R,R,D,R,D,D,D,D,D,D,D,D,D
3806,D,D,D,D,R,R,D,D,D,R,D,D,D,D,D,D
3807,R,R,R,R,R,D,R,R,R,R,R,D,D,R,D,R
3808,R,R,R,R,R,R,R,R,R,R,R,D,D,R,R,D
3809,R,R,R,R,R,R,R,R,D,R,R,D,D,D,R,R
3810,R,R,R,R,R,D,R,D,D,R,R,D,D,D,D,D
3811,R,R,R,R,R,D,R,D,D,R,R,D,D,D,R,D
3812,D,R,R,R,R,R,R,D,D,R,R,D,D,R,D,R
3813,R,D,R,R,R,R,R,R,R,R,R,D,D,D,R,R
3814,R,R,R,R,R,R,R,R,R,R,R,D,D,R,R,R
3815,D,R,R,R,R,R,R,D,D,R,R,D,D,D,R,D
3816,D,D,R,R,R,R,R,R,D,R,D,D,D,D,R,D
3817,D,D,R,R,D,D,D,D,D,R,D,D,D,D,D,D
3818,D,R,R,R,R,D,D,R,D,R,D,D,D,R,D,R
3819,R,D,R,R,R,D,R,R,D,D,R,D,D,D,R,D
3820,D,R,R,R,R,D,R,D,D,R,R,D,D,D,D,D
3821,D,R,R,R,R,R,R,R,D,R,R,D,D,R,R,R
3822,R,R,R,R,R,R,R,R,D,R,R,D,D,R,R,R
3823,D,D,R,R,R,D,R,D,R,R,D,D,D,D,R,D
3824,R,R,R,R,R,R,R,R,R,R,R,D,D,D,D,R
3825,D,R,R,R,R,R,R,D,R,R,R,D,D,D,R,R
3826,R,R,R,R,R,R,R,R,D,R,R,D,D,R,D,R
3827,R,R,R,R,R,R,R,R,R,R,R,D,D,R,R,R
3828,R,D,R,R,R,D,D,D,D,D,D,D,D,D,D,D
3829,D,R,D,R,R,D,D,D,D,D,D,D,D,D,D,D
3830,R,R,R,R,R,R,R,R,D,R,D,D,D,R,D,R
3831,R,R,R,R,R,R,R,R,R,R,R,D,D,D,R,D
3832,R,R,R,R,R,R,R,D,D,R,R,D,D,D,R,D
3833,R,R,R,R,R,R,R,R,R,R,R,D,D,D,R,R
3834,R,R,R,R,R,D,D,R,D,R,D,D,D,D,R,D
3835,R,R,R,R,R,R,R,D,D,R,R,D,D,R,D,D
3836,R,R,R,R,R,R,R,D,R,R,R,D,D,R,R,R
3837,R,D,R,R,R,R,R,R,D,R,R,R,D,R,R,R
3838,R,R,R,R,R,R,R,R,R,R,D,D,R,D,R,R
3839,R,R,R,R,R,R,D,R,R,R,R,D,D,D,R,D
3840,D,R,R,R,R,D,R,R,D,R,R,D,D,R,D,D
3841,R,R,R,R,R,R,R,R,R,R,R,D,D,R,D,R
3842,R,R,R,R,R,R,R,R,D,R,R,D,D,R,D,R
3843,D,R,R,R,R,R,R,R,R,R,R,D,D,R,R,R
3844,R,R,R,R,R,R,R,R,R,R,R,D,D,R,R,R
3845,D,R,R,R,R,R,R,R,D,R,R,D,D,R,D,R
3846,D,R,D,R,R,D,R,R,D,R,R,D,D,R,D,R
3847,R,D,R,R,R,D,R,D,D,R,D,D,D,D,D,R
3848,R,R,R,R,R,R,R,R,R,R,R,D,D,D,D,R
3849,R,R,R,R,R,R,R,R,R,R,R,D,D,R,R,R
3850,D,D,R,D,R,D,D,D,D,R,D,D,D,D,D,D
3851,R,R,R,R,R,R,R,D,D,R,R,D,D,D,R,R
3852,R,R,R,R,R,R,D,R,R,R,D,D,D,D,D,D
3853,R,R,R,R,R,R,R,R,R,R,R,D,D,D,R,R
3854,R,R,R,R,R,R,R,R,R,D,R,D,D,R,R,D
3855,D,D,D,R,D,D,D,D,D,R,D,D,D,D,D,D
3856,D,R,R,R,R,R,R,D,D,R,R,D,D,D,D,R
3857,R,R,R,R,D,R,R,R,D,R,D,D,D,D,D,R
3858,R,R,R,R,R,R,R,R,D,R,R,D,D,D,D,R
3859,R,R,R,R,R,D,R,R,D,R,D,D,D,R,R,R
3860,D,D,R,R,D,D,D,D,D,D,D,D,D,D,D,D
3861,R,D,R,R,R,R,R,D,R,R,R,D,D,R,D,R
3862,D,D,R,R,R,D,D,D,D,R,D,D,D,D,D,D
3863,R,R,R,R,R,R,R,R,D,R,R,D,D,R,R,R
3864,R,R,R,R,R,D,R,D,R,R,D,D,D,D,R,R
3865,R,R,R,R,R,D,R,D,D,R,D,D,D,R,R,D
3866,R,R,R,R,R,R,R,D,D,D,D,D,D,R,D,R
3867,R,R,R,R,R,D,R,D,D,R,R,D,D,D,R,D
3868,R,D,R,R,R,R,R,D,D,R,R,D,D,R,R,R
3869,R,R,R,R,R,R,R,R,D,R,R,D,D,D,R,R
3870,D,D,R,R,R,R,R,R,R,R,D,D,D,R,R,R
3871,D,D,R,R,R,R,R,D,D,R,R,D,D,R,D,R
3872,D,D,R,R,R,D,D,D,D,D,D,D,D,D,D,D
3873,R,D,R,R,R,D,D,R,D,R,R,D,D,R,D,R
3874,D,R,R,R,R,R,D,R,D,R,R,D,R,R,R,R
3875,R,R,R,R,D,R,R,R,R,R,R,D,D,R,R,R
3876,R,R,R,R,R,R,R,R,D,R,D,D,D,D,R,D
3877,D,D,R,R,R,D,D,D,D,R,D,D,D,D,D,D
3878,R,D,R,R,R,R,R,R,R,R,R,D,D,D,R,R
3879,R,R,R,R,R,D,R,R,D,R,R,D,D,R,R,R
3880,D,D,D,R,R,D,D,D,D,D,D,D,D,D,D,D
3881,D,D,R,R,R,D,R,D,D,D,R,D,D,D,D,R
3882,R,D,D,R,R,D,D,D,D,R,D,D,D,D,D,D
3883,R,R,R,R,R,R,D,D,R,D,D,D,D,D,D,D
3884,R,R,R,R,R,R,R,D,D,R,R,D,D,R,D,D
3885,R,R,R,R,R,D,R,R,D,R,R,D,D,R,D,R
3886,R,R,R,R,R,R,R,R,R,R,R,D,D,D,R,R
3887,D,R,R,R,R,R,R,R,R,R,R,D,D,D,R,R
3888,D,D,D,R,R,D,R,D,D,D,D,D,D,D,D,R
3889,D,D,R,R,R,D,D,D,D,D,D,D,D,D,D,D
3890,R,R,R,R,R,R,R,R,R,R,R,D,D,R,R,R
3891,D,D,R,R,D,D,R,D,D,R,D,D,D,D,D,D
3892,R,R,R,R,R,R,R,R,R,R,R,D,R,R,R,R
3893,D,D,R,R,D,D,R,D,D,D,R,D,D,D,D,D
3894,D,D,R,R,D,R,D,D,D,R,D,D,D,D,D,D
3895,R,R,R,R,R,R,R,D,R,R,D,D,D,R,R,R
3896,R,R,R,R,D,R,R,R,D,R,D,D,D,D,D,R
3897,R,R,R,R,R,D,R,R,R,R,R,D,D,D,R,R
3898,R,R,R,R,R,R,R,D,D,R,R,D,D,D,D,D
3899,R,R,R,R,R,D,R,R,R,R,R,D,D,R,R,R
3900,D,D,D,R,D,R,D,D,D,R,D,D,D,D,D,D
3901,R,D,R,R,R,R,R,R,D,R,R,D,D,D,R,D
3902,R,R,R,R,R,R,R,D,R,R,R,D,D,R,D,R
3903,R,R,R,R,R,R,R,D,R,R,R,D,D,R,R,R
3904,R,R,R,R,R,D,R,R,D,R,D,D,D,D,D,D
3905,R,R,R,R,R,D,R,R,R,R,R,D,D,R,D,D
3906,R,R,R,R,R,R,R,D,R,R,R,D,D,R,D,D
3907,D,D,R,R,R,R,R,R,D,R,D,D,D,D,R,R
3908,R,D,R,R,R,R,R,R,R,R,R,D,D,D,D,R
3909,R,R,R,R,R,D,R,D,R,R,R,D,D,D,R,R
3910,R,R,R,R,R,R,R,R,R,R,R,D,D,R,D,R
3911,D,R,R,R,D,D,R,D,D,R,D,D,D,R,D,D
3912,D,R,D,R,R,D,D,D,D,R,D,D,D,D,D,D
3913,R,R,R,R,R,D,R,R,R,R,R,D,D,R,R,D
3914,D,D,D,R,R,D,R,D,D,R,R,D,D,D,D,R
3915,R,R,R,R,R,R,R,R,D,R,R,D,D,R,R,R
3916,D,R,D,R,D,D,D,D,D,D,D,D,D,D,R,D
3917,R,R,R,R,R,R,R,R,R,R,R,D,D,R,R,R
3918,D,R,D,R,R,D,D,D,D,D,D,D,D,D,D,D
3919,D,R,D,D,R,D,D,D,D,R,D,D,D,D,D,R
3920,R,D,R,R,R,R,R,D,D,R,R,D,D,D,D,R
3921,R,R,R,R,R,D,R,R,R,R,D,D,D,D,D,R
3922,R,R,R,R,R,R,R,R,D,R,R,D,D,R,R,R
3923,R,R,R,R,R,R,R,R,D,R,R,R,D,R,R,R
3924,D,R,R,D,D,D,D,D,D,R,D,D,D,D,D,D
3925,D,D,D,R,R,D,D,D,D,D,D,D,D,D,D,D
3926,R,D,R,R,R,D,R,D,R,D,R,D,D,D,R,R
3927,R,R,R,R,R,R,R,R,D,D,R,D,D,D,D,R
3928,R,R,R,R,R,R,R,R,D,R,R,D,D,R,R,R
3929,R,R,R,R,R,R,D,D,R,R,R,D,D,R,R,D
3930,D,R,R,R,R,R,R,R,D,R,R,D,D,R,R,R
3931,R,R,R,R,R,R,R,R,R,R,R,D,D,R,R,R
3932,D,R,R,R,R,R,R,R,D,R,D,D,D,D,D,D
3933,R,D,R,R,R,R,R,D,D,R,D,D,D,D,D,R
3934,R,D,R,R,R,R,R,D,D,R,R,D,D,R,R,R
3935,D,R,R,R,D,R,R,R,R,R,R,D,D,R,R,R
3936,R,D,R,R,R,R,R,D,R,R,R,D,D,R,R,R
3937,D,D,D,R,R,D,D,D,D,D,D,D,D,D,R,D
3938,R,R,R,R,R,R,R,R,R,R,R,D,D,R,D,R
3939,R,R,R,R,R,R,R,R,D,R,R,D,D,R,D,R
3940,R,R,R,R,R,R,R,R,D,R,D,D,D,D,D,R
3941,R,R,R,R,R,R,R,R,R,R,D,D,D,R,R,R
3942,R,R,R,R,R,D,R,D,D,R,R,D,D,D,D,R
3943,R,D,R,R,R,R,R,D,D,R,R,D,D,D,D,R
3944,D,D,D,R,R,D,D,D,D,D,D,D,D,D,R,D
3945,D,R,R,R,R,D,D,D,D,R,D,D,D,D,D,D
3946,R,R,R,R,R,R,R,R,D,R,R,D,D,D,D,R
3947,D,D,D,R,D,D,R,D,D,R,D,D,D,D,D,D
3948,D,D,R,R,R,R,R,R,R,R,D,D,D,D,R,R
3949,R,R,R,R,R,R,R,R,R,R,R,D,D,D,R,R
3950,D,D,R,R,R,D,R,D,D,R,D,D,D,D,D,R
3951,R,D,R,R,R,D,R,D,D,R,R,D,D,D,D,D
3952,R,R,R,R,R,R,R,R,D,R,R,D,D,R,R,R
3953,R,D,R,R,R,R,R,R,R,R,R,D,D,D,D,R
3954,D,R,D,R,R,D,D,D,D,D,D,D,D,D,D,D
3955,R,R,R,R,R,R,R,R,R,R,R,D,D,R,R,R
3956,R,R,R,R,R,R,R,R,D,R,R,D,D,D,R,R
3957,R,R,R,R,R,D,R,R,D,D,R,D,D,D,R,D
3958,R,R,R,R,R,R,R,R,R,R,R,D,D,R,R,R
3959,D,R,R,R,R,R,R,D,D,R,R,D,D,D,R,D
3960,R,R,R,R,R,R,R,R,R,R,R,D,D,R,R,R
3961,D,D,D,R,D,D,D,D,R,R,D,D,D,D,D,D
3962,R,R,R,R,R,D,R,D,D,R,R,D,D,D,D,R
3963,D,R,R,R,R,R,R,R,D,R,R,D,D,R,D,R
3964,R,R,R,R,R,R,R,R,R,R,R,D,D,D,D,D
3965,R,R,R,R,R,R,R,R,D,R,D,D,D,D,R,D
3966,D,D,R,R,R,R,R,R,R,R,R,R,D,D,R,R
3967,R,R,R,R,R,R,R,R,D,R,R,D,D,R,R,R
3968,D,D,R,R,R,R,R,D,D,R,D,D,D,D,D,R
3969,R,R,R,R,R,R,R,R,R,R,R,D,D,R,R,R
3970,D,R,R,R,R,R,R,R,R,R,R,D,D,R,R,R
3971,D,R,R,R,D,D,R,D,D,R,D,D,D,D,D,D
3972,R,R,R,R,D,R,R,R,D,D,R,D,D,R,R,D
3973,D,D,D,R,D,D,D,D,D,D,D,D,D,D,D,D
3974,D,D,R,R,R,R,D,R,R,R,R,D,D,D,D,R
3975,R,R,R,R,R,D,R,D,D,R,R,D,D,D,D,R
3976,R,R,R,R,R,R,R,D,R,R,D,D,D,D,D,R
3977,R,D,R,R,D,D,D,D,D,D,D,D,D,D,D,D
3978,R,R,R,R,R,R,R,R,D,R,R,D,D,D,D,R
3979,D,R,R,R,R,R,R,R,R,R,R,D,D,R,R,R
3980,D,D,R,R,R,R,R,D,R,R,R,D,D,R,R,D
3981,R,R,R,R,R,R,R,R,R,R,R,D,D,R,R,R
3982,D,R,R,R,R,D,D,D,D,D,D,D,D,D,D,D
3983,R,R,R,R,R,R,R,R,R,R,R,D,D,R,R,R
3984,R,R,R,R,R,R,R,D,D,R,D,D,D,R,D,D
3985,D,R,R,R,R,R,R,R,R,R,R,D,D,R,R,R
3986,R,R,R,R,R,R,R,R,R,R,D,D,D,D,R,R
3987,R,R,R,R,R,R,R,R,D,R,R,D,D,R,R,D
3988,D,D,R,R,R,R,R,D,R,R,R,D,D,D,D,R
3989,D,D,D,R,R,D,R,D,D,D,D,D,D,D,D,D
3990,R,R,R,R,R,R,R,R,R,R,R,D,D,R,R,R
3991,R,R,R,R,R,R,R,R,R,R,D,D,D,R,R,R
3992,D,R,D,R,R,D,D,D,D,D,D,D,D,D,D,D
3993,R,D,R,R,R,R,R,D,R,R,R,D,D,D,R,R
3994,R,R,R,R,R,R,R,R,R,R,D,D,D,R,R,R
3995,D,R,D,R,R,D,R,D,D,R,D,D,D,D,D,D
3996,D,D,R,R,R,D,D,D,D,D,D,D,D,D,D,D
3997,R,R,R,R,R,R,R,R,R,R,R,R,D,R,R,R
3998,D,R,R,R,R,R,R,R,R,R,D,D,D,D,D,R
3999,R,R,R,R,R,R,R,R,D,R,R,D,D,R,D,R
4000,D,R,R,R,R,R,R,R,D,R,R,D,D,D,R,D
4001,D,R,D,R,D,D,R,D,D,R,R,D,D,R,D,D
4002,D,D,R,R,R,R,R,R,D,R,R,D,D,D,R,D
4003,R,R,R,R,R,R,R,R,R,R,R,D,D,D,R,R
4004,R,R,R,R,R,D,R,R,R,R,R,D,D,R,R,R
4005,R,R,R,R,R,D,R,R,D,R,D,D,D,D,D,D
4006,D,R,R,R,R,R,R,R,D,R,R,D,D,D,R,R
4007,R,D,R,R,R,R,R,R,D,R,R,D,D,R,R,R
4008,R,D,R,R,R,D,R,R,D,D,R,D,D,D,R,R
4009,R,R,R,R,R,R,R,R,R,R,R,D,D,R,R,R
4010,R,D,R,R,R,D,R,D,R,R,D,D,D,R,D,R
4011,R,R,R,R,R,R,R,R,D,D,R,D,D,R,D,R
4012,D,R,R,R,R,R,R,D,D,R,D,D,D,D,D,R
4013,D,D,D,R,D,D,D,D,D,D,D,D,D,D,D,D
4014,R,R,R,R,R,R,R,D,D,R,R,D,D,R,D,R
4015,D,R,R,R,R,R,R,R,R,R,R,D,D,D,R,R
4016,R,R,R,R,R,R,R,D,D,R,R,D,D,D,D,R
4017,R,R,R,R,R,R,R,R,D,R,R,D,D,R,R,R
4018,D,D,D,R,R,D,R,D,D,R,D,D,D,R,R,D
4019,R,R,R,R,R,R,R,R,D,R,R,D,D,D,D,R
4020,R,R,R,R,R,R,R,D,D,R,D,D,D,R,R,D
4021,D,R,R,R,R,R,R,R,D,R,R,D,D,D,D,D
4022,D,D,D,D,D,D,R,D,D,R,D,D,D,D,D,D
4023,D,R,R,R,R,R,R,D,D,R,R,D,D,D,D,D
4024,R,R,D,R,R,R,D,R,D,R,R,D,D,D,R,R
4025,R,R,R,R,R,D,R,D,R,R,R,D,D,D,R,D
4026,R,D,R,R,R,R,R,R,D,R,D,D,D,R,D,D
4027,R,R,D,R,R,R,R,R,D,R,R,D,D,D,R,D
4028,R,R,R,R,R,R,R,R,D,R,R,D,D,R,R,R
4029,R,R,R,R,R,R,R,R,R,R,R,D,D,R,R,R
4030,R,D,R,R,R,D,R,D,D,D,D,D,D,D,D,R
4031,R,R,R,R,R,R,R,R,D,R,R,D,D,R,R,D
4032,R,R,R,R,R,R,D,R,D,R,D,D,D,D,R,R
4033,R,R,R,R,R,R,R,R,D,R,R,D,D,R,D,R
4034,R,R,R,R,R,D,R,D,R,R,R,D,D,R,D,D
4035,R,D,R,R,R,R,R,R,D,D,R,D,D,R,R,R
4036,D,R,R,R,R,R,R,R,D,R,D,D,D,D,D,R
4037,R,R,R,R,R,D,R,R,D,R,R,D,D,R,R,R
4038,R,R,R,R,R,R,R,R,R,R,D,D,D,D,R,R
4039,R,D,R,R,R,R,R,R,R,R,R,D,D,R,R,R
4040,R,D,R,R,R,D,R,D,D,R,D,D,D,D,R,R
4041,D,R,R,R,R,R,R,R,R,R,R,D,D,R,R,R
4042,R,R,R,R,R,R,R,R,R,D,R,D,D,D,R,R
4043,R,R,R,R,R,R,R,R,D,R,R,D,D,R,R,D
4044,R,D,R,R,R,R,R,D,D,R,R,D,D,R,D,R
4045,R,R,R,R,R,D,R,R,R,R,D,D,D,D,D,R
4046,R,R,R,R,R,R,R,D,D,R,R,D,D,R,D,D
4047,R,R,R,R,R,R,R,R,R,R,R,D,D,D,R,R
4048,R,R,R,R,R,R,R,R,D,R,R,D,D,R,R,R
4049,D,D,R,R,R,D,R,D,R,R,D,D,D,D,D,D
4050,R,R,R,R,R,D,R,R,D,R,D,D,D,R,R,R
4051,R,R,R,R,R,R,R,D,D,R,R,D,D,R,D,R
4052,D,D,R,R,D,D,R,D,D,D,R,D,D,D,D,D
4053,R,D,R,R,R,R,D,R,D,R,R,D,R,R,R,R
4054,R,R,R,R,R,R,R,R,D,R,R,D,R,R,R,R
4055,R,R,R,R,R,R,R,R,R,R,R,D,D,R,D,R
4056,R,R,R,R,R,R,R,D,R,R,R,D,D,R,R,R
4057,R,R,R,R,R,R,R,D,D,R,R,D,D,R,R,R
4058,R,R,R,R,R,R,R,R,R,R,R,D,D,D,R,R
4059,R,R,R,R,R,R,R,R,R,R,R,D,D,R,R,R
4060,D,D,R,R,R,D,D,D,D,D,D,D,D,D,D,D
4061,R,R,R,R,R,R,R,R,R,R,D,D,D,D,R,R
4062,D,D,R,R,R,D,R,D,D,R,D,D,D,D,D,R
4063,D,D,R,R,R,D,R,D,D,D,D,D,D,D,D,D
4064,D,R,R,R,R,R,R,D,D,R,R,D,D,R,D,R
4065,R,R,R,R,R,R,R,R,D,R,R,D,D,D,D,R
4066,R,R,R,R,R,R,R,D,R,R,D,D,D,D,R,R
4067,R,R,R,R,R,D,R,R,R,R,D,D,D,R,R,R
4068,R,R,R,R,R,D,R,D,D,R,D,D,D,D,D,R
4069,D,R,R,R,R,R,R,R,R,R,D,D,D,D,R,R
4070,D,D,R,R,R,D,D,D,D,D,D,D,D,D,D,R
4071,R,R,R,R,R,R,R,D,R,R,R,D,D,R,D,R
4072,D,D,D,R,R,D,R,D,D,R,D,D,D,D,D,D
4073,R,R,R,R,R,R,R,D,R,R,R,D,D,R,R,R
4074,R,R,R,R,R,R,R,R,D,R,R,D,D,D,R,D
4075,R,R,R,R,R,R,R,R,D,R,R,D,D,D,R,R
4076,R,R,R,R,R,R,R,R,R,R,D,D,D,R,R,R
4077,D,R,R,R,R,R,R,D,D,R,R,D,D,D,R,R
4078,R,R,R,R,R,D,R,R,R,R,D,D,D,R,R,D
4079,D,R,R,R,D,D,R,D,D,R,D,D,D,D,R,D
4080,D,D,R,R,D,D,R,D,D,R,D,D,D,D,D,D
4081,D,R,R,R,R,D,R,R,D,R,R,D,D,D,R,D
4082,D,R,D,R,R,D,D,D,D,D,D,D,D,R,D,D
4083,R,D,R,R,R,D,R,R,D,R,R,D,D,R,D,D
4084,D,R,R,R,R,R,R,D,R,R,R,D,D,R,D,D
4085,R,R,R,R,R,R,R,D,R,R,R,D,D,D,R,R
4086,R,R,R,R,R,R,R,R,R,R,R,D,D,R,R,R
4087,D,R,R,R,R,R,R,R,R,R,D,D,D,R,D,R
4088,R,D,R,R,R,R,R,R,D,R,D,D,D,R,D,R
4089,R,R,R,R,R,R,R,R,R,R,R,D,D,D,D,D
4090,R,R,R,R,R,R,R,R,R,R,D,D,D,D,D,R
4091,R,R,R,R,R,R,R,R,R,R,R,D,D,D,R,R
4092,R,R,R,R,R,R,R,R,D,R,D,D,D,R,R,R
4093,D,R,R,R,R,R,R,R,D,R,R,D,D,R,R,D
4094,R,R,R,R,R,R,R,R,R,R,R,D,D,R,R,D
4095,R,R,R,R,R,D,R,D,D,R,R,D,D,R,R,R
4096,R,R,R,R,R,R,R,D,D,R,R,D,D,R,R,R
4097,R,D,R,R,R,R,R,D,R,R,D,D,D,R,R,R
4098,R,R,R,R,R,R,R,D,R,R,R,D,D,D,R,R
4099,R,D,R,R,R,D,D,D,D,R,R,D,D,D,D,D
4100,R,D,R,R,R,R,R,D,D,R,R,D,D,R,R,R
4101,R,R,R,R,R,R,R,R,R,R,R,D,D,R,D,D
4102,R,R,R,R,R,D,R,R,D,R,D,D,D,R,R,D
4103,R,D,R,R,R,D,R,D,R,R,R,D,D,D,R,R
4104,R,D,R,R,R,D,R,R,R,R,R,D,D,R,R,R
4105,R,R,R,R,R,R,R,D,D,R,R,D,D,R,D,R
4106,R,R,R,R,R,R,R,D,D,R,R,D,D,R,R,R
4107,D,D,R,R,R,D,R,D,D,R,D,D,D,D,R,D
4108,D,D,R,R,R,R,R,R,R,R,R,D,D,D,R,R
4109,R,D,D,R,R,D,D,D,D,R,D,D,D,D,D,D
4110,R,R,R,R,R,R,R,R,D,R,R,D,D,D,R,R
4111,R,R,R,R,R,R,R,D,D,R,R,D,D,R,D,D
4112,D,R,R,R,R,D,R,R,D,R,R,D,D,D,R,D
4113,R,R,R,R,R,R,R,D,D,R,D,D,D,D,D,R
4114,R,R,R,R,R,R,R,D,D,R,D,D,D,R,D,D
4115,R,R,R,R,R,R,R,R,R,R,R,D,D,D,R,R
4116,R,R,R,R,R,R,R,R,R,R,D,D,D,D,R,R
4117,D,D,D,R,R,D,D,D,D,D,D,D,D,D,D,D
4118,R,D,R,R,R,R,R,R,R,R,D,D,D,R,R,D
4119,R,R,R,R,R,D,R,D,D,R,R,D,D,D,D,D
4120,D,D,D,R,R,D,R,D,D,D,D,D,D,D,D,D
4121,R,D,D,R,R,D,R,R,D,R,D,D,D,D,D,D
4122,R,D,R,R,R,D,R,D,D,R,D,D,D,R,R,R
4123,D,D,R,R,D,D,D,D,D,D,D,D,D,D,D,D
4124,R,R,R,R,R,D,R,R,R,R,R,D,D,D,D,D
4125,R,R,R,R,R,D,R,R,D,R,R,D,D,D,R,R
4126,D,R,R,R,R,R,R,R,R,R,D,D,D,D,R,R
4127,R,R,R,R,R,R,R,R,R,R,R,D,D,R,R,R
4128,D,D,R,R,D,D,D,D,D,D,D,D,D,D,D,D
4129,R,R,R,R,R,R,D,R,D,R,R,D,D,R,D,D
4130,R,R,R,R,R,R,R,D,R,R,R,D,D,R,D,R
4131,D,D,D,R,R,D,D,D,D,R,D,D,D,D,D,D
4132,R,R,R,R,R,R,R,R,D,R,R,D,D,R,R,R
4133,R,R,R,R,R,R,R,R,D,R,R,D,D,D,R,R
4134,R,R,R,R,R,R,R,R,R,R,R,D,D,R,D,R
4135,R,R,R,R,R,D,R,R,R,R,R,D,D,R,R,R
4136,R,R,R,R,R,R,R,R,R,R,R,D,D,D,R,R
4137,R,R,R,R,R,R,D,R,R,R,D,D,D,R,D,R
4138,R,R,R,R,R,R,R,R,D,R,R,D,D,R,D,R
4139,R,R,R,R,R,R,R,R,D,R,R,D,D,R,R,R
4140,R,D,R,R,R,D,R,R,D,R,R,D,D,R,R,D
4141,R,R,R,R,R,D,R,R,D,R,R,D,D,D,D,R
4142,D,D,D,R,R,D,R,D,D,R,D,D,D,D,D,D
4143,R,R,R,R,R,R,R,D,D,R,D,D,D,D,D,R
4144,D,D,R,R,R,R,D,R,D,R,R,D,D,R,D,R
4145,R,D,R,R,R,R,R,D,R,R,R,D,D,R,R,R
4146,R,R,R,R,R,R,R,R,R,R,R,D,D,R,R,R
4147,D,R,D,R,R,D,R,D,D,R,D,D,D,D,D,D
4148,R,R,R,R,R,D,R,R,R,R,R,D,D,D,D,R
4149,D,D,D,R,D,D,R,D,D,D,R,D,D,D,D,R
4150,R,R,R,R,R,R,R,R,D,R,R,R,D,R,R,R
4151,R,D,R,R,R,R,R,R,R,R,R,D,D,R,D,R
4152,D,D,D,R,R,D,D,D,D,R,D,D,D,D,D,D
4153,R,R,R,R,R,D,R,R,D,R,R,D,D,D,R,R
4154,D,R,R,R,R,R,R,R,D,R,R,D,D,R,R,R
4155,D,R,R,R,R,R,R,D,D,R,R,D,D,R,R,R
4156,R,R,R,R,R,D,R,R,R,R,R,D,D,D,R,D
4157,D,R,R,R,R,R,R,R,D,R,R,D,D,R,R,R
4158,R,R,R,R,R,R,R,D,R,R,R,D,D,D,D,R
4159,D,R,R,R,R,R,R,D,D,D,R,D,D,D,D,R
4160,R,R,R,R,R,R,R,R,R,R,R,D,D,R,R,D
4161,R,D,R,R,R,R,R,R,R,R,R,D,D,R,R,R
4162,R,R,R,R,R,D,R,D,R,R,R,D,D,D,D,R
4163,R,D,R,R,R,D,R,D,D,R,D,D,D,R,D,R
4164,R,R,R,R,R,R,R,R,D,R,R,D,R,R,R,R
4165,D,D,R,R,R,D,R,D,R,R,R,D,D,R,R,D
4166,D,D,R,R,R,D,R,D,D,R,R,D,D,D,R,D
4167,R,R,R,R,R,R,R,R,R,R,R,D,D,R,R,R
4168,R,R,R,R,R,R,R,R,R,R,R,D,D,R,R,R
4169,D,D,D,R,D,D,D,R,D,D,D,D,D,D,D,D
4170,D,D,R,R,R,D,R,R,D,R,R,D,D,R,R,R
4171,R,R,R,R,R,R,R,R,D,R,D,D,D,R,D,R
4172,D,R,R,R,R,D,R,R,R,R,R,D,D,R,R,R
4173,R,R,R,R,R,R,R,D,R,R,R,D,D,D,D,R
4174,R,D,R,R,R,R,R,R,R,R,D,D,D,D,R,D
4175,D,D,R,R,D,D,D,D,D,R,D,D,D,D,D,D
4176,D,R,R,R,R,D,R,D,R,R,R,D,D,D,R,D
4177,R,D,D,R,R,D,R,R,D,R,R,D,D,D,D,D
4178,R,R,R,R,R,R,R,R,R,R,R,D,D,R,D,R
4179,R,R,R,R,R,D,R,R,D,D,D,D,D,D,D,R
4180,R,D,D,R,D,D,D,D,D,D,D,D,D,D,D,D
4181,R,D,R,R,R,D,R,R,R,R,R,D,D,R,R,R
4182,R,R,R,R,R,R,R,D,R,R,R,D,D,D,D,R
4183,D,R,R,R,R,R,R,D,R,R,R,D,D,R,R,R
4184,R,R,R,R,R,R,R,R,D,R,R,D,D,R,D,R
4185,R,R,R,R,R,R,R,D,R,R,R,D,D,R,R,R
4186,R,R,R,R,R,D,R,R,R,R,R,D,D,D,D,R
4187,R,R,R,R,R,R,D,R,D,R,R,D,D,R,R,R
4188,R,R,R,R,R,R,D,D,R,R,R,D,D,R,D,R
4189,R,D,R,R,R,R,R,D,D,D,D,D,D,D,R,D
4190,R,R,R,R,R,D,R,R,R,R,R,D,D,R,R,D
4191,R,R,R,R,R,D,R,R,D,R,D,D,D,D,R,R
4192,R,D,R,R,R,D,R,R,D,R,R,D,D,R,R,R
4193,R,R,R,R,R,R,R,R,D,R,R,D,D,R,R,R
4194,R,R,R,R,R,D,D,D,D,R,R,D,D,D,D,R
4195,D,R,R,R,R,R,R,D,D,R,R,D,D,R,D,R
4196,D,R,R,R,R,R,R,R,D,R,R,D,D,R,D,D
4197,D,D,R,R,R,R,R,R,D,R,D,D,D,D,D,R
4198,R,R,R,R,R,R,R,D,D,R,R,D,D,D,R,R
4199,D,D,D,R,D,D,D,D,D,D,D,D,D,R,D,D
4200,R,D,R,R,R,D,R,D,D,R,R,D,D,D,R,R
4201,R,R,R,R,R,R,R,D,D,R,D,D,D,D,R,R
4202,R,D,R,R,R,D,R,R,D,R,D,D,D,D,R,D
4203,R,R,R,R,R,D,R,R,D,R,R,D,D,D,R,R
4204,R,R,R,R,R,R,R,R,R,R,R,D,D,R,R,R
4205,R,R,R,R,R,R,R,D,R,R,D,D,D,D,R,R
4206,R,D,R,R,R,R,R,R,D,R,R,D,D,D,D,D
4207,D,R,R,R,R,R,R,D,D,R,D,D,D,R,D,R
4208,R,D,R,R,R,R,R,D,D,R,R,D,D,D,R,R
4209,R,D,R,R,R,R,R,R,D,R,D,D,D,R,R,R
4210,R,R,R,R,R,D,R,D,D,R,D,D,D,D,D,R
4211,D,D,D,R,R,D,R,D,D,D,R,D,D,D,D,D
4212,R,R,R,R,R,R,R,R,D,R,R,D,D,R,D,D
4213,R,R,R,R,R,R,R,R,R,R,R,D,D,R,R,R
4214,R,D,R,R,R,R,R,R,D,R,R,D,D,R,R,R
4215,R,D,R,R,R,D,R,R,R,R,R,D,D,D,R,D
4216,R,R,R,R,R,R,R,R,R,R,R,D,D,R,R,R
4217,D,D,R,R,R,R,D,R,R,R,R,D,D,D,R,R
4218,R,R,R,R,R,R,R,R,R,R,R,D,D,D,R,R
4219,D,D,R,R,D,D,R,D,D,R,D,D,D,D,D,D
4220,D,R,R,R,R,D,R,D,D,R,R,D,D,D,D,D
4221,R,R,R,R,R,R,R,D,D,R,R,D,D,R,D,R
4222,R,D,R,R,R,R,R,R,R,R,D,D,D,R,R,R
4223,R,D,R,R,R,D,D,D,D,R,D,D,D,D,D,D
4224,R,R,R,R,R,R,R,D,D,R,R,D,D,R,R,R
4225,R,R,R,R,R,R,R,R,R,R,R,D,D,R,D,R
4226,R,R,R,R,R,R,R,R,R,R,R,D,D,R,R,R
4227,D,R,D,R,R,R,R,R,D,R,D,D,D,D,R,R
4228,D,R,R,R,R,D,D,D,D,R,R,D,D,D,R,R
4229,D,R,R,R,R,R,R,D,R,R,D,D,D,R,D,R
4230,D,D,D,R,D,D,D,D,D,D,D,D,D,D,D,D
4231,R,R,R,R,R,R,R,R,R,R,R,D,D,R,R,R
4232,R,R,R,R,R,R,R,R,D,D,R,D,D,R,D,R
4233,R,R,R,R,R,R,R,D,R,R,R,D,D,D,D,R
4234,D,D,R,R,R,R,D,R,D,R,R,D,D,D,R,D
4235,R,D,R,R,D,R,R,R,R,R,R,D,D,D,R,D
4236,R,R,R,R,R,R,R,D,D,R,R,D,D,R,R,D
4237,R,R,R,R,R,D,R,R,D,R,D,D,D,D,R,R
4238,R,R,R,R,R,R,R,R,D,R,R,D,D,D,D,R
4239,R,D,R,R,R,R,R,R,R,R,R,D,D,R,D,R
4240,D,D,D,D,R,D,D,R,D,R,D,D,D,D,D,D
4241,R,R,R,R,R,R,R,R,D,R,R,D,D,R,R,D
4242,R,R,R,R,R,D,R,R,D,R,D,D,D,D,D,R
4243,D,D,R,R,R,D,D,D,D,R,D,D,D,D,D,D
4244,R,D,R,R,R,D,R,R,D,R,R,D,D,R,D,R
4245,D,R,R,D,R,R,D,D,D,D,D,D,D,D,D,D
4246,R,D,R,R,R,R,R,D,D,R,D,D,D,D,R,R
4247,R,R,R,R,R,R,R,R,R,D,R,D,D,R,D,R
4248,R,R,R,R,R,R,R,R,R,R,R,D,D,R,R,R
4249,R,R,R,R,R,R,R,R,D,R,R,D,D,R,R,R
4250,D,R,R,R,D,D,D,D,D,D,D,D,D,D,D,D
4251,R,R,R,R,R,D,R,R,D,R,D,D,D,R,R,D
4252,D,D,R,R,R,D,R,D,D,R,D,D,D,D,R,R
4253,R,R,R,R,R,R,R,D,R,R,R,D,D,R,R,R
4254,R,R,R,R,R,D,R,R,R,R,R,D,D,D,R,R
4255,R,R,R,R,R,R,R,R,R,R,R,D,D,R,D,R
4256,D,R,R,R,R,D,R,R,D,R,D,D,D,D,D,D
4257,R,R,R,R,R,D,R,R,D,R,D,D,D,R,D,R
4258,D,D,R,R,R,R,R,R,D,R,R,D,R,D,R,R
4259,R,D,R,R,R,D,R,D,D,R,R,D,D,D,R,D
4260,R,R,R,R,R,R,R,R,D,R,R,D,D,R,R,D
4261,R,R,R,R,R,R,R,D,D,R,R,D,D,D,R,R
4262,R,R,R,R,R,R,R,D,R,R,R,D,D,D,R,D
4263,R,R,R,R,R,R,R,R,R,R,R,D,D,R,R,R
4264,R,R,R,R,R,R,R,R,D,R,R,D,D,R,R,R
4265,R,D,R,R,R,D,R,R,R,R,R,D,D,D,R,R
4266,R,R,R,R,R,D,R,D,D,R,R,D,D,D,R,R
4267,R,R,R,R,R,R,R,D,D,R,D,D,D,D,R,R
4268,D,D,D,R,R,D,D,D,D,R,D,D,D,D,D,D
4269,R,D,R,R,R,R,D,R,R,R,R,D,D,R,R,R
4270,R,R,R,R,R,R,R,R,D,R,R,D,D,D,R,R
4271,D,D,D,R,R,D,D,D,D,D,D,D,D,D,D,D
4272,D,R,R,R,R,R,R,R,D,R,R,D,D,R,D,R
4273,R,R,R,R,R,R,R,R,R,R,D,D,D,R,R,R
4274,R,R,R,R,R,D,R,D,R,D,R,D,D,R,D,R
4275,R,D,R,R,R,R,R,R,D,R,R,D,D,R,R,R
4276,D,D,R,R,R,R,D,D,D,D,D,D,D,D,D,D
4277,R,R,R,R,R,R,R,R,R,R,R,D,D,D,D,R
4278,R,R,R,R,R,R,R,D,D,R,R,R,D,R,R,D
4279,R,D,D,R,R,R,R,R,D,R,R,D,D,D,D,D
4280,R,D,R,R,R,R,R,D,R,R,R,D,D,D,D,R
4281,R,R,R,R,R,R,R,R,R,R,R,D,D,R,R,R
4282,R,R,R,R,R,R,R,R,R,R,D,D,D,R,D,R
4283,R,R,R,R,R,R,R,R,D,R,R,D,D,D,R,R
4284,R,R,R,R,R,R,R,R,R,R,R,D,D,R,R,R
4285,D,D,R,R,R,D,R,D,D,R,D,D,D,D,D,D
4286,R,D,R,R,R,R,R,D,D,R,D,D,D,R,R,D
4287,D,D,R,R,R,D,R,R,R,D,R,D,D,D,D,D
4288,D,R,R,R,R,R,R,D,R,R,R,D,D,R,R,R
4289,R,R,R,R,R,R,R,D,R,R,R,D,D,R,R,D
4290,R,D,R,R,R,D,R,D,D,R,D,D,D,D,D,D
4291,R,R,R,R,R,R,R,R,R,R,R,D,D,R,R,R
4292,R,R,R,R,R,D,R,D,R,R,D,D,D,R,D,D
4293,R,R,R,R,R,R,R,R,D,R,R,D,D,D,R,R
4294,R,R,R,R,R,D,R,R,D,R,R,D,D,R,R,R
4295,R,D,R,R,R,D,R,R,D,R,R,D,D,R,R,R
4296,R,R,R,R,R,R,R,R,R,R,D,D,D,R,R,R
4297,R,R,R,R,R,D,R,R,R,R,R,D,D,D,D,R
4298,D,D,D,R,R,D,D,D,D,R,D,D,D,D,D,D
4299,D,R,R,R,R,D,R,D,D,R,R,D,D,R,R,R
4300,R,R,R,R,R,R,R,R,D,R,D,D,D,R,R,R
4301,R,R,R,R,R,R,R,D,D,R,R,D,D,R,R,R
4302,R,R,R,R,R,D,R,R,R,R,R,D,D,R,R,R
4303,R,D,R,R,R,D,R,R,D,R,D,D,D,D,R,R
4304,R,D,R,R,R,R,R,D,R,R,R,D,D,R,R,R
4305,D,R,R,R,D,D,R,R,D,R,R,D,D,D,R,R
4306,R,R,R,R,R,R,R,D,D,R,R,D,D,D,R,R
4307,R,R,R,R,R,R,R,R,D,R,R,D,D,D,D,R
4308,R,R,R,R,R,D,R,R,D,R,R,D,R,R,R,R
4309,R,R,R,R,R,R,R,R,D,R,R,D,D,D,R,R
4310,R,D,R,R,R,D,R,D,D,R,R,D,D,R,R,D
4311,D,D,R,R,R,R,R,D,R,R,R,D,D,D,R,R
4312,R,D,R,R,R,D,R,R,R,R,D,D,D,D,D,R
4313,R,D,R,R,R,D,R,R,D,R,D,D,D,D,D,D
4314,R,R,R,R,D,R,R,R,D,R,R,D,D,D,R,R
4315,R,R,R,R,R,R,R,D,D,R,R,D,D,D,R,R
4316,D,D,D,R,D,D,D,D,D,R,D,D,D,D,D,D
4317,R,R,R,R,R,D,R,D,D,R,D,D,D,D,D,R
4318,D,R,D,R,R,D,R,D,D,D,D,D,D,D,D,D
4319,R,R,R,R,R,R,R,R,R,R,R,D,D,R,R,R
4320,R,R,R,R,R,R,R,R,R,R,R,D,D,D,R,R
4321,R,D,R,R,R,R,R,R,D,R,R,D,D,D,R,R
4322,R,R,R,R,R,R,R,D,R,R,D,D,D,R,R,R
4323,R,R,R,R,R,R,R,R,R,R,R,D,D,R,R,R
4324,R,D,R,R,R,D,R,R,D,R,R,D,D,R,D,R
4325,D,D,R,R,R,R,R,R,D,R,R,D,D,R,R,R
4326,R,R,R,R,R,R,R,D,R,D,D,D,D,D,R,R
4327,R,R,R,R,R,R,R,R,D,R,R,D,D,D,R,D
4328,D,D,R,R,R,D,R,D,D,D,D,D,D,D,D,R
4329,D,R,R,R,R,D,R,R,D,R,D,D,D,D,D,R
4330,R,D,D,R,R,D,D,D,D,D,D,D,D,D,D,D
4331,D,R,R,R,D,D,R,R,D,R,D,D,D,R,R,R
4332,R,R,R,R,R,D,R,R,D,R,R,D,D,R,R,R
4333,R,R,R,R,R,R,R,R,D,R,R,D,D,R,R,R
4334,R,R,R,R,R,R,R,R,R,R,R,D,D,R,R,R
4335,R,R,R,R,R,R,R,R,R,R,R,D,D,R,D,R
4336,R,D,R,R,R,D,R,R,D,R,D,D,D,D,R,R
4337,D,R,D,R,R,D,D,D,D,R,D,D,D,D,R,D
4338,R,R,R,R,R,R,R,R,R,R,R,D,D,R,R,R
4339,R,R,R,R,R,D,R,R,D,R,R,D,D,D,R,R
4340,R,D,R,R,R,D,R,D,D,R,D,D,D,R,R,R
4341,D,R,R,R,R,R,R,R,D,R,R,D,D,R,D,D
4342,R,R,R,R,R,D,R,R,R,R,D,D,D,D,D,R
4343,D,D,R,R,R,D,R,R,D,R,R,D,D,D,R,D
4344,R,R,R,R,R,R,R,D,D,R,R,D,D,D,R,D
4345,D,R,R,R,D,D,R,R,D,R,D,D,D,D,D,D
4346,R,R,R,R,R,D,R,R,R,R,D,D,D,R,R,R
4347,D,R,R,R,R,D,R,R,R,R,R,D,D,R,D,R
4348,R,R,R,R,R,R,R,R,R,R,R,D,D,R,R,R
4349,R,R,R,R,R,R,R,R,R,R,R,D,D,R,R,R
4350,D,R,R,R,R,D,R,R,R,D,R,D,D,D,R,R
4351,R,R,R,R,R,R,R,D,R,R,R,D,D,R,D,R
4352,R,R,R,R,R,R,R,R,D,R,R,D,D,R,R,R
4353,D,D,D,R,R,D,D,D,D,R,D,D,D,D,D,D
4354,R,R,R,R,R,R,R,D,R,R,D,D,D,R,D,R
4355,R,R,R,R,R,D,R,D,R,R,R,D,D,D,D,R
4356,D,D,D,R,D,D,R,D,D,D,D,D,D,D,D,D
4357,D,R,R,R,R,R,D,R,R,R,R,D,D,D,D,R
4358,R,R,R,R,R,R,R,R,R,R,R,D,D,R,R,R
4359,R,R,R,R,R,R,R,R,R,R,R,D,D,R,R,R
4360,R,R,R,R,R,D,R,D,D,R,R,D,D,D,R,D
4361,R,R,R,R,R,R,R,R,R,R,R,D,D,R,R,R
4362,D,D,R,R,R,D,R,D,D,R,D,D,D,D,D,R
4363,D,D,R,R,R,D,R,D,D,D,D,D,D,R,R,D
4364,R,R,R,R,R,R,R,D,R,R,R,D,D,D,D,D
4365,R,R,R,R,R,D,R,D,D,R,R,D,D,R,D,R
4366,R,D,R,R,R,R,R,R,R,D,R,D,R,R,D,R
4367,D,D,R,R,R,R,R,D,R,R,D,D,D,D,D,R
4368,R,R,R,R,R,D,R,D,D,R,D,D,D,R,R,D
4369,R,R,R,R,D,R,R,D,D,D,R,D,D,R,R,R
4370,R,R,R,R,R,D,R,R,D,R,D,D,D,R,D,R
4371,D,R,R,R,R,R,D,R,R,R,R,D,D,R,D,R
4372,R,R,R,R,R,D,R,R,R,R,R,D,D,R,R,D
4373,D,D,R,R,R,R,R,R,R,R,R,D,D,D,D,R
4374,R,R,R,R,R,R,R,D,R,R,R,D,D,R,D,R
4375,R,R,R,R,R,R,R,R,R,R,R,D,D,R,R,R
4376,R,R,R,R,R,R,R,R,R,R,R,D,D,D,R,R
4377,R,R,R,R,R,R,R,R,R,R,R,D,D,D,R,R
4378,D,R,R,R,R,R,R,R,R,R,R,D,D,R,D,D
4379,R,R,R,R,R,R,R,R,R,R,R,D,D,D,R,R
4380,D,D,R,R,R,D,R,R,D,R,R,D,D,D,R,R
4381,D,R,R,R,R,R,R,D,R,R,D,D,D,R,R,R
4382,D,R,R,R,R,D,R,R,D,R,D,D,D,R,R,R
4383,D,R,R,R,R,D,R,R,D,R,R,D,D,R,R,D
4384,R,R,R,R,R,R,R,R,R,R,R,D,D,R,D,R
4385,R,R,R,R,R,R,R,R,R,R,R,D,R,R,R,R
4386,D,R,R,R,R,R,R,R,D,R,R,D,D,R,D,R
4387,D,R,R,R,R,D,R,D,D,R,R,D,D,D,R,R
4388,D,R,R,R,R,D,D,R,R,R,R,D,D,D,R,R
4389,D,D,R,R,R,D,D,D,D,D,D,D,D,R,D,D
4390,D,D,R,R,R,R,R,R,D,R,D,D,D,R,R,D
4391,D,R,R,R,R,R,R,D,D,R,R,D,D,R,R,D
4392,R,R,R,R,R,R,R,R,D,R,R,D,D,D,R,R
4393,R,D,R,R,R,D,D,D,D,R,D,D,D,R,D,D
4394,R,D,R,R,R,R,R,R,D,R,D,D,D,D,D,D
4395,R,R,D,R,R,R,R,R,D,R,D,D,D,R,R,D
4396,R,D,R,R,R,R,R,D,R,R,R,D,D,D,R,R
4397,R,R,R,R,R,R,R,R,R,R,R,D,D,D,R,R
4398,R,R,R,R,R,R,R,R,R,R,R,D,D,D,R,D
4399,D,D,R,R,D,D,D,D,D,R,D,D,D,D,D,D
4400,R,R,R,R,R,R,R,D,R,R,R,D,R,R,R,R
4401,D,R,D,R,R,D,D,D,D,D,D,D,D,D,D,D
4402,D,D,R,R,R,D,D,R,D,R,D,D,D,D,D,D
4403,R,R,R,R,R,R,R,D,D,R,D,D,D,D,D,R
4404,R,R,R,R,R,R,R,R,R,R,D,D,D,R,R,R
4405,R,R,R,R,R,R,R,R,R,R,R,D,D,R,R,R
4406,R,D,R,R,R,D,R,R,R,R,R,D,D,R,R,R
4407,R,R,R,R,R,R,R,D,D,R,D,D,D,R,D,D
4408,R,R,R,R,R,D,R,R,D,R,R,D,D,R,D,R
4409,R,R,R,R,R,D,R,R,D,R,R,D,D,R,R,R
4410,D,D,R,R,R,R,R,D,D,R,D,D,D,R,D,D
4411,D,D,R,R,R,R,R,D,R,R,R,D,D,D,R,D
4412,D,D,D,R,D,D,R,D,D,D,D,D,D,D,D,D
4413,R,R,R,R,R,R,R,R,D,R,R,D,D,D,R,R
4414,R,R,D,R,R,R,R,R,D,R,D,D,D,R,R,R
4415,R,R,R,R,R,R,D,R,R,R,R,D,D,R,R,R
4416,D,D,D,R,R,D,D,D,D,R,D,D,D,D,D,D
4417,R,D,R,R,R,R,R,D,D,R,R,D,D,D,R,D
4418,D,D,D,R,R,D,D,D,D,D,D,D,D,D,D,D
4419,D,D,R,R,R,D,D,D,D,R,R,D,D,D,R,R
4420,R,R,R,R,R,R,R,D,R,R,R,D,D,R,R,R
4421,R,R,R,R,R,D,R,R,D,R,D,D,D,R,D,R
4422,R,R,R,R,R,R,R,D,D,R,D,D,D,D,D,D
4423,D,D,R,R,D,D,D,D,D,D,D,D,D,D,D,R
4424,R,R,R,R,R,R,R,D,D,R,D,D,D,R,R,D
4425,D,R,R,R,R,D,R,D,R,R,R,D,R,R,R,R
4426,D,R,R,R,R,D,D,R,D,R,R,D,D,R,R,R
4427,R,R,R,R,R,R,D,R,D,R,R,D,D,D,D,R
4428,R,R,R,R,R,R,R,R,R,R,R,D,D,D,D,R
4429,R,R,R,R,R,R,D,R,D,R,R,D,D,R,R,R
4430,R,D,R,R,R,D,R,D,D,R,R,D,D,R,D,R
4431,D,D,R,R,D,D,D,D,D,D,D,D,D,D,D,D
4432,D,D,D,R,D,D,D,D,D,D,D,D,D,D,D,R
4433,R,R,R,R,R,R,R,R,R,R,R,D,D,R,R,R
4434,R,D,D,R,R,D,R,D,D,R,D,D,D,D,D,D
4435,D,R,R,R,R,R,R,D,D,R,R,D,D,R,D,R
4436,R,R,R,R,R,R,D,R,R,R,R,D,D,D,R,R
4437,D,R,R,R,R,R,R,R,D,R,R,D,D,D,R,D
4438,D,R,R,R,R,R,R,R,R,R,R,D,D,R,D,R
4439,R,R,R,R,R,R,R,R,D,R,D,D,D,D,D,D
4440,R,R,R,R,R,R,R,R,D,R,D,D,D,D,R,R
4441,R,D,R,R,D,D,D,D,D,D,D,D,D,D,D,D
4442,D,R,R,R,R,R,R,R,D,D,R,D,D,R,R,D
4443,R,R,R,R,R,R,R,R,D,R,R,D,D,D,R,R
4444,D,D,D,R,D,D,D,D,D,R,D,D,D,D,D,D
4445,R,R,R,R,R,R,R,R,R,R,D,D,D,D,D,R
4446,R,R,R,R,R,D,R,D,R,R,D,D,D,R,R,R
4447,R,R,R,R,R,R,R,R,R,R,R,D,D,D,R,R
4448,R,R,R,R,R,R,R,R,R,R,R,D,D,R,R,R
4449,R,R,D,R,D,D,D,D,R,D,D,D,D,D,D,D
4450,D,D,D,R,D,D,R,D,D,D,D,D,D,D,D,D
4451,D,D,R,R,R,R,R,R,D,R,R,D,D,D,D,R
4452,R,D,R,R,R,R,R,D,D,D,R,D,D,D,R,R
4453,D,R,R,R,R,D,R,R,R,R,R,D,D,D,D,R
4454,R,D,R,R,R,R,R,D,R,R,R,D,D,R,R,R
4455,R,R,R,R,R,R,D,R,D,R,R,D,D,R,R,R
4456,R,R,R,R,R,R,R,R,D,R,R,D,D,R,R,R
4457,R,R,R,R,R,D,R,R,R,R,R,D,D,D,R,R
4458,R,R,R,R,R,R,R,R,D,R,D,D,D,D,R,R
4459,D,D,D,R,D,D,D,D,D,R,D,D,D,D,D,D
4460,R,R,R,R,R,D,R,R,D,R,R,D,D,R,R,R
4461,R,R,R,R,R,D,R,D,D,R,D,D,D,R,R,D
4462,R,R,R,R,R,R,R,D,D,R,R,D,D,R,D,R
4463,R,R,R,R,R,D,R,R,R,R,R,D,D,D,R,R
4464,R,R,R,R,R,R,R,R,D,R,R,D,D,D,R,D
4465,R,R,R,R,R,R,R,R,R,R,R,D,D,R,D,R
4466,R,R,R,R,R,R,D,R,D,R,D,D,D,D,D,R
4467,D,R,D,R,D,D,R,D,D,R,D,D,D,D,D,D
4468,R,R,R,R,R,R,R,R,R,R,R,D,D,R,R,R
4469,R,R,R,R,R,R,D,D,R,R,D,D,D,R,R,R
4470,R,R,R,R,R,R,R,D,R,D,R,D,D,R,D,R
4471,R,R,R,R,R,R,R,R,R,R,R,D,D,D,R,R
4472,D,R,R,R,R,R,R,D,D,R,R,D,D,R,D,R
4473,D,D,R,R,R,D,R,D,R,R,D,D,D,R,R,R
4474,R,R,R,R,R,R,R,D,R,R,R,D,D,R,D,R
4475,D,R,R,R,R,R,R,R,D,R,D,D,D,R,R,R
4476,D,D,R,R,R,D,R,D,D,R,D,D,D,D,D,D
4477,D,R,R,R,R,R,R,R,D,R,D,D,D,R,R,R
4478,R,D,R,R,R,R,R,R,D,R,D,D,D,D,R,R
4479,R,R,R,R,R,D,R,D,D,R,R,D,D,R,D,R
4480,R,D,R,R,R,R,R,R,D,R,R,D,D,R,R,R
4481,R,R,R,R,R,R,R,R,R,R,R,D,D,R,R,R
4482,D,D,D,R,R,D,R,D,D,D,D,D,D,D,D,D
4483,D,D,R,R,R,D,R,D,D,R,D,D,D,D,D,D
4484,R,D,R,R,R,R,R,R,R,R,R,D,D,R,D,R
4485,R,R,R,R,D,R,R,R,D,R,D,D,D,R,D,R
4486,D,D,R,R,R,R,R,R,D,R,D,D,D,R,R,D
4487,R,R,R,R,R,D,R,D,D,R,D,D,D,D,D,R
4488,R,R,R,R,R,R,R,D,D,R,R,D,D,D,D,D
4489,R,R,R,R,R,R,R,R,R,R,D,D,D,D,D,R
4490,R,D,R,R,R,R,R,D,D,R,R,D,D,R,R,D
4491,R,R,R,R,R,D,R,R,R,R,R,D,D,R,R,R
4492,D,R,R,R,R,R,R,D,D,R,R,D,D,D,R,R
4493,R,R,R,R,R,R,R,R,R,R,R,D,D,D,R,R
4494,R,R,R,R,R,R,R,R,D,R,R,D,D,R,R,D
4495,R,R,R,R,R,D,D,D,D,R,D,D,D,D,D,D
4496,D,D,D,D,R,D,D,D,D,D,D,D,D,R,D,D
4497,R,R,R,R,R,R,R,R,R,R,R,D,D,R,R,R
4498,D,R,R,R,R,R,R,R,D,R,R,D,D,D,D,R
4499,R,R,R,R,R,D,R,R,D,R,R,D,D,D,D,R
4500,R,R,R,R,R,R,R,R,R,R,R,D,D,R,R,R
4501,R,R,R,R,R,D,R,R,R,R,R,D,D,R,R,R
4502,R,R,R,R,R,R,R,R,R,R,D,D,D,R,D,R
4503,R,R,R,R,R,R,R,R,D,R,R,D,D,R,R,R
4504,D,R,R,R,R,R,R,D,R,R,R,D,D,R,D,R
4505,D,R,R,R,R,R,R,R,R,R,R,D,D,R,R,R
4506,D,D,R,R,R,R,R,D,D,R,R,D,D,R,D,R
4507,R,R,R,R,R,D,R,R,R,R,R,D,R,D,R,R
4508,R,D,R,R,R,R,R,R,R,R,R,D,D,R,R,R
4509,D,R,R,R,R,R,R,R,D,R,R,D,D,R,R,R
4510,R,R,R,R,R,D,R,R,R,R,D,D,D,D,R,R
4511,R,D,R,R,R,R,R,D,D,R,D,D,D,D,D,D
4512,D,D,D,R,D,D,R,D,D,R,D,D,D,R,D,D
4513,R,D,R,R,R,R,R,R,R,R,R,D,D,R,R,R
4514,R,R,R,R,R,R,R,R,D,R,D,D,D,R,R,R
4515,R,R,R,R,R,R,R,R,D,R,R,D,D,R,D,R
4516,R,R,R,R,R,R,R,R,R,R,R,D,D,R,R,R
4517,D,R,R,R,R,D,R,R,D,R,R,D,D,R,R,R
4518,D,D,R,R,R,D,R,D,D,D,D,D,D,D,D,D
4519,R,R,R,R,R,R,R,D,D,R,D,D,D,R,R,D
4520,D,D,R,R,R,D,R,D,D,R,D,D,D,D,D,D
4521,D,R,R,R,R,R,R,R,R,R,R,D,D,R,R,R
4522,R,R,R,R,R,R,R,R,D,R,R,D,D,R,R,R
4523,R,R,R,R,R,R,R,R,D,R,R,D,D,R,R,D
4524,R,R,R,R,R,D,R,D,R,D,R,R,D,D,R,D
4525,R,R,R,R,R,R,R,R,D,R,R,D,D,R,R,R
4526,D,D,D,R,R,D,R,D,D,R,D,D,D,D,D,D
4527,D,R,R,R,R,D,R,R,D,R,R,D,D,D,D,D
4528,R,D,R,R,R,R,R,R,D,R,R,D,D,D,R,R
4529,R,R,R,R,R,R,R,R,R,R,R,D,R,R,D,R
4530,R,R,R,R,R,R,R,R,R,R,R,D,R,R,R,R
4531,R,D,D,R,D,D,R,D,D,R,D,D,D,D,D,D
4532,R,D,D,R,R,R,R,R,R,R,D,D,D,D,R,R
4533,R,R,R,R,R,R,R,R,D,R,R,D,D,R,R,R
4534,R,R,R,R,R,R,R,R,D,R,R,D,D,D,D,R
4535,D,R,R,R,R,R,R,R,R,R,R,D,D,R,D,R
4536,D,R,R,R,R,R,R,R,R,R,R,D,D,D,R,D
4537,R,R,R,R,R,R,R,R,R,R,R,D,R,R,R,R
4538,D,R,D,R,R,D,D,D,D,R,D,D,D,D,D,D
4539,D,R,R,R,R,D,R,D,R,R,R,D,D,D,D,D
4540,R,R,R,R,R,R,R,R,D,R,D,D,D,D,R,R
4541,R,R,R,R,R,D,R,R,R,R,R,D,D,R,R,R
4542,R,R,R,R,R,R,R,R,R,R,R,D,D,D,R,R
4543,D,D,R,R,R,R,R,D,R,R,R,D,D,D,R,R
4544,D,R,R,R,R,R,R,R,D,R,R,D,D,D,R,R
4545,D,D,R,R,R,D,D,D,D,D,D,D,D,D,D,D
4546,R,R,R,R,R,R,R,R,R,R,R,D,R,R,D,R
4547,R,D,R,R,R,R,R,R,D,R,R,D,D,R,R,R
4548,D,R,R,R,R,R,R,R,D,R,R,D,D,R,R,R
4549,D,R,R,R,R,D,R,R,R,R,R,D,D,D,D,D
4550,D,D,D,R,D,D,R,D,D,D,D,D,D,D,D,D
4551,D,D,D,D,R,D,D,D,D,D,D,D,D,D,D,D
4552,R,R,R,R,R,R,R,R,R,R,R,D,D,D,R,R
4553,D,D,R,R,R,D,R,D,D,R,D,D,D,D,D,D
4554,R,R,R,R,R,R,R,D,D,R,R,D,D,D,D,R
4555,R,R,R,R,R,R,R,D,D,R,R,D,D,R,R,R
4556,R,R,R,R,R,R,R,D,R,R,R,D,D,R,R,R
4557,R,R,R,R,R,R,R,R,R,R,R,D,D,D,R,D
4558,R,R,R,R,R,R,D,R,R,D,R,D,D,D,R,R
4559,D,D,R,R,R,D,D,D,D,D,D,D,D,D,D,D
4560,R,R,R,R,R,R,R,R,R,R,R,D,D,D,R,D
4561,R,R,R,R,R,R,R,R,R,R,R,D,D,D,D,R
4562,R,R,R,R,R,R,R,R,R,R,R,D,D,D,R,R
4563,R,R,R,R,R,R,R,D,R,R,D,D,D,R,R,R
4564,D,D,R,R,R,D,D,D,D,R,D,D,D,D,D,D
4565,R,R,R,R,R,D,R,R,R,R,R,D,D,R,R,R
4566,R,R,R,R,R,R,R,R,R,R,R,D,D,R,R,R
4567,R,D,R,R,R,D,D,D,D,R,D,D,D,D,D,R
4568,R,D,R,R,R,R,R,D,R,R,D,D,D,D,R,R
4569,R,D,R,R,R,R,R,R,D,R,R,D,D,D,R,D
4570,R,R,R,R,R,R,R,D,R,R,R,D,D,R,R,R
4571,D,D,D,D,D,D,R,D,D,D,D,D,D,D,D,D
4572,R,D,R,R,R,D,R,R,D,R,R,D,D,D,R,R
4573,R,D,R,R,R,R,R,D,D,R,R,D,D,R,D,D
4574,R,R,R,R,R,R,R,R,R,R,R,D,D,R,R,R
4575,D,R,R,R,R,R,R,D,D,R,R,D,D,R,R,D
4576,D,R,R,R,R,R,R,R,D,R,R,D,D,R,R,R
4577,R,R,R,R,R,R,R,R,R,R,R,D,D,R,R,R
4578,R,R,R,R,R,R,R,D,R,R,R,D,D,R,R,R
4579,R,R,R,R,R,R,R,R,R,R,R,D,D,R,R,R
4580,R,R,R,R,R,R,R,R,R,R,R,D,D,R,R,D
4581,D,R,R,R,R,R,D,D,D,R,D,D,D,R,D,R
4582,R,D,R,R,R,D,R,R,D,R,R,D,D,R,R,D
4583,R,R,R,R,R,R,R,D,D,R,R,D,D,R,D,D
4584,D,R,R,R,R,R,R,R,D,R,R,D,D,R,R,R
4585,R,R,R,R,R,D,R,D,D,D,R,D,D,D,R,R
4586,R,R,R,R,R,R,R,R,D,R,D,D,D,R,R,R
4587,D,D,R,R,R,D,R,R,D,R,R,D,R,R,D,R
4588,R,R,R,R,R,R,R,R,D,R,R,D,D,R,R,R
4589,R,R,R,R,R,R,D,D,D,R,R,D,D,D,R,R
4590,D,D,D,R,R,D,D,D,D,D,D,D,D,D,D,R
4591,R,R,R,R,R,R,R,R,R,R,R,D,D,R,R,R
4592,D,R,R,D,R,D,D,D,D,R,D,D,D,D,D,D
4593,D,R,R,R,R,D,R,R,D,R,D,D,D,R,R,R
4594,R,R,D,D,R,D,D,D,D,D,D,D,D,D,D,D
4595,R,R,R,R,R,R,R,D,D,R,R,D,D,R,D,D
4596,R,D,D,R,D,D,D,D,D,R,D,D,D,D,D,D
4597,D,R,D,R,R,D,D,D,D,D,D,D,D,D,D,D
4598,D,D,R,R,R,R,R,D,D,R,D,D,D,R,D,R
4599,D,R,R,R,R,R,R,R,D,D,R,D,D,R,R,R
4600,R,R,R,R,R,R,R,D,R,R,D,D,D,R,R,D
4601,D,D,D,R,R,D,R,D,D,R,D,D,D,D,D,D
4602,R,R,R,R,R,R,R,R,R,R,D,D,D,D,R,D
4603,R,D,R,R,R,R,R,R,D,R,D,D,D,R,D,R
4604,R,R,R,R,R,R,R,R,D,R,R,D,D,D,R,R
4605,D,R,R,R,R,R,R,D,D,R,R,D,D,D,R,R
4606,R,D,R,R,R,R,R,R,R,R,R,D,D,D,D,R
4607,R,R,R,R,R,D,R,R,R,R,D,D,D,D,D,R
4608,R,R,R,R,R,R,R,R,R,R,R,D,D,R,D,R
4609,R,D,R,R,R,D,D,R,D,R,R,D,D,D,R,D
4610,R,D,R,R,R,D,R,D,R,R,R,D,D,R,R,R
4611,R,R,R,R,R,R,R,R,D,R,R,D,D,R,D,R
4612,R,R,R,R,R,R,R,R,R,R,R,D,D,R,D,R
4613,D,R,R,R,R,D,R,D,D,R,D,D,D,R,D,R
4614,R,R,R,R,R,R,R,D,D,R,D,D,D,D,R,D
4615,R,R,R,R,R,D,R,R,D,R,R,D,D,D,R,R
4616,R,R,R,R,R,D,R,R,D,R,D,D,D,D,D,R
4617,D,D,R,R,R,R,R,D,D,R,R,D,D,R,D,D
4618,R,R,R,R,R,R,R,D,D,R,R,D,D,R,R,D
4619,R,R,R,R,R,R,R,R,R,R,R,D,D,R,D,R
4620,R,R,R,R,R,R,R,R,D,R,R,D,D,R,D,R
4621,R,R,R,R,R,D,R,R,D,R,D,D,D,D,R,R
4622,R,R,R,R,R,R,R,D,R,R,R,D,D,R,D,R
4623,D,R,D,R,R,R,R,R,R,R,R,D,D,D,D,R
4624,R,R,R,R,D,R,R,R,D,R,R,D,D,D,R,R
4625,R,R,R,R,R,R,R,R,R,R,R,D,D,D,R,D
4626,R,R,R,R,R,R,R,R,R,R,R,D,R,R,R,R
4627,R,R,R,R,R,R,R,D,R,R,R,D,D,D,R,R
4628,R,R,R,R,R,R,R,D,R,R,R,D,D,R,R,R
4629,R,R,R,R,R,R,R,R,D,R,R,D,D,R,D,R
4630,D,R,R,R,R,D,D,D,D,R,D,D,D,D,D,D
4631,R,R,D,R,R,D,R,R,R,R,R,D,D,R,D,D
4632,R,R,R,R,R,R,R,R,D,R,R,D,D,D,R,D
4633,R,R,R,R,R,D,R,R,R,R,R,D,D,D,R,R
4634,D,D,R,R,R,R,R,D,D,R,R,D,D,R,D,R
4635,R,R,R,R,R,R,R,D,R,R,R,D,D,R,R,R
4636,R,R,R,R,R,R,R,D,D,R,D,D,D,D,D,R
4637,D,D,R,R,R,D,D,D,D,D,D,D,D,D,D,D
4638,R,R,R,R,R,R,R,D,D,R,R,D,D,R,R,R
4639,D,D,R,R,R,D,R,R,D,R,R,D,D,D,D,D
4640,D,R,R,R,R,R,R,D,D,R,D,D,D,R,R,R
4641,D,D,D,R,D,D,D,D,D,R,D,D,D,D,D,D
4642,D,R,R,R,R,D,R,R,R,R,D,D,D,D,D,R
4643,R,R,R,R,R,D,R,R,D,R,R,D,D,R,D,D
4644,R,R,R,R,R,R,R,R,R,R,R,D,D,R,R,R
4645,D,R,R,R,R,R,R,R,R,D,R,D,D,R,R,D
4646,D,R,R,R,R,R,R,D,D,R,R,D,D,R,D,R
4647,D,D,R,R,D,D,R,D,D,R,D,D,D,D,D,D
4648,R,R,R,R,R,R,R,R,R,R,R,D,D,R,R,D
4649,D,D,R,R,R,D,D,D,D,D,D,D,D,D,D,D
4650,R,R,R,R,R,D,R,R,R,R,R,D,D,R,R,R
4651,R,R,R,R,R,R,R,R,R,R,R,D,D,R,R,R
4652,R,R,R,R,R,R,D,D,D,R,R,D,D,R,D,R
4653,D,R,R,R,R,R,R,R,D,R,R,D,D,R,R,R
4654,D,D,D,R,R,D,R,D,D,R,D,D,D,D,D,D
4655,R,R,R,R,R,R,R,R,R,R,R,D,D,R,R,R
4656,R,R,R,R,R,R,R,D,D,R,D,D,D,D,R,D
4657,R,D,R,R,R,R,R,D,D,R,R,D,D,D,R,R
4658,R,R,R,R,R,R,R,R,D,D,R,D,D,R,R,R
4659,R,D,R,R,R,R,R,D,D,R,R,D,D,R,D,D
4660,R,R,R,R,R,D,R,D,R,R,R,D,D,D,D,R
4661,R,R,R,R,R,D,R,D,D,R,R,D,D,D,D,R
4662,R,D,R,R,R,R,R,D,R,R,R,D,D,R,R,R
4663,R,R,R,R,R,R,R,D,R,R,R,D,D,R,D,D
4664,R,R,R,R,R,R,R,R,D,R,R,D,D,D,D,R
4665,R,R,R,R,R,R,R,D,R,R,D,D,D,R,D,R
4666,R,R,R,R,R,R,R,R,R,R,D,D,D,D,R,R
4667,R,R,R,R,R,D,R,R,D,R,D,D,D,R,R,R
4668,D,R,R,R,R,R,R,R,D,R,D,D,D,R,R,R
4669,R,R,R,R,R,D,R,D,D,R,D,D,D,D,D,R
4670,R,R,R,R,R,R,R,R,R,R,R,D,R,D,R,D
4671,R,R,R,R,R,D,D,R,D,R,R,D,D,R,D,D
4672,R,R,R,R,R,R,R,R,R,R,R,D,D,R,R,R
4673,R,R,R,R,R,D,R,R,D,R,D,D,D,D,D,R
4674,R,R,R,R,R,R,R,D,D,R,R,D,D,D,R,R
4675,D,R,R,R,R,D,R,D,D,R,R,D,D,R,D,R
4676,D,D,D,R,R,D,D,D,D,D,D,D,D,D,D,D
4677,D,D,D,R,R,D,D,D,D,R,D,D,D,D,D,D
4678,D,R,R,R,R,D,R,D,D,R,D,D,D,D,D,R
4679,R,D,R,R,R,R,R,D,D,R,R,D,D,R,R,R
4680,R,R,R,R,R,R,R,R,D,R,R,D,D,D,D,R
4681,R,R,R,R,R,R,R,D,D,R,D,D,D,R,D,D
4682,D,D,D,D,R,D,D,D,D,D,D,D,D,D,D,D
4683,D,D,R,R,R,R,R,R,R,R,R,D,D,R,R,R
4684,D,D,R,R,R,D,D,D,D,R,D,D,D,R,D,D
4685,R,D,R,R,R,R,R,R,R,R,R,D,D,D,R,R
4686,R,R,R,R,R,R,R,R,R,R,R,D,D,D,R,R
4687,R,R,R,R,R,R,R,D,D,R,R,D,D,D,D,D
4688,R,D,R,R,R,R,R,R,D,R,R,D,D,R,R,R
4689,R,R,R,R,R,R,R,R,D,R,R,D,D,R,D,R
4690,D,R,R,R,R,R,R,R,D,R,R,D,D,R,R,R
4691,R,R,R,R,R,R,D,D,D,R,D,D,D,R,D,R
4692,R,R,R,R,R,R,R,R,R,R,D,D,D,R,R,R
4693,R,D,R,R,R,R,R,D,R,R,R,D,D,D,D,R
4694,R,R,R,R,R,R,R,R,D,R,R,D,D,D,R,R
4695,R,R,R,R,R,R,R,R,R,R,R,D,D,D,R,R
4696,D,D,R,R,R,R,R,R,R,R,R,D,D,D,R,R
4697,R,R,R,R,R,D,R,R,R,R,D,D,D,R,R,R
4698,R,R,R,R,R,R,R,R,R,R,R,D,D,R,D,R
4699,D,D,R,R,R,R,R,D,R,R,R,D,D,D,R,R
4700,R,R,R,R,R,R,R,R,R,R,D,D,D,R,R,R
4701,D,R,D,R,R,D,D,D,D,R,D,D,D,D,R,R
4702,D,D,R,R,D,D,D,D,D,R,D,D,D,D,D,D
4703,R,R,R,R,R,R,R,R,D,R,D,D,D,R,R,D
4704,D,R,R,R,R,D,D,D,R,R,D,D,D,R,D,R
4705,D,D,R,R,R,D,D,D,D,R,D,D,D,D,D,D
4706,R,R,R,R,R,R,R,R,R,R,R,D,D,D,R,R
4707,R,D,R,R,R,D,R,R,D,R,R,D,D,R,R,R
4708,D,R,R,R,R,D,R,R,D,R,D,D,D,D,R,D
4709,R,R,R,R,R,R,R,R,R,R,R,D,D,R,R,R
4710,D,R,R,R,R,R,R,R,D,R,R,D,D,D,R,R
4711,R,R,R,R,R,D,R,R,D,R,R,D,D,R,D,D
4712,R,R,R,R,R,D,R,R,R,R,R,D,D,D,D,R
4713,D,D,R,R,D,D,D,D,D,R,D,D,D,D,D,D
4714,D,D,D,R,R,D,D,D,D,D,D,D,D,D,D,R
4715,R,R,R,R,R,R,R,D,D,R,D,D,D,R,R,R
4716,D,D,D,R,R,D,D,D,D,D,D,D,D,D,D,D
4717,R,R,R,R,R,R,R,R,R,R,R,D,D,D,D,R
4718,D,R,R,R,R,R,R,R,D,R,R,D,D,R,R,R
4719,R,D,R,R,R,R,R,R,D,R,R,D,D,D,R,R
4720,D,R,R,R,D,D,D,D,D,R,D,D,D,D,D,D
4721,D,D,D,D,D,D,R,D,D,R,D,D,D,R,D,D
4722,R,R,D,R,R,D,D,D,D,R,D,D,D,D,D,D
4723,D,R,R,R,R,R,R,D,D,R,R,D,D,D,D,R
4724,R,R,R,R,R,R,R,R,D,R,R,D,D,D,D,D
4725,R,R,R,R,R,D,R,R,D,R,R,D,D,D,R,R
4726,R,R,R,R,R,R,R,D,D,R,D,D,D,D,D,D
4727,R,R,R,R,R,D,R,R,D,D,R,D,D,D,D,R
4728,R,R,R,R,R,R,R,R,D,R,R,D,D,D,R,D
4729,D,R,R,R,R,R,R,R,D,R,R,D,D,D,D,R
4730,R,R,R,R,R,R,R,R,D,R,D,D,D,R,R,R
4731,D,R,R,R,R,D,R,D,R,R,R,D,D,R,R,D
4732,D,D,R,R,D,D,D,D,D,D,D,D,D,D,D,D
4733,R,R,R,R,R,R,R,D,R,R,R,D,D,D,R,R
4734,R,R,R,R,R,R,R,R,R,R,R,D,D,R,R,R
4735,R,R,R,R,R,R,R,R,D,R,R,D,D,R,D,R
4736,R,R,R,R,R,D,R,R,R,R,R,D,D,R,R,R
4737,D,D,R,R,R,D,R,R,D,R,D,D,D,D,R,R
4738,D,D,D,R,D,D,R,D,D,R,D,D,D,D,D,R
4739,D,R,R,R,R,R,R,R,R,R,R,D,D,D,R,R
4740,R,R,R,R,R,D,D,D,D,R,D,D,D,R,R,R
4741,R,D,R,R,R,R,R,D,R,R,R,D,D,D,D,R
4742,R,R,R,R,R,R,R,D,R,R,R,D,D,R,R,R
4743,R,R,R,R,R,D,R,R,D,R,D,D,D,R,D,R
4744,D,R,R,R,R,R,R,D,D,R,D,D,D,D,D,D
4745,R,R,R,R,R,D,R,D,R,D,R,D,D,D,R,R
4746,D,D,R,R,R,D,R,R,D,R,D,D,D,R,R,R
4747,R,D,R,R,R,R,R,D,D,R,D,D,D,R,R,R
4748,D,R,R,R,R,R,R,R,D,R,R,D,D,D,R,R
4749,R,R,R,R,R,R,R,R,R,R,R,D,D,D,R,R
4750,R,R,R,R,R,R,R,R,D,R,D,D,D,R,R,R
4751,D,R,R,R,R,D,R,R,R,D,D,D,D,D,D,R
4752,D,R,R,R,R,R,R,D,D,R,R,D,D,R,D,R
4753,D,R,R,R,R,D,D,D,D,R,D,D,D,D,D,D
4754,R,D,R,R,R,R,R,R,R,R,D,D,D,R,R,R
4755,R,D,R,R,R,D,R,R,D,D,R,D,D,R,D,D
4756,D,R,R,R,R,D,R,D,R,R,R,D,D,D,R,R
4757,R,R,R,R,R,D,R,D,R,R,D,D,D,R,R,R
4758,R,R,R,R,R,D,R,D,R,R,R,D,D,D,D,D
4759,R,D,R,R,R,R,R,R,D,R,D,D,D,D,R,R
4760,R,R,R,R,R,R,R,R,D,R,R,D,D,R,D,R
4761,R,D,R,R,R,R,R,D,D,R,D,D,D,D,D,R
4762,R,D,R,R,R,D,D,D,D,R,D,D,D,D,D,D
4763,R,R,R,R,R,D,R,R,R,R,R,D,D,R,D,R
4764,D,R,R,R,R,D,D,D,D,D,D,D,D,D,D,D
4765,R,R,R,R,R,R,R,R,D,R,D,D,D,D,R,R
4766,D,D,R,R,R,D,R,D,D,R,D,D,D,R,D,D
4767,R,R,R,R,R,R,R,R,R,R,R,D,D,D,D,R
4768,R,R,R,R,R,D,R,R,R,R,R,D,D,D,D,R
4769,R,R,R,R,R,R,R,R,R,R,R,D,D,R,R,R
4770,R,R,R,R,R,R,R,D,D,R,D,D,D,R,D,D
4771,R,R,R,R,R,R,R,R,D,R,R,D,D,R,R,R
4772,R,R,R,R,R,R,R,R,R,R,R,D,D,R,D,R
4773,R,D,R,R,R,R,R,D,D,R,D,D,D,R,R,R
4774,R,R,D,R,D,D,R,D,D,D,D,D,D,D,D,D
4775,R,R,R,R,R,R,R,R,D,R,R,D,D,R,R,R
4776,R,R,R,R,R,R,R,R,D,R,R,D,D,D,R,R
4777,R,R,R,R,R,R,R,D,R,R,R,D,D,R,R,R
4778,D,D,R,R,R,D,R,D,D,R,D,D,D,D,D,D
4779,D,R,R,R,R,R,R,D,R,D,R,D,D,R,D,R
4780,R,R,R,R,R,R,R,R,D,R,R,D,D,D,R,R
4781,R,R,R,R,R,R,R,R,R,R,R,D,D,D,R,R
4782,R,R,R,R,R,D,R,R,D,R,D,D,D,D,R,R
4783,R,R,R,R,R,R,R,R,R,R,R,D,D,R,D,R
4784,D,R,R,R,R,D,R,R,D,R,R,D,D,D,D,R
4785,R,D,D,R,D,R,R,D,D,R,D,D,D,D,D,D
4786,D,R,R,R,R,R,R,D,R,R,R,D,D,R,D,R
4787,R,R,R,R,R,D,R,R,R,R,R,D,D,D,D,R
4788,D,R,R,R,R,R,R,R,R,R,R,D,D,R,R,R
4789,D,D,D,R,D,D,D,D,D,R,D,D,D,R,D,D
4790,R,R,R,R,R,R,R,R,R,R,R,D,D,D,D,R
4791,R,R,R,R,R,R,R,R,R,R,R,D,D,R,R,R
4792,R,R,R,R,R,R,D,R,D,R,D,D,D,R,R,R
4793,D,D,R,R,R,D,R,R,D,R,R,D,D,R,R,R
4794,D,D,R,R,R,D,D,D,D,R,D,D,D,R,D,D
4795,D,D,D,R,R,D,R,D,D,D,D,D,D,D,D,D
4796,R,D,R,R,R,D,R,D,D,R,R,D,D,D,D,R
4797,D,R,R,R,R,R,R,R,R,R,D,D,D,D,D,R
4798,R,D,R,R,R,R,R,D,D,R,D,D,D,R,R,R
4799,R,R,R,R,R,R,R,R,R,R,D,D,D,R,D,D
4800,R,R,R,R,R,R,R,R,D,R,R,D,D,D,D,D
4801,R,D,R,R,R,R,R,R,R,R,R,D,D,R,R,R
4802,R,R,R,R,R,R,R,D,R,R,R,D,D,R,R,D
4803,D,D,R,R,R,R,R,R,D,R,R,D,R,R,R,R
4804,R,D,R,R,R,R,R,R,D,R,R,D,D,D,R,R
4805,R,D,R,R,R,D,R,R,D,R,R,D,D,D,D,R
4806,R,R,R,R,R,R,D,R,D,D,R,D,D,R,R,R
4807,R,R,R,R,R,R,R,R,D,R,R,D,R,R,R,R
4808,R,D,R,R,R,R,R,R,D,R,R,D,D,D,R,R
4809,D,R,R,R,R,R,R,R,D,R,D,D,D,R,D,R
4810,R,R,R,R,R,D,R,R,R,R,D,D,D,D,R,R
4811,R,R,R,R,R,D,R,R,D,R,R,D,D,R,D,R
4812,D,R,R,R,R,R,R,D,R,R,D,D,D,R,D,R
4813,R,D,R,R,R,R,R,R,R,R,R,D,D,R,D,R
4814,R,D,R,R,R,R,R,R,D,R,R,D,D,D,R,R
4815,R,R,R,R,R,D,D,R,D,R,D,D,D,R,R,R
4816,R,R,R,R,R,R,R,D,D,R,D,D,D,R,R,R
4817,R,R,R,R,R,R,R,D,R,R,R,D,D,D,D,R
4818,D,D,R,R,R,D,R,D,R,R,D,D,D,R,D,D
4819,R,D,R,R,R,R,R,D,D,R,D,D,D,D,R,D
4820,R,D,R,R,R,R,R,R,R,R,R,D,D,R,R,R
4821,R,R,R,R,R,D,R,R,R,D,R,D,D,D,D,R
4822,R,R,D,R,R,R,R,D,D,D,R,D,D,R,D,R
4823,D,D,D,R,R,D,D,D,D,D,D,D,D,D,D,D
4824,R,R,R,R,R,R,R,D,D,R,R,D,D,D,R,R
4825,R,R,R,R,R,D,R,R,D,D,R,D,D,R,R,R
4826,R,R,R,R,R,R,R,R,D,R,R,D,D,R,R,R
4827,R,R,R,R,R,R,R,R,R,R,R,D,D,R,R,R
4828,R,R,R,R,R,D,R,R,D,R,D,D,D,R,R,R
4829,D,D,R,R,R,R,R,R,R,R,D,D,D,D,D,D
4830,R,R,R,R,R,R,R,R,D,R,R,D,D,R,D,R
4831,R,R,R,R,R,R,R,D,R,R,R,D,D,D,R,R
4832,R,R,R,R,R,R,R,D,D,R,D,D,D,R,D,R
4833,R,R,R,R,R,D,D,R,D,R,R,D,D,D,D,D
4834,R,R,R,R,R,D,R,R,D,R,D,D,D,D,D,D
4835,R,D,R,R,R,R,R,D,D,R,R,D,D,R,R,R
4836,D,D,R,R,R,R,R,D,R,R,R,D,D,D,R,R
4837,R,D,R,R,R,R,R,R,R,R,R,D,D,R,D,R
4838,D,R,R,R,R,R,D,R,R,R,R,D,D,D,R,R
4839,D,D,D,R,D,D,R,D,D,R,D,D,D,D,D,D
4840,R,D,R,R,R,D,D,D,D,D,D,D,D,D,D,D
4841,R,R,R,R,R,R,R,D,D,R,R,D,D,D,D,D
4842,D,R,R,R,R,R,R,R,D,R,D,D,D,D,R,D
4843,D,R,R,R,R,R,R,R,R,R,R,D,D,D,R,R
4844,R,R,R,R,R,R,R,R,D,R,R,D,D,R,R,R
4845,D,R,R,R,R,R,R,D,D,R,R,D,D,D,D,D
4846,D,D,R,R,R,R,R,D,R,R,R,D,D,D,D,R
4847,D,D,R,R,R,D,R,D,D,D,D,D,D,R,R,R
4848,R,D,R,R,R,R,R,R,R,R,R,D,D,R,R,D
4849,R,R,R,R,R,R,R,D,R,R,R,D,D,R,R,R
4850,R,R,R,R,R,D,R,D,D,R,D,D,D,R,D,D
4851,R,R,R,R,R,R,R,R,R,R,R,D,D,R,R,R
4852,D,D,D,R,R,D,D,D,D,R,D,D,D,D,D,D
4853,R,D,R,R,R,R,R,R,D,R,R,D,D,R,R,D
4854,D,D,D,R,R,D,D,D,D,D,D,D,D,D,D,D
4855,D,R,R,R,R,R,R,D,R,R,D,D,D,D,R,R
4856,R,R,R,R,R,R,R,D,R,R,R,D,D,R,D,D
4857,R,R,R,R,R,R,D,R,R,R,R,D,D,R,R,R
4858,D,R,D,R,D,D,R,D,D,D,D,D,D,D,D,D
4859,R,D,R,R,R,R,R,R,R,R,R,D,D,D,D,R
4860,R,D,R,R,D,D,D,D,D,R,D,D,D,D,D,D
4861,D,D,R,R,D,D,D,D,D,D,D,D,D,D,D,D
4862,D,R,R,R,R,D,D,D,R,R,D,D,D,D,D,D
4863,R,D,D,R,R,D,D,D,D,R,D,D,D,D,D,D
4864,D,R,R,R,R,D,R,D,D,D,D,D,D,R,D,D
4865,R,R,R,R,R,D,D,R,R,R,R,D,D,D,D,R
4866,R,R,R,R,R,R,R,R,R,R,R,D,D,R,R,R
4867,R,R,R,R,R,D,R,R,D,R,D,D,D,R,R,R
4868,D,R,R,R,R,R,R,D,R,R,R,D,D,R,R,R
4869,D,D,R,R,R,D,D,R,D,D,D,D,D,D,D,D
4870,R,R,R,R,R,R,R,D,D,R,D,D,D,R,R,D
4871,R,R,R,R,R,R,R,R,R,R,R,D,D,D,R,R
4872,R,R,R,R,R,R,R,D,D,R,R,D,D,D,D,D
4873,R,R,R,R,R,R,R,R,R,R,R,D,D,R,R,R
4874,D,D,R,R,R,D,R,D,D,R,R,D,D,D,D,R
4875,R,R,R,R,R,R,R,R,R,R,R,D,D,D,R,R
4876,D,R,D,R,R,D,D,D,D,R,D,D,D,D,D,D
4877,D,R,R,R,R,R,R,R,R,R,R,D,D,R,D,R
4878,R,D,R,R,R,D,R,R,D,R,R,D,D,R,R,R
4879,R,D,R,R,R,D,R,R,R,R,R,D,D,R,R,R
4880,R,R,R,R,R,R,R,R,D,R,R,D,D,R,R,R
4881,D,R,D,R,R,R,R,R,D,R,R,D,D,D,R,R
4882,R,R,D,R,R,D,R,D,D,R,D,D,D,D,R,R
4883,R,R,R,R,R,R,R,D,D,R,R,D,D,R,D,R
4884,R,R,R,R,R,D,R,R,R,R,D,D,D,R,D,R
4885,D,R,R,R,R,R,R,R,D,R,R,D,D,R,R,D
4886,R,R,R,R,R,R,R,R,D,R,R,D,D,R,R,R
4887,R,R,R,R,R,D,R,R,R,R,R,D,D,R,R,R
4888,D,D,R,R,R,D,R,D,D,R,D,D,D,D,D,D
4889,R,R,R,R,R,R,D,R,D,R,R,D,D,R,D,R
4890,R,R,R,R,R,R,R,D,D,R,D,D,D,D,D,R
4891,R,D,R,D,R,D,R,D,D,D,D,D,D,D,D,D
4892,R,R,R,R,R,R,R,R,R,R,R,D,R,D,R,R
4893,R,R,R,R,R,R,R,R,D,R,R,D,D,D,R,R
4894,R,D,R,R,R,R,R,R,D,R,D,D,D,D,D,R
4895,D,D,R,R,D,D,R,D,D,R,D,D,D,D,R,D
4896,D,D,D,R,R,D,R,R,D,R,D,D,D,R,R,D
4897,D,D,D,R,R,D,D,D,D,D,D,D,D,D,D,D
4898,R,R,R,R,R,R,R,R,R,R,R,D,D,R,R,R
4899,R,D,R,R,R,D,R,D,R,R,R,D,D,R,D,R
4900,R,D,D,R,R,D,D,D,D,R,D,D,D,D,D,R
4901,R,R,R,R,R,R,R,D,D,R,D,D,D,D,D,R
4902,R,R,R,R,R,R,R,D,D,R,R,D,D,R,D,D
4903,D,D,R,R,R,D,R,R,D,R,R,D,D,D,R,R
4904,D,D,R,R,R,D,R,D,D,R,D,D,D,D,D,D
4905,R,R,R,R,R,D,R,R,R,R,R,D,D,R,D,D
4906,R,R,R,R,R,R,R,R,R,R,R,D,D,D,D,R
4907,R,R,R,R,R,R,R,R,D,R,R,D,D,R,D,R
4908,R,R,R,R,R,D,R,R,D,R,D,D,D,R,D,D
4909,D,R,R,R,R,R,R,D,D,R,R,D,D,D,D,R
4910,R,D,R,R,R,R,R,D,D,D,D,D,D,D,R,R
4911,D,D,R,R,R,D,D,D,D,R,D,D,D,D,D,D
4912,R,D,R,R,R,D,R,D,R,D,R,D,D,R,D,R
4913,R,R,R,R,R,D,R,R,R,R,R,D,D,R,R,R
4914,R,R,R,R,R,D,R,R,R,R,R,D,D,D,D,R
4915,R,D,R,R,R,R,R,R,R,R,D,D,D,R,D,R
4916,D,R,R,R,R,R,R,R,D,R,R,D,D,D,D,R
4917,R,R,R,R,R,R,R,R,D,R,D,D,D,R,D,D
4918,D,R,R,R,R,D,R,D,D,D,D,D,D,D,D,D
4919,R,D,R,R,D,R,R,R,D,D,D,D,D,D,R,R
4920,R,R,R,R,R,R,R,R,R,R,R,D,D,R,R,R
4921,R,D,D,R,D,D,D,D,D,D,D,D,D,D,D,D
4922,R,R,R,R,R,R,R,R,D,D,R,D,D,R,R,D
4923,R,R,R,R,R,D,R,R,D,R,R,D,D,D,D,R
4924,R,R,R,R,R,R,R,R,R,R,R,D,D,R,D,R
4925,D,R,R,R,R,R,R,R,D,R,R,D,D,D,R,R
4926,R,R,R,R,R,R,R,R,D,R,D,D,D,R,R,R
4927,R,R,R,R,R,R,R,R,R,R,R,D,R,D,R,R
4928,D,R,D,R,R,D,R,D,D,D,D,D,D,D,D,D
4929,D,D,R,D,R,D,D,D,D,D,D,D,D,D,D,D
4930,R,R,R,R,R,R,R,R,D,R,D,D,D,R,R,R
4931,R,R,R,R,R,R,R,D,R,R,R,D,D,R,R,R
4932,R,R,R,R,R,R,R,R,R,R,D,D,D,D,R,R
4933,R,D,R,R,R,R,R,R,D,R,R,D,D,R,R,R
4934,R,R,R,R,R,R,R,R,D,R,R,D,D,R,D,R
4935,D,D,R,R,D,D,R,D,D,R,D,D,D,D,D,D
4936,R,R,R,R,R,R,R,R,R,R,R,D,D,R,D,R
4937,D,D,R,R,R,R,R,D,R,R,D,D,D,D,D,D
4938,D,R,R,R,R,R,R,D,R,R,D,D,D,R,R,R
4939,R,D,R,R,R,R,R,R,D,R,R,D,D,R,D,R
4940,R,R,R,R,R,R,R,R,D,R,R,D,D,R,R,R
4941,D,R,R,R,R,R,R,R,D,R,R,D,D,R,R,R
4942,D,R,R,R,R,R,R,R,D,R,R,D,D,R,R,R
4943,R,R,R,R,R,R,R,D,R,R,D,D,D,D,R,R
4944,R,R,R,R,R,R,R,D,D,R,D,D,D,D,D,R
4945,R,R,R,R,R,R,R,R,R,R,D,D,R,R,R,R
4946,R,R,R,R,R,R,R,R,D,R,D,D,D,R,R,R
4947,D,R,R,R,D,D,R,D,D,D,D,D,D,D,D,D
4948,R,R,R,R,R,R,R,R,R,R,D,D,D,D,R,R
4949,R,D,R,R,R,R,R,R,D,R,R,D,D,D,R,R
4950,R,R,R,R,R,D,R,D,R,R,R,D,D,D,R,R
4951,R,D,R,R,R,D,R,R,D,R,R,D,D,D,R,R
4952,R,R,R,R,R,D,R,R,R,R,D,D,D,R,D,R
4953,D,R,R,R,R,R,R,R,R,R,R,D,D,D,D,D
4954,R,D,R,R,D,D,R,D,D,R,D,D,D,R,D,D
4955,R,R,R,R,R,D,R,R,R,R,D,D,D,R,R,R
4956,D,D,D,R,R,D,D,D,D,R,D,D,D,D,R,D
4957,R,R,R,R,R,R,R,D,D,R,R,D,D,R,D,R
4958,D,D,R,R,R,D,R,D,D,D,D,D,D,D,D,D
4959,R,R,R,R,R,R,R,D,D,R,R,D,D,R,R,R
4960,D,R,R,R,R,D,R,R,D,R,R,D,D,D,D,R
4961,D,D,R,R,R,R,R,R,R,R,R,D,D,R,D,R
4962,R,R,R,R,R,R,R,R,R,R,R,D,D,R,R,R
4963,D,D,R,R,R,R,R,D,D,R,R,D,D,D,R,R
4964,R,R,R,R,R,R,R,R,D,R,R,D,D,R,R,R
4965,R,D,R,R,R,R,R,R,D,R,R,D,D,R,D,R
4966,D,R,R,R,R,R,D,D,R,R,R,D,D,R,R,R
4967,D,R,R,R,R,D,R,R,D,R,R,D,D,D,R,D
4968,R,R,R,R,R,D,R,D,R,R,R,D,D,D,D,R
4969,D,R,R,R,R,R,R,R,D,R,R,D,D,D,R,R
4970,R,R,R,R,R,R,R,R,R,R,R,D,D,R,R,R
4971,R,R,R,R,R,R,R,R,R,R,R,D,D,D,D,R
4972,R,R,R,R,R,R,R,R,R,R,R,D,D,R,D,R
4973,R,R,R,R,R,R,R,R,D,R,R,D,D,R,R,R
4974,R,R,R,R,R,R,R,R,R,R,R,D,D,R,R,R
4975,D,D,D,R,D,D,R,D,D,D,R,D,D,D,D,D
4976,R,R,R,R,R,R,D,R,D,R,D,D,D,D,R,R
4977,D,D,R,R,R,R,R,D,R,R,D,D,D,R,D,R
4978,R,R,R,R,R,R,R,D,D,R,R,D,D,D,R,R
4979,D,D,R,R,R,R,R,R,D,R,D,D,D,R,R,D
4980,R,D,R,R,R,R,R,R,R,R,R,D,D,R,D,R
4981,R,R,R,R,R,R,R,R,D,R,R,D,D,R,R,R
4982,R,R,R,R,R,D,R,D,D,R,D,D,D,D,D,R
4983,D,R,R,R,R,R,R,D,D,R,R,D,D,D,R,R
4984,D,R,R,R,R,D,R,R,D,R,R,D,D,D,D,D
4985,D,D,D,R,R,D,D,D,D,D,D,D,D,D,D,D
4986,R,R,R,R,R,R,R,D,D,R,D,D,D,D,R,R
4987,R,R,R,R,R,D,R,R,D,R,D,D,D,R,R,R
4988,D,R,R,R,R,R,R,R,D,R,D,D,D,D,R,R
4989,D,D,R,R,R,D,R,D,D,R,D,D,D,D,R,R
4990,D,R,D,R,D,D,R,D,D,D,D,D,D,D,D,D
4991,R,D,R,R,R,D,R,R,D,R,R,D,D,D,D,R
4992,R,D,R,R,R,R,R,R,R,R,R,D,D,R,R,R
4993,D,R,R,R,R,R,R,D,R,R,R,D,D,R,R,R
4994,R,R,R,R,R,D,R,D,D,R,R,D,D,R,D,R
4995,D,D,R,R,R,D,R,D,D,R,R,D,D,D,R,R
4996,R,R,R,R,R,R,R,R,D,R,D,D,D,R,R,R
4997,R,R,R,R,R,R,R,R,D,R,R,D,D,R,D,R
4998,D,D,D,R,D,D,D,D,D,D,D,D,D,D,D,D
4999,D,R,R,R,R,D,D,D,D,D,D,D,D,D,D,D
5000,R,D,R,R,R,R,R,D,R,R,R,D,D,R,R,D
5001,R,R,R,R,R,D,D,D,D,R,R,D,D,R,R,R
5002,D,D,D,R,D,R,D,D,D,D,D,D,D,D,D,D
5003,R,R,R,R,R,R,R,R,R,R,R,D,D,R,R,R
5004,R,R,R,R,R,R,R,R,R,R,R,D,D,R,R,R
5005,D,R,R,R,R,R,R,D,D,R,D,D,D,R,R,R
5006,D,D,R,D,R,R,R,D,D,D,D,D,D,D,D,D
5007,R,R,R,R,R,R,R,D,D,R,D,D,D,D,D,D
5008,D,D,R,R,D,D,D,D,D,R,D,D,D,D,D,D
5009,R,R,R,R,R,D,R,R,D,R,R,D,D,D,R,R
5010,R,R,R,R,R,R,R,D,D,R,R,D,D,D,D,R
5011,R,R,R,R,R,R,R,R,D,R,D,D,D,R,R,R
5012,D,R,D,D,R,D,D,D,D,D,D,D,D,D,D,R
5013,D,D,R,R,R,R,R,D,D,R,R,D,D,D,D,R
5014,R,R,R,R,R,R,R,R,D,R,D,D,D,D,D,R
5015,D,D,D,R,R,D,D,D,D,R,D,D,D,D,D,R
5016,R,D,R,R,R,D,R,R,D,R,D,D,D,D,R,R
5017,R,R,R,R,R,R,R,D,D,R,R,D,D,R,D,R
5018,R,R,R,R,R,D,R,R,D,R,D,D,D,R,R,R
5019,D,R,R,R,R,R,R,D,D,R,D,D,D,D,D,R
5020,D,D,D,R,D,R,D,D,D,D,D,D,D,D,D,D
5021,R,R,R,R,R,R,R,R,D,R,R,D,D,D,D,R
5022,R,R,R,R,R,D,R,R,D,R,R,D,D,R,R,R
5023,R,D,R,R,R,R,R,D,D,R,D,D,D,D,D,D
5024,D,R,R,R,R,R,R,D,D,R,D,D,D,D,D,R
5025,R,R,R,R,R,R,R,D,D,R,D,D,D,D,R,R
5026,R,R,R,R,R,R,R,D,D,D,D,D,D,R,R,R
5027,R,R,R,R,R,R,R,R,D,R,R,D,D,R,R,R
5028,D,D,R,R,R,R,R,R,D,R,R,D,D,R,R,D
5029,R,R,R,R,R,D,D,R,D,R,R,D,D,D,R,R
5030,R,D,R,R,R,D,R,R,D,R,R,D,D,D,D,R
5031,D,R,R,R,R,R,R,R,D,R,D,D,D,D,R,R
5032,R,R,R,R,R,R,R,R,D,R,R,D,D,R,R,R
5033,R,D,R,R,R,D,R,R,R,R,R,D,D,R,D,R
5034,D,R,R,R,R,D,R,D,R,R,R,D,D,D,R,D
5035,R,R,R,R,R,R,R,R,R,R,R,D,D,R,R,R
5036,D,D,D,R,R,D,D,D,D,R,D,D,D,D,D,R
5037,R,R,R,R,R,D,R,R,D,R,R,D,D,D,R,R
5038,D,D,R,R,R,D,R,D,R,R,R,D,D,R,R,R
5039,R,R,R,R,R,D,R,R,D,R,R,D,D,D,D,D
5040,R,R,R,R,R,R,R,R,R,R,R,D,D,R,D,R
5041,R,R,R,R,R,R,R,R,D,R,R,D,D,D,D,R
5042,R,R,R,R,R,R,R,R,D,R,R,D,D,D,R,R
5043,R,R,R,R,R,R,R,D,R,R,R,D,D,R,R,R
5044,R,R,R,R,R,R,R,R,D,R,R,D,D,R,R,D
5045,D,D,R,R,R,R,R,D,D,R,R,D,D,D,D,R
5046,R,R,R,R,R,D,R,R,D,R,D,D,R,R,R,R
5047,R,D,D,R,R,D,D,D,D,R,D,D,D,D,R,D
5048,R,R,R,R,R,D,D,D,D,R,D,D,D,D,D,D
5049,D,D,R,R,D,D,D,D,D,R,D,D,D,D,D,D
5050,D,R,R,R,R,R,R,R,R,R,R,D,D,D,D,R
5051,R,R,R,R,R,R,R,R,D,R,R,D,D,R,R,R
5052,D,R,R,R,R,D,R,D,D,R,R,D,D,R,D,R
5053,R,R,R,R,R,R,R,R,R,R,R,D,D,R,R,R
5054,R,R,R,R,R,R,R,D,R,R,R,D,D,D,R,R
5055,D,D,D,R,R,D,R,D,D,R,D,D,D,D,D,D
5056,R,R,R,R,R,R,R,R,D,R,R,D,D,D,D,D
5057,D,D,R,R,R,D,R,R,D,D,R,D,D,D,R,R
5058,R,R,R,R,R,R,R,R,D,R,D,D,D,R,R,R
5059,R,R,R,R,R,D,D,R,D,R,R,D,D,R,D,R
5060,D,R,R,R,D,R,R,D,D,R,R,D,D,D,D,R
5061,D,R,R,R,R,R,R,D,R,R,R,D,D,R,R,R
5062,R,R,R,R,R,R,R,D,R,R,R,D,D,R,D,D
5063,D,R,R,R,R,D,R,R,D,R,R,D,D,D,R,R
5064,D,R,R,R,R,D,R,R,D,R,R,D,D,R,R,R
5065,D,D,R,R,R,D,R,R,D,R,R,D,D,R,R,D
5066,R,R,R,R,R,R,R,R,R,R,R,D,D,R,R,D
5067,D,D,R,R,R,D,R,D,D,D,D,D,D,D,D,D
5068,R,R,R,R,R,R,R,R,R,R,R,D,D,R,R,R
5069,R,R,R,R,R,D,R,R,R,R,R,D,D,R,R,R
5070,R,R,R,R,R,R,R,R,R,R,R,D,R,R,D,R
5071,R,R,R,R,R,D,R,R,D,R,R,D,D,R,D,D
5072,R,R,R,R,R,R,R,R,D,R,R,D,D,R,R,R
5073,D,R,R,R,R,R,R,R,D,R,R,D,D,R,R,R
5074,R,R,R,R,R,R,R,R,R,R,R,D,D,R,R,R
5075,R,R,R,R,R,R,R,R,D,R,R,D,D,R,R,R
5076,R,R,R,R,R,R,R,D,R,R,R,D,D,R,R,R
5077,R,R,R,R,R,R,R,D,R,R,R,D,D,D,R,R
5078,R,D,R,R,R,R,R,R,D,R,R,D,D,D,D,R
5079,D,D,R,R,R,D,D,D,D,D,D,D,D,D,D,D
5080,R,D,R,R,R,D,R,R,D,D,R,D,D,D,R,R
5081,R,R,R,R,R,R,R,R,R,R,R,D,D,D,R,R
5082,R,R,R,R,R,R,R,R,R,R,R,D,D,D,R,D
5083,R,R,R,R,R,D,R,D,D,R,R,D,D,D,D,R
5084,R,R,R,R,R,R,R,D,D,R,R,D,D,R,R,R
5085,R,R,R,R,R,D,R,R,D,R,R,D,D,D,D,R
5086,R,R,R,R,R,R,R,R,R,R,R,D,D,D,R,R
5087,D,D,D,R,R,D,D,D,D,R,D,D,D,D,D,D
5088,R,D,R,R,R,R,R,D,D,R,R,D,D,D,R,D
5089,D,R,R,R,R,R,R,R,R,R,R,D,R,R,R,R
5090,D,R,R,R,R,D,R,D,D,D,D,D,D,D,D,D
5091,R,R,R,R,R,R,R,R,D,R,R,D,D,D,R,R
5092,R,R,R,R,R,D,R,R,D,R,R,D,D,R,R,R
5093,R,D,R,R,R,D,D,D,D,R,R,D,D,R,D,R
5094,R,D,R,R,R,D,R,D,D,R,R,D,D,R,D,D
5095,D,D,D,R,R,D,R,D,D,D,D,D,D,D,D,D
5096,R,D,R,R,R,R,R,D,D,R,R,D,D,R,R,R
5097,R,R,R,R,R,R,R,R,R,R,R,D,D,R,R,R
5098,R,R,R,R,R,D,R,R,D,R,R,D,D,D,R,R
5099,D,R,R,R,R,R,R,R,D,R,R,D,D,R,R,R
5100,D,D,R,R,D,D,D,D,D,D,D,D,D,D,D,D
5101,R,R,R,R,R,R,R,R,R,R,R,D,D,R,R,R
5102,R,R,R,R,R,D,R,R,R,R,R,D,R,R,R,R
5103,D,D,D,R,D,D,R,D,D,R,D,D,D,R,D,R
5104,D,D,D,R,D,D,R,D,D,D,D,D,D,D,D,D
5105,R,R,R,R,R,D,R,D,D,R,R,D,D,D,R,R
5106,R,R,R,R,D,R,R,D,D,R,D,D,D,R,D,D
5107,R,R,R,R,R,R,R,R,D,R,R,D,D,R,R,R
5108,D,R,R,R,R,R,R,R,D,R,R,D,D,R,R,R
5109,D,D,R,R,R,D,R,D,D,R,D,D,D,R,R,D
5110,R,R,R,R,R,D,R,D,D,R,D,D,D,D,R,R
5111,R,R,R,R,R,R,R,R,R,R,R,R,D,R,R,R
5112,D,R,R,R,R,D,R,D,D,R,D,D,D,D,D,D
5113,D,R,R,R,R,D,R,R,D,R,D,D,D,R,R,D
5114,D,R,R,R,R,R,R,D,D,R,R,D,D,R,R,D
5115,R,R,R,R,R,D,R,R,R,R,R,D,D,D,R,R
5116,R,R,R,R,R,D,R,R,D,R,R,D,D,R,D,R
5117,D,D,R,R,R,R,R,R,D,R,D,D,D,D,R,R
5118,R,R,R,R,R,R,R,R,R,R,D,D,D,R,R,R
5119,D,R,D,R,R,D,D,D,D,D,D,D,D,D,D,D
5120,R,R,R,R,R,R,R,D,R,R,R,D,D,R,R,R
5121,R,R,R,R,R,D,R,D,D,R,R,D,D,R,D,R
5122,D,D,D,R,R,D,D,D,D,R,D,D,D,D,D,D
5123,D,R,R,R,R,R,R,D,D,R,R,D,D,D,R,R
5124,D,D,R,R,D,D,D,D,D,R,D,D,D,D,D,D
5125,D,R,D,R,R,R,R,R,D,D,R,D,D,R,D,D
5126,R,R,R,R,R,R,R,R,R,R,R,D,D,R,D,R
5127,R,D,R,R,R,R,R,R,R,R,R,D,D,D,R,R
5128,D,D,R,R,R,D,R,R,D,R,R,D,D,D,R,D
5129,R,R,R,R,R,R,R,D,D,R,R,D,D,D,R,R
5130,R,R,R,R,R,R,D,R,D,R,R,D,D,D,D,R
5131,R,R,R,R,R,R,R,D,D,R,R,D,D,D,R,D
5132,R,R,R,R,R,R,R,D,R,R,D,D,D,D,R,R
5133,D,D,R,R,R,D,R,R,D,R,R,D,D,D,D,D
5134,R,R,R,R,R,R,R,R,D,R,R,D,D,D,D,R
5135,R,R,R,R,R,D,R,D,D,R,R,D,D,D,D,R
5136,R,D,R,R,R,D,R,R,D,R,D,D,D,D,R,R
5137,R,R,R,R,R,R,R,D,D,R,R,D,D,R,R,R
5138,R,R,R,R,R,R,R,R,D,R,R,D,D,R,R,R
5139,R,R,R,R,R,R,R,R,R,R,R,R,D,D,D,R
5140,R,R,R,R,R,R,R,R,D,R,D,D,D,D,R,R
5141,D,D,R,R,R,D,D,D,D,R,D,D,D,R,D,D
5142,D,D,R,D,D,D,R,D,D,R,D,D,D,D,D,D
5143,D,R,R,R,R,R,R,R,D,R,D,D,D,D,D,R
5144,R,D,R,R,R,D,R,D,D,D,R,D,D,D,R,R
5145,D,R,R,R,R,R,D,D,D,R,D,D,D,R,R,D
5146,R,R,R,R,R,R,R,D,R,R,R,D,D,D,R,R
5147,D,R,R,R,R,R,R,R,R,R,D,D,D,D,D,R
5148,R,R,R,R,R,R,R,R,D,R,R,D,D,D,R,R
5149,R,R,R,R,R,R,R,R,R,R,R,D,D,R,R,D
5150,D,R,R,R,R,R,R,R,D,R,R,D,D,D,D,R
5151,R,R,R,R,R,R,R,R,R,R,D,D,D,R,D,D
5152,R,D,R,R,R,R,R,R,D,R,D,D,D,D,D,D
5153,D,D,D,D,D,D,D,D,D,D,D,D,D,D,D,D
5154,R,R,R,R,D,D,R,D,D,R,R,D,D,D,D,R
5155,R,R,R,R,R,R,R,D,R,R,R,D,D,D,R,R
5156,D,R,R,R,R,R,R,D,R,R,R,D,D,D,D,R
5157,R,R,R,R,R,R,R,D,D,R,R,D,D,R,R,R
5158,R,R,R,R,R,D,R,R,R,R,R,D,D,R,D,R
5159,R,R,R,R,R,R,R,R,D,R,R,D,D,D,R,R
5160,R,D,R,R,R,R,R,R,R,R,R,D,D,R,R,R
5161,R,D,R,R,R,D,R,R,R,R,R,D,D,D,R,R
5162,D,D,D,D,R,D,D,D,D,R,D,D,D,D,D,D
5163,R,R,R,R,R,R,R,R,D,R,R,D,D,R,R,R
5164,D,D,D,R,R,D,R,D,D,R,D,D,D,D,D,D
5165,R,R,R,R,R,D,R,D,D,R,D,D,D,D,R,D
5166,R,R,R,R,R,D,R,R,R,R,R,D,D,R,R,R
5167,R,R,R,R,R,D,R,R,R,R,R,D,D,R,R,R
5168,R,R,R,R,R,R,R,R,R,R,D,D,D,D,R,D
5169,R,R,R,R,R,D,R,R,D,R,R,D,D,R,D,R
5170,R,D,R,R,R,D,R,D,D,D,R,D,D,R,D,D
5171,D,D,R,R,R,R,R,R,R,R,R,D,D,R,D,D
5172,R,R,R,R,R,R,R,R,R,R,D,D,D,D,R,D
5173,R,R,R,R,R,R,R,R,R,R,R,D,D,D,R,D
5174,R,D,R,R,R,R,R,R,R,R,R,D,R,R,R,R
5175,D,R,R,R,R,D,R,R,D,D,R,D,D,R,R,D
5176,D,D,R,R,R,R,R,D,D,D,R,D,D,R,R,D
5177,R,R,R,R,R,D,R,D,D,R,R,D,D,D,R,D
5178,D,D,R,R,D,D,R,D,D,D,D,D,D,D,D,D
5179,D,R,R,R,R,D,R,D,D,R,R,D,D,D,R,R
5180,R,R,R,R,R,R,R,D,R,R,R,D,D,R,D,D
5181,D,D,R,R,R,R,D,D,D,D,D,D,D,D,D,R
5182,R,D,R,R,R,D,R,R,D,R,D,D,D,R,R,R
5183,R,R,R,R,R,R,R,R,R,R,R,D,D,R,R,R
5184,D,D,R,R,R,D,R,R,R,R,R,D,D,R,R,R
5185,D,D,R,R,R,R,R,R,D,R,R,D,D,R,D,D
5186,D,D,R,R,D,D,D,D,D,R,D,D,D,D,D,R
5187,R,D,R,R,R,R,R,D,D,R,R,D,D,D,D,R
5188,D,R,R,R,R,R,R,R,D,R,D,D,D,D,R,R
5189,D,D,D,R,D,D,D,D,D,R,D,D,D,D,D,R
5190,R,R,R,R,R,D,R,R,D,R,R,D,D,D,R,D
5191,R,D,R,R,R,R,R,R,R,R,R,D,D,D,R,R
5192,R,R,R,R,R,D,R,D,D,D,D,D,D,D,D,D
5193,R,R,R,R,R,D,D,R,R,D,R,D,D,D,R,R
5194,R,D,R,R,R,R,R,R,D,D,R,D,D,R,D,R
5195,R,R,R,R,R,R,R,R,D,R,R,D,D,D,R,D
5196,R,R,D,R,R,R,R,R,R,R,R,D,D,D,D,R
5197,R,R,R,R,R,R,R,D,R,R,D,D,D,D,D,R
5198,R,D,R,R,R,D,D,R,D,R,R,D,D,R,R,D
5199,R,R,R,R,R,R,R,D,D,R,R,D,D,R,D,D
5200,R,R,R,R,R,D,R,R,D,R,R,D,D,D,R,R
5201,R,R,R,R,R,R,R,R,R,R,R,D,D,D,R,R
5202,R,R,R,R,R,D,R,R,D,R,R,D,D,R,D,D
5203,D,D,R,R,R,D,D,D,R,R,D,D,D,D,D,D
5204,R,R,D,R,R,D,R,R,D,R,D,D,D,D,R,R
5205,R,D,R,R,R,R,R,D,D,R,D,D,D,R,D,R
5206,R,R,R,R,R,R,R,R,D,D,D,D,D,D,R,R
5207,D,D,D,R,R,D,D,R,D,D,D,D,D,D,D,D
5208,R,D,R,R,D,D,D,D,D,D,D,D,D,D,D,D
5209,R,R,R,R,R,R,R,R,R,R,R,D,D,D,D,R
5210,R,R,R,R,R,R,R,R,R,R,R,D,D,R,R,R
5211,R,R,R,R,R,R,R,R,R,R,R,D,D,R,R,D
5212,R,R,R,R,R,R,R,R,D,R,R,D,D,R,D,R
5213,R,R,R,R,R,D,D,D,D,R,D,D,D,D,D,D
5214,D,R,R,R,R,D,R,D,D,R,R,D,D,R,D,D
5215,R,R,R,R,R,R,R,R,R,R,R,D,D,D,D,D
5216,R,R,R,R,R,D,R,D,D,R,R,D,D,R,R,R
5217,D,R,R,R,R,R,D,R,R,R,R,D,D,R,R,R
5218,R,R,R,R,R,R,R,R,R,R,R,D,D,R,R,R
5219,R,R,R,R,R,D,R,D,D,R,R,D,D,D,R,R
5220,R,R,R,R,R,D,R,R,R,R,R,D,D,R,R,R
5221,R,R,R,R,R,D,R,D,D,R,R,D,D,R,D,R
5222,D,D,R,R,D,D,D,D,D,D,D,D,D,D,D,D
5223,R,R,R,R,R,R,R,D,R,R,D,D,R,D,R,D
5224,R,D,R,R,R,D,D,R,D,R,D,D,D,D,R,R
5225,D,R,R,R,R,R,R,R,D,R,D,D,D,D,D,D
5226,D,R,R,R,R,R,R,D,D,R,R,D,D,D,D,R
5227,D,R,R,R,R,D,R,D,D,R,D,D,D,D,D,D
5228,D,D,D,R,R,D,D,D,D,R,D,D,D,D,D,D
5229,R,R,R,R,R,R,R,R,R,R,R,D,D,R,R,R
5230,R,D,R,R,R,R,R,D,D,R,R,D,D,D,D,D
5231,D,D,D,R,D,D,D,D,D,D,D,D,D,D,D,D
5232,R,R,R,R,R,R,R,R,D,R,D,D,D,R,R,R
5233,D,R,R,R,R,R,R,R,D,R,D,D,D,R,R,D
5234,R,D,R,R,R,R,R,D,D,R,R,D,D,D,R,D
5235,D,R,R,R,R,R,R,D,R,R,D,D,D,D,D,D
5236,D,R,R,R,R,D,R,D,D,R,R,D,D,D,R,R
5237,R,D,R,R,R,R,R,R,D,R,R,D,D,R,R,R
5238,R,D,R,R,R,R,R,D,D,R,D,D,D,R,D,R
5239,D,R,R,R,R,R,R,R,R,R,D,D,D,R,D,R
5240,R,R,R,R,R,D,R,D,D,R,R,D,D,D,R,D
5241,D,R,R,R,R,D,R,D,R,R,R,D,D,R,D,R
5242,D,D,R,R,R,R,D,D,D,R,D,D,D,D,D,D
5243,R,D,R,R,R,D,R,R,D,R,R,D,D,D,R,D
5244,D,R,R,R,R,R,R,D,R,R,R,D,D,D,D,D
5245,D,D,D,R,R,D,R,D,D,R,D,D,D,D,D,D
5246,R,R,R,R,R,R,R,R,D,R,R,D,D,R,R,R
5247,D,D,D,R,D,D,D,D,D,D,D,D,D,D,D,D
5248,D,D,R,R,D,D,D,D,D,R,D,D,D,D,D,D
5249,R,R,R,R,R,D,D,R,D,R,R,D,D,R,R,R
5250,R,R,D,R,R,R,R,D,D,R,R,D,D,R,R,R
5251,R,D,R,R,R,D,R,R,D,R,D,D,D,D,D,D
5252,R,R,R,R,R,R,R,R,D,R,R,D,D,D,D,R
5253,D,R,R,R,R,D,R,D,R,R,R,D,D,R,R,R
5254,R,R,R,R,R,R,R,R,R,R,R,D,D,R,R,R
5255,R,R,R,R,R,R,R,R,D,R,R,D,D,R,D,R
5256,R,R,R,R,R,D,R,R,R,R,R,D,D,R,D,R
5257,D,D,R,R,R,D,R,R,D,R,D,D,D,D,D,R
5258,R,R,R,R,R,D,R,D,D,R,R,D,D,R,R,R
5259,R,D,R,R,R,R,R,R,R,R,R,D,D,R,D,R
5260,R,R,R,R,R,R,R,R,R,R,R,D,D,R,R,R
5261,R,R,R,R,R,R,R,R,D,R,R,D,D,D,R,R
5262,R,D,R,R,R,R,R,R,R,R,R,D,D,D,D,R
5263,D,D,D,R,R,D,D,D,D,D,D,D,D,D,D,D
5264,D,R,D,R,R,D,R,D,D,R,R,D,D,R,D,D
5265,D,R,R,R,R,R,R,D,R,R,R,D,D,D,D,R
5266,D,R,R,R,R,R,R,D,D,R,R,D,D,D,R,R
5267,R,R,R,R,R,D,R,R,D,R,R,D,D,R,D,R
5268,D,R,R,R,R,R,R,R,R,R,R,D,D,R,R,R
5269,R,R,R,R,R,R,R,D,R,D,R,D,D,R,D,R
5270,D,R,R,R,R,R,R,R,D,R,R,D,D,R,R,D
5271,R,R,R,R,R,R,R,R,D,R,R,D,D,D,D,R
5272,R,D,R,R,R,R,R,D,D,R,D,D,D,R,D,R
5273,D,R,R,R,R,R,R,R,D,R,D,D,D,R,D,R
5274,D,D,R,R,R,R,D,D,D,R,D,D,D,D,R,D
5275,D,R,R,R,R,D,R,D,D,R,R,D,D,D,D,R
5276,D,R,R,R,R,R,R,D,R,R,D,D,D,R,D,R
5277,D,R,D,R,R,D,D,D,D,D,D,D,D,D,D,D
5278,R,R,R,R,R,R,R,D,D,R,R,D,D,R,D,R
5279,R,R,R,R,R,D,R,D,D,R,R,D,D,R,D,R
5280,D,R,R,R,R,R,R,R,D,R,D,D,D,D,D,R
5281,R,R,R,R,R,D,R,D,R,R,R,D,D,D,R,R
5282,R,R,R,R,R,D,R,D,D,R,R,D,D,D,R,R
5283,R,R,R,R,R,R,R,R,D,R,D,D,D,D,D,R
5284,R,R,R,R,R,D,R,R,D,D,R,D,D,R,R,R
5285,R,R,R,R,R,D,R,R,D,R,D,D,D,D,D,R
5286,R,R,R,R,R,R,R,R,D,R,R,D,D,R,R,D
5287,R,R,D,R,R,R,R,R,R,R,R,D,D,R,D,R
5288,D,R,R,R,R,R,R,D,D,R,D,D,D,D,D,R
5289,D,R,R,R,R,R,R,R,R,R,R,D,D,R,R,R
5290,R,R,R,R,R,R,R,D,D,R,D,D,D,R,D,D
5291,R,R,R,R,R,R,R,R,D,R,D,D,D,R,D,R
5292,R,R,R,R,R,R,D,R,D,R,R,D,D,R,D,R
5293,D,D,R,R,R,R,R,R,D,R,D,D,D,D,R,R
5294,R,D,R,R,R,R,R,R,R,D,D,D,D,D,D,R
5295,D,R,R,R,R,D,D,R,D,R,R,D,D,D,D,R
5296,D,R,R,R,R,R,R,D,D,R,D,D,D,D,D,R
5297,R,R,R,R,R,R,R,D,D,R,R,D,D,R,R,R
5298,R,R,R,R,R,D,R,R,R,R,D,D,D,R,R,R
5299,D,R,R,R,R,R,R,R,D,R,R,D,R,R,D,R
5300,D,R,R,R,R,R,R,R,R,R,R,D,D,D,D,R
5301,D,R,R,R,R,R,R,D,D,R,R,D,D,D,D,R
5302,R,R,R,R,R,D,R,R,D,R,R,D,D,R,R,R
5303,D,R,R,R,R,D,R,D,R,R,D,D,D,D,D,R
5304,R,R,R,R,R,R,R,R,R,R,R,D,D,R,R,R
5305,R,R,R,R,R,D,R,R,R,R,R,D,D,R,R,R
5306,D,D,D,D,D,D,D,D,D,R,D,D,D,D,D,D
5307,R,R,R,R,R,R,R,D,D,R,R,D,D,R,D,R
5308,R,R,R,R,R,R,R,R,R,R,R,D,D,R,D,R
5309,R,R,R,R,R,D,R,R,R,D,D,D,D,D,D,D
5310,D,R,R,R,R,R,R,R,D,R,R,D,D,R,R,R
5311,R,D,R,R,R,R,R,R,D,D,D,D,D,R,R,D
5312,D,R,R,R,R,R,R,R,D,R,R,D,D,D,R,R
5313,R,R,R,R,R,D,D,R,R,R,R,D,D,D,R,R
5314,R,R,R,R,R,R,R,R,R,R,R,D,D,D,D,R
5315,D,D,D,R,D,D,D,D,D,R,D,D,D,D,D,D
5316,R,R,R,R,R,D,R,D,D,R,D,D,D,D,R,R
5317,D,D,R,R,R,R,R,D,R,R,R,D,D,D,D,D
5318,R,R,R,R,R,D,R,R,D,R,R,D,D,D,R,R
5319,D,R,R,R,R,R,R,R,D,R,D,D,D,R,R,R
5320,R,D,R,R,R,R,R,D,D,R,R,D,D,R,R,R
5321,R,D,R,R,R,R,R,D,D,R,R,D,D,D,R,R
5322,R,R,R,R,R,R,R,R,R,R,R,D,D,D,R,R
5323,R,R,R,R,R,R,R,R,R,R,R,D,D,R,R,R
5324,D,D,R,R,R,D,D,D,D,R,D,D,D,D,D,R
5325,R,D,R,R,R,R,R,R,R,R,R,D,D,D,R,D
5326,R,R,R,R,R,R,R,R,R,R,R,D,D,R,R,R
5327,D,R,R,R,R,R,R,R,R,R,R,D,D,D,D,D
5328,D,D,D,R,R,D,D,D,D,R,D,D,D,D,D,D
5329,R,R,R,R,R,D,R,D,D,R,D,D,D,R,R,D
5330,R,D,R,R,R,R,R,D,D,R,D,D,D,R,D,R
5331,R,R,R,R,R,R,R,R,R,R,R,D,D,D,R,R
5332,R,D,R,R,R,D,R,D,D,D,R,D,D,D,R,R
5333,R,D,R,R,R,R,R,R,R,R,D,D,D,R,R,R
5334,D,D,D,R,D,D,R,R,D,D,D,D,D,D,D,R
5335,R,R,R,R,R,D,R,D,D,R,D,D,D,D,D,R
5336,R,R,R,R,R,D,R,R,D,R,R,D,D,R,R,R
5337,R,R,R,R,R,R,R,D,R,R,R,D,D,R,D,R
5338,D,R,R,R,R,R,R,D,D,R,R,D,D,R,D,R
5339,R,R,R,R,R,R,R,D,R,R,R,D,D,R,R,R
5340,R,D,R,R,R,R,R,R,D,R,D,D,D,R,D,R
5341,R,R,R,R,R,R,R,R,D,R,D,D,D,R,D,R
5342,R,R,R,R,R,R,R,R,D,R,D,D,D,R,D,D
5343,D,R,R,R,R,D,D,R,D,R,D,D,D,R,R,D
5344,D,D,D,D,R,D,R,D,D,R,D,D,D,D,D,D
5345,R,R,R,R,R,R,R,R,D,R,D,D,D,D,R,R
5346,R,R,R,R,R,D,R,R,D,R,D,D,D,R,R,R
5347,R,R,R,R,R,R,R,D,R,R,R,D,D,D,D,R
5348,R,R,R,R,R,D,R,R,R,R,D,D,D,R,D,R
5349,D,R,R,R,R,D,R,D,D,R,R,D,D,D,R,R
5350,D,R,R,R,R,R,R,R,D,R,D,D,D,R,R,R
5351,R,D,R,R,R,R,R,R,D,D,R,D,D,D,R,R
5352,R,R,R,R,R,R,R,R,D,R,R,D,D,D,R,D
5353,D,R,R,R,R,R,R,D,D,R,D,D,D,D,D,R
5354,D,D,R,R,R,D,D,D,D,D,D,D,D,D,D,D
5355,D,R,D,R,D,R,R,D,D,R,D,D,D,D,D,D
5356,R,R,R,R,R,R,R,D,D,R,R,D,D,D,D,R
5357,R,D,R,R,R,R,D,R,D,R,R,D,D,R,D,R
5358,D,D,D,R,R,D,D,D,D,R,R,D,D,D,D,D
5359,R,R,R,R,R,D,R,R,R,R,R,D,D,R,D,R
5360,R,R,R,R,R,R,R,R,D,R,R,D,D,D,D,R
5361,R,D,R,R,R,R,R,R,R,R,R,D,D,R,R,R
5362,D,D,R,R,D,D,D,D,D,R,D,D,D,D,D,D
5363,D,D,D,R,R,D,D,D,D,R,D,D,D,D,D,D
5364,D,D,R,R,R,D,R,R,D,R,D,D,D,D,D,D
5365,R,R,R,R,R,R,R,R,R,R,R,D,R,D,R,R
5366,R,R,R,R,R,R,R,R,D,D,R,D,D,R,R,R
5367,R,R,R,R,R,R,R,R,R,R,R,D,D,R,R,R
5368,R,R,R,R,R,R,R,R,D,R,R,D,D,R,D,R
5369,R,R,R,R,R,R,R,R,R,R,D,D,R,R,R,R
5370,D,R,R,R,R,D,R,D,D,D,D,D,D,D,D,D
5371,R,R,R,R,R,D,R,D,D,R,R,D,D,R,D,R
5372,R,D,R,R,R,R,R,R,D,R,R,D,D,R,R,R
5373,R,R,R,R,R,D,R,D,D,R,R,D,D,R,D,D
5374,D,D,R,R,R,D,D,D,D,D,D,D,D,D,D,D
5375,D,D,R,R,R,R,R,D,R,R,R,D,D,R,R,R
5376,D,R,R,R,R,R,R,R,D,R,R,D,D,R,D,R
5377,R,D,R,R,R,D,R,D,R,R,D,D,D,R,R,D
5378,R,R,R,R,R,D,R,R,D,R,R,D,D,D,R,D
5379,R,D,R,R,R,R,R,D,R,R,R,D,D,D,R,R
5380,R,D,R,R,R,R,R,R,D,R,D,D,D,R,R,R
5381,D,R,R,R,R,R,D,R,R,R,R,D,D,R,D,R
5382,R,D,R,R,D,R,R,R,R,R,R,D,D,R,R,R
5383,D,D,D,R,R,D,D,D,D,R,D,D,D,D,D,D
5384,D,R,R,R,R,D,R,D,D,R,R,D,D,R,D,R
5385,D,D,D,R,R,D,D,D,D,R,R,D,D,D,R,D
5386,R,R,R,R,R,R,R,R,D,D,R,D,D,R,R,D
5387,R,D,R,R,R,D,R,R,D,D,R,D,D,R,R,R
5388,D,R,R,R,R,R,R,D,D,R,R,D,D,R,R,D
5389,R,R,R,R,R,R,R,R,D,R,R,D,D,R,R,R
5390,D,R,R,R,R,R,R,D,D,R,D,D,D,R,D,R
5391,D,R,R,R,R,R,R,R,R,R,R,D,D,R,R,R
5392,D,D,D,R,D,D,R,D,D,D,D,D,D,D,D,R
5393,R,R,R,R,R,R,R,R,R,R,R,D,D,D,R,D
5394,R,D,R,R,R,R,R,R,R,R,D,D,D,R,D,R
5395,R,R,R,R,R,R,R,R,D,R,R,D,D,R,D,R
5396,R,R,R,R,R,R,R,R,R,R,R,D,D,D,R,R
5397,D,D,R,R,R,R,R,R,R,R,R,D,R,D,D,R
5398,R,R,R,R,R,R,R,D,R,R,R,D,D,R,R,R
5399,R,D,R,R,R,R,R,D,D,R,D,D,D,D,D,R
5400,R,D,R,R,R,R,R,D,D,R,D,D,D,R,R,D
5401,D,D,R,R,R,R,R,D,D,R,D,D,D,D,R,R
5402,D,R,R,R,R,R,R,R,R,R,D,D,D,D,D,R
5403,R,R,R,R,R,R,R,R,R,R,R,D,D,R,R,R
5404,R,R,R,R,R,R,R,R,D,R,D,D,D,D,D,R
5405,D,R,R,R,R,D,D,R,D,R,D,D,D,D,D,D
5406,R,D,R,R,R,R,R,D,R,R,R,D,D,D,D,R
5407,D,R,R,R,R,D,R,R,D,R,R,D,D,R,D,R
5408,R,R,R,R,R,D,R,D,D,R,R,D,D,D,D,D
5409,R,R,R,R,R,R,D,D,R,R,R,D,D,D,D,D
5410,R,R,R,R,R,R,R,R,R,R,R,D,D,R,R,R
5411,D,R,D,R,R,D,R,D,D,D,D,D,D,R,D,D
5412,R,R,R,R,R,R,R,R,D,R,R,D,D,R,R,R
5413,R,R,D,R,R,D,R,D,R,R,R,D,D,D,D,D
5414,R,R,R,R,R,D,R,R,D,R,R,D,D,D,D,D
5415,R,R,R,R,R,D,R,R,R,R,R,D,D,D,D,R
5416,D,D,D,R,R,D,D,D,D,R,D,D,D,D,D,D
5417,R,D,R,R,R,D,D,D,D,R,R,D,D,R,R,R
5418,R,R,R,R,R,R,R,R,R,R,R,D,D,R,R,R
5419,R,R,R,R,R,D,R,D,R,R,R,D,D,D,D,R
5420,R,R,R,R,R,R,R,R,D,R,D,D,D,D,D,D
5421,R,R,R,R,R,D,R,D,R,R,R,D,D,R,R,R
5422,R,D,R,R,D,D,D,D,D,R,R,D,D,D,D,D
5423,D,R,R,R,R,D,R,D,D,R,R,D,D,R,R,R
5424,D,R,R,R,R,D,R,D,R,R,R,D,D,R,R,R
5425,R,R,R,R,R,R,R,R,R,R,R,D,D,R,R,R
5426,R,R,R,R,R,R,R,R,D,R,R,D,D,R,R,D
5427,D,R,D,R,R,D,R,D,D,R,R,D,D,D,R,R
5428,R,D,R,R,R,R,R,R,D,R,R,D,D,D,D,R
5429,R,R,R,R,R,R,R,R,R,R,R,D,R,R,R,R
5430,D,R,R,R,R,R,R,R,D,R,R,D,D,R,R,R
5431,R,R,R,R,R,D,R,R,R,R,R,D,D,R,R,R
5432,R,R,R,R,R,R,R,D,R,R,R,D,D,D,R,R
5433,R,R,R,R,R,D,R,R,R,R,R,D,D,R,R,R
5434,D,R,R,R,R,R,R,R,R,R,R,D,D,R,R,R
5435,R,D,R,R,R,R,R,R,R,R,R,D,D,R,R,R
5436,D,D,R,R,R,D,D,D,D,R,D,D,D,D,D,D
5437,D,D,R,R,R,D,R,D,D,R,R,D,D,D,D,R
5438,R,R,R,R,R,R,R,R,D,R,R,D,D,R,R,R
5439,R,R,R,R,R,R,R,D,R,R,R,D,D,R,D,R
5440,R,R,R,R,R,R,R,D,D,R,D,D,D,R,R,R
5441,R,R,R,R,R,R,R,D,D,R,R,D,D,D,D,R
5442,R,R,R,R,R,R,R,R,R,R,R,D,D,D,D,R
5443,R,R,R,R,R,R,R,R,D,R,R,D,D,R,R,R
5444,R,R,R,R,R,R,R,D,D,R,R,D,D,D,D,R
5445,R,R,R,R,R,R,R,R,R,R,D,D,D,R,R,R
5446,R,R,R,R,R,R,R,R,R,R,R,D,D,R,R,D
5447,D,D,D,R,R,D,R,D,D,R,D,D,D,D,D,D
5448,R,D,R,R,R,R,R,R,D,R,R,D,D,R,R,D
5449,R,R,R,R,R,D,R,R,D,R,R,D,D,R,R,R
5450,R,R,R,R,R,R,R,R,R,R,D,D,D,R,R,D
5451,D,D,R,R,R,D,R,D,D,R,D,D,D,D,D,D
5452,R,R,R,R,R,D,R,D,D,R,R,D,D,D,R,D
5453,R,R,R,R,R,D,R,R,D,R,D,D,D,D,R,R
5454,D,R,R,R,R,R,R,D,D,R,R,D,D,D,R,R
5455,R,R,R,R,R,R,R,R,D,R,D,D,D,R,D,R
5456,D,R,R,R,R,R,R,D,D,R,R,D,D,D,D,R
5457,D,R,R,R,R,D,R,D,D,R,R,D,D,D,D,D
5458,R,R,R,R,R,R,R,R,R,R,R,D,D,D,R,R
5459,R,D,R,R,R,R,R,R,R,R,D,D,D,R,R,R
5460,R,R,R,R,R,R,R,R,R,R,R,D,D,D,R,D
5461,D,D,R,R,R,R,R,D,D,R,R,D,D,D,D,D
5462,R,R,R,R,R,D,R,R,D,R,R,D,D,D,R,R
5463,R,R,R,R,R,D,R,D,D,R,R,D,D,R,R,R
5464,D,R,R,R,R,D,R,R,D,R,D,D,D,R,D,R
5465,D,D,D,D,R,D,D,D,D,R,D,D,D,D,D,R
5466,R,R,R,R,R,R,R,R,R,R,R,D,R,D,D,R
5467,R,R,R,R,R,R,R,D,D,R,R,D,D,R,D,R
5468,R,R,R,R,R,D,R,R,R,R,R,D,D,R,R,R
5469,D,R,R,R,R,D,R,D,D,R,R,D,D,R,R,R
5470,R,D,R,R,R,D,R,D,D,R,R,D,D,D,D,D
5471,R,R,R,R,R,R,R,R,D,R,R,D,D,D,D,R
5472,R,D,R,R,R,R,D,D,D,R,D,D,D,R,D,D
5473,R,R,R,R,R,D,R,D,D,R,R,D,D,R,R,R
5474,D,D,R,D,R,D,D,D,D,R,D,D,D,D,D,D
5475,R,D,R,R,R,R,R,R,D,R,R,D,D,D,R,D
5476,D,R,R,R,R,R,R,R,R,R,R,D,D,R,R,R
5477,R,R,R,R,R,R,R,R,D,R,R,D,D,R,R,R
5478,D,D,D,R,R,D,D,D,D,D,D,D,D,D,D,D
5479,R,D,R,R,R,R,R,R,R,R,R,D,D,D,R,R
5480,D,R,R,R,R,R,R,R,R,R,D,D,D,R,D,R
5481,D,R,R,R,R,R,R,D,R,R,R,D,D,D,D,R
5482,R,R,R,R,R,R,R,R,D,R,R,D,D,D,R,R
5483,R,R,R,R,R,R,R,R,R,R,R,D,D,D,D,R
5484,R,D,R,R,R,D,R,D,R,R,R,D,D,R,D,R
5485,R,R,D,R,R,R,R,R,D,R,R,D,D,D,D,R
5486,D,R,R,R,R,R,R,D,D,R,R,D,D,D,D,R
5487,D,R,D,R,R,R,D,D,D,R,D,D,D,D,D,R
5488,R,R,R,R,R,R,R,R,R,R,R,D,D,R,R,R
5489,R,R,R,R,R,R,R,R,D,R,R,D,D,D,D,R
5490,R,D,R,R,R,R,R,R,D,R,D,D,D,R,R,R
5491,D,R,R,R,R,D,R,R,D,R,R,D,D,R,R,R
5492,R,R,R,R,R,R,R,R,R,R,R,D,D,R,R,R
5493,R,D,R,R,R,D,R,D,D,D,D,D,D,D,D,D
5494,R,R,R,R,R,R,R,R,R,R,R,D,D,R,R,R
5495,R,R,R,R,R,R,R,R,R,R,R,D,D,R,D,R
5496,R,R,R,R,R,R,R,D,D,D,R,D,D,R,R,R
5497,R,R,R,R,R,R,D,R,R,R,D,D,D,D,R,R
5498,R,R,R,R,R,R,R,D,R,R,D,D,D,D,R,R
5499,D,D,D,R,R,R,D,D,D,D,D,D,D,D,D,R
5500,D,R,R,R,R,R,R,D,D,R,D,D,D,R,D,R
5501,D,D,R,R,R,D,R,R,D,R,R,D,D,D,D,R
5502,D,R,R,R,R,R,R,R,R,R,R,D,D,D,D,D
5503,R,R,R,R,R,R,R,R,R,R,R,D,D,R,R,R
5504,D,D,R,R,R,D,D,D,D,D,D,D,D,D,D,D
5505,R,R,R,R,R,R,R,R,D,R,R,D,D,D,R,R
5506,R,R,R,R,R,D,R,R,D,R,D,D,D,R,D,R
5507,R,R,R,R,R,R,R,R,D,R,R,D,D,D,R,R
5508,D,R,R,R,R,R,D,R,D,R,D,D,D,R,R,R
5509,D,D,D,R,R,D,D,D,D,R,D,D,D,D,D,D
5510,D,R,R,R,R,R,R,R,R,R,R,D,D,D,D,R
5511,D,R,R,R,R,R,R,R,R,R,R,D,D,R,D,D
5512,R,R,R,R,R,R,R,R,D,R,R,D,D,R,D,R
5513,R,R,R,R,R,R,R,R,R,R,R,D,D,R,D,R
5514,R,R,R,R,R,R,R,R,R,R,R,D,D,D,D,R
5515,R,R,R,R,R,R,R,D,D,R,R,D,D,D,D,D
5516,D,D,D,R,R,D,D,D,D,D,D,D,D,D,D,D
5517,R,R,R,R,R,R,R,R,R,R,R,D,D,R,R,R
5518,D,R,R,R,R,R,R,D,R,R,R,D,D,D,D,R
5519,R,D,D,R,R,D,D,D,D,R,D,D,D,D,D,D
5520,D,D,R,R,R,D,D,R,D,D,D,D,D,D,D,D
5521,D,D,R,R,R,R,R,D,D,R,R,D,D,D,D,R
5522,D,D,R,R,R,R,R,D,R,R,R,D,D,D,D,R
5523,R,D,R,R,R,R,R,R,D,R,R,D,D,R,R,R
5524,D,R,R,R,R,R,R,D,R,D,R,D,D,R,D,R
5525,D,D,D,R,R,R,D,R,D,D,D,D,D,R,D,D
5526,D,R,R,R,R,R,R,R,D,R,R,D,D,D,R,R
5527,R,D,R,R,R,R,R,R,D,R,R,D,D,D,D,R
5528,D,D,R,R,R,R,R,R,D,R,R,D,D,D,R,R
5529,R,D,R,R,R,D,R,R,R,R,D,D,D,R,D,R
5530,R,R,R,R,R,R,D,D,D,R,R,D,D,D,D,D
5531,D,D,R,R,R,D,D,D,D,R,D,D,D,D,D,D
5532,D,R,R,R,R,D,R,R,R,R,D,D,D,D,D,D
5533,D,D,D,R,D,D,D,D,D,D,D,D,D,D,D,D
5534,D,R,D,R,R,D,R,D,D,R,D,D,D,D,D,D
5535,D,D,R,R,D,D,R,D,D,R,D,D,D,D,D,D
5536,D,R,D,R,R,D,D,D,D,R,D,D,D,D,D,D
5537,D,R,R,D,R,D,D,D,D,D,D,D,D,D,D,R
5538,R,R,R,R,R,R,R,D,R,R,D,D,D,D,R,R
5539,R,R,R,R,R,D,R,R,D,R,R,D,D,D,R,R
5540,R,R,R,R,R,R,R,D,D,R,R,D,D,D,R,R
5541,D,D,D,D,D,D,D,D,D,R,D,D,D,D,D,D
5542,R,R,R,R,R,R,R,D,D,R,R,D,D,R,D,R
5543,R,R,R,R,R,D,R,R,D,D,R,D,D,R,R,R
5544,R,R,R,R,R,R,R,R,R,R,R,D,D,R,D,R
5545,R,R,R,R,R,R,R,D,R,R,R,D,D,R,D,D
5546,R,R,R,R,R,R,R,R,R,R,D,D,D,D,R,R
5547,R,R,R,R,R,D,R,R,D,R,D,D,D,D,D,R
5548,R,R,R,R,R,D,R,D,D,D,R,D,D,R,R,D
5549,R,D,R,R,R,D,R,R,D,R,R,D,D,R,R,R
5550,R,D,R,R,R,D,R,R,D,R,D,D,D,D,R,R
5551,D,D,R,R,R,D,D,D,D,D,D,D,D,D,D,R
5552,D,R,R,D,R,R,R,R,D,R,D,D,D,D,D,D
5553,R,D,R,R,R,D,R,D,D,R,D,D,D,D,R,R
5554,R,R,R,R,R,D,R,R,D,R,R,D,D,D,R,R
5555,R,R,R,R,R,D,D,D,D,R,D,D,D,D,D,D
5556,D,R,R,R,R,R,D,R,D,R,D,D,D,D,R,D
5557,R,D,R,R,R,R,R,D,R,R,R,D,D,R,D,D
5558,R,R,R,R,R,R,R,R,R,R,R,D,D,R,R,R
5559,R,D,R,R,R,R,R,R,R,R,D,D,D,R,R,R
5560,R,R,R,R,R,D,R,R,D,R,R,D,D,D,R,D
5561,D,D,D,R,D,R,D,D,D,R,D,D,D,D,D,D
5562,D,D,R,R,R,D,D,D,D,R,D,D,D,D,D,D
5563,D,D,R,R,R,D,R,D,D,R,R,D,D,D,R,R
5564,R,R,R,R,R,D,R,R,R,R,R,D,D,R,R,R
5565,R,R,R,R,R,R,R,R,D,R,D,D,D,D,R,D
5566,R,R,R,R,R,R,D,D,D,D,R,D,D,D,D,R
5567,R,D,R,R,R,R,R,R,D,R,R,D,D,R,R,R
5568,R,D,R,R,R,R,R,D,D,R,D,D,D,D,D,D
5569,R,R,R,R,R,R,R,R,R,R,R,D,D,R,R,R
5570,D,D,R,R,D,D,D,D,D,R,D,D,D,D,D,D
5571,R,R,R,R,R,R,R,R,R,R,R,D,D,R,R,R
5572,R,R,R,R,R,R,R,R,R,R,R,D,D,R,R,R
5573,D,R,R,R,D,D,R,D,D,R,R,D,D,D,D,D
5574,R,R,R,R,R,D,R,D,D,R,R,D,D,D,R,R
5575,R,R,R,R,R,R,R,D,R,R,D,D,D,R,D,D
5576,R,R,R,R,R,D,R,R,R,R,R,D,D,D,R,R
5577,D,R,D,R,R,D,R,R,D,R,R,D,D,R,R,D
5578,R,R,R,R,R,D,R,R,D,R,R,D,D,D,R,D
5579,R,D,R,R,D,R,R,D,D,R,R,D,R,R,R,D
5580,R,R,R,R,R,D,R,R,D,R,R,D,D,D,R,R
5581,R,R,R,R,R,R,R,R,R,R,R,R,D,R,R,R
5582,R,R,D,R,D,D,R,D,D,D,D,D,D,D,D,D
5583,R,R,R,R,R,R,R,D,D,R,R,D,D,R,R,R
5584,D,R,R,R,R,R,R,D,R,R,R,D,D,R,R,R
5585,R,R,R,R,R,D,R,R,R,R,R,D,D,R,R,R
5586,R,R,R,R,R,R,R,D,D,R,R,D,D,D,R,R
5587,R,R,R,R,R,R,R,D,D,R,R,D,D,D,R,R
5588,D,D,R,R,R,D,R,D,D,R,R,D,D,D,R,R
5589,D,D,R,R,R,R,D,R,D,R,R,D,D,R,D,D
5590,R,R,R,R,R,R,D,D,D,R,R,D,D,D,R,D
5591,R,D,R,R,R,D,D,R,D,R,R,D,D,R,R,R
5592,D,D,D,R,R,D,D,D,D,D,D,D,D,D,D,D
5593,R,R,R,R,R,D,R,D,D,R,R,D,D,D,R,R
5594,R,D,R,R,R,R,R,D,D,R,R,D,D,D,D,R
5595,R,R,R,R,R,R,R,R,R,R,R,D,D,R,R,R
5596,R,R,R,R,R,R,R,R,D,D,R,D,D,R,R,R
5597,R,R,R,R,R,R,R,D,R,R,R,D,D,D,R,R
5598,R,D,R,R,R,R,R,D,D,R,D,D,D,R,D,R
5599,D,D,D,R,R,D,R,D,D,D,D,D,D,D,D,D
5600,R,R,R,R,R,R,R,D,D,R,R,D,D,D,D,R
5601,R,D,D,R,R,D,D,D,D,R,D,D,D,D,D,D
5602,R,R,R,R,R,D,R,R,D,R,D,D,D,D,D,R
5603,R,D,R,D,D,D,R,D,D,D,D,D,D,D,D,D
5604,R,R,R,R,R,R,R,R,R,R,R,D,R,R,D,R
5605,R,D,R,R,R,R,R,D,R,R,D,D,D,D,R,R
5606,R,R,R,R,R,D,R,R,R,R,R,D,D,R,R,R
5607,R,R,R,R,R,R,R,D,R,R,R,D,D,R,R,D
5608,R,D,R,R,R,R,R,R,D,R,R,D,D,R,D,R
5609,R,R,R,R,R,D,R,R,R,R,R,D,D,D,D,R
5610,R,R,R,R,R,R,R,D,R,R,D,D,D,D,D,R
5611,D,D,R,R,R,D,D,D,D,R,D,D,D,D,D,D
5612,R,R,R,R,R,D,R,D,D,R,R,D,D,D,D,R
5613,D,R,R,R,R,D,R,D,D,R,D,D,D,D,R,D
5614,D,R,D,D,D,D,R,D,D,R,R,D,D,D,D,D
5615,R,R,R,R,R,D,R,R,R,R,R,D,D,R,R,R
5616,D,D,R,R,R,D,D,D,D,D,D,D,D,D,D,D
5617,D,R,R,R,R,R,R,D,D,R,R,D,D,D,R,R
5618,R,R,R,R,R,R,R,D,D,R,R,D,D,D,R,R
5619,D,D,D,R,D,D,D,D,D,R,D,D,D,R,D,D
5620,D,D,D,R,R,D,D,R,D,R,D,D,D,D,D,D
5621,R,R,R,R,R,R,R,R,R,R,D,D,D,R,D,R
5622,R,R,R,R,R,D,R,R,D,R,R,D,D,D,R,R
5623,D,D,D,R,R,D,R,D,D,D,D,D,D,D,D,D
5624,R,R,D,R,R,R,R,R,D,R,D,D,D,R,R,R
5625,R,R,R,R,R,R,R,D,D,R,R,D,D,D,D,D
5626,R,R,R,R,R,R,R,D,D,R,D,D,D,D,D,R
5627,D,R,R,R,R,D,R,R,D,R,D,D,D,R,R,R
5628,D,D,R,R,R,D,D,D,D,R,D,D,D,D,D,D
5629,R,R,R,R,R,R,R,R,R,R,R,D,D,D,R,R
5630,R,D,R,R,R,R,R,R,R,R,R,D,D,D,D,D
5631,D,D,R,D,R,D,R,D,D,R,D,D,D,D,D,D
5632,D,R,R,R,R,D,R,R,R,R,R,D,D,D,R,D
5633,D,R,R,R,R,R,R,D,D,R,R,D,D,D,R,D
5634,R,R,R,R,R,R,R,D,R,R,R,D,D,R,R,R
5635,R,R,R,R,R,D,R,R,R,R,R,D,D,D,R,R
5636,R,R,R,R,R,R,R,R,D,R,R,D,D,R,R,D
5637,D,D,R,R,R,D,R,D,D,D,D,D,D,R,D,D
5638,D,D,D,R,R,R,R,D,R,D,R,D,D,D,R,R
5639,R,R,R,R,R,R,R,R,D,R,R,D,D,R,R,R
5640,R,R,R,R,R,D,R,R,R,R,R,D,D,D,D,R
5641,R,R,R,R,R,R,R,R,R,R,D,D,D,D,R,R
5642,D,D,R,R,R,R,R,D,D,D,D,D,D,D,D,D
5643,D,D,D,D,D,D,D,D,D,D,D,D,D,D,D,D
5644,D,R,R,R,R,R,R,R,D,R,R,D,D,D,D,D
5645,R,D,R,R,R,D,R,D,D,R,R,D,D,D,D,R
5646,D,R,R,R,R,R,R,R,R,R,R,D,D,R,D,R
5647,D,R,R,R,R,R,R,R,R,R,R,D,D,R,R,R
5648,R,R,R,R,R,D,R,D,D,R,D,D,D,R,D,R
5649,D,R,R,R,R,R,R,D,R,R,D,D,D,D,D,R
5650,R,R,R,R,R,R,R,R,R,R,R,D,R,R,R,R
5651,R,R,R,R,R,R,R,R,R,R,R,D,D,R,R,R
5652,R,D,R,R,R,R,R,R,D,R,R,D,D,D,D,R
5653,D,D,R,R,R,R,R,R,D,R,R,D,D,D,R,R
5654,R,R,R,R,R,R,R,D,D,R,D,D,D,R,D,D
5655,R,R,R,R,R,R,R,R,D,R,R,D,D,R,R,R
5656,R,R,R,R,R,R,R,R,R,R,D,D,D,D,D,D
5657,R,R,R,R,R,R,R,R,R,R,R,D,D,R,R,R
5658,R,R,R,R,R,R,R,R,R,R,R,D,D,R,R,R
5659,R,D,R,R,R,R,R,D,D,R,D,D,D,R,R,D
5660,R,R,R,R,R,D,R,R,R,R,R,D,D,D,R,R
5661,R,R,R,R,R,R,R,R,D,R,D,D,D,D,D,R
5662,R,D,R,R,R,D,R,R,D,R,R,D,D,D,R,D
5663,R,R,R,R,R,D,R,D,D,R,D,D,D,R,D,R
5664,D,R,R,R,R,D,R,R,D,D,R,D,D,R,R,R
5665,D,R,R,R,R,R,R,R,R,R,R,D,D,D,D,R
5666,D,D,R,R,D,D,D,D,D,R,D,D,D,D,D,R
5667,R,R,R,R,R,D,D,R,R,R,R,D,D,D,R,R
5668,R,D,R,R,R,R,R,D,D,R,R,D,D,D,D,R
5669,R,R,R,R,R,R,R,R,R,R,R,D,D,R,R,R
5670,R,R,R,R,R,D,R,D,D,D,R,D,D,R,R,D
5671,R,R,R,R,R,R,D,D,R,R,D,D,D,D,D,R
5672,D,R,R,R,R,R,R,D,D,R,D,D,D,R,R,R
5673,R,D,R,R,R,R,R,D,D,R,D,D,D,R,D,R
5674,R,R,R,R,R,R,R,R,D,R,R,D,D,R,R,R
5675,D,D,D,R,D,D,D,D,D,R,D,D,D,D,D,R
5676,R,R,R,R,R,R,R,R,R,R,R,D,D,R,R,D
5677,D,R,R,R,R,R,R,D,D,R,D,D,D,R,D,D
5678,R,R,R,R,R,R,R,R,D,R,R,R,D,R,R,R
5679,D,R,R,R,R,R,R,R,R,R,R,D,D,R,D,R
5680,R,R,R,R,R,R,R,R,R,R,R,D,D,R,D,R
5681,R,R,R,R,R,R,R,R,R,R,R,D,D,D,R,R
5682,D,R,R,R,R,D,R,D,D,R,D,D,D,R,D,D
5683,R,R,R,R,R,R,R,D,R,R,R,D,D,R,D,R
5684,D,D,R,R,R,R,R,R,D,R,R,D,D,R,R,D
5685,D,R,D,R,R,D,D,D,D,D,D,D,D,D,D,D
5686,R,D,R,R,R,R,R,R,R,R,R,D,D,R,R,R
5687,R,R,R,R,R,D,R,R,D,R,R,D,D,D,R,R
5688,D,R,R,R,R,R,R,R,R,R,R,D,D,R,R,R
5689,R,R,R,R,R,D,R,R,D,R,R,D,D,R,D,D
5690,R,R,R,R,R,R,R,R,R,R,R,D,D,D,R,R
5691,R,D,R,R,R,D,R,D,R,R,R,D,D,D,R,R
5692,R,R,R,R,R,R,R,R,R,R,R,D,D,R,R,R
5693,R,R,R,R,R,R,R,D,D,D,R,D,D,R,R,R
5694,R,R,R,R,R,R,R,R,R,R,R,D,D,R,R,R
5695,R,R,R,R,R,R,R,R,R,R,R,D,D,R,R,R
5696,R,R,R,R,R,R,R,R,R,R,R,D,D,R,R,R
5697,R,R,R,R,R,R,R,R,D,R,R,D,D,D,D,R
5698,R,R,R,R,R,R,R,R,R,R,R,D,D,D,R,R
5699,R,R,R,R,R,R,R,R,R,R,R,D,D,D,R,D
5700,R,R,R,R,R,D,R,R,D,R,R,D,D,R,R,R
5701,R,R,R,R,R,R,R,R,D,R,R,D,D,D,D,R
5702,R,D,R,R,R,R,R,R,D,R,R,D,D,R,R,R
5703,D,D,D,R,R,D,D,D,D,R,D,D,D,D,D,D
5704,R,D,R,R,R,D,R,D,D,D,D,D,D,D,D,D
5705,R,R,R,R,R,R,R,D,R,R,R,D,R,R,R,R
5706,R,R,R,R,R,D,R,R,R,R,R,D,D,R,R,D
5707,R,R,R,R,R,R,R,R,R,R,R,D,D,R,R,R
5708,R,R,R,R,R,R,R,R,R,R,R,D,D,D,D,D
5709,R,R,R,R,R,R,R,D,D,R,R,D,D,R,D,D
5710,D,D,D,R,D,D,D,D,D,R,D,D,D,D,D,D
5711,D,R,R,R,R,R,R,R,D,R,R,D,D,R,R,R
5712,R,R,R,R,R,R,R,R,R,R,R,D,D,R,D,D
5713,D,R,R,R,R,R,R,R,R,R,R,D,D,R,R,D
5714,D,D,D,R,D,D,D,D,D,D,D,D,D,D,D,D
5715,R,R,R,R,R,D,R,R,R,R,R,D,D,R,D,R
5716,R,R,R,R,R,R,R,R,D,R,D,D,D,R,R,R
5717,R,R,R,R,R,R,R,R,D,R,R,D,D,R,R,R
5718,R,D,R,R,R,R,R,R,D,R,R,D,D,R,R,R
5719,R,D,R,R,R,D,R,R,D,R,D,D,D,D,R,R
5720,R,R,R,R,R,R,R,R,R,R,R,D,D,R,R,R
5721,D,D,R,D,R,D,D,D,D,R,D,D,D,D,D,D
5722,D,R,R,R,R,D,R,R,R,R,R,D,D,D,D,R
5723,R,R,R,R,R,R,R,R,D,R,R,D,D,D,D,D
5724,R,R,R,R,R,R,R,R,D,R,R,D,D,R,R,R
5725,R,R,R,R,R,R,R,R,R,R,R,D,R,D,D,R
5726,R,R,R,R,R,D,R,D,D,R,R,D,D,R,R,D
5727,R,R,R,R,R,D,R,R,D,R,R,D,D,D,R,R
5728,D,R,R,R,R,R,R,D,D,R,D,D,D,R,R,R
5729,R,D,R,R,R,R,R,R,D,R,R,D,D,R,R,R
5730,R,R,R,R,R,R,R,R,D,R,R,D,D,R,R,R
5731,D,D,R,R,R,D,D,D,D,D,D,D,D,D,D,D
5732,R,R,R,R,R,R,R,D,D,D,R,D,D,R,D,R
5733,D,R,R,R,R,R,R,D,D,R,R,D,D,D,R,R
5734,D,R,R,R,R,D,R,R,R,R,R,D,D,R,R,R
5735,R,R,R,R,R,R,R,R,R,R,D,D,D,R,D,R
5736,D,D,D,R,R,D,D,D,D,D,D,D,D,D,D,D
5737,R,D,R,R,R,D,D,R,R,R,R,D,D,D,D,D
5738,R,R,R,R,R,D,R,R,D,D,D,D,D,R,D,R
5739,R,R,R,R,R,R,R,R,R,R,D,D,D,R,R,R
5740,R,R,R,R,R,R,R,D,D,R,R,D,D,D,D,R
5741,R,R,R,R,R,R,R,R,R,R,D,D,D,R,D,D
5742,R,R,R,R,R,R,R,R,R,R,R,R,D,D,D,R
5743,D,R,R,R,R,R,R,D,D,R,R,D,D,R,D,R
5744,D,R,R,R,R,R,R,R,R,R,D,D,D,R,R,R
5745,R,R,R,R,R,R,R,R,R,R,R,D,D,R,D,R
5746,R,R,R,R,R,R,R,D,R,R,R,D,D,D,R,D
5747,R,R,R,R,R,R,R,D,D,R,R,D,D,D,D,D
5748,D,R,R,R,R,R,R,R,D,R,D,D,D,D,D,R
5749,D,D,R,R,R,D,D,D,D,R,D,D,D,D,D,D
5750,R,R,R,R,R,R,R,R,R,R,R,D,D,R,D,D
5751,R,R,R,R,R,R,R,R,R,R,R,D,D,R,D,R
5752,R,R,R,R,R,R,R,R,D,R,R,D,D,R,D,R
5753,D,D,R,R,R,R,R,R,D,R,R,D,D,R,D,R
5754,D,R,R,R,R,D,R,R,D,R,R,D,D,D,D,R
5755,R,R,R,R,R,D,R,D,D,R,D,D,D,R,R,R
5756,D,R,D,R,D,D,R,D,D,D,D,D,D,R,D,R
5757,R,R,R,R,R,R,R,R,R,R,R,D,D,R,R,R
5758,D,D,R,R,R,R,D,D,D,R,D,D,D,D,D,D
5759,D,D,D,R,R,D,D,D,D,R,D,D,D,D,D,D
5760,R,R,R,R,R,R,R,R,D,R,R,D,D,D,R,R
5761,R,R,R,R,R,R,R,D,D,R,R,D,D,R,R,R
5762,R,R,R,R,R,R,R,R,D,R,R,D,D,D,D,R
5763,R,R,R,R,R,R,R,R,D,R,R,D,D,D,R,R
5764,D,R,R,R,R,R,R,R,D,R,R,D,D,R,R,R
5765,R,R,R,R,R,D,R,D,R,R,R,D,D,R,D,R
5766,R,R,R,R,R,R,R,R,D,D,R,D,D,D,R,D
5767,R,R,R,R,R,R,R,D,R,R,D,D,D,D,D,R
5768,R,D,R,R,R,R,R,R,D,R,R,D,D,D,R,R
5769,D,R,R,R,R,D,D,R,R,D,R,D,D,D,D,R
5770,R,R,R,R,R,D,R,R,D,R,R,D,D,R,R,R
5771,R,R,R,R,R,R,R,R,R,R,R,D,D,R,R,R
5772,R,R,R,R,R,R,R,D,R,R,R,D,D,R,R,D
5773,D,D,R,R,R,D,D,D,D,R,D,D,D,R,D,D
5774,R,D,R,R,R,R,R,D,R,R,R,D,D,D,D,D
5775,R,R,R,R,R,R,R,D,D,R,D,D,D,D,R,R
5776,R,R,R,R,R,R,R,R,R,R,R,D,D,D,R,R
5777,R,R,R,R,R,R,R,R,D,R,D,D,D,R,R,R
5778,R,R,R,R,R,R,R,R,D,R,R,D,D,R,R,R
5779,R,R,R,R,R,R,R,D,D,R,R,D,D,R,D,D
5780,D,D,R,R,R,R,R,D,R,R,R,D,D,D,D,R
5781,R,R,R,R,R,D,R,D,R,R,R,D,D,R,R,R
5782,R,R,R,R,R,R,R,D,R,R,D,D,D,D,D,R
5783,R,R,R,R,R,D,R,D,D,R,R,D,D,R,R,D
5784,D,R,R,R,R,R,R,R,D,R,R,D,D,R,R,R
5785,R,D,R,R,R,R,R,D,D,R,D,D,D,D,R,R
5786,R,R,R,R,R,D,R,D,D,R,D,D,D,D,D,R
5787,R,R,R,R,R,D,R,D,D,R,R,D,D,D,R,R
5788,R,R,R,R,R,R,R,R,R,R,R,D,D,R,R,R
5789,D,D,R,R,R,R,R,D,D,R,R,D,D,R,D,R
5790,D,R,R,R,R,D,R,D,D,R,R,D,D,D,R,D
5791,R,R,R,R,R,R,R,R,D,R,R,D,D,R,D,R
5792,R,R,R,R,R,R,R,R,R,R,R,D,D,D,D,R
5793,R,R,R,R,R,D,R,R,R,R,D,D,D,R,R,R
5794,R,D,R,R,R,R,R,R,D,R,R,D,D,R,D,R
5795,D,R,R,R,R,D,R,R,D,R,R,D,D,D,R,R
5796,D,D,R,R,R,R,R,D,D,R,R,D,D,R,D,R
5797,R,R,R,R,R,D,R,R,D,R,R,D,D,D,R,R
5798,R,R,R,R,R,D,R,R,D,R,R,D,D,R,R,R
5799,R,R,R,R,R,R,R,R,D,R,R,D,D,R,R,R
5800,D,R,R,R,R,R,R,R,D,R,D,D,D,D,R,R
5801,R,R,R,R,R,R,R,R,D,R,R,D,D,R,R,R
5802,R,R,R,R,R,R,R,R,D,R,R,D,D,R,R,R
5803,D,R,R,R,R,D,R,D,D,D,D,D,D,D,D,R
5804,R,R,R,R,R,R,R,D,R,R,R,D,D,R,R,D
5805,R,R,R,R,R,R,R,D,R,R,R,D,D,D,R,R
5806,D,R,R,R,R,D,R,R,R,R,R,D,D,D,R,D
5807,D,D,R,R,R,R,R,R,R,R,R,D,D,R,R,R
5808,D,R,R,R,D,D,R,D,R,R,D,D,D,D,D,R
5809,D,R,R,R,R,R,R,R,D,D,D,D,D,D,R,R
5810,D,D,R,R,R,D,R,D,D,R,D,D,D,D,D,D
5811,R,R,R,R,R,R,R,D,D,R,R,D,D,R,D,R
5812,D,D,D,R,D,D,R,D,D,R,D,D,D,D,D,D
5813,D,R,R,R,R,D,D,D,D,R,D,D,D,D,D,D
5814,R,D,R,R,R,R,R,R,D,R,R,D,D,R,R,R
5815,R,D,R,R,R,R,R,R,D,R,R,D,D,R,R,D
5816,R,R,R,R,R,R,R,R,D,R,R,D,D,R,R,R
5817,R,R,R,R,R,R,R,R,R,R,D,D,D,R,R,D
5818,R,D,R,R,R,D,R,D,D,R,D,D,D,D,R,R
5819,R,D,R,R,R,D,R,R,R,R,R,D,D,R,R,R
5820,R,D,R,R,R,R,R,D,D,R,D,D,D,D,D,R
5821,R,R,R,R,R,R,R,R,D,R,R,D,D,R,R,D
5822,R,R,R,R,R,R,R,R,R,R,D,D,D,D,R,D
5823,R,R,R,R,R,R,R,D,D,R,D,D,D,R,D,R
5824,D,D,D,R,R,D,D,D,D,R,D,D,D,D,D,D
5825,R,D,R,R,R,D,R,D,D,R,R,D,D,D,D,R
5826,D,D,R,R,R,R,R,R,R,R,R,D,D,R,R,D
5827,D,R,R,R,R,R,D,R,D,R,D,D,D,D,R,R
5828,R,R,R,R,R,R,R,R,D,R,R,D,D,R,R,D
5829,R,R,R,R,R,R,R,R,R,R,R,D,D,R,R,D
5830,D,R,R,R,R,D,R,R,D,R,R,D,D,D,R,R
5831,R,R,R,R,R,R,R,D,R,R,R,D,D,R,R,R
5832,D,R,R,R,R,R,R,R,D,R,D,D,D,R,R,D
5833,R,R,R,R,R,R,R,R,R,R,R,D,D,R,D,D
5834,R,R,R,R,R,R,R,R,R,R,R,D,D,D,D,R
5835,R,R,R,R,R,R,R,R,R,R,R,D,D,R,R,R
5836,R,R,R,R,R,R,R,R,D,R,R,D,D,R,R,R
5837,D,D,D,R,R,D,R,D,D,D,R,D,D,D,D,R
5838,R,R,R,R,R,R,R,R,D,R,R,D,D,D,R,D
5839,D,D,D,R,R,D,D,D,D,D,D,D,D,D,D,D
5840,R,R,R,R,R,D,R,R,D,R,R,D,D,D,R,D
5841,R,R,R,R,R,R,R,R,R,R,R,D,D,R,R,R
5842,R,R,R,R,R,D,R,R,D,R,D,D,D,D,R,R
5843,R,D,D,D,D,D,R,D,D,D,D,D,D,D,D,D
5844,R,R,D,R,R,D,R,R,D,R,D,D,D,D,D,D
5845,R,D,R,R,R,R,R,D,D,R,D,D,D,R,D,R
5846,R,R,R,R,R,R,R,R,R,R,R,D,D,R,R,R
5847,D,R,R,R,R,R,R,R,D,R,D,D,D,D,D,D
5848,R,D,R,R,R,R,R,R,D,R,R,D,D,D,R,R
5849,R,R,R,R,R,D,R,R,R,R,R,D,D,R,D,R
5850,D,D,R,R,R,R,R,R,R,R,D,D,D,R,R,R
5851,D,D,R,R,R,D,R,R,D,R,D,D,D,D,R,R
5852,D,R,R,R,R,D,R,D,R,R,D,D,D,D,D,R
5853,R,R,R,R,R,R,R,D,D,R,R,D,D,R,R,D
5854,R,R,R,R,R,R,R,R,D,R,R,D,D,R,D,R
5855,D,R,R,R,R,R,R,R,R,R,D,D,D,D,R,R
5856,D,D,R,R,R,R,R,R,D,D,D,D,D,D,D,R
5857,D,D,R,R,R,D,R,D,D,R,D,D,D,D,D,D
5858,D,R,R,R,R,R,R,R,R,R,R,D,D,D,R,D
5859,R,R,R,R,R,R,R,R,R,R,R,D,D,D,R,R
5860,D,D,D,D,D,D,R,D,D,R,D,D,D,D,D,D
5861,D,D,D,R,D,D,D,D,D,R,D,D,D,D,D,D
5862,D,R,R,R,R,D,R,D,D,R,R,D,D,R,D,R
5863,R,D,R,R,R,R,R,R,R,R,R,D,D,D,R,R
5864,R,R,R,R,R,R,R,D,D,R,R,D,D,D,D,R
5865,R,D,R,R,R,R,R,R,D,R,D,D,D,D,R,R
5866,R,R,R,R,R,R,R,R,D,R,R,D,D,R,R,D
5867,R,R,R,R,R,R,R,R,R,R,D,D,D,D,R,D
5868,R,R,R,R,R,D,R,R,R,R,R,D,D,R,R,R
5869,D,D,D,R,R,D,D,D,D,R,D,D,D,D,D,R
5870,D,D,R,R,R,D,R,D,D,R,D,D,D,D,D,R
5871,R,R,R,R,R,R,R,D,D,R,R,D,D,D,D,D
5872,R,R,R,R,R,R,R,R,D,R,R,D,D,R,D,D
5873,D,D,R,R,R,D,R,R,D,R,D,D,D,R,D,R
5874,D,D,R,R,D,D,D,D,D,R,D,D,D,D,D,D
5875,R,R,R,R,R,D,R,D,D,R,D,D,D,D,R,D
5876,R,R,R,R,R,R,R,R,D,R,R,D,D,R,D,D
5877,D,R,R,R,R,R,R,R,D,R,R,D,D,D,D,R
5878,D,R,R,R,R,D,R,R,D,R,R,D,D,R,R,R
5879,R,D,D,R,D,D,R,D,D,D,D,D,D,D,D,D
5880,R,R,R,R,R,R,R,R,R,R,R,D,D,D,R,R
5881,D,R,R,R,R,R,R,R,R,R,R,D,D,D,D,R
5882,R,D,R,R,R,R,R,R,D,R,R,D,D,D,R,D
5883,R,R,R,R,R,R,R,D,R,R,R,D,D,R,R,R
5884,R,D,R,R,R,R,R,R,R,R,D,D,D,R,R,R
5885,D,R,R,R,R,R,R,R,R,R,R,D,D,R,R,R
5886,R,R,R,R,R,R,R,R,R,R,R,D,D,R,D,R
5887,D,R,R,R,R,R,R,R,D,R,D,D,D,R,D,R
5888,R,D,R,R,R,R,R,D,R,R,R,D,D,D,D,R
5889,R,R,R,R,R,R,R,R,D,R,R,D,D,R,R,R
5890,D,D,R,R,R,D,R,R,D,R,R,D,D,R,R,R
5891,R,R,R,R,R,R,R,D,D,R,R,D,D,D,R,R
5892,R,R,R,R,R,R,R,R,R,R,R,D,D,D,R,R
5893,D,R,R,R,R,D,R,D,R,R,D,D,D,D,D,R
5894,R,R,R,R,R,R,R,R,R,R,D,D,D,R,R,R
5895,D,D,D,D,R,D,D,D,D,D,D,D,D,D,D,D
5896,R,R,R,R,R,D,R,D,R,R,R,D,D,R,R,R
5897,R,R,R,R,R,R,R,R,R,R,R,D,D,D,R,R
5898,R,R,R,R,R,R,R,R,D,R,D,D,D,D,D,R
5899,R,R,R,R,R,R,R,R,D,R,R,D,D,R,R,R
5900,D,D,D,R,R,D,D,D,D,R,D,D,D,D,D,D
5901,R,D,R,R,R,D,R,R,R,R,D,D,D,D,D,R
5902,D,D,R,R,R,D,R,D,D,R,D,D,D,D,D,D
5903,R,D,R,R,R,R,R,R,R,R,R,D,R,R,D,R
5904,D,R,R,R,R,D,R,R,R,R,R,D,D,R,R,R
5905,D,R,R,R,R,R,R,D,R,R,R,D,D,R,D,R
5906,D,R,R,R,R,R,R,R,D,R,R,D,D,D,D,R
5907,D,R,R,R,R,D,R,R,D,R,D,D,D,D,D,R
5908,D,D,D,R,R,D,D,D,D,D,D,D,D,D,D,D
5909,R,R,R,R,R,D,R,D,D,R,R,D,D,D,D,R
5910,R,R,R,R,R,R,R,R,R,R,D,D,D,D,D,R
5911,R,R,R,R,R,R,R,R,D,R,R,D,D,D,R,R
5912,R,R,R,R,R,R,R,R,R,R,D,D,D,D,R,R
5913,R,R,R,R,R,R,R,R,D,R,D,D,D,D,D,R
5914,R,R,R,R,R,R,R,R,R,R,D,D,D,R,R,R
5915,R,R,R,R,R,R,R,D,R,R,R,R,D,R,R,R
5916,R,D,R,R,R,R,R,R,D,R,R,D,D,R,R,R
5917,R,R,R,R,R,R,R,R,R,R,R,D,D,R,R,R
5918,R,D,R,R,R,D,D,R,D,R,R,D,D,R,D,R
5919,R,R,R,R,R,D,R,R,R,R,D,D,D,R,D,D
5920,D,R,R,R,D,D,R,D,D,R,D,D,D,D,D,D
5921,R,D,R,R,R,D,R,R,D,R,D,D,D,R,D,R
5922,R,R,R,R,R,R,R,R,D,R,R,D,D,D,R,R
5923,R,R,D,R,R,D,R,R,D,R,R,D,D,D,D,R
5924,D,D,D,R,D,D,R,D,D,R,D,D,D,D,D,R
5925,R,R,R,R,R,R,D,D,R,R,R,D,D,D,D,R
5926,D,R,R,R,R,D,R,D,D,R,R,D,D,R,R,R
5927,R,R,R,R,R,R,R,R,R,R,R,D,R,R,R,R
5928,R,R,R,R,R,D,R,D,D,R,R,D,R,D,D,R
5929,R,D,R,R,D,D,R,D,D,D,D,D,D,D,D,D
5930,D,R,R,R,R,R,R,R,D,R,D,D,D,D,R,D
5931,R,R,R,R,R,D,R,D,D,R,R,D,D,D,D,R
5932,R,D,R,R,R,R,R,R,R,R,R,D,D,R,D,R
5933,D,R,R,R,R,D,R,R,D,R,D,D,D,R,D,R
5934,D,R,R,R,R,D,R,R,R,R,D,D,D,D,R,D
5935,D,R,R,R,R,R,R,R,D,R,R,D,D,D,R,R
5936,R,R,R,R,R,D,R,R,R,R,R,D,D,R,R,R
5937,R,R,R,R,R,R,R,R,R,R,R,D,D,R,D,R
5938,R,R,R,R,R,R,R,R,D,R,R,D,D,R,R,R
5939,D,D,D,R,D,D,D,D,D,D,D,D,D,D,D,D
5940,R,D,D,R,R,R,R,D,D,R,R,D,D,D,R,R
5941,R,R,R,R,R,R,R,R,D,R,R,D,D,R,R,D
5942,D,R,R,R,R,R,R,R,R,R,D,D,D,D,R,R
5943,D,R,R,R,R,D,R,R,R,R,R,D,D,D,D,D
5944,R,D,R,R,R,D,R,D,D,R,D,D,D,R,D,R
5945,D,R,R,R,D,R,D,D,D,D,D,D,D,D,D,D
5946,R,R,R,R,R,R,R,R,D,R,R,D,D,D,D,R
5947,R,R,R,R,R,R,R,R,R,R,R,D,D,R,R,R
5948,R,R,R,R,R,R,R,R,R,R,D,D,D,R,R,R
5949,R,R,R,R,R,R,R,R,R,R,D,D,D,R,R,R
5950,D,D,D,R,R,D,D,D,D,D,D,D,D,D,D,D
5951,R,R,R,R,R,R,R,R,D,R,R,D,D,D,R,R
5952,R,R,R,R,R,D,R,R,R,R,R,D,D,D,R,R
5953,D,R,R,R,R,R,R,D,D,R,R,D,D,D,D,D
5954,D,D,D,R,R,D,D,D,D,D,D,D,D,R,D,D
5955,D,R,R,R,R,R,R,R,D,R,D,D,D,R,D,D
5956,R,R,R,R,R,D,R,D,D,R,R,D,D,D,R,R
5957,D,R,R,R,R,R,R,R,D,R,R,D,D,R,D,R
5958,R,R,R,R,R,R,R,D,D,R,R,D,D,R,D,R
5959,D,R,R,R,R,D,R,R,R,R,R,D,D,D,D,R
5960,R,R,R,R,R,R,R,R,R,R,R,D,D,R,D,R
5961,D,D,R,R,R,D,R,D,D,R,R,R,D,R,R,R
5962,R,R,R,R,R,D,R,D,D,R,D,D,R,R,D,D
5963,R,D,R,R,R,R,R,R,D,R,R,D,D,D,R,R
5964,R,R,R,R,R,D,R,R,R,R,R,D,D,D,R,D
5965,R,R,R,R,R,R,R,D,D,R,R,D,D,R,R,R
5966,R,R,R,R,R,R,R,R,R,R,R,D,D,D,R,D
5967,R,D,R,R,R,R,R,D,D,R,R,D,D,R,R,R
5968,R,R,R,R,R,R,R,R,R,R,R,D,D,R,R,R
5969,D,D,R,R,D,D,D,D,D,R,D,D,D,R,D,D
5970,D,R,R,R,R,D,R,D,D,R,D,D,D,D,D,D
5971,D,R,R,R,R,R,R,D,D,R,R,D,D,D,R,D
5972,R,R,R,R,R,R,R,R,D,R,R,D,D,D,R,R
5973,R,R,R,R,R,R,R,D,R,R,R,D,D,R,R,R
5974,R,D,R,R,R,D,D,R,R,R,R,D,D,R,D,R
5975,D,D,D,R,D,D,R,D,D,R,R,D,D,D,D,D
5976,D,R,R,R,R,R,R,R,D,R,R,D,D,R,D,R
5977,R,D,R,R,R,R,R,R,R,R,R,D,R,R,D,R
5978,D,R,R,R,R,R,R,D,R,R,D,D,D,R,R,D
5979,R,D,R,R,R,R,R,R,D,R,D,D,D,D,R,D
5980,D,R,R,R,R,R,R,R,R,R,D,D,D,D,R,R
5981,D,R,R,R,R,R,R,R,D,R,D,D,D,R,D,R
5982,R,R,R,R,R,R,D,R,D,R,D,D,D,D,D,R
5983,R,D,R,R,R,R,R,R,R,R,R,D,D,R,R,R
5984,D,R,D,R,R,D,D,D,D,R,D,D,D,D,D,D
5985,R,D,R,R,R,R,R,R,D,R,R,D,D,R,R,R
5986,R,D,R,R,R,R,R,R,R,R,D,D,D,D,D,D
5987,R,D,R,R,R,D,R,D,D,R,R,D,D,R,R,R
5988,R,D,R,R,R,R,R,R,R,R,R,D,D,R,R,R
5989,D,D,D,R,D,D,D,D,D,R,D,D,D,D,D,D
5990,R,R,R,R,R,R,D,R,D,R,D,D,D,R,R,D
5991,D,D,D,R,D,D,D,D,D,R,D,D,D,D,D,D
5992,R,R,R,R,R,R,R,R,D,R,R,D,D,R,R,R
5993,R,D,R,R,R,R,R,R,D,R,R,D,D,D,R,R
5994,R,D,R,R,R,R,R,D,R,R,R,D,D,D,D,R
5995,R,R,R,R,R,R,R,R,D,R,R,D,D,D,R,D
5996,R,R,R,R,R,R,R,R,R,R,R,D,D,R,R,R
5997,R,R,R,R,R,D,R,D,D,R,D,D,D,R,D,D
5998,D,R,R,R,R,D,D,D,D,R,D,D,D,D,D,D
5999,R,R,R,R,R,R,R,D,D,R,R,D,D,D,R,R
6000,D,D,R,R,R,R,R,R,D,R,R,D,D,R,D,R
6001,D,D,R,R,R,D,D,D,D,D,D,D,D,R,D,D
6002,D,R,R,R,R,R,R,D,D,R,D,D,D,R,D,D
6003,D,D,D,R,D,D,D,D,D,R,D,D,D,D,D,D
6004,D,R,R,R,R,R,R,D,R,R,R,D,D,R,D,R
6005,R,R,R,R,R,R,R,R,D,R,R,D,D,D,D,R
6006,R,R,R,R,R,R,R,R,D,R,R,D,D,D,R,R
6007,D,D,D,R,R,D,D,D,D,R,D,D,D,D,D,R
6008,D,D,R,R,R,R,R,D,D,R,D,D,D,D,R,R
6009,D,R,D,R,R,R,R,D,R,R,R,D,D,R,R,R
6010,D,D,R,R,R,D,D,D,D,D,D,D,D,D,D,R
6011,D,D,D,R,R,D,R,D,D,D,D,D,D,D,D,D
6012,R,R,R,R,R,R,R,R,R,R,R,D,D,R,D,R
6013,D,D,R,R,R,D,R,D,D,R,D,D,D,D,D,D
6014,R,R,R,R,R,D,R,R,R,R,R,D,D,D,R,R
6015,R,R,R,R,R,D,D,D,D,R,R,D,D,R,D,R
6016,R,R,R,R,R,R,R,R,R,R,R,D,D,R,R,R
6017,R,R,R,R,R,R,R,R,R,R,R,D,D,R,D,R
6018,D,D,R,R,R,R,R,D,D,R,D,D,D,D,R,D
6019,R,R,R,R,R,R,R,D,D,R,R,D,D,R,D,D
6020,R,D,R,R,R,R,R,D,D,R,D,D,D,R,R,D
6021,R,R,R,R,R,R,R,R,R,R,R,D,D,R,R,R
6022,R,R,R,R,R,R,R,R,R,R,R,D,D,R,R,R
6023,R,R,R,R,R,D,R,R,D,R,D,D,D,D,R,R
6024,R,R,R,R,R,D,D,D,D,R,R,D,D,D,R,D
6025,R,R,R,R,R,R,R,R,R,R,R,D,D,R,R,R
6026,R,R,R,R,R,R,R,R,D,R,R,D,R,D,R,R
6027,R,R,R,R,R,R,R,R,R,R,R,D,R,D,R,R
6028,R,R,R,R,R,R,R,R,R,R,R,D,D,R,R,D
6029,D,R,R,R,R,R,R,R,D,R,R,D,D,D,R,R
6030,R,R,R,R,R,R,R,D,D,R,R,D,D,D,D,D
6031,D,R,R,R,R,R,D,R,D,R,D,D,D,D,D,R
6032,D,R,R,R,R,D,R,R,R,R,R,D,D,R,R,R
6033,R,R,R,R,R,R,R,R,R,R,D,D,D,D,R,R
6034,D,R,R,R,R,R,R,R,D,D,D,D,D,R,D,R
6035,D,R,R,R,R,R,R,R,D,R,R,D,D,R,D,R
6036,R,R,R,R,R,D,D,D,R,D,R,D,D,R,D,R
6037,R,R,R,R,R,R,R,R,R,R,R,D,D,D,R,R
6038,R,D,R,R,R,D,R,D,D,R,D,D,D,D,D,R
6039,R,D,R,R,R,R,R,R,R,R,D,D,D,D,R,R
6040,R,R,R,R,R,R,R,R,D,R,R,D,D,D,D,D
6041,R,R,R,R,R,R,R,R,R,R,R,D,D,R,D,R
6042,R,D,D,R,D,D,D,D,D,D,D,D,D,D,D,D
6043,D,R,R,R,R,D,R,R,R,R,R,D,D,D,R,R
6044,D,R,R,R,R,D,R,D,D,R,R,D,D,D,R,R
6045,D,D,R,R,R,D,R,D,D,R,D,D,D,D,D,D
6046,D,R,R,R,R,R,R,D,R,R,R,D,D,R,R,R
6047,R,R,R,R,R,R,R,R,R,R,R,D,D,D,R,R
6048,R,R,R,R,R,R,R,R,R,R,R,D,D,D,R,D
6049,R,D,R,R,R,D,R,R,D,R,D,D,D,D,R,R
6050,R,D,R,R,D,D,D,D,D,R,R,D,D,D,D,R
6051,R,R,R,R,R,R,R,R,D,R,R,D,D,D,R,R
6052,D,D,D,R,R,D,R,D,D,D,R,D,D,D,D,D
6053,D,D,R,R,R,R,R,D,D,R,R,D,D,R,R,R
6054,D,D,D,R,D,D,R,D,D,R,D,D,D,D,D,D
6055,R,R,R,R,R,R,R,D,R,D,R,D,D,D,R,R
6056,R,R,R,R,R,R,R,R,D,R,R,D,D,R,R,R
6057,R,R,R,R,R,D,R,R,D,R,R,D,D,R,D,R
6058,R,R,R,R,R,R,R,R,R,R,R,D,D,R,R,R
6059,D,D,R,R,R,R,R,R,D,R,R,R,D,D,D,R
6060,R,D,R,R,R,R,R,D,D,R,R,D,D,R,R,R
6061,R,R,R,R,R,D,D,D,D,R,R,D,D,R,D,R
6062,R,D,R,R,R,D,R,D,D,R,R,D,D,R,R,R
6063,R,R,R,R,R,R,R,R,R,R,R,D,D,D,R,R
6064,D,D,D,R,R,D,D,R,D,R,D,D,D,D,D,D
6065,D,D,D,R,R,D,D,D,D,R,D,D,D,D,D,D
6066,R,D,R,R,R,R,R,D,D,R,D,D,D,R,D,R
6067,D,D,R,R,R,D,R,R,R,R,R,D,D,D,R,R
6068,D,R,R,R,R,R,R,R,R,R,R,D,D,D,R,R
6069,D,D,R,R,R,D,D,D,D,R,D,D,D,D,D,D
6070,R,R,R,R,R,R,R,R,D,R,R,D,D,R,D,D
6071,D,D,R,R,R,D,D,R,R,D,D,D,D,D,R,D
6072,R,R,R,R,R,D,R,D,D,D,R,D,D,R,R,D
6073,R,R,R,R,R,R,R,D,D,R,R,D,D,R,D,R
6074,R,R,R,R,R,R,R,R,D,R,R,D,D,R,D,R
6075,R,D,R,R,R,D,R,R,D,R,R,D,D,D,D,R
6076,D,R,R,R,R,R,R,R,D,R,D,D,D,D,D,R
6077,D,R,R,R,R,D,D,D,D,D,D,D,D,D,D,D
6078,D,D,R,R,R,D,R,R,D,R,D,D,D,D,R,R
6079,R,R,R,R,R,D,R,D,D,R,D,D,D,D,R,D
6080,R,R,R,R,R,R,R,R,R,R,R,D,D,D,R,R
6081,R,R,R,R,R,R,R,R,R,R,R,D,D,R,R,R
6082,D,R,R,R,R,R,R,R,D,R,D,D,D,D,R,D
6083,R,R,R,R,R,D,R,R,R,R,R,D,D,R,R,R
6084,R,R,R,R,R,R,R,D,R,R,R,D,D,R,R,R
6085,R,R,R,R,R,R,R,R,D,R,D,D,D,R,R,R
6086,D,D,R,R,R,D,R,D,D,R,R,D,D,D,D,D
6087,D,R,R,R,R,D,R,R,D,R,R,D,D,D,R,R
6088,R,R,R,R,R,D,R,D,R,R,R,D,D,R,R,R
6089,R,R,R,R,R,R,R,R,D,R,R,D,D,D,R,R
6090,R,R,R,R,R,R,R,R,R,R,R,D,D,D,R,R
6091,R,R,R,R,R,R,R,D,D,R,R,D,D,R,D,D
6092,R,D,R,R,R,D,R,R,D,R,D,D,D,R,R,R
6093,D,D,D,R,R,D,D,D,D,R,D,D,D,D,D,D
6094,D,R,R,R,R,D,D,D,D,R,D,D,D,D,D,D
6095,R,D,R,R,R,D,R,R,D,R,R,D,D,D,R,R
6096,D,R,D,R,R,D,R,D,D,R,D,D,D,D,D,D
6097,R,R,R,R,R,R,R,R,R,R,R,D,D,R,D,R
6098,R,R,R,R,R,R,R,R,R,R,R,D,D,R,D,R
6099,R,R,R,R,R,R,R,R,D,R,R,D,D,R,R,R
6100,R,R,R,R,R,D,D,R,D,R,R,D,D,R,D,D
6101,R,R,R,R,R,R,R,R,D,R,D,D,D,R,R,R
6102,D,R,D,R,R,D,D,D,D,R,D,D,D,D,R,D
6103,D,D,R,R,R,D,D,D,D,R,D,D,D,D,D,D
6104,R,R,R,R,R,R,R,D,D,R,D,D,D,D,D,R
6105,R,D,R,R,R,R,R,D,D,R,D,D,D,R,D,D
6106,R,R,R,R,R,D,R,R,D,R,D,D,D,R,D,D
6107,D,R,R,R,R,R,R,R,R,R,R,D,D,D,R,R
6108,R,R,R,R,R,R,D,R,R,R,R,D,D,D,R,R
6109,R,R,R,R,R,R,R,R,D,R,D,D,D,D,R,R
6110,D,R,D,R,R,D,R,D,D,D,D,D,D,D,D,D
6111,R,R,R,R,R,R,R,R,D,R,R,D,D,R,R,D
6112,D,R,R,R,R,R,R,R,D,R,R,D,R,D,D,R
6113,D,D,R,R,R,R,R,R,D,R,D,D,D,R,R,R
6114,D,R,R,R,R,R,R,R,D,R,R,D,D,R,D,D
6115,R,D,R,R,R,R,R,D,D,R,D,D,D,R,R,R
6116,D,R,R,R,R,D,R,D,D,R,R,D,D,D,R,D
6117,R,D,R,R,D,D,D,D,D,D,D,D,D,D,D,D
6118,R,R,R,R,R,R,R,R,D,R,R,D,D,D,R,R
6119,R,D,R,R,R,R,R,D,D,R,R,D,D,D,D,D
6120,R,D,R,R,R,R,R,R,D,R,D,D,D,D,D,R
6121,R,R,R,R,R,R,R,D,D,R,R,D,D,R,D,R
6122,D,R,D,R,R,D,R,D,D,D,D,D,D,R,D,D
6123,D,R,R,R,R,D,R,D,D,R,D,D,D,R,D,D
6124,D,D,D,R,R,D,R,D,D,R,D,D,D,D,D,R
6125,R,R,R,R,R,R,R,R,R,R,R,D,D,R,R,R
6126,D,D,R,R,D,D,D,D,D,R,D,D,D,D,D,D
6127,R,D,R,R,R,D,R,D,D,R,D,D,D,D,D,R
6128,D,D,D,R,R,R,R,R,D,R,D,D,D,D,R,R
6129,D,D,R,R,R,R,R,R,D,R,R,D,D,R,R,R
6130,D,R,R,R,R,R,D,D,D,R,R,D,D,R,D,D
6131,D,D,R,R,D,D,R,D,D,D,D,D,D,D,D,D
6132,R,D,R,R,R,R,R,R,D,R,D,D,D,D,R,R
6133,D,R,R,R,R,D,R,R,D,R,R,D,D,R,R,R
6134,R,D,R,R,R,R,R,R,D,R,R,D,D,D,R,R
6135,D,R,R,R,R,R,R,R,D,R,D,D,D,R,R,D
6136,D,R,R,R,R,D,R,D,D,R,D,D,D,R,D,R
6137,R,R,R,R,R,R,R,R,R,R,R,D,D,R,R,R
6138,D,R,R,R,R,D,R,R,D,R,D,D,D,D,D,D
6139,R,R,R,R,R,R,R,R,D,R,R,D,D,R,D,R
6140,R,R,D,R,R,R,R,R,R,R,R,D,D,R,D,R
6141,R,R,R,R,R,R,R,R,D,R,R,D,D,R,D,R
6142,D,R,R,R,R,D,D,D,D,R,R,D,D,D,R,R
6143,R,R,R,R,R,R,R,D,R,R,R,D,D,R,R,R
6144,R,R,R,R,R,R,R,R,D,R,R,D,D,D,R,D
6145,R,R,R,R,R,R,R,R,D,R,D,D,D,D,R,R
6146,D,R,R,R,R,R,D,R,R,R,R,D,D,R,R,R
6147,R,R,R,R,R,R,R,D,D,R,D,D,D,D,R,R
6148,R,R,R,R,R,R,R,D,D,R,D,D,D,D,R,R
6149,D,R,R,R,R,D,D,D,D,D,D,D,D,D,D,D
6150,R,R,R,R,R,R,R,R,R,R,R,D,D,R,R,R
6151,D,D,R,R,R,D,D,D,D,R,D,D,D,D,D,D
6152,R,D,R,R,R,R,R,R,R,R,R,D,D,R,R,D
6153,D,D,R,R,R,R,R,D,D,R,R,D,D,R,D,R
6154,R,D,R,R,R,D,R,R,R,R,R,D,D,D,R,D
6155,D,D,R,R,R,D,R,R,D,R,R,D,D,R,D,R
6156,R,D,R,R,R,R,R,R,D,R,R,D,D,R,R,R
6157,R,R,R,R,R,R,R,D,D,R,R,D,D,D,D,R
6158,R,D,R,R,R,R,R,D,D,R,D,D,D,R,D,R
6159,R,R,R,R,R,R,R,R,R,R,R,D,D,R,R,R
6160,R,R,D,R,R,R,R,D,D,R,R,D,D,R,R,R
6161,D,D,R,R,R,R,R,R,D,R,R,D,D,D,D,R
6162,R,R,R,R,R,R,R,R,D,R,D,D,D,R,R,R
6163,R,R,R,R,R,R,R,R,D,R,R,D,D,R,R,R
6164,D,R,R,R,R,R,R,R,R,R,R,D,D,R,R,R
6165,D,R,R,R,R,D,R,R,R,R,R,D,D,D,R,R
6166,R,R,R,R,R,R,R,R,R,R,R,D,D,R,R,R
6167,D,D,D,R,R,D,R,D,D,D,D,D,D,D,D,R
6168,D,D,D,R,D,D,R,D,D,R,D,D,D,D,D,R
6169,R,D,R,R,R,R,R,R,D,R,R,D,D,R,R,R
6170,D,R,D,R,R,D,R,D,D,R,D,D,D,D,D,D
6171,R,R,R,R,R,R,R,R,D,R,R,D,D,R,R,D
6172,R,R,R,R,R,D,R,R,D,R,R,D,D,R,R,R
6173,R,R,R,R,R,R,R,R,R,R,R,D,D,D,R,R
6174,R,D,R,R,R,D,R,D,D,R,R,D,D,R,D,R
6175,R,R,R,R,R,R,R,R,R,R,R,D,D,R,D,R
6176,D,R,R,R,R,R,R,R,D,R,D,D,D,D,D,R
6177,R,R,R,R,R,R,R,R,R,R,R,R,D,R,R,R
6178,R,R,R,R,R,D,R,R,R,R,R,D,D,D,D,D
6179,R,R,R,R,R,R,R,R,D,R,D,D,D,D,R,R
6180,R,R,R,R,R,D,R,R,R,R,R,D,D,D,D,D
6181,R,R,R,R,R,R,R,D,D,R,D,D,D,R,D,R
6182,R,R,R,R,R,R,R,D,D,R,D,D,D,D,D,R
6183,R,R,R,R,R,R,R,R,R,R,R,D,D,R,R,R
6184,R,R,R,R,R,R,R,D,D,R,R,D,D,R,R,R
6185,D,R,R,R,R,D,R,D,D,R,R,D,D,R,D,R
6186,R,R,R,R,R,R,D,R,D,R,R,D,D,D,D,R
6187,R,R,R,R,R,R,R,R,R,R,R,D,D,R,R,D
6188,R,R,R,R,R,R,R,D,R,R,R,D,D,D,R,D
6189,R,R,R,R,R,R,R,R,D,R,D,D,D,R,R,R
6190,R,D,R,R,R,D,R,D,D,R,R,D,D,R,R,R
6191,R,R,R,R,R,R,R,D,D,R,D,D,D,D,R,R
6192,D,R,D,R,R,D,D,D,D,D,D,D,D,D,D,D
6193,R,R,R,R,R,R,R,R,R,R,R,D,D,R,R,R
6194,R,R,R,R,R,R,R,R,R,R,R,D,D,D,R,R
6195,R,R,R,R,R,R,R,R,D,R,R,D,D,R,R,R
6196,R,R,R,R,R,R,R,R,R,R,D,D,D,D,R,R
6197,D,R,R,R,D,D,R,D,D,D,D,D,D,D,D,D
6198,R,R,R,R,R,R,R,R,R,R,R,D,D,R,R,R
6199,D,R,R,R,R,D,R,R,D,R,R,D,D,R,R,D
6200,R,D,R,R,R,R,R,R,R,R,D,D,D,D,D,R
6201,R,R,R,R,R,R,R,R,D,R,D,D,D,R,R,R
6202,R,R,R,R,R,D,R,D,R,R,R,D,D,D,R,R
6203,R,R,R,R,R,R,R,R,D,R,D,D,D,R,D,R
6204,R,R,R,R,R,D,R,R,D,R,R,D,D,R,D,D
6205,D,R,R,R,R,R,R,D,R,R,R,D,D,R,D,R
6206,D,R,R,R,R,D,R,D,D,R,R,D,D,D,R,R
6207,R,R,R,R,R,D,R,D,D,R,R,D,D,R,D,R
6208,R,R,R,R,R,D,R,R,D,R,R,D,D,R,R,R
6209,R,R,R,R,R,R,R,D,R,R,R,D,D,R,D,R
6210,R,D,R,R,R,R,R,D,D,R,R,D,D,R,R,R
6211,R,D,R,R,R,R,R,R,R,R,R,D,D,D,R,R
6212,R,D,R,R,R,R,R,D,R,R,R,D,D,D,R,R
6213,D,R,R,R,R,D,R,D,D,R,R,D,D,R,R,R
6214,R,R,R,R,R,R,R,D,R,R,R,D,D,D,D,R
6215,R,R,R,R,R,D,R,D,D,R,R,D,D,R,D,R
6216,R,R,R,R,R,R,R,R,R,R,R,D,D,D,D,R
6217,R,D,R,R,R,R,R,D,R,R,R,D,D,D,R,R
6218,R,D,R,R,R,R,R,R,R,R,R,D,D,R,R,R
6219,D,D,R,R,R,D,R,D,R,R,D,D,D,D,R,D
6220,D,R,R,R,R,R,R,D,D,R,D,D,D,R,D,R
6221,D,R,R,R,R,R,D,R,D,R,R,D,D,R,R,D
6222,D,D,D,R,R,D,D,D,D,D,D,D,D,D,D,D
6223,R,R,R,R,R,R,R,R,R,R,R,D,D,R,R,R
6224,R,R,R,R,R,R,R,D,D,R,R,D,D,D,D,R
6225,D,R,R,R,R,R,R,D,D,R,D,D,D,D,R,R
6226,R,D,R,R,R,R,R,D,R,R,D,D,D,R,D,R
6227,R,R,D,R,R,D,R,R,R,R,D,D,D,D,R,D
6228,D,R,R,R,R,R,R,R,D,R,R,D,D,D,D,R
6229,D,D,R,R,D,D,D,D,D,D,D,D,D,R,D,D
6230,R,R,R,R,R,D,R,D,D,R,D,D,D,R,R,R
6231,R,R,R,R,R,R,R,R,R,R,R,D,R,R,R,R
6232,D,D,R,R,R,D,D,D,D,R,D,D,D,D,D,D
6233,R,R,R,R,R,R,R,R,D,R,R,D,D,R,R,R
6234,R,D,R,R,R,D,R,R,D,R,D,D,D,D,R,R
6235,D,R,R,R,R,D,R,R,D,R,R,D,D,R,R,R
6236,R,R,R,R,R,D,R,D,D,R,R,D,D,D,R,D
6237,D,R,D,R,R,D,R,D,D,R,D,D,D,D,D,D
6238,D,R,R,R,R,R,R,R,R,R,R,D,D,D,D,D
6239,R,R,R,R,R,R,R,D,R,R,R,D,D,D,R,R
6240,R,R,R,R,R,R,R,D,R,R,R,D,D,R,R,R
6241,R,R,R,R,R,R,R,R,D,R,D,D,D,R,R,R
6242,D,D,R,R,R,R,R,D,D,R,D,D,D,D,D,D
6243,R,R,R,R,R,R,R,R,D,R,D,D,D,D,D,R
6244,R,D,R,R,R,R,D,D,D,R,R,D,D,R,R,R
6245,D,R,R,R,R,R,R,R,R,R,D,D,D,D,D,R
6246,R,D,R,R,D,D,R,D,D,D,D,D,D,D,D,D
6247,D,D,D,R,D,D,R,D,D,R,D,D,D,D,D,D
6248,D,R,R,R,R,D,R,R,R,R,R,D,D,D,D,R
6249,D,D,R,R,R,R,R,R,D,R,R,D,D,R,R,R
6250,R,R,R,R,R,R,R,R,D,R,R,D,D,R,D,R
6251,R,R,R,R,R,R,R,R,D,R,D,D,D,R,R,R
6252,R,R,R,R,R,R,R,R,R,R,R,D,D,R,R,D
6253,R,R,R,R,R,R,R,R,D,R,R,D,D,R,R,R
6254,R,R,R,R,R,R,R,R,R,R,R,D,D,R,R,R
6255,D,D,R,R,R,R,R,R,D,R,D,D,D,D,R,R
6256,R,R,R,R,R,D,R,R,D,R,R,D,D,R,R,R
6257,R,R,R,R,R,R,R,R,D,R,R,D,D,R,R,R
6258,R,R,R,R,R,R,R,R,D,R,R,D,D,D,R,R
6259,R,R,R,R,R,R,R,D,R,R,D,D,D,D,D,R
6260,D,R,R,R,R,R,R,R,R,R,R,D,D,R,R,R
6261,R,R,R,R,R,D,R,R,D,R,R,D,D,R,R,D
6262,D,R,R,R,R,D,R,D,R,R,R,D,D,D,D,R
6263,D,D,R,R,R,R,R,R,R,R,R,D,D,D,D,R
6264,R,R,R,R,R,R,R,D,D,R,R,D,D,D,D,R
6265,R,R,R,R,R,D,R,R,D,R,D,D,D,R,R,R
6266,R,R,R,R,R,R,R,R,R,R,R,D,D,D,R,R
6267,R,R,R,R,R,R,R,D,R,R,R,D,D,D,R,R
6268,R,R,R,R,R,R,R,R,D,R,R,D,D,R,D,R
6269,R,D,R,R,R,R,R,R,D,R,D,D,D,R,R,D
6270,D,D,R,R,R,D,D,D,D,R,D,D,D,D,D,D
6271,D,D,R,R,R,R,R,R,R,R,R,D,D,D,D,D
6272,R,R,R,R,R,R,R,D,D,R,D,D,D,R,D,R
6273,R,R,R,R,R,R,R,R,R,R,R,D,D,R,R,R
6274,D,D,D,R,R,D,D,D,D,D,D,D,D,D,D,D
6275,D,R,R,R,R,R,R,R,D,R,R,D,D,D,R,R
6276,R,R,R,R,R,R,R,R,D,R,R,D,R,R,R,R
6277,R,R,R,R,R,R,R,R,R,R,R,D,D,R,R,R
6278,R,D,R,R,R,D,D,D,D,R,D,D,D,D,D,D
6279,D,R,R,R,R,R,R,R,R,R,R,D,D,R,D,R
6280,R,R,R,R,R,R,R,D,R,R,R,D,D,R,R,D
6281,R,R,R,R,R,R,D,R,R,D,R,D,D,R,R,R
6282,D,D,D,R,D,R,D,D,D,R,D,D,D,D,D,D
6283,R,R,R,R,R,R,D,R,R,R,R,D,D,R,R,R
6284,D,D,D,R,D,D,D,D,D,R,D,D,D,D,D,D
6285,D,R,R,R,R,D,R,R,R,R,R,D,D,R,R,R
6286,R,R,R,R,R,D,R,R,D,R,R,D,D,D,R,R
6287,D,D,R,R,R,R,R,D,D,R,D,D,D,D,D,D
6288,R,R,R,R,R,D,R,R,D,R,D,D,R,R,D,R
6289,R,D,R,R,R,R,R,D,D,R,R,D,D,R,D,R
6290,R,R,R,R,R,R,R,D,D,R,D,D,D,R,D,R
6291,D,D,R,R,R,R,R,R,D,R,R,D,D,R,R,R
6292,D,D,R,R,R,D,R,D,R,R,D,D,D,R,R,R
6293,R,R,R,R,R,D,D,R,D,R,D,D,D,D,D,R
6294,R,R,R,R,R,R,R,R,R,R,R,D,D,R,D,R
6295,R,R,R,R,R,R,R,D,R,R,R,D,D,R,D,R
6296,D,R,R,R,R,R,R,R,R,R,D,D,D,R,R,D
6297,D,D,D,D,R,D,D,D,D,R,D,D,D,D,D,D
6298,R,R,R,R,R,R,R,R,D,R,R,D,D,R,D,R
6299,R,R,R,R,R,R,R,R,R,D,R,D,D,D,R,R
6300,R,R,R,R,R,R,R,R,R,R,R,D,D,R,R,R
6301,D,R,R,R,R,D,R,D,D,R,R,D,D,R,R,D
6302,D,D,R,R,D,D,D,D,D,R,D,D,D,D,D,D
6303,R,D,R,R,R,R,R,D,D,R,R,D,D,D,R,R
6304,R,R,R,R,R,R,R,D,D,R,R,D,D,R,D,R
6305,R,R,R,R,R,R,R,R,D,R,R,D,D,R,R,D
6306,D,D,R,R,R,R,R,D,R,R,R,D,D,D,R,R
6307,R,R,R,R,R,R,R,R,D,R,R,D,D,D,R,R
6308,D,R,R,R,R,R,R,D,R,R,R,D,D,R,R,R
6309,R,D,D,R,R,D,R,D,D,D,D,D,D,D,D,D
6310,D,R,R,R,R,D,R,D,D,D,D,D,D,D,D,D
6311,R,D,R,R,R,D,R,D,R,D,R,D,D,R,R,R
6312,R,R,R,R,R,R,D,R,D,D,R,D,D,D,R,R
6313,D,R,R,R,R,R,R,R,D,R,R,D,D,D,D,R
6314,R,R,D,R,R,R,R,R,R,R,D,D,D,D,R,R
6315,R,R,R,R,R,R,R,R,D,R,R,D,D,D,R,R
6316,D,R,R,R,R,R,R,R,D,R,R,D,D,R,R,R
6317,R,R,R,R,R,D,D,D,D,R,R,D,D,R,D,D
6318,R,D,R,R,R,R,R,D,D,R,R,D,D,D,D,R
6319,R,R,R,R,R,D,R,R,R,R,R,D,D,D,D,R
6320,D,R,R,R,R,R,R,R,R,R,R,D,D,D,R,R
6321,R,R,R,R,R,R,R,D,D,R,D,D,D,D,D,R
6322,R,D,R,R,R,R,R,D,R,R,R,D,D,R,R,R
6323,R,R,R,R,R,R,R,R,R,R,R,D,D,D,D,D
6324,D,R,R,R,R,R,D,D,D,R,D,D,D,D,D,D
6325,R,D,R,R,R,R,R,D,D,R,R,D,D,D,R,R
6326,R,R,R,R,R,R,R,R,R,R,R,D,D,R,D,R
6327,R,R,R,R,R,R,R,R,R,R,D,D,D,R,R,D
6328,R,R,R,R,R,R,R,R,R,R,D,D,D,R,R,R
6329,R,D,R,R,R,R,R,R,D,R,R,D,D,D,R,R
6330,R,R,R,R,R,D,R,R,D,R,R,D,D,R,R,D
6331,D,D,D,R,D,D,D,D,D,R,D,D,D,D,D,R
6332,R,R,R,R,R,D,R,R,R,R,R,D,R,R,D,R
6333,R,R,R,R,R,D,R,R,R,R,R,D,D,D,R,R
6334,R,D,R,R,R,D,R,R,D,R,R,D,D,R,D,D
6335,R,R,R,R,R,R,R,R,R,R,R,D,D,R,R,R
6336,R,R,R,R,R,R,R,D,R,R,R,D,D,R,R,R
6337,D,R,R,R,R,D,D,D,D,R,R,D,D,D,D,D
6338,R,R,R,R,R,R,R,R,R,R,R,D,D,D,R,D
6339,R,R,R,R,R,D,R,R,R,R,R,D,D,R,R,R
6340,D,D,R,R,R,D,D,D,D,D,D,D,D,D,D,D
6341,R,D,R,R,R,R,R,D,D,R,R,D,D,D,R,R
6342,R,R,R,R,R,R,R,R,D,R,R,D,D,D,R,R
6343,R,D,R,R,R,R,R,D,D,R,D,D,D,R,R,R
6344,R,R,R,R,R,R,R,R,D,R,R,D,D,D,R,R
6345,R,R,R,R,R,R,R,D,R,R,R,D,D,R,R,R
6346,R,R,R,R,R,D,R,D,D,R,D,D,D,D,D,D
6347,D,D,D,R,R,D,R,D,D,D,D,D,D,D,D,D
6348,R,R,R,R,R,R,R,R,R,R,R,D,D,R,R,R
6349,D,R,R,R,R,D,R,D,D,R,D,D,D,R,D,R
6350,D,R,R,R,R,R,D,R,D,R,R,D,D,D,R,D
6351,D,D,D,R,R,D,R,D,D,D,D,D,D,D,D,D
6352,R,D,R,R,R,D,R,D,D,R,R,D,D,D,R,R
6353,R,R,R,R,R,R,R,R,R,R,R,D,D,R,R,D
6354,R,R,R,R,R,R,R,R,R,R,R,D,D,R,R,R
6355,R,D,R,R,R,R,R,R,D,R,R,D,D,D,R,R
6356,R,R,R,R,R,D,R,R,R,R,D,D,D,R,R,D
6357,R,R,R,R,R,D,R,D,R,R,R,D,D,D,D,D
6358,D,D,R,R,R,D,R,D,D,R,D,D,D,R,D,D
6359,R,D,R,R,R,R,D,R,D,R,R,R,D,D,R,R
6360,D,R,R,R,R,R,R,R,D,R,D,D,D,R,R,R
6361,D,R,R,R,R,R,R,D,D,R,R,D,D,R,R,R
6362,D,D,R,R,R,R,R,R,R,R,R,D,D,D,D,R
6363,R,D,R,R,R,R,D,R,D,R,R,D,D,D,R,D
6364,D,D,D,R,R,D,D,D,D,R,D,D,D,D,D,D
6365,D,R,R,R,R,R,R,D,D,R,R,D,D,D,R,D
6366,R,R,R,R,R,R,R,D,D,R,D,D,D,R,D,R
6367,D,D,R,D,D,D,D,D,D,R,D,D,D,D,D,D
6368,D,R,R,R,R,R,R,R,R,R,D,D,D,D,R,R
6369,R,R,R,R,R,R,R,D,R,R,D,D,D,R,D,R
6370,D,D,R,R,R,D,R,D,D,R,D,D,D,R,R,D
6371,R,R,R,R,R,R,R,R,D,R,D,D,D,R,R,D
6372,D,R,R,R,R,R,R,R,R,R,R,D,D,D,D,R
6373,R,R,R,R,R,D,R,R,D,R,R,D,D,D,R,R
6374,D,R,R,R,R,D,R,D,R,R,D,D,D,D,D,R
6375,R,R,R,R,R,R,R,R,R,R,R,D,D,D,R,R
6376,R,R,R,R,R,R,R,R,D,R,R,D,D,R,D,R
6377,R,D,R,R,R,R,R,R,D,R,D,D,D,D,D,R
6378,R,D,R,R,R,D,R,R,D,R,D,D,D,D,D,R
6379,D,R,R,R,R,R,R,R,D,R,R,D,D,R,D,R
6380,R,R,R,R,R,R,R,D,D,R,R,D,D,R,R,R
6381,R,R,R,R,R,R,R,R,D,R,R,D,D,R,R,R
6382,R,R,R,R,R,R,R,R,R,R,R,D,D,R,R,R
6383,D,D,D,R,D,D,D,D,D,R,D,D,D,D,D,D
6384,R,R,D,R,R,R,R,D,D,R,D,D,D,D,D,R
6385,R,R,R,R,R,R,R,D,R,R,R,D,D,R,R,R
6386,D,D,R,R,R,R,R,R,R,R,D,D,D,D,R,R
6387,R,R,R,R,R,R,R,R,R,R,R,D,D,D,R,R
6388,D,D,D,D,D,D,R,D,D,R,R,D,D,D,D,D
6389,D,R,R,R,R,R,R,R,D,R,R,D,D,D,D,R
6390,R,D,R,R,R,R,R,D,R,R,R,D,R,D,R,R
6391,R,R,R,R,R,R,R,D,D,R,R,D,D,R,R,R
6392,R,R,R,R,R,D,R,R,D,R,D,D,D,R,D,R
6393,D,R,D,R,R,D,R,D,D,R,D,D,D,D,D,D
6394,R,R,R,R,R,R,R,R,R,R,R,D,D,R,D,R
6395,R,R,R,R,R,R,R,R,R,R,R,D,D,R,R,R
6396,R,D,R,R,R,R,R,D,R,R,R,D,D,R,D,R
6397,R,R,R,R,R,D,R,D,D,R,R,D,D,D,D,R
6398,R,R,R,R,R,R,R,D,R,R,D,D,D,D,R,R
6399,R,R,R,R,R,R,R,R,D,R,R,D,D,R,R,R
6400,D,D,R,R,R,R,R,R,D,R,R,D,D,D,R,D
6401,R,R,R,R,R,D,R,R,R,R,R,D,D,D,D,R
6402,R,R,R,R,R,R,R,R,R,R,R,D,D,D,R,R
6403,D,R,R,R,R,R,R,R,D,R,R,D,D,R,R,R
6404,D,R,R,R,R,R,R,R,R,R,R,D,D,R,R,R
6405,R,R,R,R,R,R,R,D,R,R,R,D,D,R,D,R
6406,R,R,R,R,R,R,R,R,D,R,D,D,D,D,D,R
6407,R,R,R,R,R,R,R,R,R,R,R,D,D,D,R,R
6408,R,D,R,R,D,D,R,R,D,R,D,D,D,R,R,R
6409,R,R,R,R,R,R,R,D,R,R,R,D,D,R,R,D
6410,R,R,R,R,R,R,R,R,D,R,R,D,D,D,R,R
6411,R,R,R,R,R,R,R,D,R,R,D,D,D,D,R,R
6412,D,D,R,R,R,D,D,D,D,D,D,D,D,D,D,D
6413,D,D,D,R,D,D,R,D,D,D,D,D,D,D,D,D
6414,D,D,R,R,D,D,R,D,D,R,D,D,D,R,D,D
6415,R,R,R,R,R,R,R,R,D,R,R,D,D,R,D,R
6416,R,D,R,R,R,R,R,R,D,R,R,D,D,R,R,R
6417,D,R,R,R,R,R,R,R,D,R,R,D,D,D,R,R
6418,R,R,R,R,R,R,R,R,D,R,R,D,R,R,R,R
6419,R,R,R,R,R,D,R,R,R,R,R,D,D,D,R,R
6420,R,D,R,R,R,R,D,D,R,R,R,D,D,R,D,R
6421,R,R,R,R,R,R,R,R,R,R,R,D,D,R,D,R
6422,R,R,R,R,R,R,R,R,R,R,R,D,D,R,R,R
6423,D,D,D,R,D,D,D,D,D,R,D,D,D,D,D,D
6424,R,R,R,R,R,R,R,R,D,R,R,D,D,R,D,R
6425,R,R,R,R,R,R,R,D,D,R,R,D,D,R,R,R
6426,D,D,D,R,R,D,D,D,D,R,D,D,D,D,D,D
6427,R,R,R,R,R,D,R,R,R,R,R,D,D,R,D,R
6428,R,D,R,R,R,D,D,R,D,R,D,D,D,R,D,R
6429,R,R,R,R,D,R,R,R,R,R,R,D,D,R,D,R
6430,R,R,R,R,R,D,R,D,R,R,R,D,D,R,R,R
6431,D,R,R,R,R,R,R,R,D,R,R,D,D,R,D,R
6432,R,R,R,R,R,R,R,R,R,R,D,D,D,D,D,R
6433,D,R,R,R,R,R,R,R,R,R,R,D,D,D,D,R
6434,R,R,R,R,R,R,R,D,D,R,D,D,D,D,R,R
6435,R,R,R,R,R,R,R,D,D,R,D,D,D,D,R,R
6436,R,R,R,R,R,R,R,R,D,R,R,D,D,R,R,R
6437,D,D,R,R,R,R,R,D,D,R,R,D,D,R,D,D
6438,R,R,R,R,R,D,D,D,R,R,D,D,D,D,D,D
6439,D,D,R,R,R,D,D,D,D,D,D,D,D,D,D,D
6440,D,D,R,R,R,D,R,D,D,D,R,D,D,D,D,D
6441,R,D,R,R,R,R,D,D,R,R,R,D,D,D,R,D
6442,R,R,R,R,R,D,R,D,D,R,D,D,D,D,R,D
6443,R,D,R,R,R,R,D,R,D,R,D,D,D,D,R,R
6444,R,D,R,R,R,R,R,D,D,R,R,D,D,D,R,R
6445,D,R,R,R,R,D,R,R,R,R,R,D,D,R,R,D
6446,D,R,R,R,R,D,R,R,R,R,R,D,D,R,D,R
6447,R,R,R,R,R,R,R,D,D,R,R,R,D,D,R,R
6448,R,R,R,R,R,D,R,D,D,R,D,D,D,R,D,R
6449,R,R,R,R,R,R,R,D,R,R,R,D,D,R,R,R
6450,D,D,D,R,D,D,D,D,D,D,D,D,D,D,D,D
6451,R,D,R,R,R,D,R,D,D,D,D,D,D,D,D,D
6452,D,D,R,R,R,R,R,D,R,R,R,D,D,D,R,D
6453,D,R,R,R,R,R,R,R,D,R,D,D,D,R,R,R
6454,R,R,R,R,R,D,R,R,D,R,R,D,D,R,R,R
6455,R,R,R,R,R,R,R,D,D,R,R,D,D,D,D,D
6456,R,R,R,R,R,R,D,D,D,R,D,D,D,R,D,D
6457,R,D,R,R,R,R,R,R,D,R,R,D,D,D,R,R
6458,R,D,R,R,R,R,D,D,R,R,D,D,D,D,D,D
6459,D,D,R,R,R,R,R,R,R,R,R,D,D,D,R,D
6460,R,D,R,R,R,D,R,R,D,R,D,D,D,R,D,D
6461,R,R,R,R,R,R,R,D,D,R,R,D,D,R,D,R
6462,D,D,D,R,R,D,D,D,D,R,D,D,D,D,D,D
6463,D,D,R,R,R,D,D,D,D,D,D,D,D,D,D,R
6464,D,R,R,R,R,D,R,D,D,R,D,D,D,R,D,R
6465,R,R,R,R,R,R,R,R,R,R,R,D,D,D,R,D
6466,R,R,R,R,R,D,R,D,R,R,R,D,D,D,R,R
6467,R,D,R,R,R,D,R,R,D,R,D,D,D,D,R,D
6468,D,R,R,R,R,R,R,R,D,R,D,D,D,R,D,R
6469,D,R,R,R,R,D,D,R,R,R,D,D,D,R,D,R
6470,D,D,D,R,R,D,D,D,D,D,D,D,D,R,D,D
6471,R,R,R,R,R,R,R,D,D,R,R,D,D,D,R,R
6472,R,R,R,R,R,D,R,D,R,R,D,D,D,D,R,R
6473,R,R,R,R,R,R,R,R,R,R,D,D,D,D,R,R
6474,D,R,R,R,R,R,R,D,D,R,R,D,D,R,R,R
6475,D,R,R,R,R,R,R,R,D,R,R,D,D,R,R,R
6476,D,D,R,R,R,D,R,R,R,R,R,D,D,D,D,D
6477,D,D,R,R,R,D,R,R,D,R,R,D,D,R,R,D
6478,D,D,R,R,R,D,R,D,D,R,D,D,D,D,D,D
6479,D,R,R,R,R,R,R,R,D,D,R,D,D,R,D,R
6480,R,D,R,R,R,R,R,D,D,R,R,D,D,D,R,D
6481,D,D,D,R,R,D,R,D,D,D,R,D,D,D,D,D
6482,R,R,R,R,R,R,R,D,R,R,D,R,D,R,R,R
6483,D,R,R,R,R,R,R,R,R,R,R,D,D,D,R,R
6484,D,R,R,R,R,D,R,R,R,D,R,D,D,R,D,R
6485,R,R,R,R,R,D,D,R,R,R,D,D,D,R,R,D
6486,R,D,R,R,D,D,R,D,D,R,D,D,D,D,D,D
6487,R,R,R,R,R,R,R,D,R,R,R,D,D,R,R,D
6488,D,R,D,R,R,D,R,D,D,D,D,D,D,D,R,D
6489,D,D,R,R,R,D,R,D,D,R,D,D,D,R,D,D
6490,R,R,R,R,R,R,R,R,R,R,R,D,D,D,D,D
6491,R,R,R,R,R,R,R,D,R,R,D,D,D,R,D,R
6492,R,R,R,R,R,R,R,R,R,R,R,D,D,R,R,R
6493,D,D,D,R,R,D,R,D,D,D,D,D,D,D,D,D
6494,D,R,R,R,R,D,D,D,D,R,D,D,D,D,D,D
6495,R,D,D,R,R,D,R,D,D,D,D,D,D,D,D,R
6496,D,R,R,R,R,D,R,D,D,D,D,D,D,R,D,D
6497,R,D,R,R,R,R,D,R,D,R,D,D,D,R,D,D
6498,R,R,R,R,R,D,R,D,D,D,R,D,D,R,D,R
6499,R,D,R,R,R,R,R,R,D,R,R,D,D,R,R,R
6500,D,D,R,R,D,D,R,R,D,D,D,D,D,D,D,D
6501,R,R,R,R,R,R,R,R,D,R,R,D,D,R,R,R
6502,R,D,D,R,D,D,R,D,D,R,D,D,D,D,D,D
6503,R,D,R,R,R,R,R,R,D,R,R,D,D,D,R,R
6504,R,R,R,R,R,R,R,R,D,R,R,D,D,D,R,R
6505,D,R,R,R,R,R,R,D,R,R,R,D,D,D,D,D
6506,R,D,D,R,D,D,R,D,D,D,D,D,D,R,D,D
6507,R,R,R,R,D,R,R,R,R,R,R,D,D,R,D,R
6508,D,R,R,R,R,R,R,R,D,R,R,D,D,R,R,D
6509,R,D,R,R,R,D,R,D,D,R,R,D,D,R,D,R
6510,D,D,D,R,D,D,R,D,D,D,D,D,D,D,D,R
6511,D,R,R,R,R,D,R,R,D,R,R,D,D,R,D,D
6512,D,R,R,R,R,R,R,R,D,R,D,D,D,D,R,D
6513,R,R,R,R,R,D,R,R,D,R,R,D,D,D,R,R
6514,D,D,R,R,R,R,D,D,D,R,R,D,D,R,D,R
6515,R,D,R,R,R,D,R,R,D,R,R,D,D,R,D,R
6516,R,R,R,R,R,R,R,R,D,R,D,D,D,D,R,R
6517,R,D,R,R,R,R,R,R,D,R,R,D,D,R,R,R
6518,D,D,D,R,R,D,D,D,D,D,D,D,D,D,D,D
6519,D,R,R,R,R,R,R,R,D,R,R,D,D,R,R,R
6520,R,D,R,R,R,D,R,D,D,R,D,D,D,R,D,R
6521,R,R,R,R,R,D,R,D,D,D,R,D,D,D,R,R
6522,R,R,R,R,R,D,R,R,D,R,D,D,D,R,D,R
6523,R,R,R,R,R,R,R,D,R,R,R,D,D,D,R,R
6524,R,R,R,R,R,R,R,R,R,R,R,D,D,R,R,R
6525,D,R,R,R,R,D,R,D,D,R,R,D,D,D,R,D
6526,R,R,R,R,R,R,R,R,R,R,R,D,D,R,R,R
6527,R,R,R,R,R,R,R,D,D,R,R,D,D,R,R,R
6528,R,R,R,R,R,D,R,R,D,R,R,D,D,D,D,R
6529,D,R,R,R,R,D,R,R,D,R,D,D,D,R,D,R
6530,R,R,R,R,R,D,D,D,D,R,R,D,D,R,D,R
6531,R,D,R,R,R,R,R,R,R,R,R,D,D,R,R,R
6532,R,R,R,R,R,D,R,R,D,R,D,D,D,D,R,D
6533,D,D,R,R,D,D,R,D,D,D,D,D,D,D,D,R
6534,R,R,R,R,R,R,R,D,D,R,R,D,D,D,R,R
6535,R,R,D,R,R,R,D,D,D,R,R,D,D,D,D,D
6536,D,D,R,R,D,D,D,D,R,D,D,D,D,D,R,D
6537,R,R,D,R,R,R,D,D,D,R,R,D,D,R,R,D
6538,R,R,R,R,R,R,R,D,D,R,R,D,D,D,R,R
6539,R,R,R,R,R,D,R,D,R,R,R,D,D,D,R,R
6540,R,R,D,R,R,D,D,D,D,R,D,D,D,D,D,D
6541,R,R,R,R,R,D,R,D,D,R,R,D,D,D,R,D
6542,R,R,R,R,R,D,R,D,D,R,R,D,D,D,R,R
6543,R,R,R,R,R,D,R,R,R,R,R,D,D,R,R,R
6544,R,R,R,R,R,R,R,D,R,R,R,D,D,D,R,D
6545,R,R,R,R,R,R,R,R,R,R,R,D,D,R,R,R
6546,D,D,D,R,R,D,D,D,D,R,D,D,D,D,D,D
6547,D,R,R,R,R,R,R,R,D,R,R,D,D,D,D,R
6548,R,R,R,R,R,R,R,R,R,R,R,D,D,R,D,R
6549,D,R,R,R,R,R,R,R,R,R,R,D,D,R,D,R
6550,R,R,D,R,R,D,D,D,D,R,D,D,D,D,D,R
6551,D,D,R,R,D,D,R,R,D,D,D,D,D,D,D,D
6552,R,R,R,R,R,R,R,R,R,R,D,D,D,D,D,D
6553,D,R,R,R,R,R,R,D,R,R,R,D,D,R,R,R
6554,R,R,R,R,R,R,R,D,D,R,R,D,D,D,D,R
6555,D,R,R,R,R,D,R,R,D,D,D,D,D,D,D,D
6556,D,D,D,R,R,D,R,D,D,R,R,D,D,D,D,D
6557,R,R,R,R,R,R,R,D,R,R,D,D,D,D,R,R
6558,R,D,R,R,R,R,R,R,D,R,D,D,D,D,R,D
6559,R,R,R,R,R,D,R,R,R,R,R,D,D,D,D,R
6560,R,R,R,R,R,R,R,R,R,R,R,D,D,D,R,D
6561,D,R,R,R,R,R,R,R,D,R,D,D,D,R,R,R
6562,R,R,R,R,R,R,R,R,R,R,R,D,D,D,R,R
6563,R,R,R,R,R,R,R,R,R,R,R,D,D,R,D,R
6564,R,R,R,R,R,R,D,R,D,R,D,D,D,R,R,D
6565,D,R,R,R,R,R,R,R,D,R,D,D,D,D,D,R
6566,R,D,D,R,R,D,R,D,D,D,D,D,D,D,D,D
6567,R,R,R,R,R,R,R,R,R,R,R,D,D,R,R,R
6568,R,D,R,R,R,R,R,R,R,R,D,D,D,D,D,R
6569,R,R,R,R,R,R,R,D,D,R,R,D,D,D,D,R
6570,R,R,R,R,R,D,R,R,D,R,R,D,D,R,R,R
6571,D,D,D,R,D,D,R,D,D,R,R,D,D,D,D,R
6572,R,R,R,R,R,D,R,R,R,R,R,D,D,R,R,R
6573,R,R,R,R,R,R,R,R,D,R,D,D,D,R,R,D
6574,R,R,R,R,R,R,R,R,R,R,D,D,D,D,R,R
6575,R,R,R,R,R,R,R,R,R,R,R,D,D,D,R,R
6576,D,R,R,R,R,R,R,D,R,R,D,D,D,D,R,D
6577,D,R,R,R,R,D,R,D,D,R,R,D,D,D,R,D
6578,R,R,R,R,R,R,R,R,R,R,R,D,R,R,D,R
6579,D,R,R,R,R,D,R,R,R,R,R,D,D,R,D,D
6580,R,R,R,R,R,D,R,R,D,R,R,D,D,D,R,R
6581,R,R,R,R,R,R,R,R,D,R,R,D,D,D,R,D
6582,R,R,R,R,R,R,R,D,R,R,D,D,D,D,R,R
6583,R,R,R,R,R,D,R,D,R,R,R,D,D,D,R,R
6584,R,R,R,R,R,R,R,R,D,R,D,D,D,D,R,R
6585,R,R,R,R,R,R,R,R,D,R,R,D,D,D,D,R
6586,R,R,R,R,R,R,D,D,D,R,D,D,D,D,R,R
6587,R,R,R,R,R,R,R,D,R,R,R,D,D,D,R,D
6588,R,R,R,R,R,R,R,D,D,R,R,D,D,D,R,R
6589,R,R,R,R,R,R,R,D,R,R,R,D,D,R,R,R
6590,D,D,D,R,R,D,D,D,D,R,D,D,D,D,D,D
6591,R,R,R,R,R,D,R,R,D,R,R,D,D,R,R,R
6592,R,R,R,R,R,R,R,R,R,R,R,D,D,D,R,R
6593,D,D,R,R,R,D,R,D,R,R,R,D,D,D,R,D
6594,R,D,R,R,R,D,R,R,R,R,D,D,D,R,D,R
6595,R,D,R,R,R,R,R,D,D,R,R,D,R,R,R,R
6596,D,D,R,R,D,D,D,D,D,R,D,D,D,D,D,D
6597,R,R,R,R,R,R,R,R,R,R,R,D,D,R,R,R
6598,R,D,R,R,R,R,R,R,R,R,D,D,D,R,R,R
6599,D,D,R,R,R,D,R,R,R,R,D,D,D,D,R,R
6600,R,R,R,R,R,R,R,R,D,R,R,D,D,D,R,D
6601,R,R,R,R,R,R,R,R,D,R,R,D,D,R,D,R
6602,R,D,R,R,R,R,R,R,R,R,R,D,D,R,D,R
6603,D,D,R,D,R,D,D,D,D,R,D,D,D,D,D,D
6604,R,R,R,R,R,R,R,R,D,R,R,D,D,R,D,D
6605,D,R,R,R,R,R,R,R,D,R,R,D,D,D,R,R
6606,R,R,R,R,R,D,R,R,R,R,R,D,D,R,R,R
6607,R,R,R,R,R,R,R,R,R,R,R,D,D,R,R,R
6608,R,R,R,R,R,R,R,R,R,R,R,D,D,R,R,R
6609,R,D,R,R,D,D,R,D,D,D,D,D,D,D,D,D
6610,R,R,R,R,R,R,R,D,D,R,R,D,D,D,R,R
6611,R,R,R,R,R,R,R,R,R,R,R,D,D,R,R,R
6612,R,D,R,R,R,R,R,D,R,D,R,D,D,R,D,R
6613,R,R,R,R,R,D,R,D,D,R,R,D,D,R,D,D
6614,D,R,R,R,R,R,D,R,D,R,R,D,D,R,D,R
6615,D,D,R,R,R,D,D,D,D,D,D,D,D,D,D,R
6616,R,R,R,R,R,R,R,R,R,R,R,D,D,D,R,R
6617,R,R,R,R,R,R,R,D,R,R,R,D,D,R,R,R
6618,R,R,R,R,R,R,R,R,R,R,R,D,D,D,R,R
6619,D,D,R,R,D,D,D,D,D,D,D,D,D,D,D,D
6620,R,R,R,R,R,D,R,R,R,R,R,D,D,D,R,R
6621,R,D,R,R,R,R,R,R,R,R,R,D,R,D,R,R
6622,R,R,R,R,R,R,R,R,R,R,R,D,D,R,R,R
6623,R,D,D,R,R,D,D,D,D,R,D,D,D,D,D,D
6624,R,R,R,R,R,D,R,D,D,R,D,D,D,D,R,R
6625,R,R,D,R,R,R,R,D,D,R,R,D,D,R,R,D
6626,D,D,D,R,R,D,D,D,D,R,D,D,D,D,D,D
6627,R,R,D,R,R,D,R,R,D,R,R,D,D,R,R,D
6628,D,D,D,R,D,D,D,D,D,D,D,D,D,D,D,D
6629,R,R,R,R,R,D,D,R,D,R,D,D,D,R,R,R
6630,R,R,R,R,R,R,R,R,R,R,R,D,R,R,R,R
6631,D,D,R,R,R,D,R,D,D,D,D,D,D,D,D,D
6632,R,D,R,R,R,R,R,R,R,R,R,D,R,R,R,R
6633,R,R,R,R,R,R,R,R,R,R,R,D,R,D,D,R
6634,R,R,R,R,R,R,R,R,R,D,R,D,D,R,R,R
6635,D,R,R,R,R,R,R,D,D,R,R,D,D,D,D,D
6636,D,D,R,R,R,D,R,D,D,D,D,D,D,D,D,D
6637,R,R,R,R,R,R,R,D,D,R,R,D,D,D,D,D
6638,D,R,R,R,R,R,R,R,D,R,D,D,D,D,R,R
6639,R,R,R,R,R,R,R,R,D,R,R,D,D,R,R,R
6640,R,D,R,R,R,D,R,R,D,R,R,D,D,D,R,R
6641,D,D,R,R,R,R,R,R,D,R,R,D,D,D,R,R
6642,R,R,R,R,R,R,R,D,R,R,R,D,D,D,D,R
6643,D,D,R,R,R,D,D,D,D,R,D,D,D,D,D,D
6644,D,R,R,R,R,D,D,R,R,R,D,D,D,D,D,R
6645,D,R,R,R,R,D,R,R,R,R,D,D,D,D,D,R
6646,R,R,R,R,R,R,R,D,R,R,R,D,D,D,D,R
6647,R,R,R,R,R,D,R,D,D,R,D,D,D,R,D,R
6648,R,R,R,R,R,R,R,D,R,R,R,D,D,R,R,R
6649,R,R,R,R,R,R,R,D,D,R,R,D,D,D,R,R
6650,R,R,R,R,R,R,R,R,R,R,R,D,D,R,R,R
6651,D,R,D,R,R,R,R,R,D,R,R,D,D,R,R,R
6652,R,R,R,R,R,R,R,R,D,R,R,D,D,D,R,R
6653,R,R,R,R,R,R,R,R,R,R,R,D,D,R,D,R
6654,R,R,R,R,R,R,R,R,R,R,R,D,D,D,R,R
6655,R,D,R,R,R,D,R,R,D,R,R,D,D,D,D,R
6656,R,D,R,R,R,D,R,R,R,R,D,D,D,D,D,R
6657,R,R,R,R,R,R,R,D,D,R,R,D,D,D,R,R
6658,R,R,R,R,R,R,R,R,D,R,R,D,D,R,R,R
6659,D,R,R,R,R,D,R,D,D,R,D,D,D,D,R,R
6660,R,R,R,R,R,R,R,R,R,R,R,D,D,D,R,R
6661,R,R,R,R,R,R,R,R,R,R,R,D,D,R,D,R
6662,R,R,R,R,R,R,R,R,R,R,R,D,D,R,R,R
6663,D,R,R,R,R,D,R,D,D,R,D,D,D,R,D,D
6664,D,D,D,R,R,D,D,D,D,R,D,D,D,D,D,D
6665,R,R,R,R,R,R,R,R,D,R,R,D,D,R,R,R
6666,R,R,R,R,R,D,R,R,D,R,R,D,D,R,D,R
6667,D,R,R,R,R,R,R,D,D,R,D,D,D,D,R,R
6668,D,D,R,R,R,D,R,R,D,R,D,D,D,R,R,D
6669,D,D,R,R,R,D,R,D,D,R,D,D,D,R,D,D
6670,R,D,R,R,R,D,R,D,R,R,R,D,D,D,R,R
6671,R,R,R,R,R,R,R,R,R,R,R,D,D,R,R,R
6672,R,R,R,R,R,R,R,R,D,R,R,D,D,R,D,D
6673,D,R,R,R,R,D,R,R,D,R,R,D,D,R,D,R
6674,R,R,R,R,R,D,R,D,R,R,R,D,D,D,D,D
6675,R,R,R,R,R,D,R,R,D,R,R,D,D,D,R,R
6676,R,R,R,R,R,D,R,D,D,R,D,D,D,R,R,D
6677,D,D,R,R,R,D,R,D,D,R,D,D,D,D,D,D
6678,R,R,R,R,R,R,R,R,R,R,R,D,D,R,D,R
6679,R,R,R,R,R,R,R,R,D,R,D,D,D,R,D,R
6680,R,R,R,R,R,R,R,R,D,R,R,D,D,R,R,R
6681,R,R,R,R,R,R,R,D,R,R,R,D,D,R,D,R
6682,R,R,R,R,R,D,D,D,D,R,D,D,D,R,D,R
6683,R,R,R,R,R,D,R,R,D,R,R,D,D,R,D,D
6684,R,R,R,R,R,R,R,R,R,R,D,D,D,R,R,R
6685,R,R,R,R,R,R,D,D,D,R,R,D,D,R,D,R
6686,R,R,R,R,R,R,D,R,D,R,D,D,D,D,D,R
6687,R,R,R,R,R,R,R,R,R,R,R,R,D,R,R,R
6688,D,D,R,R,R,R,R,R,D,R,R,D,D,R,R,R
6689,R,D,R,R,R,D,R,R,D,R,R,D,D,D,D,R
6690,R,D,R,R,R,R,R,D,D,R,R,D,D,R,R,D
6691,D,R,R,R,R,R,R,R,D,R,R,D,D,R,R,R
6692,D,R,R,R,R,D,R,R,D,R,R,D,D,R,D,D
6693,R,D,R,R,R,R,R,R,R,R,R,D,D,R,R,R
6694,D,R,R,R,R,R,R,D,D,R,R,D,D,D,R,R
6695,D,R,R,R,R,R,R,R,R,R,R,D,D,D,R,R
6696,D,D,D,R,R,D,R,D,D,D,D,D,D,D,D,D
6697,R,R,R,R,R,R,R,D,D,R,R,D,D,R,R,R
6698,R,R,R,R,R,R,R,D,R,D,D,D,D,D,R,R
6699,R,D,R,R,R,D,R,D,D,R,D,D,D,D,D,R
6700,R,R,R,R,R,D,D,R,R,R,R,D,D,D,R,R
6701,R,R,R,R,R,D,R,D,R,R,D,D,D,R,R,R
6702,D,D,D,R,R,D,D,D,D,R,D,D,D,D,D,D
6703,R,R,R,R,R,R,R,R,R,R,R,D,D,R,R,D
6704,R,R,R,R,R,D,R,R,D,R,R,D,D,R,R,R
6705,D,R,R,R,D,D,R,D,D,R,D,D,D,D,D,D
6706,R,R,R,R,R,R,R,R,R,R,R,D,D,R,R,R
6707,R,R,R,R,R,R,R,R,D,R,D,D,D,R,R,R
6708,D,D,D,R,D,D,R,D,D,R,R,D,D,D,D,R
6709,R,D,R,R,R,R,R,R,D,R,D,D,D,R,R,D
6710,R,R,R,R,R,D,R,R,D,R,R,D,D,D,R,R
6711,R,R,R,R,R,R,R,D,R,R,D,D,D,D,R,R
6712,R,R,R,R,R,R,R,R,R,R,D,D,R,D,R,R
6713,R,R,R,R,R,R,R,D,D,R,R,D,D,D,R,R
6714,R,R,R,R,R,R,R,R,D,R,R,D,D,D,R,R
6715,R,R,R,R,R,R,R,R,D,R,D,D,D,R,R,R
6716,R,R,R,R,R,R,R,R,R,R,R,D,D,R,R,D
6717,R,R,R,R,R,D,R,D,D,D,R,D,D,R,R,R
6718,R,D,R,R,R,R,R,D,D,R,R,D,D,R,R,R
6719,R,R,R,R,R,R,R,D,D,R,R,D,D,D,R,R
6720,R,R,R,R,R,R,R,R,D,R,R,D,D,R,R,R
6721,R,R,R,R,R,R,R,R,R,R,R,D,D,R,R,R
6722,R,D,D,R,R,D,D,D,D,R,D,D,D,D,D,D
6723,R,R,R,R,R,R,R,D,R,R,R,D,D,D,D,R
6724,R,R,R,R,R,R,R,D,R,R,R,D,D,D,R,R
6725,R,R,R,R,R,D,R,R,D,R,D,R,D,D,R,R
6726,R,R,R,R,R,D,R,R,R,R,R,D,D,D,R,D
6727,D,D,R,R,R,R,R,R,R,R,D,D,D,D,R,R
6728,D,D,R,R,R,D,R,D,D,D,D,D,D,D,D,D
6729,R,D,R,R,R,D,R,R,D,R,R,D,D,D,R,R
6730,D,R,R,R,R,D,R,R,D,R,D,D,D,D,D,R
6731,R,R,R,R,R,R,R,R,R,R,R,D,D,D,R,R
6732,D,D,R,R,R,R,R,R,D,R,R,D,D,D,D,R
6733,R,R,R,R,R,R,R,R,R,R,R,D,D,R,R,R
6734,D,R,R,R,R,R,R,R,D,R,D,D,D,R,D,R
6735,D,D,R,R,R,R,D,D,D,R,D,D,D,D,D,D
6736,R,R,R,R,R,R,R,R,D,R,D,D,D,D,R,D
6737,R,D,R,R,R,R,R,R,D,R,D,D,R,R,R,R
6738,R,D,R,R,R,D,D,R,D,R,R,D,D,D,R,D
6739,D,R,R,R,R,D,R,D,D,R,R,D,D,R,R,R
6740,D,R,R,R,R,R,R,R,R,R,R,D,D,R,R,D
6741,R,R,R,R,R,R,R,R,D,R,R,D,D,R,R,R
6742,R,D,R,R,R,R,R,D,D,R,R,D,D,R,R,R
6743,R,R,R,R,R,R,R,R,R,R,R,D,D,D,R,R
6744,R,R,R,R,R,D,R,R,D,R,R,D,D,R,R,R
6745,R,R,R,R,R,R,R,D,R,D,R,D,D,R,R,R
6746,R,D,D,R,R,D,R,D,D,R,D,D,D,D,D,R
6747,D,R,R,R,R,D,R,D,D,R,D,D,D,D,R,D
6748,D,D,R,R,R,D,D,D,D,D,D,D,D,D,D,D
6749,D,R,R,R,R,R,R,D,R,R,R,D,D,D,R,R
6750,D,R,R,R,R,R,R,R,D,R,R,D,D,D,R,R
6751,D,D,D,R,R,D,D,D,D,R,D,D,D,D,D,D
6752,D,R,R,R,R,D,R,D,D,R,R,D,D,D,D,R
6753,D,D,R,R,R,D,R,D,D,R,R,D,D,D,D,D
6754,D,R,R,R,R,R,R,D,R,R,R,D,D,D,R,R
6755,R,R,R,R,R,R,R,R,D,R,R,D,D,R,R,R
6756,R,R,R,R,R,R,R,D,D,R,R,D,D,D,D,D
6757,R,R,R,R,R,R,R,R,D,R,D,D,D,R,R,D
6758,R,R,R,R,R,D,R,R,R,R,R,D,R,D,R,R
6759,D,D,R,R,R,R,R,D,R,R,R,D,D,D,D,D
6760,R,D,R,R,R,R,D,D,R,D,R,D,D,D,R,R
6761,R,D,R,R,R,R,R,R,R,R,D,D,D,R,R,R
6762,R,D,R,R,R,R,R,R,D,R,R,D,D,R,D,R
6763,R,R,R,R,R,R,R,D,R,R,R,D,D,R,R,R
6764,R,R,R,R,R,D,R,R,D,R,R,D,D,D,D,R
6765,D,R,D,R,R,D,D,D,D,R,D,D,D,R,D,D
6766,R,R,R,R,R,R,R,R,D,R,D,D,D,R,D,R
6767,R,R,R,R,R,R,D,D,D,R,R,D,D,D,D,R
6768,R,R,R,R,R,R,R,R,R,R,R,D,D,R,R,R
6769,R,R,R,R,R,D,R,R,R,R,R,D,D,D,R,R
6770,R,D,R,R,R,R,R,R,D,R,R,D,D,D,D,R
6771,R,D,R,R,R,D,R,R,R,R,D,D,D,R,D,D
6772,D,R,D,R,D,D,D,D,D,D,D,D,D,D,D,D
6773,D,D,D,R,D,D,D,D,D,R,D,D,D,D,D,D
6774,D,R,R,R,R,R,R,D,R,R,R,D,D,D,R,R
6775,R,D,R,R,R,R,R,D,D,R,R,D,D,D,R,D
6776,D,R,R,R,R,D,R,D,R,R,R,D,D,D,D,R
6777,D,D,R,R,R,R,D,D,D,D,D,D,D,D,D,D
6778,R,D,R,R,R,R,R,D,D,R,R,D,D,D,D,D
6779,R,R,R,R,R,R,R,D,D,R,D,D,D,D,D,D
6780,D,D,R,R,D,D,D,D,D,D,D,D,D,D,D,D
6781,R,R,R,R,R,R,R,D,D,R,R,D,D,D,D,R
6782,R,R,R,R,R,R,R,R,D,R,R,D,D,D,R,D
6783,D,R,D,R,D,D,D,D,D,R,D,D,D,D,D,R
6784,D,R,R,R,R,R,R,R,D,R,D,D,D,D,R,D
6785,D,R,R,R,R,R,R,R,R,R,R,D,D,D,D,D
6786,R,D,R,R,R,R,R,D,R,R,R,D,D,D,R,R
6787,R,R,R,R,R,R,R,R,D,R,D,D,D,R,R,R
6788,D,R,R,R,R,D,R,R,D,R,D,D,D,D,D,R
6789,D,D,D,R,R,D,R,D,D,D,D,D,D,R,D,D
6790,D,R,R,R,R,R,R,R,D,R,R,D,D,R,D,R
6791,R,D,R,R,R,R,R,D,D,R,D,D,D,D,R,D
6792,D,R,R,R,R,R,R,R,D,R,R,D,D,D,D,R
6793,R,R,R,R,R,R,R,R,D,R,R,D,D,R,R,R
6794,R,R,R,R,R,R,R,D,D,R,R,D,D,R,D,R
6795,R,R,R,R,R,R,R,R,R,R,D,D,D,D,D,R
6796,D,R,R,R,R,D,R,D,R,R,D,D,D,D,R,R
6797,D,D,R,R,R,R,R,R,D,R,D,D,D,D,R,R
6798,R,R,R,R,R,R,R,R,R,R,R,D,D,R,R,R
6799,R,R,R,R,R,R,R,D,D,R,R,D,D,D,R,D
6800,D,R,R,R,R,R,R,R,D,D,R,D,D,D,R,D
6801,R,R,R,R,R,R,R,R,R,R,R,D,D,R,R,R
6802,R,D,R,R,R,R,R,R,R,R,R,D,D,R,R,D
6803,D,D,D,R,R,D,D,D,D,D,D,D,D,D,D,D
6804,D,D,D,R,R,D,D,D,D,D,D,D,D,D,D,D
6805,D,D,D,R,D,D,R,D,D,R,D,D,D,D,D,D
6806,R,R,R,R,R,R,R,R,D,R,R,D,R,R,R,R
6807,R,D,R,R,R,R,R,R,D,R,R,D,D,R,D,D
6808,D,R,R,R,R,D,R,D,D,R,R,D,D,D,R,R
6809,D,D,D,R,D,D,D,D,D,D,D,D,D,D,D,D
6810,D,R,R,R,R,R,R,D,D,R,R,D,D,D,D,R
6811,D,R,R,R,R,R,R,D,D,R,D,D,D,D,D,R
6812,R,R,R,R,R,D,R,R,R,R,R,D,D,R,D,R
6813,D,D,D,R,R,D,D,D,D,D,D,D,D,D,D,D
6814,R,R,R,R,R,R,R,R,R,R,R,D,D,R,D,R
6815,R,D,R,R,R,R,R,R,R,R,R,D,D,R,R,D
6816,D,D,R,R,R,R,R,D,R,R,D,D,D,D,D,D
6817,R,R,R,R,R,D,R,D,D,R,R,D,D,R,R,D
6818,R,R,R,R,R,D,R,R,D,R,R,D,D,D,R,R
6819,D,R,R,R,R,D,D,D,D,D,D,D,D,D,D,D
6820,R,D,R,R,R,R,R,D,R,R,R,D,D,D,R,D
6821,D,R,R,R,R,R,R,R,R,D,D,D,D,R,D,R
6822,R,R,R,R,R,R,R,D,D,R,D,D,D,R,D,D
6823,R,R,R,R,R,R,D,R,D,R,R,D,D,D,D,R
6824,R,R,R,R,R,D,R,R,D,R,D,D,D,D,R,R
6825,D,R,R,R,R,D,R,R,D,R,R,D,D,D,R,R
6826,D,R,R,R,R,D,R,R,D,R,D,D,D,D,R,R
6827,D,R,R,R,R,R,R,R,D,R,R,D,D,D,D,D
6828,R,R,R,R,R,R,R,R,D,R,D,D,D,R,R,R
6829,R,R,R,R,R,D,R,R,D,R,R,D,D,R,D,R
6830,R,R,R,R,R,R,R,R,R,R,R,D,D,R,R,R
6831,R,R,R,R,R,D,R,R,D,R,D,D,D,D,R,R
6832,D,R,R,R,R,D,R,R,D,R,R,D,D,R,D,R
6833,R,R,R,R,R,R,R,R,D,R,R,D,D,D,D,R
6834,R,R,R,R,R,R,R,R,R,R,R,D,D,R,D,R
6835,R,R,R,R,R,D,R,R,R,D,R,D,D,D,R,R
6836,D,R,R,R,R,D,R,R,D,R,R,D,D,R,R,R
6837,R,D,R,R,R,D,R,D,R,R,D,D,D,R,D,R
6838,D,R,R,R,R,D,R,R,D,R,D,D,D,R,R,D
6839,R,R,R,R,R,D,R,D,D,R,R,D,D,R,D,D
6840,R,R,R,R,R,R,R,R,D,R,R,D,D,R,R,R
6841,R,D,R,R,R,D,R,D,D,R,R,D,D,R,R,D
6842,R,R,R,R,R,R,R,R,R,R,R,D,D,R,R,R
6843,R,R,R,R,D,D,R,D,D,R,D,D,D,D,D,R
6844,R,R,R,R,R,R,R,R,R,R,R,D,D,R,D,R
6845,D,D,D,R,R,D,R,D,D,R,D,D,D,D,D,D
6846,R,R,R,R,R,R,R,R,D,R,R,D,D,D,R,R
6847,R,R,R,R,R,R,D,R,D,R,D,D,D,R,R,R
6848,R,R,R,R,R,R,R,R,R,R,R,D,D,R,D,R
6849,R,R,R,R,R,R,R,D,R,R,D,D,D,R,R,R
6850,R,D,R,R,R,R,R,R,D,R,R,D,R,R,R,R
6851,R,R,R,R,D,R,R,R,D,R,R,D,D,D,R,R
6852,R,R,R,R,R,R,R,D,R,R,D,D,D,R,R,R
6853,R,R,R,R,R,D,R,D,R,R,R,D,D,R,R,R
6854,R,R,R,R,R,D,R,D,R,R,R,D,D,D,D,R
6855,D,R,R,R,R,R,R,D,R,R,R,D,D,D,D,R
6856,R,D,R,R,R,R,R,D,R,R,D,D,D,R,R,R
6857,R,R,R,R,R,R,R,R,D,R,D,D,D,D,R,R
6858,D,D,R,R,R,D,R,R,R,R,R,D,D,D,R,D
6859,R,R,R,R,R,R,R,R,R,R,R,D,D,R,R,R
6860,R,D,R,R,R,D,R,R,D,R,D,D,D,D,R,R
6861,R,D,R,R,R,D,R,R,D,R,D,D,D,D,D,D
6862,R,R,R,R,R,R,R,R,R,R,R,D,D,R,R,D
6863,R,R,R,R,R,R,R,R,R,R,R,D,D,D,D,R
6864,R,R,R,R,R,D,R,D,D,R,R,D,D,D,R,R
6865,R,R,R,R,R,R,R,R,R,R,D,D,D,R,D,R
6866,R,R,R,R,R,R,R,R,D,R,D,D,D,D,D,R
6867,R,R,R,R,R,D,R,R,D,R,R,D,D,D,D,R
6868,D,R,R,R,R,R,R,R,D,R,R,D,D,R,D,R
6869,R,R,R,R,R,R,D,D,D,R,R,D,D,D,R,D
6870,R,R,R,R,R,D,R,R,R,R,R,D,D,D,D,R
6871,R,R,R,R,R,R,R,D,R,R,R,D,D,D,D,R
6872,R,R,R,R,R,R,R,R,R,R,R,D,D,R,R,R
6873,D,D,R,R,R,D,D,D,D,R,D,D,D,D,D,D
6874,R,D,R,R,R,R,R,R,R,R,D,D,D,R,D,D
6875,R,R,R,R,R,R,R,R,D,R,R,D,D,R,R,R
6876,R,R,R,R,R,R,R,R,R,R,R,R,D,D,R,R
6877,D,R,D,D,R,R,R,D,D,R,D,D,D,D,D,D
6878,R,R,R,R,R,D,R,D,D,R,R,D,D,D,R,R
6879,R,R,R,R,R,R,R,R,R,R,R,D,R,D,D,R
6880,R,R,R,R,R,R,R,R,D,R,D,D,D,R,D,R
6881,R,R,R,R,R,R,D,R,D,R,R,D,D,D,R,R
6882,D,D,D,R,R,D,D,D,D,R,D,D,D,D,D,D
6883,R,R,R,R,R,D,D,D,D,D,D,D,D,D,D,D
6884,R,R,R,R,R,D,R,R,R,R,R,D,D,R,R,R
6885,R,D,R,R,R,R,D,D,D,R,D,D,D,D,R,R
6886,R,R,R,R,R,R,R,R,D,R,D,D,D,D,D,D
6887,R,R,R,R,R,R,R,R,D,R,R,D,D,D,R,R
6888,D,R,R,R,R,R,R,R,D,R,D,D,D,D,D,D
6889,R,D,R,R,R,R,R,R,D,R,R,D,D,D,R,R
6890,R,R,R,R,R,D,D,D,R,R,D,D,D,R,R,R
6891,D,D,R,R,R,D,R,R,D,R,D,D,D,R,D,D
6892,R,D,R,R,D,D,D,R,D,R,R,D,D,R,R,D
6893,D,D,R,R,R,D,R,R,R,R,D,D,D,R,R,R
6894,R,D,R,R,R,R,R,D,D,R,R,D,D,D,D,D
6895,R,R,R,R,R,R,R,R,R,R,R,D,D,D,R,D
6896,R,R,R,R,R,R,R,R,R,R,R,D,D,R,R,R
6897,D,D,R,D,R,D,R,D,D,D,D,D,D,D,D,R
6898,D,D,R,R,R,D,R,R,R,R,R,D,D,R,R,R
6899,R,D,R,R,R,R,R,R,D,R,R,D,D,R,R,R
6900,R,R,R,R,R,R,R,R,D,R,R,D,D,D,R,R
6901,D,D,D,R,R,D,R,D,D,D,D,D,D,R,D,D
6902,R,D,R,R,R,R,R,D,R,R,R,D,D,D,R,D
6903,R,R,R,R,R,D,R,D,D,R,R,D,D,R,D,R
6904,R,R,R,R,R,R,R,R,D,R,D,D,D,R,D,R
6905,R,D,R,R,R,D,R,R,D,R,D,D,D,D,R,D
6906,R,R,R,R,R,R,R,D,R,R,R,D,D,R,D,R
6907,D,D,D,R,D,D,R,D,D,D,D,D,D,D,D,D
6908,R,R,R,R,R,R,D,R,R,R,R,D,D,D,R,R
6909,R,R,R,R,R,R,R,R,R,R,R,D,D,R,R,R
6910,R,R,R,R,R,R,R,R,R,R,R,D,D,D,D,R
6911,D,R,R,R,R,R,R,R,D,R,R,D,D,D,R,R
6912,R,R,R,R,R,R,R,D,D,R,R,D,D,R,R,R
6913,R,R,R,R,R,D,R,R,R,R,R,D,D,R,R,R
6914,R,R,R,R,R,D,R,R,D,R,R,D,D,R,R,D
6915,R,R,R,R,R,R,R,D,D,R,D,D,D,R,D,D
6916,R,R,R,R,R,D,R,R,R,R,R,R,R,R,R,R
6917,R,R,R,R,R,D,R,R,R,R,R,D,D,R,R,R
6918,R,R,R,R,R,R,R,R,R,R,D,D,D,D,R,D
6919,D,R,R,R,R,R,R,D,R,R,R,D,D,R,R,R
6920,R,D,R,R,R,D,R,D,R,R,D,D,D,R,D,D
6921,R,R,R,R,R,R,R,R,R,R,R,D,D,D,D,R
6922,D,D,R,R,D,D,D,D,D,R,R,D,D,D,D,D
6923,D,D,R,R,R,D,R,D,D,D,D,D,D,D,D,D
6924,R,R,R,R,R,D,R,D,D,R,R,D,D,R,R,D
6925,R,R,R,R,R,R,R,R,R,R,R,R,D,R,R,R
6926,R,R,R,R,R,D,R,R,R,R,D,D,D,R,R,R
6927,R,R,R,R,R,D,D,D,D,R,D,D,D,D,D,D
6928,R,R,R,R,R,R,R,R,R,R,R,D,D,R,R,R
6929,R,D,R,R,R,R,R,D,D,R,D,D,D,R,R,R
6930,R,R,R,R,R,R,R,R,R,R,R,D,D,R,R,R
6931,D,D,R,R,R,D,D,R,R,R,D,D,D,D,R,R
6932,R,R,R,R,R,R,R,D,R,R,R,R,D,R,R,R
6933,R,D,R,R,R,D,R,R,R,R,D,D,D,D,D,D
6934,R,R,R,R,R,R,R,D,D,R,R,D,D,R,R,R
6935,D,R,R,R,R,R,D,R,D,R,R,D,D,D,R,R
6936,D,D,R,R,D,D,D,D,D,D,D,D,D,D,D,R
6937,D,D,R,R,R,D,D,D,D,D,D,D,D,D,D,D
6938,D,D,R,R,R,D,R,R,D,R,D,D,D,D,D,D
6939,D,D,R,R,R,R,R,D,R,R,D,D,D,D,D,R
6940,R,R,R,R,R,R,R,R,R,R,R,D,D,D,R,R
6941,D,R,D,R,R,D,D,D,D,R,D,D,D,D,D,D
6942,R,R,R,R,D,D,R,R,R,R,R,D,D,R,R,D
6943,R,D,R,R,R,R,R,D,D,R,R,D,D,R,R,D
6944,R,R,R,R,R,D,R,R,D,R,D,D,D,R,D,R
6945,R,R,R,R,R,D,R,R,R,R,R,D,D,D,R,R
6946,R,R,R,R,R,R,R,D,D,R,R,D,D,R,R,R
6947,D,D,D,R,D,D,R,D,D,D,D,D,D,D,D,D
6948,D,R,R,R,R,D,R,D,D,R,R,D,D,D,R,R
6949,D,D,R,R,R,R,D,R,D,R,D,D,D,R,R,R
6950,D,R,R,R,R,R,R,R,R,R,R,D,D,R,D,R
6951,D,R,D,R,R,D,D,D,D,D,D,D,D,R,D,D
6952,D,D,R,R,R,D,D,D,D,R,D,D,D,D,D,D
6953,D,D,D,R,R,D,D,R,D,R,D,D,D,D,D,D
6954,D,R,R,R,R,R,R,R,R,R,R,D,D,D,R,R
6955,D,D,D,R,R,D,D,D,D,R,D,D,D,D,D,D
6956,R,R,R,R,R,R,R,R,R,R,D,D,D,D,D,D
6957,D,D,R,R,R,R,D,D,D,R,R,D,D,R,D,R
6958,R,D,R,R,R,D,R,D,D,R,D,D,D,D,R,D
6959,R,R,R,R,R,R,R,R,D,R,R,D,D,R,D,R
6960,R,D,R,R,R,R,R,R,R,R,R,D,D,R,R,R
6961,R,D,R,R,R,R,R,D,R,R,R,D,D,D,R,R
6962,R,R,R,R,R,R,R,R,R,R,R,D,D,D,R,R
6963,D,R,D,R,D,D,D,D,D,R,D,D,D,D,D,D
6964,R,R,R,R,R,D,R,R,R,R,D,D,D,D,R,R
6965,R,R,R,R,R,R,R,R,R,R,R,D,D,R,R,R
6966,D,D,D,R,R,D,D,D,D,D,D,D,D,D,D,D
6967,D,R,R,R,R,R,R,D,D,R,D,D,D,D,R,R
6968,R,R,R,R,R,R,R,D,D,R,D,D,D,R,R,R
6969,R,R,R,R,R,R,R,R,D,R,R,D,D,R,R,R
6970,D,D,D,R,D,D,R,D,D,D,D,D,D,D,D,D
6971,D,D,R,R,R,D,D,D,D,D,D,D,D,R,D,D
6972,D,R,D,R,R,D,R,R,R,R,R,D,D,D,R,D
6973,R,R,R,R,R,R,R,D,R,R,D,D,D,R,D,R
6974,R,R,R,R,R,R,R,R,D,R,D,D,D,R,R,R
6975,D,R,R,R,R,R,R,R,D,R,D,D,D,R,D,D
6976,R,R,R,R,R,D,D,R,R,R,R,D,D,D,D,D
6977,R,D,D,R,R,R,D,D,D,R,D,D,D,R,D,D
6978,R,R,R,R,R,R,R,R,R,R,R,D,D,R,R,R
6979,R,R,D,R,R,D,R,D,D,R,D,D,D,D,D,R
6980,R,R,R,R,R,R,R,D,D,D,D,D,D,D,R,R
6981,R,R,R,R,R,D,R,R,R,R,D,D,R,D,R,R
6982,R,R,R,R,R,R,R,R,D,R,R,D,D,R,R,R
6983,D,R,R,D,R,D,D,D,D,R,R,D,D,D,D,D
6984,D,D,D,R,R,D,D,D,D,R,D,D,D,D,D,D
6985,D,D,D,R,R,D,R,D,D,R,D,D,D,D,D,D
6986,R,R,R,R,R,R,R,R,R,R,R,D,D,D,R,R
6987,R,R,R,R,R,R,R,R,D,R,R,D,D,R,D,R
6988,R,R,R,R,R,D,R,R,D,R,R,D,D,D,R,D
6989,R,R,R,R,R,D,R,D,R,D,R,D,D,R,R,R
6990,R,R,R,R,D,R,R,R,R,R,R,D,D,R,R,R
6991,D,D,R,R,D,R,R,D,D,D,D,D,D,D,D,D
6992,D,R,R,R,R,D,D,R,D,R,R,D,D,R,R,D
6993,D,D,R,R,R,D,D,D,D,R,D,D,D,D,D,D
6994,R,D,R,R,R,R,R,D,R,R,D,D,D,D,D,R
6995,R,R,R,R,R,R,R,D,D,R,R,D,D,D,R,D
6996,R,D,R,R,D,R,R,R,D,R,R,D,D,D,R,R
6997,R,D,R,R,R,R,R,R,D,R,R,D,D,R,R,R
6998,R,R,R,R,R,R,R,D,R,R,R,D,D,D,D,R
6999,D,R,R,R,R,D,D,D,R,R,R,D,D,D,D,R
7000,D,R,R,R,R,D,R,D,D,R,R,D,D,D,R,R
7001,D,D,D,R,R,D,D,D,D,R,D,D,D,D,D,D
7002,D,R,R,R,R,R,R,R,D,R,D,D,D,R,R,R
7003,R,R,R,R,R,R,R,D,R,R,D,D,D,D,R,D
7004,R,R,D,R,R,D,R,D,R,R,D,D,D,D,D,R
7005,R,R,R,R,R,R,R,R,R,R,R,D,D,D,R,D
7006,D,R,R,R,R,R,R,R,R,R,R,D,D,R,R,R
7007,R,R,R,R,R,R,R,R,R,R,R,D,D,R,R,D
7008,R,R,R,R,R,R,R,R,D,R,R,D,D,D,R,R
7009,R,R,R,R,R,D,R,R,R,R,R,D,D,D,R,R
7010,R,R,R,R,R,R,D,D,R,D,D,D,D,R,D,R
7011,R,R,R,R,R,D,R,D,R,R,R,D,D,D,R,D
7012,D,D,R,R,R,D,D,D,D,D,D,D,D,D,R,D
7013,D,D,R,R,R,R,R,D,D,R,D,D,D,R,R,R
7014,R,R,R,R,R,R,R,R,R,R,R,D,D,R,R,R
7015,R,D,D,R,R,D,R,D,D,R,D,D,D,D,D,D
7016,D,D,D,R,R,D,D,D,D,R,D,D,D,D,D,D
7017,R,R,R,R,R,R,R,D,R,R,D,D,D,R,R,D
7018,R,R,R,R,R,D,R,D,D,R,R,D,D,R,R,D
7019,R,D,D,D,D,R,R,D,D,D,D,D,D,R,D,D
7020,D,R,R,R,R,R,R,R,D,R,R,D,D,D,D,D
7021,R,R,R,R,D,D,R,D,D,R,D,D,D,R,R,D
7022,D,D,R,R,D,D,R,R,D,R,D,D,D,D,D,D
7023,R,R,R,R,R,R,R,R,D,R,R,D,D,R,R,R
7024,R,D,R,R,R,R,R,D,D,R,R,D,D,D,R,D
7025,R,D,R,R,R,R,R,R,D,R,R,D,D,D,R,R
7026,R,R,R,R,R,D,R,D,D,R,D,D,D,D,D,R
7027,R,R,R,R,R,R,R,R,R,R,R,D,D,D,D,R
7028,D,D,D,R,D,D,D,D,D,D,D,D,D,D,D,R
7029,R,R,R,R,R,R,R,R,R,R,R,D,D,D,D,R
7030,R,R,R,R,R,D,R,R,D,R,R,D,D,D,R,D
7031,R,R,R,R,R,R,R,R,D,R,R,D,D,D,D,R
7032,D,D,R,R,R,D,D,D,D,R,D,D,D,D,D,R
7033,R,R,R,R,R,R,R,R,R,R,R,D,D,D,R,R
7034,R,R,R,R,R,R,R,R,D,R,R,D,D,D,R,R
7035,R,R,R,R,R,R,R,R,R,R,R,D,D,D,R,R
7036,D,R,R,R,R,D,R,R,R,R,R,D,D,R,R,R
7037,R,R,R,R,R,R,R,D,D,R,R,D,D,R,R,R
7038,D,D,D,R,D,D,D,D,D,D,D,D,D,D,D,D
7039,R,D,R,R,R,D,D,R,D,R,R,D,D,D,R,R
7040,R,R,R,R,R,R,R,R,R,R,R,D,D,R,R,D
7041,R,D,R,R,R,R,R,R,D,R,R,D,D,D,D,D
7042,R,R,R,R,R,D,R,R,R,R,D,D,D,D,R,R
7043,R,R,R,R,R,D,R,D,D,R,R,D,D,D,D,R
7044,D,D,D,R,R,D,D,D,D,D,D,D,D,D,D,D
7045,D,R,R,R,R,D,R,R,D,R,R,D,D,R,R,R
7046,R,R,R,R,R,D,R,R,D,R,R,D,D,D,D,D
7047,R,R,R,R,R,R,R,R,D,R,R,D,D,R,D,R
7048,D,R,R,R,R,R,R,D,D,R,D,D,D,D,D,R
7049,D,R,R,R,R,R,D,D,R,R,R,D,D,R,R,R
7050,R,R,R,R,R,R,R,D,D,R,R,D,D,R,R,R
7051,R,R,R,R,R,R,R,R,D,R,D,D,D,R,D,D
7052,R,R,R,R,R,R,R,R,D,R,R,D,D,R,R,R
7053,R,R,R,R,R,D,R,R,D,R,R,D,R,D,D,R
7054,D,D,R,D,R,D,D,D,D,R,D,D,D,D,D,D
7055,R,D,R,R,R,R,R,R,D,R,R,D,D,R,D,R
7056,R,R,R,R,R,R,R,D,D,R,R,R,D,R,D,R
7057,D,R,R,R,D,D,D,D,D,R,D,D,D,D,D,R
7058,D,R,R,R,R,R,D,D,D,R,R,D,D,R,D,D
7059,R,R,R,R,R,D,R,D,D,R,D,D,D,R,R,R
7060,R,R,R,R,R,R,R,R,R,R,R,D,D,R,R,R
7061,R,R,R,R,R,R,R,R,R,R,D,D,D,D,R,R
7062,D,D,D,R,R,D,D,D,D,R,D,D,D,D,D,D
7063,D,D,R,R,R,D,R,D,D,R,R,D,D,R,R,R
7064,D,R,R,R,R,D,R,D,D,D,D,D,D,D,D,D
7065,R,R,R,R,R,R,R,R,R,R,D,D,D,R,R,R
7066,R,R,R,R,R,R,R,R,D,R,R,D,D,R,D,R
7067,R,D,R,R,R,R,R,R,D,R,R,D,D,R,R,R
7068,D,D,D,R,R,R,D,D,D,R,D,D,D,D,D,D
7069,D,R,R,R,R,R,R,R,R,R,R,D,D,D,D,R
7070,R,R,R,R,R,R,R,R,D,R,R,D,D,R,R,R
7071,D,R,D,R,R,D,R,D,R,R,D,D,D,R,D,R
7072,R,R,R,R,R,D,R,R,D,R,R,D,D,D,R,R
7073,D,R,R,R,R,D,D,D,D,R,D,D,R,D,D,R
7074,R,R,R,R,R,R,R,R,R,R,R,D,D,R,R,R
7075,R,D,R,R,R,R,R,R,D,R,R,D,D,D,D,R
7076,D,D,R,R,R,D,D,D,D,D,D,D,D,D,D,D
7077,R,R,R,R,R,D,D,D,D,R,D,D,D,D,D,D
7078,D,D,D,R,R,R,R,D,D,R,D,D,D,D,D,D
7079,R,R,R,R,R,R,R,D,D,R,R,D,D,R,R,R
7080,R,R,R,R,R,D,R,D,R,R,R,D,D,R,R,D
7081,D,D,D,R,R,D,D,D,D,R,D,D,D,D,D,D
7082,R,R,R,R,R,R,R,D,D,R,R,D,D,D,D,R
7083,R,R,R,R,R,D,R,D,D,R,R,D,D,R,D,D
7084,R,R,R,R,R,R,R,R,R,R,R,D,D,R,R,R
7085,R,D,R,R,R,R,R,R,D,R,D,D,D,D,R,R
7086,R,R,R,R,R,R,D,D,R,R,D,D,D,D,D,R
7087,R,R,R,R,R,R,R,R,R,R,D,D,D,D,D,R
7088,R,R,R,R,R,R,R,D,D,D,R,D,D,R,D,D
7089,R,R,R,R,R,R,R,R,R,R,R,D,R,R,R,D
7090,R,R,R,R,R,R,R,R,R,R,R,D,D,D,R,R
7091,D,D,D,R,R,D,D,D,D,R,D,D,D,D,D,D
7092,D,R,R,R,R,R,R,D,R,R,R,D,D,D,R,R
7093,R,R,R,R,R,D,R,D,R,R,R,D,D,R,D,R
7094,R,R,R,R,R,R,R,D,R,R,R,D,D,D,D,R
7095,R,R,R,R,R,R,D,D,D,R,D,D,D,D,R,R
7096,D,R,R,R,R,R,R,D,R,R,R,D,D,D,R,R
7097,D,D,R,R,R,R,R,D,D,R,R,D,D,D,R,R
7098,R,R,R,R,R,R,R,D,R,R,R,D,D,D,D,R
7099,D,R,R,R,R,R,R,R,R,R,R,D,D,R,R,R
7100,R,R,R,R,R,R,R,R,R,R,R,D,D,D,R,D
7101,R,R,R,R,R,R,R,R,D,R,R,D,D,R,R,R
7102,D,D,R,R,R,R,R,D,D,R,R,D,D,D,R,R
7103,R,D,R,R,R,R,R,D,D,R,R,D,D,D,R,R
7104,R,R,R,R,R,R,R,D,R,R,R,D,D,D,R,R
7105,R,R,R,R,R,R,R,D,R,R,R,D,R,D,D,R
7106,R,R,R,R,R,D,R,R,R,R,D,D,D,R,D,D
7107,D,R,R,R,R,R,R,R,D,R,R,D,D,D,R,R
7108,R,D,R,R,R,R,R,R,D,R,R,D,D,D,R,D
7109,D,D,R,R,R,R,R,D,D,R,R,D,D,R,D,R
7110,R,R,R,R,R,R,R,R,R,R,R,D,D,D,R,R
7111,D,D,D,R,R,D,R,D,D,D,D,D,D,D,D,D
7112,R,R,R,R,R,R,R,D,D,R,R,D,D,R,R,R
7113,R,R,R,R,R,R,R,D,D,R,R,D,D,D,R,R
7114,R,R,R,R,R,R,R,R,R,R,R,D,D,R,D,R
7115,R,D,R,R,R,D,R,R,D,R,R,D,D,R,R,D
7116,D,R,R,R,R,D,R,D,D,R,D,D,D,D,R,D
7117,R,R,R,R,R,D,R,R,R,R,R,R,D,R,R,D
7118,R,R,R,R,R,R,R,R,R,R,R,D,D,D,D,R
7119,R,R,R,R,R,R,R,D,D,R,D,D,D,R,R,R
7120,D,D,R,R,R,D,R,D,R,R,D,D,D,R,R,R
7121,R,R,R,R,R,R,R,D,D,R,R,D,D,D,D,R
7122,R,D,R,R,R,D,R,R,R,R,R,D,D,D,R,R
7123,R,R,R,R,R,R,R,R,R,R,R,D,D,R,R,R
7124,R,R,R,R,R,R,R,R,R,R,R,D,R,D,R,R
7125,R,R,R,R,R,D,R,R,D,R,R,D,D,R,R,R
7126,R,R,R,R,R,R,R,R,D,R,D,D,D,R,R,R
7127,R,R,R,R,R,R,R,R,R,R,R,D,D,D,R,R
7128,D,R,R,R,R,D,R,R,D,R,R,D,D,R,D,R
7129,R,R,R,R,R,R,R,R,D,R,D,D,D,D,R,R
7130,D,R,R,R,R,R,R,R,R,R,R,D,D,R,D,R
7131,R,R,R,R,R,R,R,D,D,R,R,D,D,D,R,R
7132,D,D,R,R,R,D,R,D,D,R,D,D,D,D,D,D
7133,D,R,R,R,D,R,R,D,R,R,R,D,D,D,R,D
7134,R,R,R,R,R,R,R,R,D,D,D,D,D,D,R,D
7135,D,R,R,R,R,D,R,D,D,R,D,D,D,D,R,D
7136,R,R,R,R,R,R,R,R,R,R,R,D,D,R,R,R
7137,D,R,R,R,R,D,R,R,D,R,D,D,D,R,D,R
7138,D,R,D,R,D,D,R,D,D,D,D,D,D,D,D,D
7139,D,R,R,R,R,D,R,D,R,R,D,D,D,R,R,D
7140,R,R,R,R,R,R,R,R,D,R,R,D,D,R,R,R
7141,R,R,R,R,R,R,R,R,D,R,R,D,D,R,D,R
7142,D,R,R,R,R,D,R,R,D,R,R,D,D,D,D,R
7143,R,R,R,R,R,D,R,D,R,R,D,D,D,R,D,R
7144,R,R,R,R,R,D,R,D,D,R,R,D,D,D,D,R
7145,R,R,R,R,R,R,R,D,R,R,D,D,D,D,R,R
7146,R,R,R,R,R,R,R,R,R,R,R,D,D,D,R,R
7147,R,R,R,R,R,D,R,R,D,R,D,D,D,R,D,D
7148,R,D,R,R,R,D,R,D,D,D,R,D,D,D,R,R
7149,R,D,R,R,R,D,R,R,D,R,R,D,D,D,D,D
7150,R,R,R,R,R,R,R,R,R,R,R,D,D,R,D,R
7151,D,D,R,R,R,D,R,R,D,R,D,D,D,R,R,D
7152,R,R,R,R,R,R,R,D,R,R,R,D,D,R,R,D
7153,D,R,R,R,R,R,R,R,D,R,R,D,D,R,D,R
7154,D,R,R,R,R,R,R,D,D,R,R,D,D,D,R,R
7155,R,D,D,R,R,R,R,R,D,R,R,D,D,R,D,R
7156,R,R,R,R,R,R,R,R,D,R,R,D,D,R,D,R
7157,R,D,R,R,R,R,R,D,D,R,R,D,D,D,R,R
7158,R,R,R,R,R,R,R,R,R,R,R,D,D,R,R,D
7159,R,R,R,R,R,R,R,R,R,R,R,D,D,D,R,R
7160,R,R,R,R,R,R,R,R,D,R,R,D,D,D,R,R
7161,D,R,R,R,R,R,R,R,D,R,R,D,D,D,R,R
7162,R,R,R,R,R,D,R,R,R,R,D,D,D,R,R,R
7163,R,R,R,R,R,R,R,R,R,R,R,D,D,R,R,R
7164,R,R,R,R,R,R,R,R,D,R,R,D,D,D,R,D
7165,D,R,R,R,R,R,R,R,R,R,R,D,D,R,R,R
7166,R,D,R,R,R,R,R,R,D,R,D,D,D,D,D,R
7167,D,R,R,R,R,D,R,D,D,R,R,D,D,R,R,R
7168,D,D,R,R,R,D,R,D,R,R,R,D,D,D,D,R
7169,R,R,R,R,R,R,R,D,D,R,R,D,D,R,R,D
7170,D,R,R,R,R,R,R,D,D,R,D,D,D,R,D,R
7171,R,D,D,R,R,D,D,D,D,D,R,D,D,D,D,D
7172,R,R,R,R,R,R,R,R,R,R,R,D,R,D,R,R
7173,D,R,R,R,R,R,R,R,D,R,R,D,D,D,R,D
7174,D,R,R,R,R,R,R,R,D,R,R,D,D,R,R,R
7175,D,R,D,R,R,D,D,D,D,D,D,D,D,D,D,R
7176,D,R,R,R,R,D,R,R,D,R,R,D,D,D,R,D
7177,R,R,R,R,R,R,R,R,D,R,R,D,D,R,D,R
7178,D,D,R,D,D,D,D,D,D,R,D,D,D,D,D,R
7179,D,R,R,R,R,R,R,R,D,R,D,D,D,D,R,R
7180,D,D,D,R,R,D,R,D,D,D,D,D,D,D,D,R
7181,D,D,D,R,D,D,D,D,D,R,D,D,D,D,D,D
7182,R,R,R,R,R,R,R,D,D,R,R,D,D,R,D,R
7183,R,R,R,R,R,D,R,R,D,R,R,D,D,R,D,D
7184,R,D,R,R,R,D,R,R,R,R,R,D,D,R,R,R
7185,D,R,R,R,R,D,R,R,R,R,D,D,D,R,R,R
7186,R,R,R,R,R,D,R,D,D,R,R,D,D,R,R,R
7187,R,R,R,R,R,D,R,D,D,R,D,D,D,D,D,R
7188,R,R,R,R,R,R,R,R,R,R,R,D,D,R,R,D
7189,D,R,R,R,R,R,R,R,R,R,D,D,D,R,D,D
7190,R,R,R,R,R,R,R,R,D,R,R,D,D,D,R,D
7191,R,R,R,R,R,D,R,R,R,R,R,D,D,R,D,R
7192,R,D,R,R,R,R,R,R,D,R,R,D,D,D,R,R
7193,D,D,R,R,R,D,R,R,R,R,R,D,D,R,D,R
7194,R,D,D,R,R,D,R,R,D,R,D,D,D,R,D,R
7195,R,R,R,R,R,R,R,D,D,R,R,D,D,D,R,R
7196,R,R,R,R,R,R,R,D,R,R,R,D,D,D,R,R
7197,D,D,R,R,D,D,D,D,D,D,D,D,D,D,D,D
7198,R,D,R,R,R,D,D,D,D,R,R,D,D,R,D,D
7199,R,R,R,R,R,R,R,R,R,R,R,D,D,D,R,R
7200,R,R,R,R,R,R,R,D,R,R,R,D,D,D,R,R
7201,D,R,R,R,D,D,R,R,R,R,D,D,D,R,R,R
7202,D,R,R,R,R,R,R,R,D,R,R,D,D,R,R,R
7203,R,R,R,R,R,R,R,R,R,R,R,D,R,D,D,R
7204,D,D,R,R,R,R,R,R,D,R,R,D,D,D,D,R
7205,R,R,R,R,R,D,R,D,R,R,D,D,D,D,D,R
7206,D,R,R,R,R,R,R,D,R,R,D,D,D,D,D,D
7207,R,R,R,R,R,R,R,R,D,R,R,D,D,R,R,R
7208,D,D,R,R,R,D,D,D,D,R,D,D,D,D,D,D
7209,D,D,R,R,D,R,D,D,D,R,D,D,D,D,D,D
7210,R,R,R,R,R,R,D,R,D,R,R,D,D,D,R,D
7211,D,R,R,R,R,R,D,R,D,R,R,D,D,D,D,D
7212,R,R,R,R,R,R,R,D,D,R,D,D,D,R,D,R
7213,R,R,R,R,R,D,R,D,D,R,R,D,D,D,R,R
7214,R,R,R,R,R,D,R,R,R,R,R,D,D,D,R,D
7215,D,R,R,R,R,R,R,D,D,R,R,D,D,D,R,D
7216,R,R,R,R,R,D,R,R,R,R,R,D,D,D,D,R
7217,D,D,R,R,D,D,D,D,D,D,D,D,D,D,D,D
7218,R,R,R,R,R,D,R,R,R,R,R,D,D,R,R,R
7219,R,R,R,R,R,R,R,R,D,R,D,D,D,R,R,R
7220,R,R,R,R,R,R,R,R,D,R,R,D,D,R,R,R
7221,D,D,D,R,R,D,D,D,D,D,D,D,D,D,D,D
7222,D,R,R,R,R,D,R,R,D,R,R,D,D,R,R,D
7223,R,R,R,R,R,R,R,R,R,R,R,D,D,D,R,R
7224,D,D,R,R,R,D,D,R,R,R,R,D,D,R,R,R
7225,R,R,R,R,R,R,R,R,D,R,R,D,D,D,D,R
7226,R,D,R,R,R,R,R,R,R,R,R,D,D,R,R,R
7227,D,D,R,R,D,D,D,R,D,R,D,D,D,D,D,D
7228,R,D,R,R,R,D,R,D,R,R,D,D,D,D,R,R
7229,D,R,R,R,R,D,R,R,R,R,D,D,D,D,D,D
7230,R,R,R,R,R,R,R,R,D,D,R,D,D,D,R,D
7231,D,D,D,R,D,D,D,D,D,R,D,D,D,D,D,D
7232,R,R,R,R,R,D,R,R,D,R,R,D,D,R,D,R
7233,R,D,R,R,R,R,R,D,D,R,D,D,D,D,R,R
7234,R,R,R,R,R,R,R,R,D,R,R,D,D,R,D,R
7235,R,R,R,R,R,R,R,R,D,R,R,D,D,R,D,R
7236,D,R,R,R,R,D,R,D,D,R,D,D,D,R,D,R
7237,D,D,D,R,D,D,D,D,D,D,D,D,D,D,D,D
7238,R,R,R,R,R,D,R,R,D,D,R,D,D,D,R,R
7239,R,R,R,R,R,D,R,R,D,R,R,D,D,D,D,R
7240,D,R,R,R,R,D,R,D,D,R,R,D,D,D,R,R
7241,R,R,R,R,R,R,R,R,D,R,D,D,D,D,R,R
7242,R,R,R,R,R,R,R,R,R,R,R,D,D,R,R,R
7243,R,R,R,R,R,R,R,R,R,R,R,D,D,R,D,R
7244,D,D,R,R,R,R,R,R,D,R,R,D,D,R,R,R
7245,R,R,R,R,R,R,R,R,D,R,D,D,D,R,R,R
7246,R,R,R,R,R,R,R,R,R,R,R,D,D,D,R,R
7247,R,R,R,R,R,D,R,D,D,R,R,D,D,D,R,D
7248,D,R,R,R,R,R,R,R,D,R,R,D,D,R,D,R
7249,R,R,R,R,R,D,D,D,D,R,D,D,D,D,D,D
7250,R,R,R,R,R,D,R,R,D,R,D,D,D,D,D,R
7251,R,D,R,R,R,R,R,D,D,R,R,D,D,R,R,D
7252,R,R,R,R,R,R,R,D,R,R,R,D,D,D,R,D
7253,D,D,R,D,R,D,D,R,D,R,R,D,D,D,D,D
7254,D,R,R,R,R,R,R,R,D,R,R,D,D,R,R,R
7255,R,R,R,R,R,D,R,D,D,R,R,D,D,R,R,D
7256,R,R,R,R,R,D,D,D,R,R,D,D,D,D,D,R
7257,D,D,R,R,R,R,R,R,D,R,R,D,D,R,R,R
7258,D,D,R,R,D,D,D,D,D,D,D,D,D,D,D,D
7259,R,R,R,R,R,R,D,D,D,R,R,D,D,D,R,R
7260,D,R,R,R,R,R,R,D,R,R,D,D,D,R,D,R
7261,R,D,R,R,R,D,R,D,R,R,R,D,D,D,R,R
7262,R,R,R,R,R,R,R,D,D,R,R,D,D,D,R,R
7263,D,D,D,R,R,D,D,D,D,R,D,D,D,D,D,D
7264,D,D,R,R,R,R,R,D,D,R,R,D,D,R,R,R
7265,R,D,R,R,R,D,R,D,D,R,R,D,D,D,D,R
7266,R,R,R,R,R,R,R,R,D,R,R,D,D,R,R,R
7267,D,D,D,R,D,D,D,D,D,R,D,D,D,D,D,D
7268,D,R,R,R,R,R,R,D,R,R,R,D,D,D,D,R
7269,R,R,R,R,R,D,D,D,R,R,R,D,D,R,R,R
7270,R,R,R,R,R,R,R,R,R,R,D,D,D,D,R,R
7271,R,R,R,R,R,R,R,R,D,R,D,D,D,D,R,R
7272,R,R,R,R,R,R,D,D,D,R,D,D,D,D,R,R
7273,D,R,R,R,R,D,R,D,D,R,D,D,D,D,D,R
7274,R,R,R,R,R,R,D,R,R,R,R,D,D,D,R,R
7275,D,D,R,R,D,D,R,D,D,D,R,D,D,D,D,D
7276,D,R,D,R,R,D,R,D,D,R,R,D,D,R,R,R
7277,D,D,R,R,R,D,R,R,D,R,R,D,D,D,D,D
7278,R,R,R,R,R,D,R,R,D,R,D,D,D,D,R,D
7279,D,R,D,R,D,D,R,D,D,R,D,D,D,D,D,D
7280,R,D,D,R,D,D,D,D,R,D,D,D,D,D,D,R
7281,R,D,R,R,R,D,R,D,R,R,R,D,D,R,R,D
7282,R,R,R,R,R,R,R,R,R,R,D,D,D,R,R,R
7283,R,R,R,R,R,R,R,D,D,R,D,D,D,R,D,R
7284,D,R,R,R,R,D,D,D,D,R,D,D,D,D,D,D
7285,R,R,R,R,R,R,R,R,D,D,R,D,D,R,R,R
7286,R,R,R,R,R,R,R,R,R,R,R,D,D,R,R,R
7287,R,R,R,R,R,R,R,D,D,R,R,D,D,D,D,R
7288,D,R,R,R,R,R,R,R,D,R,R,D,R,D,R,R
7289,D,D,R,R,R,R,R,D,R,R,D,D,D,D,D,R
7290,D,D,R,R,R,D,R,D,R,R,R,D,D,R,D,D
7291,R,R,R,R,R,R,R,R,R,R,R,D,D,R,R,R
7292,R,R,R,R,R,D,R,R,D,R,R,D,D,R,R,R
7293,R,D,R,R,R,R,R,R,D,R,D,D,D,R,D,D
7294,R,R,R,R,R,R,R,R,D,R,R,D,D,R,R,D
7295,R,D,R,R,R,R,R,R,D,R,R,D,D,D,D,R
7296,D,D,R,R,R,D,D,D,D,R,D,D,D,D,D,D
7297,R,D,R,R,R,R,R,D,D,R,R,D,D,R,D,R
7298,R,R,R,R,R,R,R,R,D,R,R,D,D,R,R,R
7299,R,R,R,R,R,R,D,R,R,R,R,D,R,R,R,D
7300,D,R,R,R,R,R,R,D,D,R,R,D,D,R,R,D
7301,R,R,R,R,R,R,R,R,D,R,R,D,D,R,R,R
7302,R,R,R,R,R,R,R,R,R,R,R,D,D,R,R,D
7303,D,D,D,R,R,R,R,R,D,R,D,D,D,D,R,D
7304,R,R,R,R,R,R,R,R,R,R,D,D,D,D,D,R
7305,R,R,R,R,R,R,R,R,R,R,R,D,D,R,R,R
7306,D,D,D,R,R,D,R,D,D,D,R,D,D,D,D,D
7307,R,R,R,R,R,D,R,R,D,R,D,D,D,D,R,R
7308,R,R,R,R,R,R,R,R,D,R,D,D,D,R,R,R
7309,R,R,R,R,R,D,R,D,R,R,R,D,D,R,R,R
7310,R,D,R,R,R,R,R,D,R,R,R,D,D,R,D,R
7311,R,R,R,R,R,D,D,D,D,R,R,D,D,D,D,R
7312,R,R,R,R,R,R,R,R,D,R,R,D,D,R,R,R
7313,R,R,R,R,R,R,R,R,D,R,R,D,D,R,R,R
7314,D,R,R,R,R,R,R,R,R,R,R,D,D,D,R,R
7315,R,R,R,R,R,D,D,D,D,R,R,D,D,D,D,D
7316,R,D,R,R,R,R,R,R,D,R,R,D,D,D,D,R
7317,D,R,R,R,R,D,R,R,R,R,D,D,D,R,D,D
7318,R,R,R,R,R,R,R,D,D,R,R,D,D,D,D,R
7319,D,R,R,R,R,R,R,R,D,R,D,D,D,D,D,D
7320,D,D,D,R,R,D,D,D,D,R,D,D,D,D,D,D
7321,R,R,R,R,R,D,R,R,R,R,R,D,D,D,R,R
7322,R,R,R,R,R,D,R,D,D,R,R,D,D,D,R,R
7323,R,R,R,R,R,R,R,D,R,R,R,D,D,R,R,R
7324,R,D,R,R,R,D,R,D,D,R,R,D,D,D,R,D
7325,R,R,R,R,R,R,R,R,R,R,R,D,D,R,R,R
7326,D,D,R,R,R,R,R,R,R,D,D,D,D,R,R,R
7327,R,R,R,R,R,R,R,D,R,R,R,D,D,R,R,R
7328,R,R,R,R,R,R,R,D,D,R,D,D,R,R,D,R
7329,R,R,R,R,R,R,R,D,D,R,R,D,D,D,R,R
7330,R,R,R,R,R,R,R,D,D,R,R,D,D,D,R,R
7331,R,R,D,R,R,R,R,D,D,R,R,D,D,D,R,R
7332,D,R,R,R,R,R,R,D,R,D,D,D,D,R,R,R
7333,R,D,R,R,R,R,R,D,R,R,R,D,D,R,D,R
7334,R,D,D,R,R,D,R,D,D,D,D,D,D,D,D,D
7335,R,R,R,R,R,R,R,D,R,R,R,D,D,D,D,D
7336,R,D,R,R,R,R,R,D,D,R,R,D,D,D,R,R
7337,R,R,R,R,R,R,R,D,R,R,R,D,D,D,R,D
7338,R,R,R,R,R,R,R,D,D,R,D,D,D,D,R,R
7339,D,D,D,R,R,D,D,D,D,D,D,D,D,D,D,D
7340,R,R,R,R,R,D,D,D,D,R,R,D,D,R,D,D
7341,D,D,D,R,D,D,R,D,D,D,D,D,D,D,D,D
7342,R,R,R,R,R,R,R,D,D,R,R,D,D,D,D,R
7343,R,R,R,R,R,D,R,D,D,R,R,D,D,R,D,D
7344,R,R,R,R,R,R,D,R,R,R,R,D,D,R,R,R
7345,D,D,D,D,D,D,R,R,D,R,D,D,D,D,D,R
7346,R,R,R,R,R,R,R,R,D,R,R,D,D,D,R,R
7347,D,R,R,R,R,D,R,D,D,R,R,D,D,D,R,D
7348,R,R,R,R,R,R,R,R,R,R,R,D,D,R,D,R
7349,R,R,R,R,R,D,R,R,R,R,R,D,D,D,R,R
7350,R,R,R,R,R,R,R,D,D,R,D,D,D,R,D,R
7351,D,D,D,R,R,D,R,D,D,D,R,D,D,D,D,D
7352,R,R,R,R,R,R,R,R,D,R,D,D,D,R,R,R
7353,R,R,R,R,R,D,R,D,D,R,R,D,D,R,D,R
7354,R,D,R,R,R,R,R,R,D,R,R,D,D,D,R,R
7355,D,R,R,R,R,R,R,R,D,R,R,D,D,D,R,R
7356,R,R,R,R,R,R,R,R,R,R,D,D,D,R,R,R
7357,R,R,R,R,D,R,D,D,D,R,R,D,D,D,D,R
7358,R,R,R,R,R,R,R,R,R,R,R,D,R,R,R,D
7359,R,R,R,R,R,R,R,R,R,R,R,D,D,R,R,R
7360,R,R,R,R,R,D,R,D,D,R,R,D,D,D,D,R
7361,R,D,R,R,R,R,R,R,D,R,R,D,D,R,R,R
7362,R,R,R,R,R,D,R,R,D,R,R,D,D,R,D,R
7363,D,R,R,R,R,R,R,R,R,D,R,D,D,R,R,R
7364,D,D,R,R,R,D,R,R,D,R,R,D,D,D,D,R
7365,R,R,R,R,R,R,R,R,R,R,R,D,D,R,R,R
7366,R,R,R,R,R,R,R,R,D,R,R,D,D,D,D,R
7367,R,R,R,R,R,R,R,R,D,R,R,D,D,R,D,R
7368,R,R,R,R,R,R,R,R,R,R,R,D,D,R,R,R
7369,D,R,D,R,R,D,R,D,D,D,D,D,D,R,D,D
7370,R,R,R,R,R,R,R,D,D,R,R,D,D,R,R,R
7371,D,D,R,R,R,D,D,D,D,R,D,D,D,D,D,D
7372,D,R,R,R,R,D,R,R,D,R,D,D,D,D,D,D
7373,R,D,R,R,R,R,R,R,D,R,R,R,D,R,R,R
7374,R,R,R,R,R,D,R,R,D,R,R,D,D,R,R,R
7375,R,R,R,R,R,D,R,D,D,R,R,D,D,D,R,D
7376,D,D,D,R,R,D,D,D,R,R,D,D,D,D,D,D
7377,D,D,R,D,D,R,D,D,D,R,D,D,D,D,D,D
7378,R,D,R,R,R,R,R,R,R,R,R,D,D,R,R,R
7379,R,R,R,R,R,D,R,R,D,R,R,D,D,D,R,D
7380,R,R,R,R,R,R,D,R,D,R,R,D,D,D,R,D
7381,D,D,R,R,R,D,R,D,D,R,R,D,D,D,R,R
7382,R,R,R,R,R,D,R,R,D,R,R,D,D,D,D,R
7383,R,D,R,D,R,D,D,D,D,D,D,D,D,D,D,D
7384,R,D,D,R,R,D,R,D,D,R,D,D,D,D,D,D
7385,R,D,R,R,R,D,D,D,D,D,D,D,D,D,D,D
7386,R,R,R,R,R,R,R,R,R,R,R,D,D,R,R,R
7387,R,R,R,R,R,R,R,R,D,R,R,D,R,R,R,R
7388,R,R,R,R,R,R,R,D,D,R,D,D,D,D,D,R
7389,D,R,R,R,R,R,R,R,D,R,D,D,D,R,D,R
7390,R,R,R,R,R,R,R,R,R,R,R,D,D,R,R,R
7391,R,D,R,R,R,D,R,D,D,R,R,D,D,R,R,D
7392,D,D,R,R,R,D,R,D,D,D,D,D,D,D,R,D
7393,R,R,R,R,R,R,R,D,D,R,R,D,D,D,R,R
7394,R,D,R,R,R,R,R,R,D,R,R,D,D,R,R,R
7395,R,R,R,R,R,R,R,D,D,R,D,D,D,D,D,R
7396,D,R,R,R,R,R,R,D,D,R,D,D,D,D,R,R
7397,R,R,R,R,R,R,R,D,R,R,D,D,D,R,D,D
7398,R,R,R,R,R,R,R,R,R,D,R,D,D,D,R,R
7399,R,R,R,R,R,R,R,R,R,R,R,D,R,R,R,R
7400,R,D,R,R,R,D,D,R,R,R,R,D,D,D,R,D
7401,R,D,D,R,R,R,R,R,D,R,D,D,D,R,R,D
7402,R,R,R,R,R,D,R,D,R,R,R,D,D,D,D,R
7403,D,R,R,R,R,R,R,D,R,R,R,D,D,D,D,R
7404,R,R,R,R,R,R,R,D,D,R,R,D,R,D,R,R
7405,R,R,R,R,R,R,R,D,D,R,R,D,D,R,R,R
7406,R,R,R,R,R,R,R,D,R,R,R,D,D,D,R,R
7407,R,R,R,R,R,D,D,D,D,R,D,D,D,R,D,D
7408,R,R,R,R,R,R,R,R,R,R,R,D,D,R,R,R
7409,R,R,R,R,R,R,R,R,D,R,R,D,D,D,R,R
7410,R,R,R,R,R,D,R,R,R,R,R,D,D,R,D,D
7411,R,D,R,R,R,D,R,R,D,R,D,D,D,D,D,R
7412,R,R,R,R,R,R,D,R,D,R,D,D,D,D,D,R
7413,D,D,D,R,D,D,D,D,D,D,D,D,D,D,D,R
7414,R,R,R,R,R,R,R,R,D,D,R,D,D,R,R,R
7415,R,R,R,R,R,R,R,R,R,R,R,D,D,R,D,R
7416,R,R,R,R,R,D,R,D,R,R,D,D,D,D,R,D
7417,R,R,R,R,R,D,R,R,R,R,R,D,D,D,R,R
7418,D,R,R,R,R,R,R,D,D,R,R,D,D,R,R,R
7419,R,D,R,R,R,R,R,D,D,R,D,D,D,D,R,R
7420,D,D,R,R,R,D,D,D,D,R,D,D,D,D,D,D
7421,R,R,R,R,R,R,R,D,D,R,R,D,D,D,R,D
7422,R,D,R,R,R,D,R,D,D,R,R,D,D,R,R,R
7423,R,R,R,R,R,R,R,R,R,R,R,D,D,R,R,R
7424,R,R,R,R,R,R,R,R,R,R,R,D,D,R,R,D
7425,R,D,R,R,R,D,R,D,R,R,R,D,D,R,D,R
7426,R,R,R,R,R,D,R,R,R,R,D,D,D,R,R,D
7427,D,D,D,R,D,D,R,D,D,D,D,D,D,D,R,D
7428,R,D,R,R,R,D,R,R,D,R,D,D,D,D,R,R
7429,R,R,R,R,R,R,R,R,R,R,R,D,D,D,R,D
7430,R,D,R,R,R,D,D,D,D,R,R,D,D,R,R,R
7431,D,R,R,R,R,D,R,D,R,R,R,D,D,R,D,D
7432,R,R,R,R,R,D,R,R,D,R,D,D,D,R,R,R
7433,R,R,R,R,R,R,R,R,D,R,R,D,D,R,D,R
7434,R,R,R,R,R,R,R,D,R,R,D,D,D,D,R,R
7435,R,R,R,R,R,R,R,R,R,R,R,D,D,R,R,R
7436,D,R,R,R,R,R,R,D,R,D,R,D,D,R,R,R
7437,D,D,R,R,R,R,R,D,D,R,R,D,D,R,D,R
7438,D,D,R,R,R,D,D,R,D,R,R,D,D,D,R,R
7439,D,R,R,R,R,D,R,R,D,R,D,D,D,D,R,R
7440,R,R,R,R,R,D,R,R,R,R,R,D,D,D,R,D
7441,D,D,R,R,R,D,R,R,R,R,R,D,D,R,R,D
7442,D,R,R,R,R,R,R,R,D,R,R,D,D,R,D,D
7443,R,D,R,R,R,D,R,R,D,R,R,D,D,D,R,R
7444,D,D,R,R,R,D,R,D,D,D,D,D,D,D,D,R
7445,D,R,R,R,R,R,D,D,D,R,D,D,D,D,D,R
7446,R,R,R,R,D,D,R,R,D,R,R,D,D,R,D,R
7447,R,R,R,R,R,R,R,R,R,R,R,D,D,D,R,R
7448,R,D,R,R,D,D,D,D,D,D,D,D,D,D,D,D
7449,R,D,R,R,R,R,R,R,D,R,D,D,D,D,D,R
7450,D,R,R,R,R,R,D,D,R,R,R,D,D,R,D,R
7451,D,R,R,R,R,D,R,D,D,R,R,D,D,R,D,R
7452,R,R,R,R,R,R,R,D,R,R,D,D,D,D,D,R
7453,R,R,R,R,R,R,R,R,R,R,R,D,D,D,R,R
7454,R,D,R,R,R,D,R,R,D,R,R,D,D,D,D,R
7455,D,D,R,R,R,D,R,D,D,D,D,D,D,D,R,D
7456,D,R,R,R,R,D,D,D,D,R,R,D,D,D,R,D
7457,R,R,D,R,R,R,R,D,D,R,R,D,D,D,R,R
7458,D,D,R,R,R,R,R,R,R,R,D,D,D,D,R,R
7459,R,D,R,R,R,R,R,R,D,R,R,D,D,D,D,D
7460,D,D,D,R,D,D,R,D,D,R,D,D,D,D,D,D
7461,R,R,R,R,R,R,R,R,R,R,D,D,D,R,R,R
7462,R,R,R,R,R,R,R,D,D,R,R,D,D,D,D,D
7463,R,R,R,R,R,D,R,D,D,R,D,D,D,R,D,R
7464,R,R,R,R,R,R,R,R,R,R,D,D,D,D,R,R
7465,R,R,R,R,R,D,R,R,R,R,D,D,D,D,D,D
7466,D,R,R,R,R,R,D,D,D,R,D,D,D,R,D,D
7467,R,R,R,R,R,D,R,R,R,R,D,D,D,R,R,R
7468,D,R,R,R,R,D,D,D,D,D,D,D,D,D,D,D
7469,R,D,R,R,R,R,R,R,R,R,R,D,D,D,D,D
7470,D,R,R,R,R,R,D,R,D,R,D,D,D,R,R,R
7471,R,R,R,R,R,R,R,R,D,R,R,D,D,R,R,R
7472,D,D,R,R,R,R,R,R,R,R,D,D,D,D,R,D
7473,R,R,R,R,R,D,R,D,R,R,R,D,D,R,R,R
7474,D,R,R,R,R,R,R,D,D,R,D,D,D,D,R,R
7475,R,R,R,R,R,R,R,R,R,R,D,D,D,R,R,R
7476,R,D,R,R,R,R,R,R,R,R,R,D,D,R,R,D
7477,R,R,R,R,R,D,R,R,R,R,R,D,D,R,R,R
7478,D,R,R,R,R,D,R,D,D,R,R,D,D,D,R,R
7479,R,R,R,R,R,R,R,D,D,R,R,D,D,R,D,R
7480,R,R,R,R,R,D,R,R,D,R,D,D,D,D,R,R
7481,D,D,R,R,R,D,D,D,D,R,D,D,D,D,D,D
7482,R,R,R,R,R,R,R,R,R,R,R,D,D,D,R,D
7483,D,R,R,R,R,R,R,R,D,R,R,D,D,R,D,R
7484,R,D,R,R,D,R,R,D,D,R,D,D,D,D,D,R
7485,D,R,R,R,R,R,R,D,D,R,R,D,D,D,R,R
7486,R,R,R,R,R,R,R,D,D,R,R,D,D,R,D,R
7487,R,R,R,R,R,R,R,D,D,R,R,D,D,D,D,R
7488,R,R,R,R,R,R,R,D,D,R,R,D,D,R,D,R
7489,R,R,R,R,R,R,R,R,D,R,R,D,D,R,R,R
7490,D,R,R,R,R,R,R,R,D,R,R,D,D,R,R,R
7491,R,R,R,R,R,D,R,R,D,R,R,D,D,R,R,D
7492,D,D,R,R,R,D,D,D,D,D,D,D,D,D,D,D
7493,D,R,R,R,R,R,D,R,R,R,D,D,D,D,R,R
7494,D,D,D,R,R,D,D,D,D,R,D,D,D,D,D,D
7495,R,R,R,R,R,R,R,R,R,R,R,D,D,R,R,R
7496,R,R,R,R,R,R,R,D,D,R,R,D,D,R,R,D
7497,D,D,D,R,R,D,D,D,D,R,D,D,D,D,D,D
7498,R,D,R,R,R,D,R,R,D,R,R,D,D,D,D,R
7499,D,R,R,R,R,D,R,D,D,R,D,D,D,D,D,R
7500,R,D,R,R,R,R,R,D,D,D,R,D,D,D,R,R
7501,R,R,R,R,R,R,R,R,D,R,R,D,D,D,R,R
7502,R,R,R,R,R,R,R,D,R,R,R,D,D,R,D,R
7503,R,D,R,R,R,R,R,R,R,R,R,D,D,R,R,R
7504,R,R,R,R,R,R,R,R,R,R,D,D,D,R,D,R
7505,D,R,R,R,D,D,R,R,D,R,R,D,D,D,R,D
7506,R,R,R,R,R,D,R,R,R,R,D,D,D,R,D,R
7507,D,D,R,R,R,R,R,R,D,R,R,D,D,R,D,R
7508,D,R,R,R,R,R,R,D,D,R,R,D,D,R,D,R
7509,R,R,R,R,R,R,R,R,D,R,R,D,R,R,D,D
7510,R,R,R,R,R,R,R,D,D,R,R,D,D,R,D,R
7511,R,D,R,R,R,R,R,R,D,R,D,D,D,R,R,R
7512,R,R,R,R,R,R,R,R,D,R,R,D,D,D,R,R
7513,R,R,R,R,R,R,R,R,D,R,R,R,D,R,R,R
7514,R,R,R,R,R,R,R,R,D,R,R,D,D,R,R,R
7515,D,R,R,R,R,R,R,R,R,R,R,D,D,R,D,R
7516,R,R,R,R,R,R,R,R,D,R,D,D,D,R,R,R
7517,D,D,R,R,R,D,R,D,D,D,D,D,D,D,D,D
7518,R,D,R,R,R,R,R,R,R,R,R,D,D,R,R,R
7519,R,D,R,R,R,R,R,R,R,R,R,D,D,R,R,R
7520,D,D,R,R,R,D,R,R,D,R,R,D,D,D,D,R
7521,R,R,R,R,R,R,R,R,R,R,R,D,D,D,R,R
7522,D,R,R,R,R,D,D,D,D,R,D,D,D,D,R,D
7523,R,R,R,R,R,R,R,R,R,R,R,D,D,R,R,D
7524,R,R,R,R,R,D,R,R,D,R,R,D,D,R,R,R
7525,D,R,R,R,R,D,R,D,R,R,R,D,D,D,R,D
7526,R,D,R,R,R,R,R,D,R,R,R,D,D,D,D,R
7527,D,D,R,R,R,R,R,R,D,R,R,D,D,R,R,R
7528,R,R,R,R,R,R,R,D,R,R,R,D,D,R,R,R
7529,D,R,R,R,R,R,D,R,R,R,R,D,D,D,R,R
7530,D,D,R,R,R,D,D,D,D,R,D,D,D,D,D,D
7531,D,R,R,R,R,R,R,R,R,R,R,D,D,D,R,R
7532,R,D,R,R,D,D,R,D,D,R,R,D,D,R,D,R
7533,R,R,R,R,R,R,R,D,R,R,R,D,D,D,D,R
7534,R,R,R,R,R,R,R,R,D,R,R,D,D,D,R,R
7535,R,R,R,R,R,R,R,D,D,R,D,D,D,D,D,R
7536,R,D,R,R,R,D,R,R,D,R,R,D,D,D,R,R
7537,R,D,R,R,R,R,R,D,D,R,R,D,D,R,D,D
7538,D,D,D,R,R,D,D,D,D,D,R,D,D,D,D,D
7539,R,R,R,R,R,D,R,D,D,R,R,D,D,R,R,R
7540,R,R,R,R,R,D,R,D,D,R,R,D,D,D,R,R
7541,R,R,R,R,R,R,R,R,D,R,R,D,R,R,R,R
7542,R,R,R,R,R,R,R,D,R,R,D,D,D,R,D,R
7543,D,D,R,R,R,R,R,R,D,R,D,D,D,R,R,R
7544,R,R,R,R,R,R,R,R,D,R,R,D,D,R,R,D
7545,D,D,R,R,R,D,R,R,R,R,D,D,D,R,R,R
7546,D,D,R,R,R,D,D,D,D,R,D,D,D,R,D,D
7547,D,D,D,R,R,D,D,D,D,D,D,D,D,D,D,D
7548,D,R,R,D,R,D,D,D,D,R,R,D,D,D,D,R
7549,R,R,R,R,R,R,R,R,D,R,R,D,D,R,R,R
7550,R,R,R,R,R,R,R,R,R,R,R,D,D,D,D,R
7551,R,R,R,R,R,R,R,R,R,R,R,D,D,D,R,R
7552,R,R,R,R,R,R,R,D,D,R,D,D,D,R,R,R
7553,R,R,R,R,R,R,R,R,R,R,R,D,D,R,D,R
7554,R,R,R,R,R,R,R,R,R,R,R,D,D,R,R,D
7555,D,R,R,R,R,R,D,R,R,R,R,D,D,R,R,R
7556,R,R,R,R,R,R,R,D,R,R,R,D,D,R,R,R
7557,D,D,R,R,R,D,R,D,D,R,D,D,D,D,D,D
7558,D,R,R,R,R,R,R,R,D,R,R,D,D,R,R,R
7559,R,R,R,R,R,D,R,D,D,R,R,D,D,D,D,R
7560,R,R,R,R,R,D,R,R,R,R,D,D,D,R,D,R
7561,R,D,R,R,R,R,R,R,D,R,R,D,D,R,R,R
7562,D,D,R,D,D,R,R,D,D,D,D,D,D,D,D,D
7563,R,R,R,R,D,R,R,R,R,R,R,D,D,R,D,R
7564,R,R,R,R,R,R,R,R,D,R,R,D,D,R,R,R
7565,D,R,D,R,R,D,D,D,D,R,D,D,D,D,D,D
7566,R,R,R,R,R,D,R,R,R,R,R,D,D,D,R,R
7567,R,D,R,R,R,D,R,D,R,R,R,D,D,D,R,D
7568,R,R,D,R,R,R,R,R,D,R,R,D,D,D,R,R
7569,R,D,R,R,R,R,R,R,R,R,R,D,D,D,R,R
7570,R,R,R,R,R,D,R,D,D,R,R,D,D,D,D,D
7571,R,R,R,R,R,D,R,R,D,D,R,D,D,D,R,R
7572,R,R,R,R,R,R,R,R,R,R,R,D,D,D,R,R
7573,D,R,R,R,R,R,R,D,D,R,R,D,D,D,D,R
7574,D,R,R,R,R,R,R,R,R,R,R,D,D,R,R,D
7575,D,R,R,R,R,D,D,R,D,R,D,D,D,D,D,D
7576,R,R,R,R,R,D,R,D,D,R,R,D,R,R,R,D
7577,D,D,R,R,R,D,R,D,D,R,D,D,D,D,D,D
7578,D,R,R,R,D,D,R,D,D,R,D,D,D,D,D,R
7579,D,R,R,R,R,R,R,R,D,R,D,D,D,R,R,D
7580,R,D,R,R,R,R,R,D,D,D,R,D,D,D,D,D
7581,R,R,R,R,R,D,R,R,D,R,R,D,D,D,D,D
7582,D,D,D,R,R,D,R,D,D,R,D,D,D,D,D,D
7583,D,D,R,R,R,D,R,D,D,R,R,D,D,R,D,D
7584,D,R,R,R,R,D,R,D,D,R,D,D,D,D,R,R
7585,D,R,R,R,R,R,R,R,D,R,R,D,D,D,R,R
7586,D,D,D,R,R,D,D,D,D,D,D,D,D,D,D,D
7587,R,R,R,R,R,R,R,R,D,R,R,D,R,R,R,R
7588,D,D,R,R,R,D,R,R,R,R,R,D,D,D,R,D
7589,R,R,R,R,R,D,R,R,D,R,R,D,D,R,R,R
7590,R,R,R,R,R,R,R,R,D,R,R,D,D,R,R,R
7591,D,D,R,R,R,R,R,R,D,R,D,D,D,R,R,R
7592,D,D,R,R,R,R,R,R,D,R,R,D,D,R,R,R
7593,R,R,R,R,R,R,R,D,R,R,R,D,D,D,R,R
7594,R,D,R,R,R,D,D,R,R,R,R,D,D,D,D,R
7595,R,D,D,R,R,D,D,D,D,D,D,D,D,D,D,D
7596,D,R,R,R,R,R,R,D,D,R,R,D,D,D,R,D
7597,D,D,D,R,D,D,D,D,D,R,R,D,D,D,D,D
7598,D,R,R,R,R,D,D,D,D,R,D,D,D,R,D,D
7599,R,R,R,R,R,D,R,D,R,R,D,D,D,R,D,R
7600,D,D,R,R,D,D,D,D,D,R,D,D,D,D,D,D
7601,D,R,R,R,R,D,R,R,R,R,D,D,D,R,D,R
7602,D,R,R,R,R,D,R,R,D,R,R,D,D,D,D,D
7603,D,R,R,R,R,R,R,R,R,R,D,D,D,R,R,R
7604,D,D,D,R,R,D,R,D,D,R,D,D,D,D,D,D
7605,R,R,R,R,R,R,D,R,D,R,R,D,D,D,D,R
7606,R,D,R,R,R,R,R,R,D,R,R,D,D,R,R,D
7607,D,D,R,R,R,R,R,R,R,R,R,D,D,R,D,R
7608,R,D,R,R,R,R,R,R,R,R,D,D,D,D,R,R
7609,R,R,R,R,R,D,R,R,D,R,R,D,D,R,R,R
7610,D,R,R,R,R,R,R,D,D,R,R,D,D,D,D,D
7611,D,D,D,R,R,D,R,R,D,D,D,D,D,D,D,D
7612,R,R,R,R,R,R,R,D,D,R,R,D,D,D,R,R
7613,R,R,R,R,R,R,R,D,R,R,D,D,D,R,D,R
7614,D,D,R,R,D,D,D,D,D,R,R,D,D,D,D,D
7615,D,R,R,R,R,R,R,R,R,R,R,D,D,R,D,R
7616,R,R,R,R,R,R,R,R,R,R,R,D,D,R,R,R
7617,R,R,R,R,R,R,R,R,R,R,D,D,D,D,D,R
7618,R,R,R,R,R,R,R,D,D,R,D,D,D,R,R,R
7619,R,R,R,R,R,D,R,D,D,R,R,D,D,D,R,R
7620,D,D,D,R,D,D,R,D,D,R,D,D,D,D,D,D
7621,R,R,R,R,R,D,R,R,D,R,D,D,D,D,D,D
7622,D,R,R,R,R,R,R,R,R,R,R,D,D,D,D,R
7623,D,D,R,R,R,R,R,R,D,R,R,D,D,D,R,D
7624,R,R,R,R,R,R,R,R,R,R,D,D,D,R,R,R
7625,R,D,R,R,R,D,R,D,R,R,R,D,D,R,R,R
7626,R,R,R,R,R,R,R,R,R,R,R,D,D,R,R,R
7627,R,R,R,R,R,R,R,R,R,R,R,D,D,R,R,R
7628,R,R,R,R,R,R,R,D,D,R,R,D,D,D,R,R
7629,R,D,R,R,R,R,R,D,R,R,R,D,D,D,D,D
7630,R,R,R,R,R,R,R,R,R,R,R,D,D,R,R,R
7631,D,D,D,R,D,D,D,D,D,R,D,D,D,D,R,D
7632,R,R,R,R,R,R,R,D,R,R,R,D,D,R,D,R
7633,R,D,D,R,D,D,R,R,D,R,D,D,D,D,D,R
7634,R,R,R,R,R,R,R,R,D,R,R,D,D,D,D,R
7635,R,R,R,R,R,R,R,R,R,R,R,D,D,R,R,R
7636,R,D,R,R,R,R,R,R,D,R,R,D,D,D,R,R
7637,R,R,R,R,R,R,R,R,R,R,D,D,D,D,D,D
7638,R,R,R,R,R,R,R,D,R,R,R,D,D,D,R,R
7639,R,R,R,R,R,R,R,R,D,R,R,D,D,D,R,R
7640,R,D,R,R,R,R,R,R,R,R,R,D,D,D,R,R
7641,D,D,R,R,R,D,D,R,D,R,D,D,D,D,D,R
7642,D,R,R,R,R,D,R,R,D,R,R,D,D,D,D,R
7643,R,R,R,R,R,R,R,R,R,R,R,D,D,D,R,R
7644,R,D,R,R,R,R,R,R,R,R,R,D,D,R,R,R
7645,R,D,R,R,R,R,R,D,D,R,R,D,D,D,D,D
7646,R,R,R,R,R,R,R,R,D,R,R,D,D,R,R,R
7647,D,R,R,R,R,R,R,R,D,R,R,D,D,D,D,R
7648,D,D,D,D,R,D,R,D,D,D,D,D,D,D,D,D
7649,D,R,R,R,R,R,R,R,R,R,R,D,D,D,R,R
7650,R,R,R,R,R,R,R,D,R,R,R,D,D,R,R,R
7651,R,R,R,R,R,R,R,R,D,R,R,D,D,R,R,R
7652,R,R,R,R,R,R,R,R,D,R,R,D,D,R,D,D
7653,R,R,R,R,R,R,R,D,D,R,D,D,D,D,D,R
7654,R,D,R,R,R,R,R,R,D,R,D,D,D,R,D,R
7655,R,R,R,R,R,D,R,D,D,R,R,D,D,D,D,R
7656,D,R,R,R,R,D,R,R,D,R,R,D,D,R,D,D
7657,R,R,R,R,R,R,R,R,D,R,R,D,D,R,R,R
7658,R,D,R,R,R,D,D,D,D,R,R,D,D,R,R,R
7659,D,D,R,R,D,D,D,D,D,D,D,D,D,R,D,D
7660,D,R,R,R,R,R,D,R,D,R,R,D,D,D,R,R
7661,R,R,R,R,R,D,R,D,R,R,R,D,D,R,R,R
7662,D,D,R,R,R,D,D,D,D,R,D,D,D,D,D,D
7663,R,R,R,R,R,R,R,R,R,R,R,D,D,R,R,R
7664,R,R,R,R,R,R,R,R,R,R,R,D,D,D,R,R
7665,R,R,R,R,R,D,R,R,D,R,R,D,R,R,R,D
7666,D,D,D,R,R,D,D,D,D,D,D,D,D,D,D,D
7667,R,R,R,R,R,R,R,R,R,R,R,D,D,R,R,R
7668,R,R,R,R,R,R,R,D,R,R,R,D,D,R,D,R
7669,R,R,R,R,R,R,R,D,R,D,R,D,D,D,D,R
7670,D,D,R,R,R,D,R,D,D,R,D,D,D,D,D,D
7671,R,R,R,R,R,R,R,R,R,R,R,D,D,R,D,R
7672,R,R,R,R,R,R,R,D,D,R,R,D,D,R,D,R
7673,R,R,R,R,R,R,R,R,D,R,R,D,D,D,R,R
7674,R,R,R,R,R,R,R,R,R,R,R,D,D,R,R,R
7675,R,R,R,R,R,R,R,D,R,R,R,D,D,R,R,R
7676,D,R,R,R,R,R,R,R,D,R,R,D,D,R,R,R
7677,D,R,R,R,R,R,R,D,D,R,D,D,D,R,D,R
7678,R,R,R,R,R,R,R,R,D,D,R,D,D,D,R,R
7679,R,R,R,R,R,R,R,R,R,R,R,D,R,R,D,R
7680,D,D,R,R,R,D,D,D,D,D,D,D,D,D,D,D
7681,R,R,R,R,R,R,R,R,R,R,R,D,D,R,R,R
7682,D,R,R,R,D,D,D,D,D,D,D,D,D,D,D,D
7683,R,R,R,R,R,R,R,R,R,R,R,D,D,D,R,R
7684,D,D,R,R,R,D,R,R,R,R,R,D,D,D,R,D
7685,R,D,R,R,R,R,R,R,R,R,R,D,D,R,R,R
7686,D,D,D,R,D,D,D,D,D,D,D,D,D,D,D,D
7687,D,R,R,R,R,D,R,R,R,R,D,D,D,D,R,R
7688,D,D,D,R,R,D,R,D,D,R,D,D,D,D,D,R
7689,R,R,R,R,R,R,R,D,D,R,R,D,D,D,D,R
7690,R,D,R,R,R,R,R,D,R,R,D,D,D,R,R,R
7691,D,D,R,R,R,R,R,R,D,R,R,D,D,R,R,D
7692,D,R,R,R,R,D,R,R,R,R,D,D,D,D,R,R
7693,R,D,R,R,R,R,D,R,R,R,R,D,D,D,R,R
7694,R,R,R,R,R,R,R,R,D,R,R,D,D,R,R,R
7695,R,R,R,R,R,R,R,R,R,R,D,D,D,D,D,R
7696,R,R,R,R,R,D,R,R,D,R,R,D,D,R,R,R
7697,D,D,D,R,D,D,D,D,D,R,D,D,D,D,D,D
7698,R,D,R,R,R,R,R,R,R,R,D,D,D,R,R,R
7699,R,D,R,R,R,D,R,D,D,R,D,D,D,D,R,R
7700,R,R,R,R,R,D,R,R,D,R,D,D,D,D,R,R
7701,R,D,R,R,R,R,R,R,D,R,D,D,D,D,D,R
7702,D,R,R,R,R,R,R,R,R,R,D,D,R,D,R,R
7703,R,D,D,R,R,R,R,D,D,R,R,D,D,D,D,D
7704,D,D,D,R,D,D,D,D,D,R,D,D,D,D,D,D
7705,D,D,R,R,R,D,R,D,D,R,D,D,D,D,D,R
7706,R,R,R,R,R,R,R,R,D,R,R,D,D,R,R,R
7707,R,R,R,R,R,R,R,R,D,R,R,D,D,R,R,D
7708,R,R,R,R,R,D,R,R,R,R,R,D,D,R,D,R
7709,D,R,R,R,R,R,R,R,D,R,D,D,D,R,R,D
7710,D,R,R,R,R,D,R,R,D,R,R,D,D,D,R,R
7711,R,R,R,R,R,R,R,R,D,R,R,D,D,R,R,R
7712,R,R,R,R,R,D,R,D,R,R,R,D,D,R,D,R
7713,R,D,R,R,R,R,R,R,D,R,R,D,D,D,R,R
7714,R,R,R,R,R,R,D,D,D,R,R,D,D,R,R,R
7715,R,R,R,R,R,R,R,R,R,R,R,D,D,R,R,R
7716,R,R,R,R,R,R,R,D,D,R,R,D,D,R,R,R
7717,R,R,R,R,R,D,R,R,R,R,D,D,D,R,D,R
7718,R,R,R,R,R,R,R,R,D,R,R,D,D,D,R,R
7719,D,R,R,R,R,D,D,D,D,D,D,D,D,D,D,D
7720,R,R,R,R,R,D,R,D,D,R,R,D,D,R,R,R
7721,D,D,R,R,R,D,R,D,D,R,R,D,D,R,R,D
7722,R,R,R,R,R,R,R,R,R,R,D,D,D,R,R,R
7723,R,R,R,R,R,R,R,R,D,R,D,D,D,D,D,D
7724,D,D,R,R,R,R,R,D,R,D,R,D,D,D,D,D
7725,R,D,D,R,R,D,R,D,R,R,R,D,D,D,R,R
7726,R,R,R,R,R,R,R,D,D,R,R,D,D,R,R,R
7727,R,R,R,R,R,R,R,R,R,R,R,D,D,R,R,R
7728,R,R,R,R,R,R,R,R,R,R,R,D,D,D,R,D
7729,R,R,R,R,R,R,R,D,R,R,R,D,D,R,D,R
7730,D,R,R,R,R,R,R,D,D,R,R,D,D,D,R,R
7731,R,D,R,R,R,R,R,R,R,R,R,D,D,D,R,R
7732,R,R,R,R,R,R,R,R,D,R,R,D,D,D,R,R
7733,R,R,R,R,R,D,R,R,D,R,R,D,D,D,R,D
7734,R,R,R,R,R,R,R,R,D,R,R,D,D,R,D,R
7735,R,D,R,R,R,R,R,R,D,R,R,D,D,D,D,R
7736,D,R,R,R,R,R,R,R,D,R,R,D,D,D,R,D
7737,R,R,R,R,R,D,R,R,D,R,R,D,D,R,D,D
7738,R,R,D,R,R,R,R,D,D,R,R,D,D,D,D,R
7739,D,D,D,R,R,R,R,D,D,R,D,D,D,R,D,D
7740,R,R,R,R,R,R,R,R,R,R,R,D,D,D,R,R
7741,R,D,R,R,R,R,R,R,D,R,R,D,D,D,D,R
7742,D,D,R,R,R,D,R,R,D,R,R,D,D,R,D,R
7743,R,D,R,R,R,D,R,R,R,R,R,D,D,D,D,R
7744,R,R,R,R,R,R,R,R,R,R,D,D,D,D,R,R
7745,D,R,D,R,D,D,D,D,D,R,D,D,D,D,D,D
7746,R,R,R,R,R,D,R,R,D,R,R,D,D,D,R,R
7747,D,R,R,R,R,R,R,D,D,R,R,D,D,D,R,R
7748,R,R,R,R,R,D,R,R,R,R,R,R,D,R,D,R
7749,R,R,R,R,R,R,R,R,D,R,R,D,D,D,D,R
7750,R,R,R,R,R,D,R,R,R,R,R,D,D,R,D,R
7751,R,R,R,R,R,R,R,R,D,R,R,D,D,D,R,R
7752,R,R,R,R,R,D,R,R,D,R,R,D,D,R,D,R
7753,D,R,R,R,R,R,R,D,D,D,R,D,D,R,D,R
7754,R,D,R,R,R,R,R,D,D,R,R,D,D,R,R,R
7755,R,R,R,R,R,R,R,D,R,R,R,R,D,D,R,R
7756,R,R,R,R,R,R,R,R,R,R,R,D,D,D,R,R
7757,R,R,R,R,R,D,R,R,R,R,R,D,R,D,R,R
7758,D,D,R,R,D,D,R,D,D,D,D,D,D,D,D,D
7759,R,R,R,R,R,R,R,R,D,R,R,D,D,R,D,R
7760,D,R,R,R,R,D,R,R,R,R,R,D,D,R,R,R
7761,R,R,R,R,R,R,R,D,D,R,R,D,D,R,R,R
7762,D,D,R,R,R,R,R,D,D,R,R,D,D,D,R,D
7763,R,R,R,R,R,R,R,R,D,R,R,D,D,R,R,R
7764,D,D,R,R,R,D,R,R,D,R,D,D,D,R,D,R
7765,R,D,R,R,R,R,R,D,D,R,D,D,D,D,R,R
7766,D,R,R,R,R,D,R,R,R,R,R,D,D,D,R,R
7767,D,D,R,R,R,R,R,R,D,R,D,D,D,R,D,R
7768,R,R,R,R,R,D,R,D,D,R,D,D,D,D,R,R
7769,R,R,R,R,R,R,R,R,R,R,R,D,D,D,D,R
7770,R,D,R,R,R,R,R,R,D,R,D,D,D,D,R,R
7771,R,R,R,R,R,R,R,R,D,R,R,D,D,R,R,R
7772,D,R,R,R,R,D,R,D,D,R,R,D,D,R,D,R
7773,D,R,R,R,D,D,D,D,D,R,D,D,D,D,D,D
7774,R,R,R,R,R,R,R,R,D,R,D,D,D,R,R,R
7775,D,D,D,R,R,R,R,D,D,R,D,D,D,D,R,D
7776,R,R,R,R,R,R,R,D,D,R,D,D,D,D,D,D
7777,R,R,R,R,R,R,R,D,D,R,R,D,D,R,D,R
7778,R,R,R,R,R,R,R,D,R,R,R,D,D,D,D,R
7779,R,R,R,R,R,R,R,R,D,R,R,D,D,D,R,R
7780,R,D,R,R,R,D,R,R,D,R,R,D,D,D,D,D
7781,R,R,R,R,R,R,R,R,D,R,D,D,D,R,R,R
7782,R,R,R,R,R,R,R,R,R,R,R,D,D,R,D,R
7783,D,R,R,R,R,D,R,R,D,D,D,D,D,D,R,D
7784,R,D,R,R,R,D,R,D,R,R,D,D,D,D,R,R
7785,R,R,R,R,R,R,R,R,D,R,R,D,D,R,D,R
7786,R,R,R,R,R,R,R,D,D,R,R,D,D,R,D,R
7787,D,R,R,R,R,D,D,D,D,R,D,D,D,D,D,D
7788,R,R,R,R,R,R,R,R,R,R,R,D,D,R,R,R
7789,R,R,R,R,R,D,R,D,D,R,R,D,D,D,R,D
7790,R,R,R,R,R,R,R,R,R,R,R,D,D,R,R,R
7791,R,R,R,R,R,D,R,D,R,R,R,D,D,R,D,D
7792,R,R,R,R,R,R,R,D,R,R,R,D,D,R,R,R
7793,R,R,R,R,R,R,R,R,D,R,R,D,D,D,R,R
7794,R,D,R,R,R,R,D,D,D,R,R,D,D,D,D,R
7795,R,R,R,R,R,R,R,R,R,R,R,D,D,R,R,R
7796,R,R,R,R,R,R,D,D,R,R,R,D,D,D,R,D
7797,D,D,R,R,R,D,R,D,D,D,D,D,D,D,D,D
7798,R,R,R,R,R,D,R,D,R,R,D,D,D,R,R,D
7799,R,D,R,R,R,R,R,R,R,R,R,D,D,D,R,R
7800,D,R,R,R,R,R,R,R,R,R,R,D,D,D,D,R
7801,R,D,R,R,R,D,R,D,R,R,D,D,D,D,R,D
7802,D,D,R,R,R,D,D,D,D,R,D,D,D,D,D,D
7803,R,D,R,R,R,R,R,D,D,R,R,D,D,R,R,R
7804,D,R,R,R,R,R,R,R,D,R,R,D,D,R,D,R
7805,R,R,R,R,R,D,R,D,R,R,R,D,D,R,D,R
7806,R,R,R,R,R,R,R,R,D,R,R,D,D,D,D,D
7807,R,R,R,R,R,R,R,D,R,R,R,D,D,R,R,R
7808,R,D,R,R,R,R,R,D,D,R,R,D,D,D,D,R
7809,D,R,R,R,R,R,R,R,R,R,D,D,D,R,R,R
7810,R,D,R,R,R,D,R,D,R,R,D,D,D,R,D,R
7811,D,D,R,R,R,D,R,D,R,R,R,D,D,D,D,R
7812,D,D,D,R,D,D,D,D,D,R,D,D,D,D,D,D
7813,R,R,R,R,R,D,R,R,R,R,D,D,D,R,R,R
7814,D,D,D,R,R,D,D,D,D,D,D,D,D,R,R,D
7815,R,D,R,R,R,D,R,D,D,D,D,D,D,D,D,R
7816,D,D,R,R,R,R,R,R,R,R,R,D,D,D,R,R
7817,D,D,R,R,R,R,R,R,D,D,D,D,D,D,R,D
7818,R,D,R,R,R,R,R,D,D,R,R,D,D,R,R,R
7819,R,R,R,R,R,D,R,R,D,R,D,D,D,R,D,R
7820,R,R,R,R,R,D,R,R,D,R,D,D,D,R,R,R
7821,R,R,D,R,R,R,D,R,D,R,R,D,D,R,D,R
7822,D,R,R,R,R,R,R,R,D,R,D,D,D,R,R,R
7823,R,D,R,R,R,R,R,R,R,R,R,D,D,D,R,R
7824,R,R,R,R,R,R,R,D,D,R,D,D,D,D,R,D
7825,R,R,R,R,R,D,R,R,R,R,R,D,D,R,D,R
7826,D,D,R,R,D,D,R,D,D,R,D,D,D,D,D,D
7827,D,D,R,R,R,R,R,R,R,R,R,D,D,D,D,D
7828,R,R,R,R,R,R,R,R,D,R,R,D,D,R,R,D
7829,R,R,R,R,R,R,R,R,R,R,R,D,D,R,R,R
7830,R,D,R,R,R,R,R,D,D,R,D,D,D,D,R,D
7831,D,D,R,R,R,R,R,R,D,R,D,D,D,R,R,R
7832,R,R,R,R,R,R,R,D,D,D,R,D,D,R,D,R
7833,D,R,R,R,R,R,R,D,D,R,D,D,D,R,R,R
7834,D,R,R,R,R,R,R,R,D,R,D,D,D,R,R,D
7835,R,D,R,R,R,R,R,R,R,R,D,D,D,D,D,D
7836,R,R,R,R,R,D,R,D,D,R,R,D,D,D,R,R
7837,R,R,R,R,R,R,R,R,R,R,R,D,D,R,R,R
7838,D,D,D,R,R,D,R,D,D,R,D,D,D,D,D,D
7839,D,D,R,R,R,D,D,D,D,R,D,D,D,D,D,D
7840,R,R,R,R,R,R,R,D,R,R,R,D,D,R,D,R
7841,D,D,R,R,R,D,R,D,D,D,D,D,D,D,D,D
7842,R,R,R,R,R,R,R,D,R,R,R,D,D,D,R,R
7843,R,R,R,R,R,R,R,R,D,R,D,D,D,D,R,R
7844,R,R,R,R,R,R,D,R,D,R,R,D,D,D,D,R
7845,D,R,R,R,R,D,D,D,D,R,D,D,D,D,D,D
7846,R,R,R,R,R,R,R,D,R,R,D,D,D,R,R,R
7847,R,D,R,R,R,R,R,R,R,R,R,D,D,D,R,R
7848,D,D,D,R,D,R,D,R,D,R,D,D,D,D,D,D
7849,D,R,R,R,D,D,R,D,D,R,D,D,D,D,D,D
7850,D,R,R,R,R,D,R,R,D,D,R,D,D,R,R,R
7851,D,D,D,R,R,D,D,D,D,D,R,D,D,D,D,D
7852,R,R,R,R,R,R,R,D,R,R,R,D,D,D,D,R
7853,R,R,R,R,R,D,D,R,D,R,D,D,D,D,R,D
7854,R,R,R,R,R,R,R,D,D,R,D,D,D,D,D,D
7855,R,R,R,R,R,R,R,D,D,R,R,D,D,R,R,R
7856,D,R,R,R,R,D,R,D,D,R,R,D,D,D,D,R
7857,R,R,R,R,R,D,R,D,R,R,D,D,D,R,D,R
7858,D,D,R,R,R,R,R,D,R,R,R,D,D,R,D,R
7859,R,D,R,R,R,D,D,D,D,R,D,D,D,D,D,D
7860,R,D,D,R,R,R,D,D,D,R,D,D,D,D,D,D
7861,R,D,R,R,R,R,R,R,D,R,R,D,R,R,R,R
7862,R,R,R,R,R,R,R,R,D,R,R,D,D,R,R,R
7863,R,R,R,R,R,D,R,D,D,D,R,D,D,R,D,R
7864,D,D,R,R,R,D,R,D,D,D,R,D,D,R,D,R
7865,R,R,R,R,R,D,R,R,R,R,D,D,D,R,R,D
7866,D,R,R,R,R,R,D,R,D,R,D,D,D,R,D,R
7867,R,D,R,R,R,R,R,D,R,R,R,D,D,R,D,D
7868,R,D,R,R,R,R,D,D,D,R,D,D,D,R,R,R
7869,R,D,R,R,R,D,D,D,D,D,D,D,D,D,D,R
7870,D,D,R,R,R,D,R,D,D,R,D,D,D,D,D,D
7871,R,R,R,R,R,R,R,D,R,R,R,D,D,R,D,R
7872,R,D,R,R,R,R,R,R,R,R,D,D,D,R,R,R
7873,D,R,R,R,R,D,R,D,D,R,D,D,D,D,R,D
7874,R,R,R,R,R,R,R,R,R,R,R,D,D,D,R,D
7875,R,R,R,R,R,R,R,R,R,R,D,D,D,R,R,R
7876,D,R,R,R,R,R,R,R,D,R,D,D,D,D,D,R
7877,R,R,R,R,R,R,R,D,D,R,D,D,D,D,R,R
7878,R,R,R,R,R,R,R,R,R,R,R,D,D,R,D,R
7879,D,D,D,R,R,D,D,D,D,D,D,D,D,D,D,D
7880,D,D,D,R,R,D,R,D,D,R,D,D,D,D,D,D
7881,D,D,R,R,R,R,R,D,R,R,D,D,D,R,D,R
7882,D,D,R,R,R,R,R,R,D,R,D,D,D,D,R,D
7883,R,D,R,R,R,R,R,D,D,R,R,D,D,R,R,R
7884,R,R,R,R,R,R,R,R,R,R,R,D,D,R,R,D
7885,D,R,R,R,R,D,R,D,R,R,R,D,D,R,R,R
7886,D,R,R,R,R,R,R,R,D,R,D,D,D,D,D,D
7887,R,R,R,R,R,R,R,D,D,R,R,D,D,D,R,D
7888,R,R,R,R,R,R,R,R,R,R,D,D,D,R,D,R
7889,R,R,R,R,R,R,R,D,D,R,R,D,D,D,R,R
7890,D,R,R,R,R,R,R,R,R,R,R,D,D,R,R,R
7891,R,R,R,R,R,D,R,R,R,R,R,D,D,R,R,R
7892,R,R,R,R,R,D,R,R,D,D,R,D,D,D,D,R
7893,R,R,R,R,R,R,R,R,R,R,R,D,D,R,R,R
7894,R,D,R,R,R,R,R,D,D,R,R,D,D,R,R,R
7895,D,D,R,R,R,D,R,R,R,R,R,D,D,D,D,R
7896,R,D,D,R,R,D,D,D,D,R,D,D,D,D,D,D
7897,R,R,R,R,R,R,R,R,R,R,R,D,D,D,R,R
7898,R,R,R,R,R,R,R,R,D,R,R,D,D,R,R,R
7899,R,R,R,R,R,D,D,R,D,R,D,D,D,R,D,D
7900,R,R,R,R,R,R,R,R,R,R,R,D,D,R,D,R
7901,D,R,R,R,R,D,R,R,D,R,D,D,D,D,D,D
7902,R,R,R,R,R,R,R,R,R,R,R,D,D,R,R,R
7903,R,D,R,R,R,D,R,R,R,R,R,D,D,D,R,D
7904,R,R,R,R,R,D,R,D,D,R,D,D,D,D,D,D
7905,R,R,R,R,R,R,R,D,R,R,R,D,D,D,R,R
7906,R,R,R,R,R,R,R,R,R,R,R,D,D,R,R,R
7907,R,R,R,R,R,R,R,D,R,R,R,D,D,R,D,R
7908,R,D,D,R,R,R,R,D,R,R,R,D,D,D,R,R
7909,R,R,R,R,R,D,R,D,R,R,R,D,D,D,D,R
7910,D,D,R,D,R,R,D,D,D,D,D,D,D,D,D,D
7911,D,R,R,R,R,D,R,R,D,R,D,D,D,R,R,D
7912,R,R,R,R,R,R,D,R,D,R,R,D,R,R,R,R
7913,R,R,R,R,R,R,R,R,D,R,D,D,D,R,D,D
7914,D,D,R,D,R,D,R,D,D,R,D,D,D,D,D,D
7915,R,R,R,R,R,R,R,R,R,R,R,D,D,R,R,R
7916,D,R,R,R,R,D,D,R,D,R,R,D,D,R,R,R
7917,D,D,R,R,R,R,R,R,D,R,R,D,D,D,R,R
7918,D,R,R,R,R,D,R,R,R,R,D,D,D,D,D,R
7919,D,D,D,R,R,D,R,D,D,R,D,D,D,D,D,D
7920,R,R,R,R,R,R,R,R,R,R,R,D,D,R,D,D
7921,R,D,R,R,R,D,R,D,R,R,D,D,D,R,D,R
7922,R,R,R,R,R,R,R,R,R,R,R,D,D,D,R,R
7923,R,D,R,R,R,R,R,R,D,R,R,D,D,D,R,D
7924,D,D,D,R,D,D,R,D,D,R,D,D,D,D,D,D
7925,R,R,R,R,R,D,R,R,D,R,D,D,D,D,D,R
7926,R,R,R,R,R,R,R,R,R,R,R,D,D,D,R,R
7927,R,R,R,R,R,R,D,D,D,R,R,D,D,D,D,D
7928,R,R,R,R,R,R,R,R,D,R,R,D,D,R,R,R
7929,R,R,R,R,R,D,R,D,D,R,R,D,D,R,R,R
7930,D,R,R,R,R,D,R,D,R,R,D,D,D,D,D,R
7931,R,R,R,R,R,D,R,D,R,R,R,D,D,D,R,R
7932,R,R,R,R,R,R,R,R,D,R,R,R,D,D,R,R
7933,R,R,R,R,R,R,R,D,D,R,D,D,D,R,R,R
7934,R,R,R,R,R,R,R,R,R,R,R,D,D,R,D,D
7935,R,R,R,R,R,D,R,D,D,R,R,D,D,R,D,R
7936,D,R,R,R,R,R,R,R,D,R,D,D,D,R,D,R
7937,D,R,R,R,R,R,R,D,D,R,R,D,D,R,D,D
7938,R,R,R,R,R,D,R,R,D,R,R,D,D,R,R,R
7939,R,D,R,R,R,R,R,D,R,R,R,D,D,D,R,R
7940,D,R,R,R,R,D,R,R,D,R,D,D,D,D,R,D
7941,R,R,R,R,R,R,R,R,D,R,D,D,D,R,R,R
7942,D,D,D,R,R,R,R,R,D,R,R,D,D,R,D,R
7943,D,D,R,D,R,D,R,D,D,R,D,D,D,D,D,D
7944,D,D,R,R,R,D,R,D,D,R,D,D,D,D,D,R
7945,R,R,R,R,R,R,R,R,R,R,R,D,D,R,R,R
7946,D,D,R,R,R,D,R,R,D,R,D,D,D,R,R,D
7947,R,R,R,R,R,R,R,R,D,R,D,D,D,D,R,R
7948,R,R,R,R,R,D,R,R,R,R,D,D,D,D,R,R
7949,R,R,R,R,R,D,R,D,D,R,D,D,D,R,D,R
7950,R,R,R,R,R,R,R,R,D,R,D,D,D,D,D,R
7951,R,R,R,R,R,R,R,R,D,R,R,D,D,R,R,R
7952,R,R,R,R,R,R,R,R,R,R,D,D,D,R,D,R
7953,R,R,R,R,R,R,R,D,D,R,R,D,D,D,R,R
7954,R,R,R,R,R,D,R,D,D,R,R,D,D,R,D,R
7955,R,R,R,R,R,R,R,R,R,R,R,D,D,R,R,R
7956,R,R,R,R,R,R,R,R,R,R,R,D,D,D,R,R
7957,D,R,R,R,R,R,R,R,R,R,R,D,D,R,R,D
7958,R,R,R,R,R,R,R,R,R,R,R,D,D,D,R,R
7959,R,R,R,R,R,R,R,R,D,R,R,D,D,D,D,D
7960,R,R,R,R,R,R,R,R,R,R,R,D,D,D,R,R
7961,R,R,R,R,R,R,R,R,R,D,R,D,D,R,D,R
7962,D,D,R,R,R,R,R,D,D,R,R,D,D,D,D,R
7963,R,R,R,R,R,R,R,R,R,R,R,D,D,R,R,R
7964,R,R,R,R,R,R,R,R,D,R,R,D,D,D,D,R
7965,D,D,D,R,R,D,R,D,D,D,D,D,D,D,D,D
7966,R,R,R,R,R,R,D,R,D,R,R,D,D,R,R,D
7967,D,D,R,R,R,R,R,D,R,R,R,D,D,D,D,R
7968,D,D,R,R,R,D,R,R,D,R,R,D,D,R,R,D
7969,D,R,R,R,R,D,R,D,D,R,R,D,D,R,D,D
7970,D,R,R,R,R,R,R,R,D,R,R,D,D,R,D,R
7971,D,D,R,R,R,R,R,R,R,R,R,D,D,R,R,R
7972,D,D,R,R,R,R,D,D,R,R,R,D,D,R,R,R
7973,D,D,R,R,R,R,D,R,D,R,R,D,D,R,R,D
7974,R,R,R,R,R,R,R,R,R,R,R,D,D,R,D,R
7975,D,D,D,R,R,D,D,D,D,R,D,D,D,D,D,D
7976,D,D,R,R,R,D,D,D,D,D,D,D,D,D,D,D
7977,R,R,R,R,R,R,R,R,R,R,R,D,D,R,R,R
7978,R,D,D,R,D,D,D,D,D,D,D,D,D,D,D,D
7979,D,R,R,R,R,R,R,R,R,R,R,D,R,R,R,R
7980,R,R,R,R,R,R,R,D,D,R,R,D,D,D,R,R
7981,D,D,D,R,R,D,R,D,D,R,D,D,D,D,R,D
7982,D,D,D,R,D,D,D,D,D,D,D,D,D,R,D,D
7983,R,R,R,R,R,D,R,R,R,R,R,D,D,D,D,D
7984,R,R,R,R,R,R,R,R,R,R,R,D,D,D,R,D
7985,R,R,R,R,R,D,R,R,R,D,D,D,D,R,R,R
7986,R,D,R,R,R,R,R,D,R,R,D,D,D,D,D,R
7987,R,R,R,R,R,D,R,D,D,R,R,D,D,D,D,D
7988,D,D,R,R,D,D,D,D,D,R,D,D,D,D,D,D
7989,R,R,R,R,R,D,R,D,R,R,R,D,R,R,D,R
7990,R,R,R,R,R,R,R,D,R,R,D,D,D,R,D,D
7991,D,D,D,R,D,D,R,D,D,D,D,D,D,D,R,R
7992,R,R,R,R,R,D,R,R,D,R,R,D,D,R,R,R
7993,R,R,R,R,R,R,R,R,R,R,R,D,D,D,R,R
7994,R,R,R,R,R,R,R,R,R,R,R,D,D,R,R,R
7995,D,D,R,R,D,D,D,D,D,D,D,D,D,D,D,R
7996,R,R,R,R,R,R,R,R,D,R,R,D,D,D,R,R
7997,R,R,R,R,R,R,R,R,R,R,R,D,D,R,D,R
7998,R,R,R,R,R,D,R,D,R,R,D,D,D,R,R,R
7999,D,D,D,R,D,D,D,D,R,D,D,D,D,D,D,R
8000,R,R,R,R,R,D,R,R,R,R,R,D,D,R,R,R
8001,R,R,R,R,R,R,R,R,R,R,R,D,D,D,R,R
8002,D,R,R,R,R,D,R,R,D,R,R,D,D,R,R,R
8003,R,R,R,R,R,R,R,D,R,R,R,D,D,R,R,R
8004,R,R,R,R,R,R,R,R,R,R,R,D,D,R,R,R
8005,R,R,R,R,R,R,R,R,R,R,R,D,D,R,R,R
8006,R,R,R,R,R,D,R,D,R,R,D,D,D,R,D,D
8007,R,R,R,R,R,D,R,R,D,R,D,D,D,D,R,R
8008,R,R,R,R,R,R,D,D,D,R,R,D,D,D,D,D
8009,R,D,R,R,R,R,D,R,R,R,R,D,D,D,D,D
8010,R,D,R,R,R,D,R,D,D,R,D,D,D,R,R,R
8011,R,D,R,R,R,D,D,R,D,R,R,D,D,R,R,D
8012,D,D,R,R,R,R,R,D,D,D,D,D,D,D,D,D
8013,R,R,R,R,R,R,R,R,R,R,R,D,D,D,R,R
8014,D,R,R,R,R,R,R,R,R,R,R,D,D,R,R,D
8015,R,R,R,R,R,D,R,D,D,R,R,D,D,R,D,R
8016,R,D,R,R,R,D,R,D,D,R,D,D,D,D,D,D
8017,R,D,R,R,R,R,R,R,R,R,R,D,D,R,R,R
8018,D,D,R,R,D,D,D,D,D,R,D,D,D,D,D,D
8019,D,D,R,R,R,R,R,R,R,R,R,D,D,R,D,R
8020,D,D,R,R,R,D,R,D,D,R,D,D,D,R,R,R
8021,D,R,R,R,D,R,R,R,D,R,R,D,D,D,D,R
8022,R,R,R,R,R,D,R,D,R,R,D,D,D,D,D,R
8023,D,D,D,D,D,D,D,D,D,R,D,D,D,D,D,D
8024,R,R,R,R,R,R,R,R,D,R,R,D,D,D,D,R
8025,R,R,R,R,R,D,R,R,D,D,D,D,D,D,R,R
8026,D,R,R,R,R,R,R,R,R,R,D,D,D,D,R,R
8027,R,D,R,R,R,D,R,R,R,R,R,D,D,D,R,R
8028,D,R,R,R,R,R,R,R,D,R,R,D,D,D,R,D
8029,R,D,R,R,R,D,R,D,D,R,R,D,D,R,D,D
8030,D,R,D,R,R,D,D,R,D,D,D,D,D,D,D,D
8031,D,R,R,R,R,R,R,D,D,D,R,D,D,R,R,R
8032,R,R,R,R,R,R,R,R,R,R,R,D,D,R,R,R
8033,D,R,R,R,R,D,R,R,D,R,R,D,D,R,D,D
8034,D,D,R,R,R,R,R,D,D,R,D,D,D,D,R,D
8035,R,R,R,R,R,R,R,D,D,R,D,D,D,D,R,D
8036,R,R,R,R,R,D,R,R,D,R,D,D,D,R,D,D
8037,R,R,R,R,R,D,R,D,D,R,R,D,D,R,R,D
8038,R,R,R,R,R,R,R,R,D,R,R,D,D,R,R,R
8039,D,R,R,R,R,R,R,R,R,R,R,D,D,R,R,R
8040,R,D,R,R,R,D,R,D,D,R,R,D,D,D,R,D
8041,R,R,R,R,R,R,D,D,R,R,R,D,D,R,R,R
8042,D,R,R,R,R,D,R,R,R,R,D,D,D,D,R,R
8043,R,D,D,R,R,R,D,D,R,R,D,D,D,D,R,D
8044,D,R,R,R,R,D,D,D,D,D,D,D,D,D,D,R
8045,R,R,R,R,R,D,R,R,D,R,R,D,D,D,D,R
8046,R,R,R,R,R,R,R,D,R,R,R,D,D,D,R,R
8047,D,R,D,R,R,R,R,R,R,R,D,D,D,D,R,D
8048,D,R,R,R,D,R,R,R,D,R,D,D,D,R,D,R
8049,R,D,R,R,R,R,R,D,R,R,D,D,D,R,D,D
8050,D,R,R,R,R,R,R,R,R,D,R,D,D,R,R,R
8051,R,R,R,R,R,R,R,R,R,R,R,D,D,D,R,R
8052,D,R,R,R,R,R,D,R,R,R,D,D,D,R,R,D
8053,R,R,R,R,R,R,R,D,R,R,D,D,D,D,R,R
8054,D,R,R,R,R,R,R,R,D,R,R,D,D,D,R,D
8055,R,R,R,R,R,R,D,R,R,R,R,D,D,R,R,R
8056,R,R,R,R,R,D,R,R,R,R,R,D,D,R,D,D
8057,R,D,R,R,R,R,R,D,D,R,R,D,D,D,D,R
8058,R,R,R,R,R,D,R,R,D,R,D,D,D,D,D,D
8059,R,R,R,R,R,D,R,R,R,R,R,D,D,R,D,R
8060,D,R,R,R,R,D,R,R,D,R,R,D,D,D,R,D
8061,R,R,R,R,R,R,R,R,D,R,R,D,D,D,R,D
8062,R,R,R,R,R,R,R,D,R,R,R,D,D,R,R,D
8063,R,R,R,R,R,R,R,R,R,R,R,D,D,R,R,R
8064,R,R,R,R,R,R,R,R,R,R,D,D,D,R,R,R
8065,R,R,R,R,R,R,R,R,D,R,R,D,D,D,D,R
8066,D,R,R,R,R,R,R,R,R,R,R,D,D,D,R,R
8067,R,D,R,R,R,R,R,R,R,R,R,D,D,D,D,R
8068,R,R,R,R,R,R,R,D,D,R,R,D,D,R,R,R
8069,R,D,D,R,D,D,R,D,D,R,D,D,D,D,D,R
8070,R,D,R,R,R,D,R,R,D,R,D,D,D,D,D,R
8071,R,D,R,R,R,R,R,R,D,R,D,D,D,D,R,R
8072,R,R,R,R,R,R,R,R,R,R,R,D,D,R,R,R
8073,R,D,R,R,R,R,R,R,R,R,D,D,D,D,D,R
8074,R,D,D,R,R,D,D,D,D,D,D,D,D,D,D,D
8075,R,D,R,R,R,R,R,R,R,R,R,D,D,R,D,D
8076,R,R,R,R,R,R,R,R,D,R,R,D,D,D,R,R
8077,R,R,R,R,R,D,R,D,R,R,R,D,D,D,D,R
8078,R,R,R,R,R,D,R,R,D,R,D,D,D,D,R,R
8079,R,R,R,R,R,R,R,R,R,R,R,D,D,R,R,D
8080,D,R,R,R,D,D,R,R,D,D,D,D,D,D,D,D
8081,R,R,R,R,R,R,R,D,R,R,R,D,D,R,D,D
8082,R,R,R,R,R,R,R,R,R,R,R,D,D,D,D,D
8083,R,R,R,R,R,R,R,D,D,R,R,D,D,R,D,R
8084,R,R,R,R,R,R,R,R,D,R,D,D,D,D,D,R
8085,D,R,R,R,R,R,R,D,D,R,R,D,D,D,R,R
8086,D,D,R,R,D,D,R,D,D,R,D,D,D,D,D,D
8087,R,R,R,R,R,R,R,D,R,R,R,D,D,R,D,D
8088,R,R,R,R,R,R,R,R,R,R,D,D,D,D,R,R
8089,D,R,R,R,R,R,R,D,R,R,R,D,D,D,R,D
8090,D,R,R,R,R,R,D,R,R,R,D,D,D,R,R,R
8091,R,R,R,R,R,D,R,D,D,R,D,D,D,R,R,D
8092,R,R,R,R,R,R,R,D,D,R,D,D,D,D,R,R
8093,D,R,R,R,R,R,R,R,D,R,R,D,D,D,R,R
8094,D,R,R,R,D,R,D,R,D,R,D,D,D,D,D,D
8095,D,D,R,R,R,D,R,D,D,D,D,D,D,D,D,R
8096,R,R,R,R,R,D,R,R,R,R,D,R,D,R,R,R
8097,R,R,R,R,R,D,R,R,D,R,D,D,D,D,R,R
8098,D,D,D,D,R,D,R,D,D,R,D,D,D,R,D,D
8099,R,D,R,R,R,D,R,D,R,R,R,D,D,D,R,R
8100,D,D,D,R,R,D,D,D,D,R,D,D,D,D,D,R
8101,D,D,R,R,R,D,R,R,R,R,R,D,D,D,D,D
8102,R,R,R,R,R,R,R,D,R,R,R,D,D,R,R,R
8103,R,R,R,R,R,D,R,R,D,R,R,D,D,R,D,D
8104,R,D,R,R,R,R,R,R,D,R,R,D,D,R,D,R
8105,R,R,R,R,R,R,R,R,R,R,R,D,D,R,D,R
8106,R,R,R,R,R,D,R,R,D,R,D,D,D,R,D,R
8107,R,R,R,R,R,R,R,R,R,R,R,D,D,R,R,R
8108,D,R,R,R,R,R,R,D,D,R,R,D,D,D,D,R
8109,D,D,R,R,D,D,D,D,D,D,D,D,D,D,D,D
8110,R,R,R,R,R,D,R,D,R,R,D,D,D,R,R,R
8111,R,D,R,R,R,D,R,R,D,R,R,D,D,R,R,R
8112,R,R,R,R,R,R,R,R,D,R,R,D,D,D,R,R
8113,R,R,R,R,R,R,R,R,R,R,R,D,D,R,D,R
8114,R,R,R,R,R,R,R,R,D,R,R,D,D,R,R,R
8115,R,D,R,R,R,D,R,R,D,R,R,D,D,D,R,D
8116,R,R,R,R,R,R,R,R,D,R,R,D,D,D,D,R
8117,D,R,R,R,R,R,R,R,D,R,R,D,D,R,D,D
8118,R,R,R,R,R,R,R,R,R,R,R,D,D,D,R,R
8119,D,D,R,R,R,R,R,D,D,R,R,D,D,D,R,R
8120,D,R,R,R,R,R,R,R,R,R,R,D,D,D,D,R
8121,D,R,D,D,R,D,D,D,D,D,D,D,D,D,D,D
8122,R,R,R,R,R,R,R,R,R,R,R,D,D,R,R,R
8123,D,D,D,R,D,D,D,D,D,R,D,D,D,D,D,D
8124,R,D,D,R,D,D,R,D,D,D,R,D,D,D,D,R
8125,D,R,R,R,R,R,R,R,D,R,D,D,D,R,R,R
8126,R,R,R,R,R,R,R,R,D,R,R,D,D,R,R,R
8127,D,D,R,R,R,D,R,R,R,R,D,D,D,D,D,R
8128,R,R,R,R,R,R,R,R,R,R,R,D,D,R,R,R
8129,R,R,D,R,R,D,R,D,R,R,D,D,D,D,R,D
8130,D,D,R,R,D,D,D,D,D,R,D,D,D,D,D,D
8131,R,R,R,R,R,R,R,D,D,R,D,D,D,D,D,R
8132,R,R,R,R,R,R,R,R,R,R,R,D,D,R,R,R
8133,D,D,R,R,R,D,R,D,D,R,R,D,D,D,R,R
8134,D,D,D,R,R,D,D,D,D,D,D,D,D,D,D,D
8135,R,R,R,R,R,R,R,R,R,R,D,D,D,D,R,R
8136,R,R,R,R,R,R,R,R,R,R,R,D,D,R,R,R
8137,R,R,R,R,R,R,R,R,D,R,D,D,D,D,R,R
8138,R,D,R,R,R,D,R,R,D,R,R,D,D,R,R,R
8139,D,D,R,R,D,D,D,D,D,D,D,D,D,D,D,D
8140,D,R,D,R,R,R,R,D,D,D,D,D,D,D,D,D
8141,D,R,D,R,R,D,D,D,D,D,D,D,D,D,D,D
8142,R,R,R,R,R,R,R,R,D,R,R,D,D,R,R,R
8143,D,D,D,R,D,D,R,D,D,D,D,D,D,R,D,D
8144,R,R,R,R,R,D,R,R,D,R,D,D,D,R,D,R
8145,R,R,R,R,R,R,R,R,R,R,R,D,D,R,R,R
8146,R,R,R,R,R,R,R,D,R,R,D,D,D,D,R,R
8147,R,R,R,R,R,D,R,R,R,R,D,D,D,R,R,D
8148,R,R,R,R,R,R,R,D,D,R,D,D,D,D,D,R
8149,D,R,R,R,D,D,R,D,D,D,D,D,D,D,D,D
8150,R,R,R,R,R,D,R,D,D,R,R,D,D,D,R,D
8151,R,R,R,R,R,R,D,R,D,R,D,D,R,R,D,R
8152,R,R,R,R,R,R,R,D,D,R,R,D,D,D,R,R
8153,D,D,R,R,D,R,R,D,R,R,D,D,D,D,R,R
8154,D,D,D,R,R,D,R,D,D,R,D,D,D,D,D,D
8155,D,R,R,R,R,R,R,D,D,R,R,D,D,R,R,D
8156,D,D,D,R,D,D,R,D,D,D,D,D,D,D,D,D
8157,R,R,R,R,R,R,R,R,R,R,R,D,D,R,R,R
8158,R,R,R,R,R,R,R,R,R,R,R,D,D,R,R,R
8159,R,R,R,R,R,R,R,R,R,R,R,D,D,R,R,D
8160,D,D,D,R,R,D,R,R,R,R,R,D,D,D,R,R
8161,R,R,R,R,R,R,R,R,R,R,D,D,D,D,D,D
8162,R,R,R,R,R,R,R,R,R,R,R,R,D,D,D,R
8163,D,D,D,R,D,D,D,D,D,R,D,D,D,D,D,D
8164,R,R,R,R,R,R,R,R,R,R,D,D,D,R,R,D
8165,R,D,R,R,R,R,R,D,D,R,R,D,D,D,R,R
8166,R,R,R,R,R,D,R,R,D,R,R,D,D,D,D,R
8167,D,D,D,R,R,D,R,D,D,D,R,D,D,D,D,D
8168,R,R,R,R,R,R,R,R,D,R,R,D,D,R,R,R
8169,R,D,R,R,R,R,R,R,D,R,D,D,D,D,R,R
8170,D,R,R,R,R,R,R,R,R,R,R,D,D,R,R,R
8171,D,R,D,R,R,D,D,D,D,R,D,D,D,D,D,D
8172,R,R,R,R,R,R,R,R,D,R,R,D,D,R,R,R
8173,R,R,R,R,R,R,R,D,D,R,D,D,D,R,R,D
8174,R,R,R,R,R,R,R,R,R,R,R,D,D,R,D,R
8175,R,R,R,R,R,R,R,R,R,R,R,D,D,R,R,R
8176,R,D,R,R,R,R,R,D,R,R,R,D,D,D,D,D
8177,R,R,R,R,R,D,R,D,D,R,D,D,D,R,R,R
8178,R,R,R,R,R,R,R,D,R,R,R,D,D,R,D,D
8179,D,D,R,R,R,D,R,R,D,R,D,D,D,R,D,R
8180,D,R,R,R,R,R,R,R,D,R,D,D,D,R,R,D
8181,R,R,R,R,R,D,R,D,R,R,R,D,D,D,D,D
8182,R,D,R,R,D,D,R,D,D,D,D,D,D,D,D,D
8183,R,R,R,R,R,D,D,D,D,D,R,D,D,D,R,R
8184,R,D,R,R,R,R,R,R,D,R,R,D,D,R,R,R
8185,R,R,R,R,R,R,R,R,D,R,R,D,D,R,R,R
8186,R,R,R,R,R,R,R,R,D,R,R,D,D,R,R,R
8187,R,R,R,R,R,R,R,R,R,R,D,D,D,R,R,R
8188,R,R,R,R,R,R,R,R,R,R,R,D,D,R,R,R
8189,D,R,R,R,R,R,R,D,D,R,R,D,D,R,D,D
8190,R,R,R,R,R,D,R,R,D,R,R,D,D,R,D,D
8191,R,D,R,R,R,R,R,R,D,R,R,D,D,R,R,D
8192,R,R,R,R,R,R,R,R,R,R,R,D,D,R,R,R
8193,R,R,R,R,R,R,R,R,R,R,R,D,D,D,R,R
8194,D,D,R,R,R,D,D,D,D,R,R,D,D,D,D,D
8195,R,R,R,R,R,R,R,R,D,R,R,D,D,R,R,R
8196,R,R,R,R,R,R,R,R,R,R,R,D,D,R,R,R
8197,R,D,D,R,R,D,R,D,D,D,D,D,D,D,D,D
8198,R,D,R,R,R,R,R,R,R,R,D,D,D,R,R,D
8199,R,R,R,R,R,D,R,R,D,R,R,D,D,R,R,R
8200,R,D,R,R,R,R,R,D,D,R,R,D,D,D,D,R
8201,R,D,R,R,R,D,R,R,D,R,R,D,D,D,R,R
8202,R,R,R,R,R,R,R,R,D,R,R,D,D,R,D,R
8203,D,R,R,R,R,R,R,D,D,R,R,D,D,D,D,R
8204,D,D,R,R,R,D,D,D,D,R,D,D,D,D,D,D
8205,R,D,R,R,R,D,R,R,D,R,R,D,D,R,R,R
8206,D,R,R,R,R,D,R,R,D,R,D,D,D,D,D,D
8207,D,R,R,R,R,D,R,R,D,R,D,D,D,D,D,D
8208,R,R,R,R,D,D,D,D,D,D,D,D,D,D,D,D
8209,R,R,R,R,R,D,R,D,R,D,R,D,D,R,D,R
8210,D,D,D,R,D,R,R,D,D,D,R,D,D,D,D,D
8211,R,D,R,R,R,D,R,D,D,R,R,D,D,R,R,R
8212,R,R,R,R,R,R,R,R,D,R,R,D,D,D,D,R
8213,R,R,R,R,R,D,R,R,D,R,R,D,D,D,R,R
8214,D,D,D,R,R,D,R,D,D,R,D,D,D,R,D,D
8215,R,R,R,R,R,R,R,R,R,R,R,D,D,R,R,R
8216,R,R,R,R,R,R,R,R,R,R,R,D,D,R,R,R
8217,R,R,R,R,R,R,R,D,R,R,R,D,D,R,R,R
8218,R,D,R,R,R,R,R,D,R,R,R,D,D,R,R,R
8219,R,R,R,R,R,R,R,R,D,R,R,D,D,D,D,R
8220,R,D,R,R,R,R,R,R,D,R,D,D,D,R,D,R
8221,R,D,R,R,R,R,R,R,R,R,D,D,D,R,D,D
8222,R,R,R,R,R,R,R,R,D,R,R,D,D,R,R,R
8223,R,D,R,R,R,R,R,D,R,R,R,D,D,R,R,D
8224,D,R,R,R,R,R,R,D,D,R,R,D,D,R,R,R
8225,R,R,R,R,R,R,R,R,D,R,D,D,D,R,R,R
8226,D,D,R,R,R,R,R,R,D,R,R,D,D,D,R,D
8227,R,R,R,R,R,R,R,R,R,R,R,D,D,R,D,R
8228,R,R,R,R,R,R,R,R,D,R,R,D,D,D,R,R
8229,R,R,R,R,R,R,R,D,D,R,R,D,D,D,R,R
8230,R,R,R,R,R,R,R,D,D,R,R,D,D,R,D,R
8231,D,R,R,R,D,D,R,D,D,D,D,D,D,D,D,D
8232,R,D,R,R,R,D,R,R,D,R,R,D,D,R,D,R
8233,R,D,R,R,R,D,D,D,D,D,D,D,D,D,D,D
8234,R,D,D,R,R,D,D,R,D,D,D,D,D,D,D,D
8235,R,R,R,R,R,R,R,R,R,R,R,D,D,D,R,R
8236,R,R,R,R,R,R,R,R,R,R,R,D,D,R,R,R
8237,R,D,R,R,R,R,R,D,D,R,R,D,D,R,R,R
8238,D,R,R,R,R,D,R,R,D,R,D,D,D,D,R,D
8239,D,D,R,R,R,R,D,R,R,R,D,D,D,D,R,R
8240,R,R,R,R,R,D,R,D,R,R,R,D,D,R,D,D
8241,D,D,D,R,R,D,D,D,D,D,D,D,D,R,D,D
8242,R,R,R,R,R,R,R,D,D,R,D,D,D,R,D,R
8243,R,R,R,R,R,R,R,D,D,R,D,D,D,D,R,R
8244,D,D,R,R,D,D,D,R,D,R,D,D,D,D,D,D
8245,R,R,R,R,R,R,R,R,D,R,D,D,D,D,R,R
8246,R,R,R,R,R,R,R,R,R,R,R,D,D,D,R,R
8247,R,R,R,R,R,R,R,R,D,R,R,D,D,R,D,R
8248,D,D,R,R,R,D,R,D,D,D,D,D,D,D,D,D
8249,R,R,R,R,D,D,R,D,D,R,R,D,D,D,R,R
8250,R,R,R,R,R,R,R,R,R,D,D,D,D,D,R,R
8251,D,R,R,R,D,D,D,D,D,D,D,D,D,D,D,D
8252,D,D,D,R,R,D,R,D,D,R,D,D,D,R,D,R
8253,D,R,R,R,R,R,R,D,R,R,R,D,D,R,D,D
8254,D,R,R,R,R,D,R,R,D,R,R,R,D,R,R,R
8255,D,R,R,R,R,D,R,R,R,R,R,D,D,D,R,R
8256,R,R,R,R,R,R,R,R,D,R,R,D,D,R,R,R
8257,R,D,R,R,R,R,R,D,D,R,R,D,D,D,D,D
8258,R,R,R,R,R,D,R,D,D,D,R,D,D,D,D,R
8259,R,R,R,R,R,D,R,R,R,R,R,D,D,R,D,R
8260,R,R,R,R,R,R,R,R,R,R,R,D,D,R,R,R
8261,R,R,R,R,R,R,R,R,D,R,R,D,D,D,D,D
8262,D,D,D,R,R,D,D,D,D,D,D,D,D,D,D,D
8263,D,R,D,D,D,D,D,D,D,D,D,D,D,D,D,D
8264,D,D,R,R,R,R,R,R,R,R,R,D,D,R,R,R
8265,R,R,R,R,R,R,R,D,R,R,D,D,D,R,R,R
8266,R,D,R,R,R,R,R,R,D,D,R,D,D,D,D,R
8267,D,R,R,R,R,R,R,D,R,R,R,D,D,D,D,R
8268,D,D,R,R,D,D,D,D,D,R,D,D,D,D,D,D
8269,D,R,R,R,R,R,R,R,D,R,D,D,D,D,D,R
8270,R,D,R,R,R,R,D,R,R,R,R,D,D,R,D,D
8271,R,D,R,R,R,D,R,R,D,R,D,D,D,R,D,R
8272,R,R,R,R,R,R,R,R,D,R,D,D,D,D,D,R
8273,D,D,D,R,D,D,D,D,D,R,D,D,D,D,D,D
8274,R,R,R,R,R,R,R,D,D,R,D,D,D,D,R,R
8275,D,D,D,R,D,D,D,D,D,R,D,D,D,D,D,D
8276,D,R,R,R,R,R,R,R,R,R,D,D,D,D,R,D
8277,R,R,R,R,R,R,R,R,D,R,R,D,D,D,R,R
8278,D,R,R,R,R,R,R,R,R,R,R,D,D,R,R,R
8279,R,R,R,D,R,R,R,D,D,R,R,D,D,D,D,R
8280,R,R,R,R,R,R,R,R,R,R,R,D,D,D,D,D
8281,R,R,R,R,R,R,R,R,D,R,R,D,D,D,R,R
8282,R,R,R,R,R,D,R,R,R,R,D,D,D,R,R,R
8283,R,R,R,R,R,R,R,R,D,R,R,D,D,R,R,R
8284,R,R,R,R,R,R,R,D,R,R,R,D,D,D,R,R
8285,D,D,D,D,D,D,R,D,D,D,D,D,D,R,D,D
8286,R,D,R,R,R,R,R,D,D,R,R,D,D,D,D,D
8287,R,R,R,R,R,R,R,R,D,R,R,D,D,R,R,R
8288,R,R,R,R,R,R,R,D,R,R,R,D,D,D,R,R
8289,D,R,D,R,D,D,D,D,D,D,D,D,D,D,D,D
8290,R,R,R,R,R,R,R,R,D,R,R,D,D,D,D,D
8291,R,D,R,R,R,R,D,R,D,R,R,D,D,D,D,D
8292,D,D,D,R,D,D,R,D,D,D,D,D,D,D,D,D
8293,R,R,R,R,R,D,R,R,D,R,D,D,D,D,R,D
8294,D,R,R,R,R,D,D,D,D,R,D,D,D,D,D,D
8295,R,R,R,R,R,R,R,R,D,R,R,D,D,D,D,D
8296,R,D,R,R,R,R,R,R,R,R,D,D,D,D,R,D
8297,D,R,R,R,R,R,R,D,D,R,R,D,D,R,R,R
8298,R,R,R,R,R,R,R,R,R,R,R,D,D,R,R,D
8299,R,D,R,R,R,R,R,D,D,R,R,D,D,D,D,R
8300,D,R,R,R,R,R,R,R,D,R,R,D,D,D,D,R
8301,R,D,R,R,R,R,R,R,D,R,R,D,D,D,R,D
8302,D,D,D,R,R,D,D,D,D,D,D,D,D,R,R,D
8303,D,R,R,R,R,R,R,R,R,R,R,D,D,R,R,R
8304,R,D,R,R,R,R,R,D,R,R,D,D,D,R,R,R
8305,D,R,R,R,R,R,D,R,R,R,R,D,D,D,R,R
8306,R,R,R,R,R,R,R,R,R,R,R,R,D,R,D,R
8307,D,D,R,R,R,R,R,R,D,R,R,D,D,D,D,R
8308,R,R,R,R,R,D,R,R,R,R,R,D,D,R,R,R
8309,R,R,R,R,R,R,R,R,R,R,R,D,D,D,R,R
8310,R,D,D,R,R,D,D,D,D,D,D,D,D,D,D,D
8311,R,R,R,R,R,R,D,R,R,R,R,D,D,D,R,R
8312,D,R,R,R,R,D,R,D,D,R,D,D,D,D,R,D
8313,R,R,R,R,D,R,R,D,R,R,D,D,D,D,R,R
8314,D,D,R,R,R,R,R,D,D,R,R,D,D,D,R,R
8315,R,R,R,R,R,R,R,R,D,R,R,D,D,D,R,D
8316,D,R,R,R,R,R,R,D,R,R,R,D,D,R,D,R
8317,R,R,R,R,R,D,R,D,D,R,R,D,D,R,R,R
8318,D,R,R,R,R,R,R,R,R,R,D,D,D,D,R,R
8319,R,D,R,R,R,D,R,D,D,R,R,D,D,R,D,D
8320,D,D,R,R,R,D,D,D,D,D,D,D,D,R,D,D
8321,R,R,R,R,R,D,R,R,D,R,R,D,D,D,R,R
8322,D,R,R,R,R,R,R,R,D,R,R,D,D,R,R,R
8323,D,D,R,R,R,D,R,R,R,D,R,D,D,D,R,R
8324,R,R,R,R,R,R,R,R,R,R,R,D,D,D,D,R
8325,D,D,R,R,R,D,R,D,D,R,R,D,D,R,R,D
8326,R,D,R,R,R,D,R,R,D,R,D,D,D,D,D,R
8327,D,D,D,R,D,D,D,D,D,D,D,D,D,D,D,D
8328,R,R,D,R,R,D,R,R,D,R,D,D,D,D,D,D
8329,D,D,D,R,R,D,D,D,D,R,D,D,D,R,D,D
8330,R,R,R,R,R,D,R,R,D,R,R,D,D,R,R,R
8331,R,R,R,R,R,R,R,D,R,R,D,D,D,R,D,D
8332,R,R,R,R,R,R,R,R,D,R,R,D,D,D,R,D
8333,D,R,R,R,R,D,R,D,R,R,R,D,D,R,D,R
8334,R,R,R,R,R,R,R,R,R,R,R,D,D,R,D,R
8335,R,R,R,R,R,R,R,D,R,R,D,D,D,R,R,D
8336,R,R,R,R,R,R,R,R,R,R,R,D,D,R,D,R
8337,R,R,R,R,R,D,R,D,D,R,R,D,D,D,D,R
8338,R,D,R,R,R,R,R,R,D,R,D,D,D,D,D,R
8339,R,R,R,R,R,R,R,R,R,R,D,D,D,R,D,R
8340,R,R,R,R,R,R,R,R,D,R,R,D,D,D,D,R
8341,R,D,R,R,R,R,R,R,D,R,D,D,D,D,R,D
8342,R,R,R,R,R,R,R,R,R,R,R,D,D,D,R,R
8343,R,D,R,R,R,D,D,R,D,R,D,D,D,D,R,R
8344,R,R,R,R,R,R,R,R,D,R,D,D,D,R,R,R
8345,D,D,D,R,R,D,R,R,D,D,D,D,D,D,D,R
8346,D,D,D,R,R,D,D,D,D,D,D,D,D,D,D,D
8347,D,R,R,R,R,D,R,D,D,R,D,D,D,R,R,R
8348,R,R,R,R,R,R,R,R,R,R,R,D,D,D,D,R
8349,R,R,R,R,R,R,R,R,R,R,R,D,D,R,D,R
8350,R,D,R,R,R,R,R,R,R,R,D,D,D,R,D,R
8351,R,R,R,R,R,R,R,R,R,R,R,D,D,R,D,R
8352,D,R,R,R,R,D,R,R,D,R,R,D,D,R,R,R
8353,D,R,R,R,R,R,R,R,D,R,D,D,D,D,D,R
8354,R,R,R,R,R,R,R,R,R,R,R,D,D,R,R,R
8355,D,D,D,R,R,D,R,D,D,R,D,D,D,D,D,D
8356,R,R,R,R,R,R,R,D,D,R,R,D,D,D,D,R
8357,R,R,R,R,R,R,R,R,R,R,R,R,D,R,R,R
8358,R,D,R,R,R,D,R,R,R,R,R,D,D,R,D,D
8359,R,R,R,R,R,R,R,R,R,R,R,D,D,R,R,R
8360,D,R,R,R,R,R,R,D,R,R,R,D,D,R,R,R
8361,D,R,R,R,R,D,R,R,D,R,R,D,D,D,R,D
8362,R,R,R,R,R,R,R,D,R,R,R,D,D,R,R,R
8363,R,D,R,R,R,R,R,R,R,R,R,D,D,D,R,D
8364,D,D,R,R,R,D,R,R,D,R,D,D,D,D,D,R
8365,R,D,R,R,R,D,R,D,D,R,D,D,D,R,R,R
8366,R,R,R,R,R,R,R,D,R,R,R,D,D,R,D,R
8367,D,R,R,R,R,D,R,R,D,R,R,D,D,D,D,R
8368,D,D,R,R,D,D,D,D,D,D,R,D,D,D,D,D
8369,D,D,R,R,R,R,R,D,R,R,R,D,D,D,R,R
8370,D,D,R,R,R,R,D,D,D,R,D,D,D,R,D,R
8371,R,D,R,R,R,R,R,D,R,R,D,D,D,R,R,D
8372,D,D,R,R,R,D,R,D,D,R,D,D,D,D,D,D
8373,D,D,R,R,D,D,D,D,D,R,D,D,D,D,D,D
8374,R,R,R,R,R,R,R,R,R,R,D,D,D,D,D,D
8375,D,D,R,D,D,D,D,D,D,R,D,D,D,D,D,D
8376,R,R,R,R,R,D,R,R,D,D,R,D,D,R,D,R
8377,R,R,R,R,R,D,R,D,D,R,R,D,D,D,R,D
8378,R,R,R,R,R,R,R,D,D,R,R,D,D,D,D,R
8379,D,R,R,R,R,R,R,R,R,R,D,D,D,D,R,D
8380,R,R,R,R,R,R,R,R,R,R,R,D,D,R,D,R
8381,D,R,R,R,R,R,R,R,R,R,R,D,D,R,D,R
8382,R,D,R,R,R,D,R,R,D,R,R,D,D,R,D,D
8383,D,R,R,R,R,R,R,D,R,R,R,D,D,D,D,R
8384,R,D,R,R,R,R,D,R,D,R,R,D,D,R,D,R
8385,D,D,R,R,R,D,D,D,D,R,D,D,D,D,D,D
8386,D,D,D,R,R,D,R,D,D,R,D,D,D,D,D,D
8387,R,R,R,R,R,R,R,R,D,R,R,D,D,R,R,D
8388,D,R,D,R,R,D,R,D,D,D,D,D,D,D,D,D
8389,D,R,R,R,R,R,R,D,R,R,R,D,D,D,D,R
8390,R,R,R,R,R,R,R,R,D,R,R,D,D,R,R,R
8391,D,R,R,R,R,R,R,R,D,R,D,D,D,D,R,R
8392,D,D,R,R,R,D,R,R,R,R,D,D,D,D,R,R
8393,D,R,R,R,R,D,R,D,D,R,R,D,D,D,D,R
8394,R,R,R,R,R,D,R,D,R,R,R,D,D,D,D,R
8395,R,R,R,R,R,D,R,D,D,R,R,D,D,R,R,R
8396,R,R,R,R,R,R,R,R,R,R,R,D,D,R,R,R
8397,D,D,R,R,D,D,D,D,D,R,D,D,D,D,D,D
8398,R,R,R,R,R,R,R,R,D,R,D,D,D,R,D,R
8399,R,R,R,R,R,D,R,R,R,R,R,D,D,D,D,R
8400,R,R,R,R,R,D,D,R,R,D,R,D,D,R,D,R
8401,R,R,R,R,R,R,R,D,D,R,R,D,D,D,R,R
8402,D,R,D,R,D,D,D,R,D,R,D,D,D,R,R,D
8403,R,R,R,R,R,R,R,R,D,R,D,D,D,R,R,R
8404,D,D,D,R,R,D,R,D,D,R,D,D,D,D,D,D
8405,D,R,R,R,R,R,R,R,R,R,R,D,D,R,R,R
8406,D,R,R,R,R,D,R,R,D,R,R,D,D,D,R,R
8407,D,R,R,R,R,R,R,R,D,R,R,D,D,R,R,R
8408,R,R,R,R,R,R,R,R,R,R,D,D,D,D,R,R
8409,R,D,R,R,R,D,R,R,D,R,D,D,D,D,R,D
8410,D,D,R,R,D,D,D,D,D,R,D,D,D,D,D,D
8411,R,R,R,R,R,D,R,R,D,R,D,D,D,D,R,R
8412,D,R,R,R,R,D,R,D,R,R,R,D,D,R,R,D
8413,R,R,R,R,R,R,R,R,D,R,R,D,D,R,R,R
8414,D,D,R,R,R,R,R,D,D,R,D,D,D,D,R,R
8415,R,R,R,R,R,R,R,R,R,D,D,D,D,R,D,R
8416,R,R,R,R,R,D,R,D,D,R,R,D,D,D,D,R
8417,D,R,D,R,R,R,R,D,D,R,R,D,D,R,D,R
8418,R,R,R,R,R,R,D,D,R,R,R,D,D,D,R,R
8419,R,R,R,R,R,D,R,R,D,R,R,D,R,D,D,R
8420,R,R,R,R,R,R,D,R,R,R,R,D,D,D,R,R
8421,D,D,R,R,R,R,R,R,R,R,R,D,D,R,R,R
8422,R,R,R,R,R,R,R,R,R,R,R,D,D,R,R,R
8423,R,R,R,R,R,R,R,R,R,R,R,D,D,R,R,R
8424,D,D,R,R,R,D,D,D,D,D,D,D,D,D,D,R
8425,D,R,R,R,R,R,R,D,D,R,R,D,D,R,D,R
8426,R,R,R,R,R,D,R,D,R,R,R,D,D,D,D,R
8427,R,R,R,R,R,R,D,D,D,R,R,D,D,D,D,R
8428,D,R,R,R,R,R,D,D,D,R,R,D,D,R,D,R
8429,D,R,R,R,R,D,R,D,D,R,R,D,D,D,D,R
8430,D,R,R,R,R,R,R,R,D,R,D,D,D,D,D,D
8431,D,R,R,R,D,D,R,D,D,R,D,D,D,D,R,D
8432,R,R,R,R,R,R,R,R,D,R,D,D,D,R,D,R
8433,R,D,R,R,R,R,D,R,D,R,D,D,D,R,D,R
8434,R,D,R,R,R,R,R,R,R,R,D,D,D,R,R,R
8435,D,R,R,R,R,D,R,D,D,R,R,D,D,D,D,R
8436,R,R,R,R,R,R,R,R,D,R,R,D,R,R,R,R
8437,R,R,R,R,R,R,R,D,R,R,R,D,D,D,D,R
8438,R,R,R,R,R,R,R,R,D,R,R,D,D,D,R,R
8439,D,R,R,R,R,R,D,R,R,R,R,D,D,D,D,R
8440,R,D,R,R,R,D,R,R,D,R,D,D,D,D,R,R
8441,R,R,R,R,R,R,R,D,R,R,R,D,D,R,R,R
8442,D,R,R,R,R,D,R,R,D,R,D,D,D,R,R,R
8443,R,R,R,R,R,R,R,R,D,R,R,D,D,R,D,R
8444,D,R,R,R,R,R,R,R,R,R,R,D,D,D,R,R
8445,R,D,D,R,D,D,R,D,D,R,D,D,D,D,D,D
8446,R,R,R,R,R,R,R,R,R,R,R,D,D,D,R,R
8447,D,R,D,R,R,D,D,D,D,D,D,D,D,D,D,D
8448,D,D,R,R,R,R,R,D,R,R,R,D,D,R,D,R
8449,R,R,R,R,R,R,R,R,D,R,R,D,D,R,R,R
8450,D,R,D,R,R,D,R,D,D,R,D,D,D,D,D,D
8451,R,R,R,R,R,R,R,D,R,R,R,D,D,R,R,R
8452,R,R,R,R,R,R,R,D,R,R,R,D,D,D,R,R
8453,D,D,D,R,R,D,R,D,D,R,D,D,D,D,D,D
8454,R,R,R,R,R,D,R,D,R,R,R,D,D,R,R,R
8455,D,D,D,R,R,D,R,D,D,R,D,D,D,D,D,D
8456,R,D,R,R,R,R,R,D,D,R,R,D,D,R,R,R
8457,D,R,R,R,R,D,D,R,D,D,R,D,D,R,D,D
8458,R,R,R,R,D,R,R,D,D,R,D,D,D,R,R,D
8459,R,R,R,R,R,D,R,D,R,R,R,D,D,R,D,R
8460,R,R,R,R,R,R,R,D,D,R,R,D,D,R,R,R
8461,D,R,R,R,R,R,R,R,R,R,R,D,D,R,R,R
8462,R,R,R,R,R,R,R,R,R,R,R,D,D,R,R,R
8463,R,R,R,R,R,R,R,R,R,R,R,D,D,D,R,R
8464,R,R,R,R,R,R,R,R,R,R,R,D,D,D,R,R
8465,R,R,R,R,R,R,R,R,R,R,R,D,D,R,R,R
8466,R,R,R,R,R,R,R,R,D,R,R,D,D,D,R,R
8467,D,D,D,R,R,D,R,D,D,R,D,D,D,D,D,D
8468,D,R,R,R,R,R,R,R,D,D,D,D,D,R,R,R
8469,D,R,R,R,R,D,R,D,D,R,R,D,D,R,D,R
8470,D,R,R,R,R,R,R,D,R,R,R,D,D,D,D,D
8471,R,R,R,R,R,R,R,R,R,R,R,D,D,R,R,R
8472,R,R,R,R,R,R,R,R,R,R,R,D,D,R,R,R
8473,D,D,R,R,D,D,D,D,D,D,D,D,D,D,D,D
8474,D,D,R,R,R,D,D,D,D,R,D,D,D,D,D,D
8475,D,D,R,R,R,D,R,R,R,R,D,D,D,R,R,R
8476,D,D,R,R,R,R,R,D,D,R,D,D,D,D,R,R
8477,R,R,R,R,R,R,R,D,D,R,D,D,D,R,D,R
8478,D,D,R,R,R,D,D,D,D,R,D,D,D,D,D,D
8479,R,R,R,R,R,R,R,D,D,D,R,D,D,R,D,R
8480,R,R,R,R,R,R,R,D,R,R,D,D,D,R,R,R
8481,R,R,R,R,R,R,R,R,R,R,R,D,D,D,R,R
8482,R,D,D,D,R,D,D,D,D,R,R,D,D,D,D,D
8483,D,R,R,R,R,D,R,R,R,R,R,D,D,D,R,D
8484,R,R,R,R,R,R,R,D,D,R,R,D,D,D,D,D
8485,D,D,R,R,R,D,R,D,D,D,D,D,D,D,D,D
8486,R,R,D,R,R,D,D,D,D,D,D,D,D,D,D,D
8487,D,R,R,R,R,R,R,R,D,R,R,D,D,R,D,R
8488,R,R,R,R,R,R,R,R,R,R,R,D,D,R,R,R
8489,D,D,R,R,R,D,R,R,D,R,R,D,D,R,R,R
8490,D,R,R,R,R,D,D,R,D,D,D,D,D,D,D,D
8491,D,D,D,R,R,D,R,D,D,D,D,D,D,D,D,D
8492,R,R,R,R,R,R,R,R,R,R,R,D,D,R,R,R
8493,D,D,R,R,R,D,R,R,D,R,D,D,D,R,R,D
8494,R,R,R,R,R,D,R,D,D,R,D,D,D,R,R,R
8495,D,R,R,R,R,R,R,D,D,R,R,D,D,D,R,R
8496,R,R,R,R,R,R,R,R,D,R,R,D,D,R,R,R
8497,D,R,R,R,R,D,R,R,D,R,R,D,D,R,D,R
8498,R,R,R,R,R,D,R,R,D,R,R,D,D,D,R,R
8499,R,R,R,R,R,R,R,R,D,R,R,D,D,R,R,R
8500,D,D,D,R,D,D,D,D,D,D,D,D,D,D,D,D
8501,D,D,R,R,R,D,D,D,D,R,D,D,D,D,D,D
8502,R,R,R,R,R,D,R,R,R,R,R,D,D,D,R,R
8503,R,D,R,R,R,R,R,R,R,R,D,D,D,D,R,D
8504,D,D,R,R,D,D,D,D,D,R,D,D,D,D,R,D
8505,R,R,R,R,R,R,R,R,D,R,R,D,R,D,D,R
8506,R,R,R,R,R,R,R,R,D,R,R,D,D,D,R,D
8507,R,R,R,R,R,D,R,R,R,R,R,D,D,R,R,R
8508,D,R,D,R,R,D,D,D,D,R,D,D,D,R,D,D
8509,R,R,R,R,R,R,R,R,R,R,R,D,D,D,D,R
8510,R,R,R,R,R,R,R,R,R,R,D,D,D,R,D,D
8511,R,R,R,R,R,R,R,D,R,R,D,D,D,D,R,D
8512,D,D,R,R,R,D,D,D,D,D,D,D,D,D,D,D
8513,R,D,R,R,R,D,R,D,D,R,R,D,D,D,R,R
8514,D,R,R,R,R,D,D,R,R,R,D,D,D,D,D,R
8515,D,D,R,R,R,R,R,D,R,R,D,D,D,D,R,D
8516,D,R,R,R,R,R,R,D,D,R,R,D,D,R,R,R
8517,R,R,R,R,R,R,R,R,R,R,R,D,D,D,D,R
8518,D,R,R,R,R,D,R,D,D,R,D,D,D,D,D,R
8519,D,R,R,R,R,R,R,R,D,R,D,D,D,D,R,R
8520,D,R,R,R,D,D,R,R,R,R,D,D,D,R,D,R
8521,R,R,R,R,R,R,R,R,D,R,R,D,D,R,R,R
8522,R,R,R,R,R,R,R,R,R,R,R,D,D,R,D,R
8523,R,R,R,R,D,D,R,R,R,R,D,D,D,D,D,D
8524,D,R,R,R,R,R,D,D,D,R,R,D,D,D,R,D
8525,D,R,R,R,R,R,R,R,D,R,R,D,D,R,R,D
8526,R,R,R,R,R,R,R,R,D,R,R,D,D,R,R,R
8527,R,R,R,R,R,R,R,R,D,R,D,D,R,R,R,R
8528,D,D,R,R,R,D,R,D,D,R,D,D,D,D,D,D
8529,R,R,R,R,R,R,R,R,D,R,R,D,D,R,R,R
8530,R,R,R,R,R,D,R,D,D,R,R,D,D,D,D,R
8531,D,D,R,R,R,D,D,D,D,D,D,D,D,D,D,D
8532,R,R,R,R,R,D,D,D,R,R,D,D,D,D,R,D
8533,D,D,R,R,R,R,D,D,R,R,R,D,D,R,R,R
8534,D,D,R,R,R,R,R,R,R,R,R,D,D,R,R,R
8535,R,R,R,R,R,D,R,D,D,R,R,D,D,R,R,R
8536,R,R,R,R,R,R,R,R,D,R,R,D,D,R,D,D
8537,R,D,R,R,R,D,R,R,D,D,R,D,D,D,D,D
8538,D,D,D,R,R,D,R,D,D,D,D,D,D,D,D,D
8539,R,D,R,R,R,R,D,D,D,R,R,D,D,R,R,D
8540,R,R,R,R,R,R,R,R,R,R,R,D,D,D,R,R
8541,R,R,R,R,R,R,R,R,R,R,R,D,D,R,D,D
8542,R,R,R,R,R,R,R,R,D,R,R,D,D,R,R,R
8543,D,D,R,R,D,R,R,D,R,R,D,D,D,R,D,D
8544,R,R,R,R,R,R,R,R,D,R,R,D,D,R,R,R
8545,D,D,R,R,R,R,R,R,R,R,R,D,D,R,R,R
8546,R,R,R,R,R,R,R,D,D,D,R,D,D,R,R,D
8547,D,D,D,D,R,D,D,D,D,D,D,D,D,D,R,D
8548,R,R,R,R,R,R,R,R,D,R,R,D,D,D,D,D
8549,D,D,D,R,D,D,R,D,D,D,D,D,D,D,D,D
8550,D,D,R,R,R,D,R,D,D,R,D,D,D,D,D,D
8551,R,D,R,R,R,R,R,R,R,R,R,D,D,D,D,R
8552,D,D,D,R,R,R,R,D,D,R,R,D,D,R,R,R
8553,D,R,R,R,R,R,R,R,R,R,D,D,D,R,R,R
8554,D,R,D,R,D,D,R,D,D,D,D,D,D,D,D,D
8555,D,R,R,R,R,D,R,R,D,R,R,D,D,D,D,R
8556,R,D,R,R,R,R,R,R,R,R,R,D,D,R,R,R
8557,R,R,R,R,R,R,R,R,D,R,R,D,D,R,R,R
8558,R,D,R,R,R,D,R,D,D,R,R,D,D,D,D,D
8559,R,R,R,R,R,D,R,R,R,R,R,D,D,R,R,D
8560,R,D,R,R,R,D,R,D,R,R,R,D,D,R,R,D
8561,R,R,R,R,R,R,R,R,R,R,D,R,D,D,R,R
8562,D,D,D,R,R,D,D,D,D,R,D,D,D,D,D,D
8563,D,D,D,R,R,D,D,D,D,R,D,D,D,D,D,D
8564,D,D,D,R,R,D,R,D,D,R,D,D,D,D,D,R
8565,R,R,R,R,R,R,R,R,R,R,R,D,D,D,R,R
8566,R,R,R,R,R,R,R,R,R,R,R,D,D,D,R,R
8567,R,R,R,R,R,R,D,D,R,R,D,D,D,R,D,D
8568,R,R,R,R,R,R,R,R,R,R,R,D,D,R,D,D
8569,D,D,D,R,R,D,D,D,D,D,D,D,D,D,D,D
8570,R,R,R,R,R,D,R,R,R,R,R,D,D,R,R,R
8571,D,D,R,R,R,D,R,D,R,R,R,D,D,R,R,R
8572,R,R,R,R,R,D,R,R,R,R,R,D,D,D,R,R
8573,D,R,R,R,R,D,R,R,R,R,R,D,D,D,R,R
8574,R,D,R,R,R,R,R,R,R,R,R,D,D,D,R,R
8575,D,D,D,R,R,D,D,D,R,D,D,D,D,D,D,D
8576,R,R,R,R,R,R,R,R,D,R,D,D,D,D,D,D
8577,R,D,R,R,R,D,R,R,D,R,R,D,D,R,R,R
8578,R,D,R,R,R,R,R,R,R,R,R,D,D,R,R,R
8579,D,R,R,R,R,R,R,R,R,R,R,D,D,R,R,R
8580,R,R,R,R,R,R,R,R,R,R,R,D,D,D,R,R
8581,R,D,R,R,R,R,R,R,D,R,D,D,D,R,D,R
8582,D,R,R,R,R,R,R,D,D,R,R,D,D,R,D,R
8583,D,R,R,R,R,R,R,D,D,R,R,D,D,R,R,D
8584,R,R,R,R,R,D,R,D,R,R,R,D,D,D,R,R
8585,R,R,R,R,R,R,R,R,D,R,R,D,D,D,D,D
8586,R,D,R,R,R,D,R,R,R,R,R,D,D,D,D,D
8587,R,R,R,R,R,R,R,D,R,R,D,D,D,D,R,R
8588,D,R,R,R,R,D,R,D,D,R,R,D,D,D,R,R
8589,R,R,R,R,R,D,R,R,D,R,D,D,D,D,D,R
8590,D,D,R,R,R,D,D,D,D,R,D,D,D,D,D,D
8591,R,R,D,R,R,D,R,R,R,R,D,D,D,D,R,D
8592,R,R,R,R,R,D,R,D,D,R,D,D,D,D,R,D
8593,D,D,R,R,R,R,D,R,D,R,D,D,D,R,D,R
8594,D,R,R,R,R,R,R,R,D,R,D,D,D,D,R,R
8595,R,D,R,R,R,R,R,R,D,R,D,D,D,D,D,R
8596,R,R,R,R,R,R,D,D,R,R,D,D,D,D,R,D
8597,D,D,R,R,R,R,R,R,R,R,R,D,D,R,R,R
8598,D,R,R,R,R,R,R,D,D,R,R,D,D,D,R,D
8599,R,R,R,R,R,D,R,R,R,R,D,D,D,D,R,R
8600,R,R,R,R,R,D,R,D,D,R,R,D,D,R,R,R
8601,R,R,R,R,R,R,R,R,D,R,R,D,D,R,R,R
8602,R,R,R,R,R,D,R,R,D,R,R,D,D,R,D,R
8603,R,D,R,R,R,R,R,R,D,D,D,D,D,D,D,D
8604,R,D,R,R,R,R,R,R,R,R,R,D,D,R,R,R
8605,R,D,R,R,R,R,R,R,R,R,D,D,D,D,R,R
8606,D,D,D,R,R,D,R,D,D,R,D,D,D,D,D,D
8607,R,D,R,R,R,D,R,R,D,R,D,D,D,D,D,R
8608,D,D,R,R,R,D,R,D,D,D,D,D,D,D,D,R
8609,D,D,D,R,R,D,D,D,D,R,D,D,D,D,D,R
8610,D,D,D,R,D,D,R,D,D,D,R,D,D,D,D,D
8611,D,R,D,R,D,R,D,D,D,D,D,D,D,D,D,D
8612,D,D,R,R,R,R,R,R,D,R,R,D,D,D,R,D
8613,R,R,R,R,R,R,R,R,D,R,R,D,D,D,D,R
8614,D,D,D,D,D,D,D,D,D,R,R,D,D,D,D,D
8615,R,R,R,R,R,R,R,D,D,R,R,D,D,R,R,R
8616,R,R,R,R,R,R,R,R,D,R,R,D,D,R,D,R
8617,R,D,R,R,R,R,R,R,R,R,R,D,D,D,R,R
8618,R,R,R,R,R,R,R,R,D,R,R,D,D,D,R,R
8619,D,R,R,R,R,R,R,D,D,R,R,D,D,R,R,R
8620,D,D,D,R,R,D,D,D,D,D,D,D,D,D,D,D
8621,R,R,R,R,R,D,R,R,D,R,D,D,D,D,R,R
8622,R,D,R,R,R,R,R,R,R,R,R,D,D,D,R,R
8623,R,R,R,R,R,R,R,R,D,D,R,D,D,R,R,R
8624,R,R,R,R,R,D,R,R,D,R,D,D,D,D,D,D
8625,D,D,R,R,R,D,D,D,D,R,D,D,D,D,D,D
8626,R,R,R,R,R,R,R,R,R,R,D,D,D,R,R,R
8627,D,R,R,R,R,D,R,R,D,R,R,D,D,D,R,R
8628,R,R,R,R,R,D,R,R,D,R,D,D,D,D,R,R
8629,R,R,R,R,R,D,R,D,R,R,R,D,D,R,R,R
8630,D,D,D,R,R,D,D,D,D,D,D,D,D,D,R,D
8631,R,D,R,R,R,R,R,D,D,R,R,D,D,R,R,D
8632,D,R,R,D,D,D,D,D,D,D,D,D,D,D,D,D
8633,R,R,R,R,R,R,R,R,D,R,R,D,D,R,R,D
8634,R,R,R,R,R,R,R,R,R,R,R,D,D,R,R,D
8635,R,R,R,R,R,R,R,R,D,R,R,D,D,R,R,R
8636,D,R,R,R,R,R,R,R,R,R,R,D,D,R,R,R
8637,R,R,R,R,R,R,R,R,R,R,R,D,D,R,R,R
8638,R,R,R,R,R,D,R,D,D,R,R,D,D,R,R,D
8639,R,D,R,R,R,R,R,R,R,R,D,D,D,D,R,R
8640,R,R,R,R,R,R,R,R,R,R,R,D,D,R,D,R
8641,R,R,R,R,R,D,R,D,R,R,R,D,D,R,R,D
8642,R,R,R,R,R,R,R,D,D,R,D,D,D,R,R,R
8643,R,D,R,R,R,R,R,R,R,R,R,D,D,R,D,R
8644,R,R,R,R,R,R,R,R,D,R,R,D,D,D,D,R
8645,R,R,R,R,R,R,R,R,D,R,R,D,D,D,R,R
8646,R,R,R,R,R,R,R,R,R,R,R,D,D,R,R,R
8647,R,D,R,R,R,R,R,R,D,R,R,D,D,D,R,R
8648,R,R,R,R,R,R,R,R,R,R,R,D,D,R,R,R
8649,D,R,R,R,R,D,R,R,D,R,D,D,D,D,R,D
8650,R,R,R,R,R,R,R,R,D,R,D,D,D,D,R,R
8651,R,D,R,R,R,R,R,R,D,R,R,D,D,R,R,R
8652,D,R,D,D,D,D,D,D,D,D,D,D,D,D,D,D
8653,R,D,R,R,R,D,R,D,D,R,R,D,D,D,D,D
8654,D,D,R,R,R,R,R,R,R,R,R,D,D,R,R,D
8655,R,R,R,R,R,R,R,R,D,R,R,D,D,R,R,R
8656,R,R,R,R,R,R,R,R,R,R,R,D,D,R,R,R
8657,R,R,R,R,R,R,R,R,R,R,R,D,D,R,R,D
8658,R,R,R,R,R,D,R,R,D,R,R,D,D,R,R,D
8659,R,R,R,R,R,D,R,D,D,R,R,D,D,R,R,R
8660,D,R,D,R,D,D,R,D,D,R,D,D,D,D,D,R
8661,R,R,R,R,R,D,R,R,D,R,R,D,D,D,D,R
8662,R,R,R,R,R,R,R,D,D,R,D,D,D,R,R,R
8663,D,D,R,R,R,D,R,R,R,R,D,D,D,D,R,D
8664,R,R,R,R,R,R,R,D,R,R,R,D,D,R,R,R
8665,D,R,D,R,R,D,D,D,D,D,D,D,D,D,D,D
8666,D,D,R,R,R,R,R,D,R,R,D,D,D,D,R,R
8667,D,R,R,R,R,R,R,R,D,R,R,D,D,D,R,R
8668,R,D,R,R,R,R,R,D,R,R,R,D,D,R,R,R
8669,R,R,R,R,R,R,R,R,D,R,R,D,D,D,D,D
8670,D,R,R,R,R,D,R,R,R,R,D,D,D,D,R,R
8671,D,R,R,R,R,D,R,R,D,R,D,D,D,R,D,D
8672,R,R,R,R,R,R,R,R,R,R,R,R,D,R,D,R
8673,R,D,R,R,R,R,R,D,R,R,R,D,D,R,D,R
8674,R,D,R,R,R,D,R,R,R,R,R,D,D,D,R,R
8675,R,D,R,R,R,R,R,R,R,R,D,D,D,R,R,D
8676,R,R,R,R,R,D,R,R,D,R,R,D,D,D,D,D
8677,D,R,R,R,R,R,D,R,R,R,R,D,D,R,D,D
8678,R,R,R,R,R,R,R,R,R,R,R,D,D,R,R,R
8679,D,R,D,R,R,R,R,D,R,R,R,D,D,R,D,R
8680,D,R,R,R,R,R,R,R,D,R,R,D,D,D,D,R
8681,D,D,R,R,R,R,R,R,D,R,R,D,D,D,D,R
8682,D,R,R,R,R,R,D,D,D,R,R,D,D,R,D,R
8683,R,D,R,R,R,R,R,R,D,R,R,D,D,D,D,R
8684,R,R,R,R,R,D,R,D,D,R,D,D,D,D,R,D
8685,R,D,R,R,R,D,R,R,R,R,D,D,D,R,R,R
8686,D,R,D,R,R,D,D,D,D,D,D,D,D,D,D,D
8687,D,D,D,R,R,D,D,D,D,R,D,D,D,D,D,D
8688,D,R,R,R,R,D,D,R,R,R,R,D,D,D,D,D
8689,R,R,R,R,R,R,R,R,R,R,R,D,D,R,R,R
8690,D,D,R,R,R,D,R,R,R,R,D,D,D,D,D,R
8691,R,R,R,R,R,R,R,D,D,R,R,D,D,R,R,R
8692,R,R,R,R,R,D,R,R,D,R,R,D,D,R,D,D
8693,D,R,R,R,D,D,D,D,D,R,D,D,D,D,R,D
8694,R,R,R,R,R,R,R,R,D,D,R,D,D,R,D,R
8695,R,D,R,R,R,D,R,R,D,R,D,D,D,D,R,R
8696,D,D,R,R,R,R,R,D,R,R,D,D,D,D,R,R
8697,R,R,R,R,R,R,R,R,D,R,R,D,D,D,D,R
8698,D,D,D,R,R,D,D,D,D,R,D,D,D,D,D,D
8699,R,R,R,R,R,R,R,R,R,R,R,D,D,R,R,R
8700,R,R,R,R,R,R,R,R,R,R,D,D,D,R,R,R
8701,R,D,R,R,R,D,R,R,R,R,D,D,D,D,D,D
8702,R,R,R,R,R,R,R,R,R,R,R,D,D,D,D,R
8703,R,R,R,R,R,D,R,R,D,R,R,D,D,D,D,R
8704,R,R,R,R,R,R,R,R,D,D,D,D,D,D,D,R
8705,R,R,R,R,R,R,R,R,R,R,R,D,D,D,R,R
8706,R,R,R,R,R,R,R,D,D,R,D,D,D,D,D,D
8707,R,D,R,R,R,R,R,D,D,R,R,D,D,D,D,R
8708,D,R,R,R,R,R,R,R,R,R,R,D,D,D,R,R
8709,R,D,D,R,R,D,R,R,D,R,R,D,D,D,D,R
8710,D,R,R,R,R,D,R,D,D,R,R,D,D,R,D,R
8711,R,D,R,R,R,R,R,R,D,R,R,D,D,R,R,R
8712,D,R,R,R,R,R,D,D,D,R,R,D,D,R,R,D
8713,R,R,D,R,R,D,D,D,D,R,D,D,D,D,D,R
8714,D,D,R,R,R,R,R,R,R,R,R,D,D,D,R,R
8715,R,R,R,R,R,D,R,D,R,R,D,D,D,R,D,D
8716,R,R,R,R,R,R,R,R,D,R,R,D,D,D,R,R
8717,D,R,R,R,R,R,R,D,D,R,D,D,D,R,R,D
8718,R,R,R,R,R,R,R,R,D,R,R,D,D,D,D,R
8719,R,R,R,R,R,R,R,R,R,R,R,D,R,R,R,R
8720,D,D,D,R,D,D,D,R,D,R,R,D,D,D,D,D
8721,R,R,R,R,R,D,R,R,D,R,D,D,D,D,D,R
8722,D,D,D,R,R,D,D,D,D,R,D,D,D,D,D,D
8723,D,D,R,R,R,D,R,D,D,R,R,D,D,R,R,R
8724,R,R,R,R,R,D,R,D,D,R,D,D,D,R,D,R
8725,D,D,R,R,R,D,D,D,D,R,D,D,D,D,D,R
8726,R,R,R,R,R,R,R,R,D,R,R,D,D,D,R,R
8727,R,R,R,R,R,R,R,R,R,R,R,R,D,R,D,R
8728,R,D,R,R,R,R,R,R,D,R,R,D,D,D,R,D
8729,R,R,R,R,R,R,R,R,D,R,D,D,D,D,R,D
8730,R,R,R,R,R,D,R,R,R,R,R,D,D,D,R,R
8731,R,R,R,R,R,R,R,D,R,R,R,D,D,R,R,R
8732,D,D,R,R,R,D,R,R,R,R,R,D,D,R,R,R
8733,D,D,D,R,D,D,D,D,D,R,D,D,D,D,D,D
8734,R,R,R,R,R,R,R,R,R,R,R,D,D,R,R,R
8735,R,R,R,R,R,R,R,D,R,R,D,D,D,D,R,R
8736,D,R,R,R,R,R,R,D,R,R,R,D,D,R,D,R
8737,R,R,R,R,R,R,R,R,R,R,R,D,D,R,R,R
8738,D,D,D,R,D,D,R,D,D,R,D,D,D,D,D,D
8739,D,D,R,R,R,R,R,D,D,R,R,D,D,D,R,R
8740,D,D,D,R,D,D,D,D,D,D,D,D,D,D,D,D
8741,R,R,R,R,R,R,R,R,D,R,R,D,D,D,D,R
8742,D,D,R,R,R,R,D,D,R,R,R,D,D,D,D,R
8743,R,R,R,R,R,R,R,R,D,R,D,D,D,R,R,R
8744,R,R,R,R,R,R,R,D,D,R,R,D,D,D,R,R
8745,D,D,D,R,R,D,D,D,D,D,D,D,D,D,D,D
8746,R,R,R,R,R,R,R,R,R,R,R,D,D,D,R,R
8747,D,R,R,R,R,D,D,D,D,D,D,D,D,D,D,R
8748,R,R,R,R,R,R,R,D,D,R,D,D,D,R,R,R
8749,D,R,R,R,R,R,R,R,D,R,R,D,D,D,D,R
8750,R,R,R,R,R,D,D,D,D,R,R,D,D,R,D,R
8751,D,R,R,R,R,R,R,R,D,D,R,D,D,D,R,R
8752,R,R,R,R,R,R,R,R,R,R,R,D,D,R,R,R
8753,D,D,R,R,R,D,R,D,D,R,D,D,D,D,D,D
8754,R,R,R,R,R,R,R,R,R,R,R,D,D,R,R,R
8755,R,R,R,R,R,D,R,D,D,R,R,D,D,D,D,R
8756,R,R,R,R,R,R,R,R,R,R,R,D,D,D,D,R
8757,R,R,R,R,R,R,R,R,D,R,R,D,D,D,R,D
8758,D,R,R,R,R,R,R,R,D,R,R,D,D,R,D,D
8759,D,R,R,R,R,D,R,R,R,R,R,D,D,D,D,R
8760,R,R,R,R,R,D,R,R,D,R,D,D,D,R,R,R
8761,R,R,R,R,R,D,R,R,D,R,R,D,D,R,R,D
8762,R,R,R,R,R,R,R,D,R,R,R,D,D,R,R,R
8763,D,D,R,R,R,D,R,D,D,D,D,D,D,D,D,R
8764,D,R,R,R,R,R,R,R,D,R,R,D,D,R,R,D
8765,D,D,D,R,R,D,D,D,D,D,D,D,D,D,D,D
8766,R,R,R,R,R,R,R,R,D,R,R,D,D,R,R,R
8767,R,R,R,R,R,D,R,R,R,R,R,D,D,R,R,D
8768,D,D,D,R,R,D,D,D,D,R,D,D,D,R,D,R
8769,R,R,R,R,R,D,R,D,D,R,R,D,D,D,D,R
8770,D,D,R,R,R,D,R,R,D,R,R,D,D,D,D,R
8771,R,R,R,R,R,D,R,D,D,R,R,D,D,R,R,R
8772,D,D,D,R,R,D,D,D,D,R,D,D,D,D,D,D
8773,D,D,R,R,R,R,R,D,D,R,R,D,D,D,D,R
8774,D,D,R,R,D,D,D,D,D,D,D,D,D,D,D,D
8775,R,R,R,R,R,R,R,R,R,D,D,D,D,R,D,R
8776,R,R,R,R,R,R,R,R,R,R,D,D,D,R,R,R
8777,D,R,D,R,D,D,R,D,D,D,D,D,D,D,D,R
8778,R,R,R,R,R,R,R,D,D,R,R,D,D,D,R,R
8779,D,D,R,R,R,R,D,R,D,R,R,D,D,D,D,D
8780,D,D,R,R,R,D,R,R,D,R,D,D,D,D,R,R
8781,R,R,R,R,R,D,R,D,D,R,R,D,D,D,D,R
8782,R,R,R,R,R,R,R,R,R,R,R,D,D,D,R,D
8783,R,D,R,D,R,D,D,D,D,D,D,D,D,D,D,D
8784,D,R,R,R,R,D,R,D,R,R,D,D,D,D,D,R
8785,R,D,R,R,R,R,R,D,R,R,R,D,D,R,R,R
8786,D,R,R,R,R,D,R,D,D,D,D,D,D,D,D,R
8787,D,D,R,R,R,D,R,R,R,R,R,D,D,D,R,D
8788,R,R,D,R,R,D,R,R,D,R,R,D,D,D,R,R
8789,D,R,R,R,R,R,R,R,R,R,R,R,D,R,D,R
8790,D,R,D,R,R,R,R,D,D,R,R,D,D,R,D,D
8791,D,R,R,R,R,R,R,R,D,R,R,D,D,R,R,R
8792,R,R,R,R,R,R,R,R,R,R,R,D,D,R,D,R
8793,R,R,R,R,R,D,R,R,D,D,D,D,D,D,D,D
8794,R,R,R,R,R,R,R,R,R,R,R,D,D,R,R,R
8795,R,D,R,R,R,R,R,R,D,R,D,D,D,D,R,R
8796,R,D,R,R,R,D,R,R,D,R,R,D,D,R,R,R
8797,R,R,R,R,R,R,R,R,R,R,R,D,D,R,R,R
8798,D,R,R,R,R,R,D,D,D,R,D,D,D,R,R,D
8799,R,R,R,R,R,R,R,D,R,R,R,D,D,D,R,R
8800,R,D,R,R,R,D,R,D,R,R,D,D,D,D,D,R
8801,R,R,R,R,R,R,R,R,D,R,R,D,D,R,R,R
8802,R,R,R,R,R,R,R,R,D,R,R,D,D,R,D,R
8803,R,R,R,R,R,R,R,D,D,R,R,D,D,R,D,R
8804,R,R,R,R,R,R,R,R,D,R,R,D,D,R,D,D
8805,R,R,R,R,R,R,R,R,D,R,R,D,D,R,R,R
8806,R,R,R,R,R,R,R,D,R,R,D,D,D,R,R,R
8807,R,D,R,R,R,D,R,R,D,R,D,D,D,R,D,R
8808,R,R,R,R,R,R,R,D,D,R,D,D,D,R,D,R
8809,R,R,R,R,R,R,R,D,D,R,D,D,D,R,R,R
8810,R,R,R,R,R,R,R,R,D,R,R,D,D,D,D,D
8811,R,R,R,R,R,D,R,D,R,D,D,D,D,R,R,R
8812,D,R,R,R,R,R,R,R,R,R,R,D,D,R,R,R
8813,R,R,R,R,R,R,R,R,D,R,R,D,D,R,R,R
8814,R,R,R,R,R,D,R,D,R,R,D,D,D,R,R,R
8815,R,R,R,R,R,D,R,R,D,R,R,D,D,R,R,R
8816,R,R,R,R,R,R,R,D,R,R,R,D,D,R,R,R
8817,D,D,R,R,R,D,D,D,D,R,D,D,D,D,D,D
8818,R,R,R,R,R,R,R,R,D,R,R,D,D,R,R,R
8819,D,D,R,R,R,D,R,D,D,R,D,D,D,D,D,D
8820,D,D,R,R,D,D,D,D,D,R,D,D,D,D,D,D
8821,R,R,R,R,R,R,R,D,D,R,R,D,D,R,R,R
8822,R,R,R,R,R,R,R,R,R,R,R,D,D,D,R,R
8823,D,R,R,R,R,R,R,R,R,R,D,D,D,R,D,R
8824,R,R,R,R,R,R,R,R,R,R,R,D,D,R,R,D
8825,D,R,R,R,R,R,R,R,R,R,D,D,D,R,R,R
8826,D,R,R,R,R,D,R,R,D,R,R,D,D,R,R,D
8827,R,R,R,R,R,R,R,R,D,R,R,D,D,D,R,D
8828,R,R,R,R,D,R,R,D,D,R,R,D,D,D,R,R
8829,D,D,R,R,R,R,R,D,D,R,R,D,D,R,R,R
8830,D,R,R,R,R,D,R,R,D,R,R,D,D,R,R,R
8831,R,D,R,R,R,D,R,D,D,R,D,D,D,R,R,R
8832,D,D,R,R,R,D,D,D,D,R,D,D,D,D,D,R
8833,D,R,R,R,R,D,R,D,R,R,D,D,D,D,D,R
8834,R,R,R,R,R,R,R,D,R,R,R,D,D,R,D,R
8835,R,R,R,R,R,R,R,R,D,R,R,D,D,D,R,R
8836,D,R,R,R,R,D,R,R,R,R,R,D,D,D,D,R
8837,D,R,R,R,R,D,R,R,R,R,R,D,D,R,D,R
8838,D,R,R,R,R,R,R,R,D,R,D,D,D,R,D,R
8839,D,R,R,R,R,D,R,R,R,R,R,D,D,D,D,R
8840,D,D,D,R,R,D,D,D,D,R,D,D,D,D,D,D
8841,D,R,R,R,D,R,R,R,R,R,R,D,D,R,R,R
8842,D,R,R,R,R,D,R,D,D,R,R,D,D,D,R,R
8843,R,R,R,R,R,R,R,R,D,R,D,D,D,R,D,R
8844,D,R,R,R,D,D,D,D,D,D,D,D,D,D,D,D
8845,R,R,R,R,R,R,R,R,D,R,R,D,D,R,D,D
8846,R,R,D,R,R,D,R,D,D,R,R,D,D,R,D,R
8847,R,R,R,R,R,R,R,R,D,R,R,D,D,R,R,R
8848,R,D,R,R,R,D,R,R,R,R,R,D,D,D,D,D
8849,R,R,R,R,R,R,R,R,D,R,R,D,D,D,R,R
8850,R,R,R,R,R,D,R,R,D,R,R,D,D,R,D,R
8851,R,R,R,R,R,R,R,R,D,R,R,D,D,D,R,R
8852,D,R,R,R,R,D,D,D,D,R,D,D,D,D,D,D
8853,D,R,R,R,R,R,R,R,D,R,R,D,D,D,R,R
8854,R,R,R,R,R,R,R,R,D,R,R,D,D,D,R,R
8855,R,R,R,R,R,R,R,R,R,R,R,D,D,D,D,R
8856,R,D,R,R,R,R,R,R,D,R,D,D,D,R,D,R
8857,D,R,R,R,R,D,R,R,D,R,R,D,D,R,R,R
8858,R,R,R,R,R,R,R,R,D,R,R,D,D,R,R,R
8859,D,R,R,R,R,R,R,D,D,R,R,D,D,R,R,D
8860,R,R,R,R,R,D,R,D,R,R,R,D,D,R,D,R
8861,R,R,R,R,R,D,R,R,R,R,R,D,R,D,R,R
8862,D,R,R,R,R,D,R,R,R,R,R,D,D,D,R,R
8863,R,R,R,R,R,D,R,R,R,R,R,D,D,R,R,R
8864,R,R,R,R,R,R,R,D,R,R,D,D,D,D,R,D
8865,R,R,R,R,R,R,R,D,D,R,R,D,D,D,R,R
8866,D,R,R,R,R,R,R,R,D,R,R,D,D,R,D,D
8867,R,D,R,R,R,R,R,R,D,R,R,D,D,D,D,D
8868,D,R,R,R,R,D,R,R,R,R,R,D,D,R,R,R
8869,R,R,R,R,R,D,R,D,D,R,D,D,D,R,R,R
8870,R,R,R,R,R,D,R,R,R,R,D,D,D,R,D,D
8871,R,R,R,R,R,R,R,D,D,R,R,D,D,R,R,R
8872,R,R,R,R,R,R,D,R,D,R,D,D,D,R,R,R
8873,D,D,D,D,R,R,R,D,D,R,D,D,D,D,D,D
8874,R,R,R,R,R,R,R,R,R,R,R,D,D,D,R,R
8875,R,D,R,R,D,D,R,D,R,R,D,D,D,R,D,R
8876,D,R,R,R,R,D,R,D,D,R,R,D,D,R,R,D
8877,D,D,R,R,R,D,D,D,D,R,D,D,D,D,D,D
8878,R,R,R,R,R,R,R,R,R,R,D,D,D,D,D,R
8879,D,D,D,R,D,R,D,D,D,R,D,D,D,D,D,D
8880,R,R,R,R,R,R,R,D,D,R,D,D,D,D,D,D
8881,R,R,R,R,R,R,R,R,D,R,R,D,D,R,R,R
8882,D,R,R,R,R,D,R,R,R,R,D,D,D,D,R,R
8883,R,D,R,R,R,R,R,R,D,R,D,D,D,D,R,R
8884,R,D,R,R,R,R,D,D,D,R,R,D,D,D,R,R
8885,R,R,R,R,R,R,D,R,D,R,R,D,D,R,D,R
8886,R,R,D,R,R,D,R,R,R,R,R,D,D,D,R,R
8887,D,D,D,R,R,D,D,D,D,D,D,D,D,D,D,D
8888,R,R,R,R,R,R,R,R,R,R,R,D,D,R,R,R
8889,R,R,R,R,R,D,R,R,D,R,D,D,D,D,R,R
8890,D,D,D,R,D,D,R,D,D,R,R,D,D,R,D,D
8891,D,R,D,D,R,D,R,D,D,R,D,D,D,R,D,D
8892,R,R,R,R,R,R,R,D,R,R,R,D,D,D,R,D
8893,R,D,R,R,R,R,R,R,D,R,R,D,D,R,R,R
8894,R,R,R,R,R,R,R,R,R,R,R,D,D,R,D,R
8895,D,R,R,R,R,R,R,D,D,R,D,D,D,D,D,D
8896,R,R,R,R,R,D,R,R,R,R,R,D,D,R,R,R
8897,R,R,R,R,R,R,R,R,D,R,R,D,D,R,R,R
8898,R,R,R,R,R,R,R,R,R,R,R,D,D,R,D,D
8899,R,R,R,R,R,R,D,D,D,D,R,D,D,R,D,R
8900,R,R,R,R,R,R,R,R,R,R,R,D,D,D,R,R
8901,D,D,R,R,D,D,R,D,D,D,R,D,D,D,D,D
8902,R,R,R,R,R,R,R,R,R,R,R,D,D,R,R,R
8903,D,D,D,R,D,D,D,D,D,R,D,D,D,D,D,R
8904,R,R,R,R,R,D,R,R,D,R,R,D,D,D,R,R
8905,D,R,R,R,R,R,R,D,R,R,R,D,D,R,R,D
8906,R,D,R,R,R,R,R,R,D,R,R,D,D,D,R,R
8907,D,R,R,R,R,R,R,D,R,R,R,D,D,R,R,D
8908,R,R,R,R,R,R,R,R,R,R,R,D,D,D,R,R
8909,R,R,R,R,R,D,R,D,D,R,R,D,D,D,D,R
8910,D,R,R,R,R,D,R,D,R,R,R,D,D,R,D,D
8911,D,R,D,R,D,D,D,D,D,R,D,D,D,D,D,D
8912,R,R,R,R,R,D,R,R,R,R,R,D,D,D,D,R
8913,R,R,R,R,R,R,R,R,D,R,R,D,D,D,R,R
8914,D,R,R,R,R,R,R,R,D,R,D,D,D,R,R,D
8915,R,D,R,R,R,R,R,R,R,R,R,D,D,R,R,R
8916,R,R,R,R,D,R,R,R,R,R,D,D,D,D,R,D
8917,R,R,R,R,R,D,R,R,D,R,R,D,D,D,D,D
8918,R,R,R,R,R,R,R,R,D,R,R,D,D,R,R,R
8919,R,R,R,R,R,R,R,D,R,R,R,D,D,D,R,R
8920,R,R,R,R,R,R,R,R,R,R,R,D,D,D,R,D
8921,D,R,R,R,R,R,R,R,R,R,R,D,D,D,R,R
8922,R,R,R,R,R,R,R,D,D,R,R,D,D,D,D,D
8923,R,R,R,R,R,R,R,R,R,R,R,D,D,R,R,R
8924,D,D,D,R,D,D,R,R,D,D,D,D,D,D,D,D
8925,D,R,R,R,R,R,D,R,D,R,D,D,D,R,R,D
8926,R,R,R,R,R,R,R,R,R,R,R,D,D,D,D,D
8927,R,R,R,R,R,R,R,R,D,R,R,D,D,R,D,R
8928,R,R,R,R,R,R,R,D,R,R,R,D,D,D,D,R
8929,D,R,R,R,R,D,R,D,R,R,D,D,D,R,D,R
8930,D,D,R,R,D,D,D,D,D,D,D,D,D,D,D,D
8931,R,D,R,R,R,R,R,D,D,R,D,D,D,R,D,D
8932,D,R,R,R,R,R,R,R,R,R,R,D,D,D,D,R
8933,R,R,R,R,R,D,R,D,D,R,R,D,D,D,R,R
8934,D,D,D,R,D,R,D,D,D,D,D,D,D,D,D,D
8935,D,R,R,R,R,D,R,D,D,R,R,D,D,D,R,R
8936,R,R,R,R,R,R,R,R,R,R,R,D,D,R,R,R
8937,R,D,R,R,R,D,R,R,D,R,R,D,D,D,R,R
8938,R,R,R,R,R,R,R,R,R,R,R,D,D,D,D,R
8939,R,R,R,R,R,R,D,D,D,R,R,D,D,D,R,R
8940,R,R,R,R,R,R,R,R,D,R,R,D,D,D,R,R
8941,D,R,R,R,R,R,R,D,R,R,R,D,D,D,D,R
8942,D,R,R,R,R,D,R,R,D,R,R,D,D,R,D,R
8943,D,D,D,R,D,D,R,D,D,R,D,D,D,D,D,R
8944,R,D,R,R,R,D,D,D,D,R,D,D,D,D,D,D
8945,R,R,R,R,R,D,R,D,R,R,R,D,D,R,D,R
8946,R,R,R,R,R,R,R,D,R,R,D,D,D,D,R,D
8947,R,R,R,R,R,R,R,R,R,R,R,D,D,R,R,R
8948,R,R,R,R,R,D,R,R,D,R,D,D,D,D,D,D
8949,R,R,R,R,R,R,R,D,R,R,D,D,D,R,R,R
8950,D,D,R,D,R,D,R,D,D,R,D,D,D,D,D,D
8951,D,R,R,R,R,R,R,R,D,R,R,D,D,D,D,R
8952,D,D,D,R,D,D,R,D,D,R,D,D,D,D,D,D
8953,D,D,R,R,R,D,R,R,D,R,R,D,D,D,R,D
8954,R,R,R,R,R,R,R,R,D,R,R,D,D,D,D,R
8955,R,R,R,R,R,R,R,R,R,R,R,R,D,D,D,R
8956,D,D,D,R,D,D,R,D,D,R,D,D,D,D,D,R
8957,R,R,R,R,R,R,R,R,D,R,R,D,D,D,R,R
8958,R,D,R,R,R,R,R,D,D,R,R,D,D,D,D,D
8959,R,R,R,R,R,R,R,D,R,R,R,D,D,R,R,R
8960,R,R,R,R,R,R,R,R,R,R,R,D,D,D,R,R
8961,R,D,R,R,R,R,R,D,D,R,D,D,D,D,D,R
8962,R,R,R,R,R,D,R,R,R,R,R,D,D,R,R,R
8963,D,D,R,R,D,D,D,D,D,R,D,D,D,D,D,D
8964,D,R,R,R,R,D,R,D,D,R,R,D,D,R,D,R
8965,D,R,R,R,R,R,R,R,D,R,R,D,D,D,R,R
8966,D,D,R,R,R,D,R,D,D,R,R,D,D,D,R,R
8967,R,R,R,R,R,D,R,D,D,D,R,D,D,D,R,R
8968,D,R,R,R,R,D,R,D,D,R,R,D,D,D,R,R
8969,R,R,R,R,R,D,R,D,R,R,D,D,D,R,D,R
8970,R,R,R,R,R,R,R,R,R,R,R,D,D,D,D,R
8971,R,R,R,R,R,R,R,R,D,R,D,D,D,R,D,R
8972,R,R,R,R,R,R,R,R,R,R,R,D,D,R,R,R
8973,R,R,R,R,R,R,R,R,D,R,R,D,D,D,R,R
8974,R,R,R,R,R,R,R,D,D,R,R,D,D,R,R,R
8975,R,R,R,R,R,R,R,R,R,R,D,D,D,R,R,R
8976,R,R,R,R,R,R,R,D,R,R,R,D,D,R,R,R
8977,R,R,R,R,R,D,R,R,D,R,R,D,D,D,R,D
8978,R,R,R,R,R,D,R,D,R,R,D,D,D,R,R,R
8979,D,R,R,R,R,R,R,D,R,R,R,D,D,R,R,R
8980,D,R,R,R,R,R,R,D,D,R,R,D,D,D,D,R
8981,D,R,R,R,R,R,R,D,D,R,R,D,D,R,R,R
8982,R,R,R,R,R,R,R,R,D,R,R,D,D,R,R,R
8983,D,D,R,R,R,D,R,D,D,R,D,D,D,D,D,D
8984,R,R,R,R,R,R,R,R,D,R,D,D,R,R,R,R
8985,D,R,D,R,D,D,D,D,D,R,D,D,D,D,D,R
8986,R,D,R,R,R,R,R,R,R,R,D,D,D,D,R,D
8987,D,D,D,R,R,D,R,D,D,R,D,D,D,D,D,D
8988,R,R,R,R,R,D,R,R,D,R,R,D,D,D,R,R
8989,R,R,R,R,R,R,R,R,D,R,R,D,D,R,R,D
8990,D,D,R,R,D,D,D,D,D,D,D,D,D,D,D,D
8991,R,R,R,R,R,R,R,R,D,R,D,D,D,R,D,R
8992,R,R,R,R,R,R,R,R,R,R,R,D,D,D,R,R
8993,R,D,R,R,R,D,R,D,D,R,R,D,D,D,R,R
8994,D,D,D,R,D,D,D,D,R,R,D,D,D,R,D,R
8995,D,R,R,R,R,D,R,R,D,R,R,D,D,D,R,D
8996,R,R,R,R,R,D,R,R,D,R,D,D,D,D,D,D
8997,R,D,R,R,R,D,R,D,D,R,R,D,D,R,R,R
8998,R,R,R,R,R,R,R,D,R,R,R,D,D,R,R,D
8999,D,D,D,R,R,D,D,D,D,R,D,D,D,D,D,D
9000,R,D,R,R,R,R,R,R,R,R,R,D,D,D,R,R
9001,R,R,R,R,R,R,R,D,D,R,R,D,R,R,R,R
9002,R,R,R,R,R,D,R,R,R,R,D,D,D,D,D,D
9003,R,R,R,R,R,R,R,R,R,R,D,D,D,D,R,R
9004,D,R,R,R,R,R,R,D,R,R,R,D,D,R,R,R
9005,R,R,R,R,R,R,R,R,D,R,R,D,D,D,R,R
9006,R,R,R,R,R,R,R,R,R,R,R,D,D,R,R,R
9007,D,R,R,R,R,R,R,R,D,R,D,D,D,D,R,R
9008,D,R,R,R,R,R,R,R,D,R,R,D,D,R,R,R
9009,R,R,R,R,R,R,R,D,R,R,R,D,D,D,R,D
9010,R,R,R,R,R,D,R,R,R,R,D,D,D,D,D,D
9011,D,D,R,D,R,D,R,R,D,D,D,D,D,D,D,D
9012,R,D,R,R,R,R,R,R,D,R,D,D,D,R,R,R
9013,D,R,R,R,R,R,R,D,D,R,R,D,D,R,R,R
9014,D,R,R,R,R,R,R,R,D,R,R,D,D,D,R,D
9015,R,D,D,R,R,D,D,D,D,R,D,D,D,D,D,D
9016,R,R,R,R,R,D,R,R,D,R,R,D,D,R,R,R
9017,D,R,R,R,R,D,R,D,D,R,R,D,D,R,R,R
9018,R,D,R,R,R,D,R,R,D,D,R,D,D,R,R,D
9019,R,D,R,R,R,R,D,R,D,R,R,D,D,R,R,R
9020,D,D,D,R,R,D,D,D,D,D,D,D,D,D,D,D
9021,R,D,R,R,R,R,R,D,R,R,R,D,D,R,R,R
9022,R,R,R,R,R,R,R,R,R,R,R,D,D,R,D,R
9023,D,R,R,R,R,R,R,R,R,R,R,D,D,R,R,R
9024,D,D,R,R,R,D,D,D,D,R,D,D,D,D,D,D
9025,R,R,R,R,R,R,R,R,D,R,R,D,D,R,R,R
9026,R,R,R,R,R,D,R,R,R,R,D,D,D,D,R,R
9027,R,R,R,R,R,R,R,R,D,R,D,D,D,R,D,R
9028,R,R,R,R,R,D,R,D,D,R,R,D,D,D,R,D
9029,R,R,R,R,R,D,R,R,D,R,R,D,D,R,D,R
9030,D,D,R,R,R,R,R,D,D,R,D,D,D,D,D,D
9031,R,R,R,R,R,R,R,R,R,R,R,D,D,R,R,R
9032,D,R,R,R,R,R,R,R,D,R,R,D,D,R,R,R
9033,D,R,R,R,R,D,R,D,D,R,R,D,D,R,R,R
9034,R,R,R,R,R,R,R,R,R,R,R,D,D,R,D,R
9035,D,D,R,R,R,D,R,D,D,R,D,D,D,R,D,D
9036,D,R,D,R,R,D,D,D,D,R,D,D,D,D,D,D
9037,R,R,R,R,R,R,R,R,R,R,R,D,D,R,R,R
9038,R,R,R,R,R,R,R,R,D,R,D,D,D,R,D,D
9039,R,R,R,R,R,R,R,D,R,R,D,D,D,D,R,R
9040,R,D,D,R,D,D,D,D,D,D,D,D,D,D,D,D
9041,R,R,R,R,R,R,R,D,D,R,R,D,D,R,D,R
9042,R,R,R,R,R,D,R,R,D,R,R,D,D,D,R,R
9043,D,D,D,R,D,D,D,D,D,D,D,D,D,D,D,R
9044,R,R,R,R,R,D,R,R,R,R,R,D,D,R,R,R
9045,R,R,R,R,R,D,R,R,D,D,D,D,D,D,R,R
9046,R,D,R,R,R,D,R,D,D,R,R,D,D,D,D,R
9047,D,D,R,R,R,R,R,D,R,R,R,D,D,R,R,R
9048,R,D,R,R,R,R,R,D,D,R,D,D,D,D,D,D
9049,D,D,R,R,R,R,R,D,D,R,R,D,D,D,R,D
9050,R,R,R,R,R,R,R,D,R,D,R,D,D,D,D,R
9051,R,D,D,R,R,R,R,D,D,R,R,D,D,D,D,R
9052,R,D,R,R,R,D,R,R,D,R,R,D,D,R,R,R
9053,R,D,R,R,R,R,R,R,D,R,R,D,D,D,R,D
9054,R,R,R,R,R,D,R,D,D,R,R,D,D,R,R,R
9055,R,D,D,R,R,R,R,R,D,R,D,D,D,R,D,R
9056,D,D,D,R,D,D,D,D,D,R,D,D,D,D,R,D
9057,D,R,R,R,R,D,R,R,D,R,R,D,D,R,R,R
9058,D,D,D,R,D,D,D,D,D,R,D,D,D,D,D,D
9059,R,D,R,R,R,R,R,D,D,R,R,D,D,R,R,R
9060,D,R,R,R,R,R,R,D,R,R,D,D,D,D,R,D
9061,R,D,R,R,R,R,R,R,R,R,R,D,D,R,R,R
9062,R,R,R,R,R,R,R,R,D,R,R,D,D,D,R,R
9063,D,R,R,R,R,R,R,D,R,R,R,D,D,R,D,D
9064,R,R,R,R,R,D,R,R,R,R,R,D,D,D,R,R
9065,R,R,R,R,R,R,R,D,D,R,D,D,D,D,D,R
9066,R,D,R,R,R,R,R,R,D,R,R,D,R,R,R,R
9067,R,R,R,R,R,R,R,R,R,R,D,D,D,R,R,R
9068,R,R,R,R,R,R,R,R,D,R,R,D,D,R,R,R
9069,R,R,R,R,R,R,R,D,D,R,R,D,D,R,R,R
9070,R,D,R,R,R,D,R,D,D,R,R,D,D,D,D,R
9071,R,D,R,R,R,R,R,D,R,D,D,D,D,R,D,R
9072,R,R,R,R,R,R,R,R,D,R,R,D,D,R,R,R
9073,R,R,R,R,R,D,R,R,D,R,R,D,D,R,R,R
9074,D,D,D,R,D,D,D,D,D,R,R,D,D,D,D,D
9075,D,R,R,R,R,D,D,D,D,R,D,D,D,D,D,D
9076,R,R,R,R,R,R,R,D,R,R,R,D,D,R,D,R
9077,R,R,R,R,R,R,R,R,D,R,D,D,D,D,R,R
9078,R,R,R,R,R,D,R,R,D,R,R,D,D,R,R,R
9079,R,R,R,R,R,R,R,R,R,R,R,D,D,R,R,R
9080,D,R,R,R,R,R,R,R,R,R,R,D,D,R,R,R
9081,D,D,R,R,R,R,R,R,D,R,R,D,D,D,R,D
9082,D,D,D,R,D,D,R,D,D,D,D,D,D,D,D,D
9083,R,R,R,R,R,R,R,D,R,R,D,D,D,D,D,R
9084,R,D,R,R,R,D,R,D,R,D,R,D,D,R,D,D
9085,R,R,R,R,R,D,R,D,D,R,R,D,D,D,D,R
9086,R,R,R,R,R,D,D,R,R,R,R,D,D,D,D,R
9087,R,D,R,R,R,R,R,D,R,R,D,D,D,D,R,R
9088,R,D,R,R,R,D,R,R,D,R,R,D,D,D,D,R
9089,R,R,R,R,R,D,R,R,R,R,R,D,D,R,D,R
9090,D,R,R,R,R,D,R,R,R,R,R,D,D,R,D,R
9091,R,R,R,R,R,R,R,R,D,R,R,D,D,R,R,R
9092,D,D,D,R,R,D,D,D,D,R,D,D,D,R,D,D
9093,R,R,R,R,R,R,R,D,D,R,R,D,D,D,D,D
9094,R,R,R,R,R,R,R,R,R,R,R,D,R,R,R,R
9095,R,R,R,R,R,R,R,R,R,R,R,D,D,R,R,R
9096,R,D,D,D,D,R,R,D,D,R,D,D,D,D,D,D
9097,R,R,R,R,R,R,R,R,R,R,R,D,D,R,D,R
9098,D,R,R,R,R,D,R,R,D,R,R,D,D,D,D,R
9099,D,R,R,R,R,D,R,D,R,R,R,D,D,R,R,R
9100,R,R,R,R,R,R,R,R,R,R,R,D,R,R,R,R
9101,R,R,R,R,R,D,R,R,D,R,R,D,D,R,D,R
9102,R,R,R,R,R,R,R,R,R,R,R,D,R,R,R,R
9103,D,R,R,R,R,R,R,R,D,R,D,D,D,D,D,R
9104,R,D,R,R,R,D,R,R,D,R,D,D,D,D,D,R
9105,R,D,R,R,R,R,R,R,D,R,D,D,D,D,R,D
9106,D,D,R,R,D,D,D,D,D,R,D,D,D,D,D,D
9107,D,D,D,R,R,D,D,D,D,R,D,D,D,R,D,D
9108,R,R,R,R,R,R,R,D,D,R,R,D,D,D,R,R
9109,D,D,D,D,R,D,D,D,D,R,D,D,D,D,D,D
9110,R,R,R,R,R,R,R,R,R,R,D,D,R,R,R,R
9111,D,R,R,R,R,R,R,R,D,R,R,D,D,D,R,R
9112,D,D,R,D,R,D,R,D,D,D,D,D,D,D,D,D
9113,R,D,R,R,R,R,R,R,R,R,R,D,D,D,R,R
9114,R,R,R,R,R,R,R,R,D,R,R,D,D,R,R,R
9115,D,R,R,R,R,R,R,R,R,R,R,D,D,D,R,R
9116,R,D,R,R,R,D,R,R,D,R,D,D,D,R,R,R
9117,R,R,R,R,R,R,R,D,D,R,R,D,D,D,R,R
9118,R,R,R,R,R,R,R,R,R,R,R,D,D,D,R,R
9119,R,R,R,R,R,R,R,R,D,R,R,D,D,R,D,D
9120,R,R,R,R,R,R,R,R,D,R,R,D,D,D,R,R
9121,R,R,R,R,R,D,R,R,D,R,R,D,D,R,R,D
9122,D,R,R,R,R,R,R,R,D,R,R,D,D,R,D,R
9123,D,R,R,R,R,D,R,R,R,R,R,D,D,R,R,R
9124,R,R,R,R,R,D,R,R,D,R,R,D,D,D,R,R
9125,R,D,R,R,R,R,R,R,R,R,R,D,D,R,R,R
9126,D,D,D,R,D,D,R,D,D,R,D,D,D,R,D,D
9127,R,D,R,R,R,D,R,R,D,R,D,D,D,R,R,R
9128,R,D,R,R,R,R,R,D,D,R,R,D,D,D,R,R
9129,D,R,R,R,R,D,R,R,R,R,R,D,D,D,D,R
9130,D,R,D,R,R,D,R,D,D,D,D,D,D,D,D,D
9131,R,R,R,R,R,D,R,R,R,R,R,D,D,D,R,R
9132,R,R,R,R,R,D,R,D,R,R,R,D,D,D,R,D
9133,D,R,R,R,R,R,R,D,R,R,D,D,D,R,D,D
9134,R,R,R,R,R,R,R,D,R,R,D,D,D,D,D,D
9135,R,R,R,R,R,D,R,D,D,R,R,D,D,R,R,D
9136,R,R,R,R,R,R,R,R,R,R,R,D,D,D,R,R
9137,R,R,R,R,R,R,R,R,R,R,R,D,D,R,R,R
9138,R,R,R,R,R,D,R,R,D,R,R,D,D,R,D,R
9139,R,R,R,R,R,R,R,R,D,R,R,D,R,R,D,R
9140,R,D,R,R,R,R,R,R,D,R,R,D,D,R,R,R
9141,D,R,R,R,R,D,R,R,R,R,R,D,D,R,R,R
9142,R,R,R,R,R,D,R,R,R,R,R,D,D,R,R,R
9143,D,R,R,R,D,R,R,R,D,R,R,D,D,D,D,D
9144,R,R,R,R,R,D,R,R,D,R,R,D,D,R,R,R
9145,R,R,R,R,R,R,R,R,R,R,D,D,D,R,R,D
9146,R,R,R,R,R,D,R,D,D,R,R,D,D,D,R,D
9147,R,R,R,R,R,R,R,D,D,R,R,D,D,D,D,D
9148,R,R,R,R,R,R,R,R,R,R,R,D,D,D,R,R
9149,R,R,R,R,R,R,R,R,R,R,R,D,R,R,R,R
9150,R,R,R,R,R,R,R,R,D,R,D,D,D,D,D,D
9151,R,D,R,R,R,R,R,R,R,R,R,D,D,R,R,R
9152,D,D,R,R,R,R,R,R,D,R,R,D,D,D,R,R
9153,D,D,R,R,R,D,D,D,D,R,D,D,D,D,D,D
9154,R,R,R,R,R,R,R,R,R,R,R,D,D,R,D,R
9155,R,R,R,R,R,D,R,R,R,R,D,D,D,D,R,D
9156,R,R,R,R,R,R,R,R,R,R,D,D,D,D,D,R
9157,R,R,R,R,R,R,R,R,R,R,D,D,D,D,R,R
9158,D,D,R,R,R,R,R,D,D,R,R,D,D,D,R,D
9159,D,R,D,D,D,D,R,D,D,D,D,D,D,D,D,D
9160,R,R,R,R,R,D,R,R,R,R,R,D,D,R,R,R
9161,R,R,R,R,R,D,R,D,D,R,D,D,D,D,R,R
9162,D,D,R,R,R,D,R,D,D,R,D,D,D,R,D,R
9163,D,R,R,R,R,R,R,D,R,R,D,D,D,D,R,R
9164,R,R,R,R,R,R,R,R,D,R,D,D,D,D,D,D
9165,R,R,R,R,R,R,D,R,D,R,R,D,D,D,R,R
9166,D,D,R,R,R,D,R,R,D,R,R,D,D,D,D,R
9167,R,R,R,R,R,R,R,R,D,R,R,D,D,D,D,D
9168,R,R,R,R,R,D,R,D,R,R,R,D,D,D,D,R
9169,D,R,R,R,R,R,R,D,D,R,R,D,D,R,R,R
9170,R,R,R,R,R,D,R,R,R,R,R,D,D,R,R,R
9171,R,R,R,R,R,R,R,R,D,R,R,D,D,R,R,R
9172,R,D,R,R,R,D,R,D,D,R,D,D,D,R,R,R
9173,D,D,R,R,R,R,D,D,D,R,D,D,D,R,R,R
9174,D,D,D,R,R,D,R,D,D,D,D,D,D,D,D,D
9175,D,R,R,R,R,R,R,D,D,R,R,D,D,D,R,R
9176,R,R,R,R,R,R,R,R,R,R,R,D,D,R,D,D
9177,D,R,R,R,R,D,R,R,R,R,R,D,D,D,D,R
9178,R,R,R,R,R,R,R,D,D,R,R,D,D,D,R,R
9179,D,D,D,R,R,R,R,D,D,R,D,D,D,D,D,D
9180,D,D,D,R,R,D,R,D,D,R,D,D,D,D,D,D
9181,R,R,R,R,R,R,D,R,R,R,R,D,D,D,R,R
9182,R,R,R,R,R,R,R,R,R,R,R,D,D,R,R,R
9183,R,R,R,R,R,R,R,R,D,R,D,D,D,R,R,R
9184,R,R,R,R,R,R,R,R,D,R,R,D,D,R,R,R
9185,R,R,R,R,R,R,R,R,R,R,R,D,D,D,D,R
9186,R,R,R,R,R,R,R,R,D,R,R,D,D,R,R,R
9187,R,D,D,R,D,D,R,D,D,R,D,D,D,D,D,D
9188,R,R,R,R,R,R,R,D,D,R,R,D,D,R,R,D
9189,R,R,R,R,R,R,R,R,R,R,D,D,D,R,R,R
9190,D,R,R,R,R,R,R,R,R,R,R,D,D,D,R,R
9191,R,R,R,R,R,R,R,R,D,R,D,D,D,R,R,R
9192,R,R,R,R,D,R,R,R,D,R,D,D,D,D,D,R
9193,D,R,D,R,R,D,D,D,D,D,D,D,D,D,D,R
9194,R,R,R,R,R,D,R,D,R,R,R,D,D,R,R,R
9195,R,D,R,R,R,R,R,D,D,R,R,D,D,R,R,D
9196,D,R,R,R,R,R,R,R,D,R,R,D,D,R,D,D
9197,D,R,R,R,R,D,R,R,D,R,R,D,D,R,D,R
9198,R,R,R,R,R,R,R,R,R,R,R,D,D,R,R,R
9199,R,R,R,R,R,D,R,R,R,R,R,D,D,R,R,R
9200,R,R,R,R,R,R,R,R,R,R,R,D,D,R,R,R
9201,R,D,R,R,R,D,R,R,R,R,R,D,D,R,D,R
9202,R,D,R,R,R,R,R,R,D,R,R,D,D,R,D,R
9203,R,R,R,R,R,R,R,R,R,R,R,D,D,R,D,R
9204,D,R,R,R,R,R,R,R,D,R,D,D,D,R,R,D
9205,R,D,R,R,D,D,D,D,D,D,D,D,D,D,D,D
9206,D,D,D,R,R,D,D,D,D,D,D,D,D,D,D,D
9207,D,D,R,R,R,D,R,D,D,R,R,D,D,R,D,D
9208,R,R,R,R,R,R,D,D,R,R,D,D,D,R,R,R
9209,D,D,R,R,R,D,R,R,R,R,R,D,D,R,D,R
9210,D,D,R,R,R,D,D,D,D,R,D,D,D,D,D,R
9211,R,R,R,R,R,R,R,R,D,R,R,D,D,R,R,D
9212,D,D,R,R,R,R,D,D,D,R,D,D,D,D,D,D
9213,R,D,R,R,R,R,R,D,D,R,D,D,D,D,R,R
9214,R,R,R,R,R,R,R,R,R,R,D,D,D,D,D,R
9215,D,D,R,R,R,R,R,D,R,R,R,D,D,R,D,R
9216,R,R,D,R,R,D,R,D,R,R,R,D,D,D,D,D
9217,D,D,R,R,R,R,R,D,D,R,R,D,D,R,D,R
9218,R,D,R,R,R,R,D,D,D,R,R,D,D,D,R,D
9219,R,R,R,R,R,R,R,R,R,R,R,D,D,D,R,R
9220,D,D,D,R,D,D,D,D,D,R,D,D,D,D,D,D
9221,R,D,R,R,R,R,R,R,D,R,R,D,D,D,R,R
9222,D,R,R,R,R,D,R,R,D,R,R,D,D,R,D,R
9223,D,R,R,R,R,R,D,R,D,R,R,D,D,R,R,R
9224,D,D,D,R,D,R,D,D,D,D,D,D,D,D,D,D
9225,R,R,R,R,R,D,R,R,D,R,R,D,D,R,D,R
9226,D,D,R,D,D,D,R,D,D,R,D,D,D,D,D,R
9227,R,R,R,R,R,R,R,R,D,R,D,D,D,D,D,R
9228,R,R,R,R,R,R,R,D,R,R,D,D,D,R,R,D
9229,D,D,D,R,R,R,D,D,D,R,D,D,D,D,D,D
9230,R,D,R,R,R,D,R,D,D,R,D,D,D,R,D,R
9231,R,R,R,R,R,R,R,R,R,R,R,D,D,R,R,D
9232,R,R,R,R,R,R,R,R,D,R,R,D,D,R,D,R
9233,R,R,R,R,R,D,R,D,D,R,R,D,D,R,R,R
9234,D,R,R,R,R,R,R,R,R,R,R,D,D,D,R,R
9235,D,D,R,R,R,D,R,D,D,R,R,D,D,D,R,R
9236,D,R,R,R,R,R,R,D,D,R,R,D,D,D,D,R
9237,R,D,R,R,R,R,R,D,D,R,D,D,D,D,D,R
9238,R,R,R,R,R,D,R,R,R,R,D,D,D,D,R,R
9239,R,R,D,R,D,D,D,R,D,R,D,D,D,D,R,R
9240,R,R,R,R,R,D,R,R,R,R,R,D,D,R,R,R
9241,R,R,R,R,R,R,R,R,D,R,R,D,D,R,R,R
9242,R,R,R,R,R,R,R,D,R,R,R,D,D,D,R,R
9243,R,D,R,R,R,R,R,D,R,R,R,D,D,R,R,R
9244,D,D,D,R,D,D,D,D,D,R,D,D,D,D,D,D
9245,D,R,R,R,R,R,R,D,D,R,R,D,D,D,D,R
9246,R,R,R,R,R,D,R,R,D,R,R,D,D,R,D,D
9247,D,D,R,R,R,D,D,D,D,D,D,D,D,D,D,D
9248,D,R,R,R,R,D,R,R,D,R,D,D,D,D,R,R
9249,R,R,R,R,R,R,R,R,D,R,R,D,D,D,D,R
9250,D,D,R,R,R,R,R,D,R,R,D,D,D,D,D,R
9251,D,R,R,R,R,R,R,D,D,R,D,D,D,R,R,D
9252,D,R,R,R,R,R,R,R,R,R,R,D,D,R,D,R
9253,R,R,R,R,R,R,R,R,D,R,D,D,D,D,R,R
9254,D,R,R,R,R,R,R,D,R,R,R,D,D,R,R,R
9255,D,R,R,R,R,D,R,D,D,R,D,D,D,R,D,D
9256,R,R,R,R,R,R,R,R,D,R,R,D,D,R,R,R
9257,R,R,R,R,R,D,D,R,R,R,R,D,D,R,R,R
9258,R,R,R,R,R,R,R,R,D,R,R,D,D,D,R,R
9259,R,R,R,R,R,R,R,R,D,R,R,D,D,D,R,R
9260,D,R,R,R,R,R,R,R,D,R,D,D,D,D,R,R
9261,R,R,R,R,R,R,R,R,R,R,R,D,D,R,R,R
9262,D,D,D,R,R,D,R,D,D,R,D,D,D,D,D,D
9263,R,R,R,R,R,D,R,R,R,R,R,D,D,R,D,R
9264,R,R,R,R,R,R,R,R,R,R,R,D,D,D,R,D
9265,R,D,R,R,R,R,R,R,D,R,R,D,D,R,R,R
9266,R,R,R,R,R,D,R,R,R,R,R,D,D,D,D,R
9267,R,R,R,R,R,R,R,D,D,R,R,D,D,D,R,R
9268,D,D,D,R,R,D,D,D,D,R,D,D,D,D,D,R
9269,D,R,R,R,R,D,R,D,R,R,R,D,D,D,R,R
9270,D,R,R,R,R,R,R,D,R,R,R,D,D,D,D,D
9271,D,D,D,R,D,D,R,D,D,R,D,D,D,D,D,D
9272,R,R,R,R,R,R,R,D,R,R,R,D,D,R,R,R
9273,D,D,R,R,R,R,R,R,D,R,R,D,D,D,D,D
9274,R,R,R,R,R,R,D,D,R,R,R,D,D,R,R,R
9275,D,D,R,D,R,D,R,D,D,D,R,D,D,D,D,R
9276,R,R,R,R,R,R,D,D,R,R,R,D,D,D,R,D
9277,D,D,R,R,R,D,R,R,D,R,R,D,D,R,R,R
9278,R,R,R,R,R,D,R,R,R,R,R,D,D,R,R,R
9279,R,D,R,R,R,D,D,D,D,D,D,D,D,D,D,D
9280,D,D,D,R,D,D,D,D,D,R,D,D,D,D,D,D
9281,D,R,R,R,R,R,R,R,R,R,D,D,D,R,R,R
9282,D,D,R,R,R,D,R,R,R,R,R,D,D,R,R,R
9283,D,R,R,R,R,R,R,D,D,R,R,D,D,R,D,R
9284,R,R,D,R,D,D,D,D,D,D,D,D,D,D,D,D
9285,R,R,R,R,R,D,R,R,D,D,D,D,D,R,R,R
9286,R,R,R,R,R,R,R,D,D,R,D,D,D,R,D,R
9287,R,R,R,R,R,R,R,D,D,R,D,D,D,R,D,R
9288,D,R,R,R,R,R,R,R,D,R,R,D,D,R,R,R
9289,D,D,R,R,R,D,D,D,D,R,D,D,D,D,D,D
9290,R,D,R,R,R,D,R,D,D,R,R,D,D,R,R,D
9291,D,R,R,R,D,R,R,D,D,R,D,D,D,D,D,D
9292,R,R,R,R,R,R,R,D,R,R,R,D,D,R,R,R
9293,D,D,R,R,D,R,R,D,D,R,D,D,D,D,D,D
9294,D,R,R,R,R,R,R,R,D,R,D,D,D,R,R,D
9295,R,R,R,R,R,R,R,D,R,R,D,D,D,R,D,D
9296,D,D,D,R,R,D,R,D,D,D,D,D,D,D,D,D
9297,R,D,R,R,R,D,R,R,D,R,R,D,D,D,R,R
9298,R,R,R,R,R,R,R,R,R,R,D,D,D,D,D,D
9299,R,R,R,R,R,R,R,R,D,R,R,D,D,D,R,R
9300,R,R,R,R,R,D,R,D,D,R,R,D,D,D,R,D
9301,R,R,R,R,R,R,R,D,R,R,D,D,D,R,R,R
9302,R,R,R,R,R,R,R,R,R,R,R,D,D,D,R,R
9303,D,D,R,R,D,D,D,D,D,R,D,D,D,D,D,D
9304,R,D,R,R,R,R,R,D,D,D,D,D,D,R,R,D
9305,R,R,R,R,R,D,R,R,D,R,R,D,D,R,R,R
9306,R,R,R,R,R,R,R,R,D,R,D,D,D,D,D,R
9307,R,R,R,R,R,R,R,D,R,R,R,D,D,R,R,R
9308,D,D,D,D,R,D,D,D,D,R,D,D,D,D,R,D
9309,R,D,R,R,R,R,R,R,D,R,R,D,D,D,D,R
9310,R,R,R,R,R,R,R,R,R,R,R,D,D,R,R,R
9311,R,R,R,R,R,D,R,D,D,R,D,D,D,D,R,R
9312,D,R,D,R,R,R,R,D,D,D,D,D,D,D,D,D
9313,R,R,R,R,R,D,R,R,D,R,D,D,D,D,D,R
9314,R,D,R,R,R,D,R,D,R,R,R,D,D,R,D,R
9315,D,R,D,D,D,D,R,D,D,R,D,D,D,D,D,D
9316,R,R,R,R,R,R,R,R,D,R,R,D,D,D,R,R
9317,R,R,R,R,R,R,R,R,D,R,R,D,D,R,R,R
9318,D,R,R,R,R,R,R,R,D,R,D,D,D,D,D,D
9319,D,D,D,R,R,D,R,D,D,R,D,D,D,D,D,D
9320,R,R,R,R,R,R,R,R,D,R,R,D,D,R,R,R
9321,R,R,R,R,R,R,R,D,D,R,R,D,D,D,R,D
9322,R,D,R,R,R,D,R,D,D,R,R,D,D,D,D,D
9323,R,R,R,R,R,R,R,R,D,R,D,D,D,D,D,R
9324,D,R,R,R,R,D,D,D,R,R,D,D,D,R,D,R
9325,D,D,R,R,R,D,R,D,D,R,R,D,D,R,D,R
9326,R,R,R,R,R,R,R,R,R,R,R,D,D,R,R,R
9327,R,D,R,R,R,R,R,R,D,R,R,D,D,R,D,R
9328,D,D,R,R,R,D,D,R,D,R,R,D,D,R,R,D
9329,R,R,R,R,R,R,R,R,D,R,R,D,D,R,D,R
9330,R,R,R,R,R,R,R,D,D,R,R,D,D,R,R,R
9331,R,R,R,R,R,D,D,D,R,R,R,D,D,D,R,R
9332,R,R,R,R,R,R,R,R,R,R,R,D,D,R,R,R
9333,D,R,R,R,R,R,R,R,D,R,R,D,D,D,R,R
9334,D,D,R,D,D,D,R,D,D,R,D,D,D,D,D,D
9335,D,D,R,R,R,R,D,R,R,R,D,D,D,R,R,R
9336,R,R,R,R,R,R,R,R,R,R,R,D,D,D,R,R
9337,R,D,R,R,R,R,R,R,R,R,R,D,D,R,R,R
9338,R,R,R,R,R,R,R,R,D,R,R,D,D,R,D,D
9339,R,R,R,R,R,R,R,R,D,R,R,D,D,R,R,D
9340,R,R,R,R,R,R,R,D,D,R,R,D,D,R,R,R
9341,R,R,R,R,R,D,R,R,R,R,R,D,D,R,R,R
9342,D,R,R,R,R,D,R,D,D,R,D,D,D,D,D,D
9343,R,R,R,R,R,D,R,R,D,R,R,D,D,R,R,R
9344,D,R,D,R,R,D,D,D,D,D,D,D,D,D,D,D
9345,R,R,R,R,R,R,R,R,R,R,R,D,D,R,R,D
9346,D,D,R,R,R,D,D,D,D,R,D,D,D,D,D,R
9347,D,R,R,R,R,D,R,R,D,R,D,D,D,R,D,R
9348,R,R,R,R,R,R,R,R,D,R,R,D,D,R,R,R
9349,D,R,R,R,R,D,R,R,D,R,R,D,D,D,R,R
9350,R,R,R,R,R,R,R,R,R,D,R,D,D,D,R,R
9351,R,R,R,R,R,R,R,D,R,R,R,D,D,R,R,R
9352,R,R,R,R,R,R,R,D,R,R,R,D,D,D,R,R
9353,R,R,R,R,R,R,R,D,R,R,R,D,D,R,R,R
9354,R,R,R,R,R,R,R,R,R,R,R,D,D,R,R,R
9355,R,R,R,R,R,R,R,D,D,R,R,D,D,D,R,D
9356,R,D,R,R,R,D,R,R,D,R,D,D,D,R,R,R
9357,D,R,R,R,R,R,D,D,D,R,R,D,D,D,D,R
9358,D,D,R,R,R,D,R,D,D,R,D,D,D,D,R,D
9359,D,D,R,R,R,D,D,D,D,R,D,D,D,D,D,D
9360,D,D,R,R,R,D,D,D,D,R,D,D,D,D,D,D
9361,D,R,R,R,R,R,R,R,R,R,R,D,D,R,D,R
9362,D,R,R,R,R,R,R,R,D,R,D,D,D,R,R,R
9363,R,D,R,R,R,D,R,D,D,R,R,D,D,D,D,R
9364,D,D,R,R,R,D,D,D,D,R,D,D,D,D,D,R
9365,D,D,D,R,R,D,R,D,D,D,D,D,D,D,D,D
9366,R,D,R,R,R,R,R,R,D,R,R,D,D,R,R,R
9367,R,D,R,R,R,R,R,D,R,R,R,D,D,R,R,R
9368,R,R,R,R,R,R,R,R,R,R,D,D,D,R,D,D
9369,R,R,R,R,R,D,R,D,D,R,D,D,D,D,R,R
9370,R,R,R,R,R,R,R,R,D,R,D,D,D,D,D,R
9371,R,D,R,R,R,R,R,R,R,R,R,D,D,R,R,D
9372,R,R,R,R,R,D,R,D,D,R,D,D,D,R,R,D
9373,R,D,R,R,R,D,R,R,D,D,R,D,D,D,R,R
9374,R,D,R,R,R,D,R,R,D,R,R,D,D,R,R,D
9375,R,R,R,R,R,R,R,R,R,R,R,D,D,R,R,R
9376,R,R,R,R,R,R,R,R,D,R,R,D,D,D,R,R
9377,R,R,R,R,R,R,R,R,D,R,R,D,D,R,D,R
9378,R,D,R,R,R,D,R,R,D,R,D,D,D,R,R,R
9379,R,D,R,R,R,R,R,D,D,R,R,D,D,R,R,R
9380,R,R,R,R,R,D,R,R,R,R,R,D,D,D,R,R
9381,R,R,R,R,R,R,R,R,D,R,R,D,D,D,R,D
9382,R,D,R,D,R,D,R,R,D,R,R,D,D,D,D,D
9383,R,R,R,R,R,R,R,R,D,R,R,D,D,D,R,R
9384,R,D,R,R,R,R,R,R,D,R,R,D,D,D,R,R
9385,R,D,R,R,R,D,R,R,D,R,D,D,D,D,R,D
9386,R,R,R,R,R,R,R,D,R,R,R,D,D,D,R,R
9387,D,D,R,R,R,D,R,D,D,R,D,D,D,D,D,D
9388,R,R,R,R,R,R,R,R,R,R,R,D,D,R,R,R
9389,R,R,R,R,R,R,D,D,D,R,D,D,D,D,D,D
9390,R,R,R,R,R,R,D,R,D,R,R,D,D,D,R,R
9391,R,R,R,R,R,D,R,D,R,R,D,D,D,D,R,R
9392,D,R,R,R,R,R,D,R,R,R,R,D,D,D,D,R
9393,R,D,R,R,R,D,R,R,D,R,R,D,D,R,D,R
9394,R,R,R,R,R,R,R,R,D,R,R,D,R,R,D,R
9395,D,D,R,R,R,R,R,R,D,R,D,D,D,R,R,D
9396,R,R,R,R,R,R,R,D,D,R,D,D,D,R,D,D
9397,R,D,R,R,R,R,R,D,D,R,R,D,D,D,D,R
9398,R,R,R,R,R,R,R,R,D,R,R,D,D,R,R,D
9399,D,R,R,R,R,D,D,D,D,R,D,D,D,D,R,D
9400,R,R,R,R,R,D,R,D,D,R,D,D,D,R,D,R
9401,D,D,R,R,R,R,R,D,R,R,R,D,D,R,R,R
9402,R,D,R,R,R,R,R,D,D,R,R,D,D,D,R,R
9403,R,R,R,R,R,R,R,R,D,R,R,D,D,D,R,R
9404,R,R,R,R,R,R,R,R,D,R,R,D,D,D,R,D
9405,D,R,R,R,R,R,R,R,R,R,R,D,D,R,R,R
9406,R,R,R,R,R,R,R,R,D,R,R,D,D,R,R,R
9407,R,R,R,R,R,R,R,R,R,R,D,D,D,R,R,R
9408,R,R,R,R,R,R,R,R,R,R,R,D,D,R,R,R
9409,D,R,R,R,R,R,R,R,D,R,R,D,D,R,D,R
9410,D,D,D,R,R,D,D,D,D,R,D,D,D,D,D,D
9411,D,D,R,R,R,D,D,D,D,R,R,D,D,R,D,R
9412,R,R,R,R,R,R,R,R,D,R,R,D,D,R,R,R
9413,R,D,R,R,R,R,R,R,R,R,D,D,D,R,D,R
9414,R,R,R,R,R,R,R,D,D,R,D,D,D,R,R,R
9415,R,D,R,R,R,R,R,R,D,R,R,D,D,D,R,D
9416,R,R,R,R,R,R,R,R,R,R,R,D,D,R,R,R
9417,D,R,D,R,R,R,R,R,R,R,R,D,R,D,R,R
9418,R,R,R,R,R,R,R,R,D,R,R,D,D,R,R,D
9419,R,R,R,R,R,R,R,R,R,R,R,D,D,R,D,R
9420,R,R,R,R,R,R,R,R,D,R,R,D,D,D,R,D
9421,D,R,R,R,R,D,R,R,D,R,R,D,D,D,R,R
9422,R,R,R,R,R,R,R,D,D,R,R,D,D,R,R,D
9423,R,R,R,R,R,D,R,D,D,R,R,D,D,R,D,D
9424,D,R,R,R,R,R,R,D,R,R,R,D,D,R,R,R
9425,D,R,R,R,R,R,R,D,R,R,R,D,D,R,R,R
9426,R,R,R,R,R,R,R,R,D,R,R,D,D,R,D,R
9427,R,R,R,R,R,R,R,R,R,R,R,D,R,D,R,R
9428,R,R,R,R,R,R,R,R,R,R,R,D,R,R,R,R
9429,R,D,R,R,R,R,R,R,R,R,R,D,D,D,D,R
9430,D,D,R,R,D,D,R,D,D,R,D,D,D,D,D,D
9431,R,R,R,R,R,R,R,D,R,R,R,D,D,D,D,R
9432,R,R,R,R,R,D,R,R,D,R,R,D,D,D,R,R
9433,R,D,R,R,R,D,R,R,D,R,R,D,D,D,D,D
9434,D,D,R,R,R,R,D,R,R,R,R,D,D,R,R,R
9435,R,R,R,R,R,R,R,R,R,R,R,D,D,D,D,R
9436,R,D,R,R,R,R,R,D,R,R,R,D,D,D,R,R
9437,R,D,R,R,R,D,R,D,R,R,D,D,D,R,D,D
9438,R,R,R,R,R,D,R,D,D,R,R,D,D,D,D,R
9439,R,R,R,R,R,R,R,D,R,R,D,D,D,R,R,R
9440,R,R,R,R,R,R,R,D,R,R,D,D,D,R,D,R
9441,R,R,R,R,R,R,R,R,D,R,D,D,D,D,D,R
9442,R,R,R,R,R,R,R,R,D,R,R,D,D,R,D,R
9443,D,R,R,R,R,D,R,R,R,R,R,D,D,R,R,D
9444,D,D,R,R,D,D,D,D,D,D,D,D,D,D,D,D
9445,D,D,D,R,R,D,D,D,D,D,D,D,D,D,D,D
9446,R,R,R,R,R,D,R,R,R,R,R,D,D,R,R,R
9447,D,D,R,R,R,D,D,D,D,R,D,D,D,D,D,D
9448,D,R,R,R,R,R,R,R,D,R,R,D,D,R,D,R
9449,R,R,R,R,R,R,R,D,D,R,R,D,D,R,R,R
9450,R,R,R,R,R,R,R,D,R,R,D,D,D,D,R,D
9451,R,R,R,R,R,R,R,R,R,R,R,D,D,R,R,R
9452,R,R,R,R,R,D,R,R,R,R,R,D,D,R,R,R
9453,R,D,R,R,R,R,R,R,D,R,R,D,D,R,R,R
9454,R,R,R,R,R,R,R,R,R,R,R,D,D,D,R,R
9455,D,R,D,R,R,D,D,D,D,R,D,D,D,D,D,D
9456,D,D,R,R,R,D,R,D,R,R,D,D,D,D,D,D
9457,D,D,D,D,D,D,D,D,D,R,D,D,D,D,D,D
9458,R,R,D,R,R,D,R,R,R,R,R,D,D,D,D,D
9459,R,R,R,R,R,D,R,D,D,R,R,D,D,D,D,R
9460,R,R,R,R,R,R,R,R,R,R,R,D,D,D,D,R
9461,R,R,R,R,R,R,R,R,D,R,R,D,D,D,R,D
9462,D,D,R,R,R,R,R,D,D,R,R,D,D,R,D,D
9463,R,D,R,R,R,R,R,R,R,R,R,D,D,D,D,R
9464,R,D,R,R,R,R,R,D,D,R,D,D,D,R,R,R
9465,D,R,D,R,R,D,D,D,D,D,D,D,D,D,D,R
9466,R,R,R,R,R,R,R,D,R,R,R,D,D,R,R,R
9467,R,R,R,R,R,D,D,R,R,R,R,D,D,D,R,R
9468,R,D,R,R,D,D,R,D,D,R,D,D,D,D,D,D
9469,R,R,R,R,R,D,R,R,D,R,D,D,D,D,R,D
9470,D,D,R,R,R,R,R,D,D,R,R,D,D,D,R,R
9471,R,R,R,R,R,R,R,R,D,R,R,D,D,R,D,R
9472,R,D,R,R,R,R,R,R,D,R,R,D,D,D,D,R
9473,D,R,R,R,R,R,R,D,D,R,R,D,D,R,D,R
9474,D,R,R,R,R,D,R,D,D,R,R,D,D,R,R,R
9475,R,R,R,R,R,D,R,D,R,R,R,D,D,R,R,D
9476,R,R,R,R,R,R,R,R,D,R,R,D,D,R,R,R
9477,R,R,R,R,R,R,R,R,D,R,R,D,D,R,R,R
9478,R,D,R,R,R,D,R,R,R,R,R,D,D,R,D,D
9479,R,D,R,R,R,R,R,D,D,D,D,D,D,R,R,R
9480,R,R,R,R,R,R,R,D,D,R,R,D,D,R,R,R
9481,R,R,R,R,R,R,R,R,R,R,R,D,D,R,D,R
9482,R,D,R,R,R,D,R,R,R,D,D,D,D,R,D,R
9483,R,R,R,R,R,R,R,R,R,R,R,D,D,R,D,R
9484,R,R,R,R,R,R,R,R,R,R,D,D,D,D,D,R
9485,R,D,R,R,R,R,R,D,D,R,R,D,D,R,R,R
9486,R,D,R,R,R,R,R,R,D,R,R,D,D,D,D,R
9487,D,R,R,R,R,R,R,R,D,R,R,D,D,D,R,R
9488,R,R,R,R,R,R,R,R,R,R,R,D,D,R,R,R
9489,D,D,D,R,R,D,D,D,D,D,D,D,D,D,D,D
9490,D,R,R,R,R,D,R,R,D,R,D,D,D,R,R,D
9491,R,R,R,R,R,R,R,R,D,R,R,D,D,D,D,R
9492,R,R,R,R,R,R,R,R,D,R,D,D,D,D,R,R
9493,R,D,R,R,R,D,R,R,R,R,R,D,D,R,R,R
9494,R,R,R,R,R,R,R,D,R,R,R,D,D,D,D,R
9495,R,R,R,R,R,R,R,D,R,D,D,D,D,R,R,R
9496,R,R,R,R,R,R,R,R,D,R,R,D,D,D,R,D
9497,D,D,R,R,R,D,R,R,D,R,R,D,D,R,R,R
9498,R,R,R,R,R,R,R,D,D,R,R,D,D,R,D,R
9499,R,R,R,R,R,R,R,R,R,R,R,D,D,D,R,R
9500,D,D,R,R,R,D,D,D,D,R,D,D,D,D,D,D
9501,D,R,R,R,R,R,R,D,D,R,D,D,D,R,R,R
9502,R,R,R,R,R,R,R,R,D,R,R,D,D,R,D,R
9503,D,D,D,R,R,D,R,D,D,D,D,D,D,D,D,D
9504,R,R,R,R,R,D,R,R,D,R,R,D,D,D,D,R
9505,R,R,R,R,R,D,R,R,R,R,R,D,D,R,R,R
9506,R,R,R,R,R,R,R,R,D,R,R,D,D,D,D,R
9507,R,D,R,R,R,R,D,R,R,R,R,D,D,R,R,D
9508,R,R,R,R,R,R,R,R,D,R,R,D,D,R,R,D
9509,R,R,R,R,R,R,R,D,R,R,R,D,D,D,D,R
9510,R,R,R,R,R,R,R,R,D,R,R,D,D,R,R,R
9511,D,D,D,R,R,D,R,D,D,D,D,D,D,D,D,D
9512,D,R,R,R,D,D,R,D,D,D,D,D,D,D,D,D
9513,D,R,R,R,D,D,R,D,D,R,R,D,D,D,D,R
9514,R,D,R,R,R,D,R,D,D,R,D,D,D,R,R,R
9515,R,R,R,R,R,R,R,D,D,R,D,D,D,D,R,D
9516,R,R,R,R,R,D,R,D,R,R,R,D,D,R,R,R
9517,D,D,R,R,R,D,R,D,D,D,D,D,D,D,D,D
9518,D,R,R,R,R,D,R,R,D,R,R,D,D,D,D,R
9519,R,R,R,R,R,R,R,R,R,R,R,D,D,D,R,R
9520,R,R,R,R,R,R,R,R,D,D,R,D,D,R,D,R
9521,R,R,R,R,R,R,R,R,R,R,R,D,D,R,R,R
9522,R,D,R,R,R,R,R,R,R,R,R,D,D,R,D,D
9523,D,R,R,R,R,R,D,D,R,R,D,D,D,R,R,D
9524,R,R,R,R,R,D,R,D,D,R,D,D,D,R,D,D
9525,D,R,R,R,R,D,R,D,D,R,R,D,D,D,R,R
9526,D,D,R,R,R,D,R,D,D,D,D,D,D,D,D,D
9527,R,R,R,R,R,R,R,D,D,R,R,D,D,D,R,R
9528,D,D,R,R,R,D,D,D,D,D,D,D,D,D,D,R
9529,R,R,R,R,R,R,R,R,D,R,D,D,D,R,D,R
9530,R,D,R,R,R,R,R,R,R,R,R,D,D,R,R,R
9531,R,D,R,R,R,R,R,R,R,R,R,D,D,R,R,R
9532,R,R,R,R,R,R,R,R,R,R,R,D,D,D,R,D
9533,D,D,R,R,D,D,D,D,D,D,D,D,D,D,D,D
9534,R,D,R,R,R,R,R,D,D,R,R,D,D,D,R,D
9535,R,D,R,R,R,R,R,R,D,R,R,D,D,R,D,R
9536,D,D,R,R,R,R,R,R,D,R,D,D,D,R,R,R
9537,R,R,R,R,R,D,R,D,R,R,R,D,D,R,D,R
9538,R,D,R,R,R,D,R,R,D,R,R,D,D,D,R,R
9539,R,D,R,R,R,D,R,R,D,R,R,D,D,D,D,D
9540,R,R,R,R,R,R,R,R,D,R,R,D,D,D,R,R
9541,R,R,R,R,R,R,R,R,D,D,R,D,D,D,R,D
9542,R,R,R,R,R,R,R,D,R,R,R,D,D,D,R,R
9543,R,D,D,R,R,D,D,D,D,D,D,D,D,D,D,D
9544,D,R,R,R,R,D,D,D,D,R,D,D,D,R,R,R
9545,D,R,R,R,R,R,R,R,D,R,R,D,D,D,R,R
9546,D,R,R,R,R,R,R,R,D,R,D,D,D,R,D,R
9547,D,R,R,R,R,D,R,R,R,D,D,D,D,D,R,R
9548,R,R,R,R,R,D,R,R,R,R,D,D,D,D,R,D
9549,D,R,R,R,R,R,R,R,D,R,D,D,D,D,R,R
9550,R,R,R,R,R,D,R,R,R,R,D,D,D,D,D,D
9551,R,R,R,R,R,D,R,D,R,R,R,D,D,R,D,R
9552,D,D,R,R,R,D,R,D,D,R,R,D,D,R,D,R
9553,R,D,R,R,R,R,D,D,R,R,D,D,D,D,R,D
9554,R,R,R,R,R,R,R,D,R,R,D,R,D,D,D,R
9555,R,R,R,R,R,R,R,R,R,R,R,D,D,R,R,R
9556,R,R,R,R,R,D,R,D,R,R,D,D,D,R,D,R
9557,D,R,R,R,R,D,D,D,D,R,D,D,D,D,D,R
9558,R,R,R,R,R,R,R,R,D,R,R,D,D,R,R,R
9559,R,R,R,R,R,R,R,D,R,R,R,D,D,D,R,D
9560,D,D,D,R,R,D,D,D,D,R,D,D,D,D,D,R
9561,D,R,R,R,R,R,R,R,R,R,R,D,D,R,R,R
9562,R,R,D,R,R,R,D,D,R,R,D,D,D,D,R,R
9563,R,R,R,R,R,D,R,D,D,R,D,D,D,R,R,D
9564,R,R,R,R,R,R,R,R,R,R,R,D,D,D,D,R
9565,D,D,R,R,R,D,D,D,D,R,D,D,D,D,D,D
9566,R,R,R,R,R,D,R,R,D,R,D,D,D,D,D,D
9567,R,R,R,R,R,R,R,R,D,R,R,D,D,R,R,R
9568,D,R,R,R,R,R,R,R,R,R,R,D,D,R,R,R
9569,R,R,R,R,R,R,R,R,R,R,R,D,D,D,R,R
9570,D,D,D,R,D,D,D,D,D,D,D,D,D,R,D,D
9571,R,D,R,R,R,D,D,R,D,R,R,D,D,R,R,R
9572,R,R,R,R,R,R,R,R,D,R,R,D,D,D,D,D
9573,D,R,R,R,D,D,D,R,D,R,R,D,D,R,D,R
9574,R,R,R,R,R,R,R,D,D,R,R,D,D,R,D,R
9575,D,R,R,R,R,D,D,R,R,R,R,D,D,R,D,R
9576,R,R,R,R,R,R,R,R,R,R,R,D,D,D,D,R
9577,R,R,R,R,R,R,R,R,R,R,R,D,D,D,R,R
9578,R,D,R,R,R,R,R,D,D,R,R,D,D,R,R,D
9579,R,R,R,R,R,R,R,R,R,R,R,D,D,D,R,D
9580,R,R,R,R,R,D,R,R,R,R,D,D,D,R,D,R
9581,R,R,R,R,R,R,R,R,R,R,R,D,D,D,D,R
9582,R,R,R,R,R,R,R,R,R,R,R,D,D,R,R,R
9583,R,R,R,R,R,R,R,R,D,R,R,D,D,D,R,R
9584,R,R,R,R,R,R,R,R,R,R,R,D,D,D,D,D
9585,R,R,R,R,R,R,R,D,R,R,R,R,D,R,R,R
9586,R,R,R,R,R,R,R,R,D,R,R,D,D,R,R,R
9587,R,R,R,R,R,R,R,R,R,R,R,D,D,D,R,R
9588,D,R,R,R,R,R,R,D,D,R,R,D,D,R,R,D
9589,D,D,R,R,D,D,D,D,D,D,D,D,D,D,D,D
9590,R,R,R,R,R,R,R,D,R,R,R,D,D,R,R,R
9591,R,R,R,R,R,R,R,D,D,R,R,D,D,D,R,D
9592,R,D,R,R,R,R,R,D,R,R,D,D,D,D,R,R
9593,D,R,D,R,R,D,R,D,D,R,D,D,D,D,D,D
9594,R,R,R,R,R,R,R,R,R,R,R,D,D,R,R,R
9595,R,R,R,R,R,R,R,D,R,R,R,D,D,D,R,R
9596,D,R,R,R,R,D,R,R,D,R,R,D,D,D,D,D
9597,D,R,R,R,R,R,R,R,R,R,R,D,D,R,R,R
9598,D,D,R,R,R,R,R,R,R,R,R,D,D,D,R,R
9599,D,R,R,R,R,R,R,D,D,R,R,D,D,R,R,R
9600,R,R,R,R,R,R,R,D,D,R,D,D,D,D,R,D
9601,D,R,R,R,R,R,R,R,D,R,R,D,D,R,D,D
9602,R,R,R,R,R,R,R,R,D,R,R,D,D,R,R,R
9603,D,R,R,R,R,D,R,R,D,R,D,D,D,R,D,R
9604,R,R,R,R,R,D,R,R,D,R,R,D,D,R,R,R
9605,D,R,R,R,R,D,R,D,R,R,D,D,D,R,D,R
9606,D,D,R,R,R,D,R,R,D,R,R,D,D,R,R,R
9607,D,D,D,D,R,D,D,D,D,D,D,D,D,D,D,D
9608,D,D,D,R,R,D,R,D,D,D,D,D,D,D,D,D
9609,R,R,R,R,R,R,R,D,D,R,D,D,D,R,D,R
9610,R,D,R,R,R,R,R,D,R,R,D,D,D,D,D,R
9611,R,R,R,R,R,D,R,R,R,R,R,D,D,R,R,R
9612,R,R,R,R,R,R,D,R,R,R,R,D,R,D,D,R
9613,R,R,R,R,R,D,R,R,D,R,D,D,D,R,D,R
9614,R,D,R,R,R,R,R,R,D,R,R,D,D,R,R,D
9615,R,D,R,R,R,R,R,R,D,R,R,D,D,D,R,R
9616,R,D,R,R,R,D,R,R,D,R,R,D,D,R,R,R
9617,R,R,R,R,R,D,R,D,D,D,R,D,D,D,D,D
9618,R,R,R,R,R,R,R,R,D,R,R,D,D,R,R,R
9619,R,R,R,R,R,R,R,D,R,R,R,D,D,D,D,R
9620,D,R,R,R,R,R,R,D,D,R,D,D,D,R,R,D
9621,R,R,R,R,R,R,R,R,D,R,R,D,D,R,R,R
9622,D,R,R,R,R,D,R,R,D,R,D,D,D,D,R,R
9623,R,R,R,R,R,R,R,R,D,R,R,D,D,D,R,R
9624,R,D,R,R,R,R,R,R,R,R,R,D,D,D,R,R
9625,D,D,R,R,R,R,R,D,D,R,R,D,D,D,R,R
9626,R,R,R,R,R,R,R,R,R,R,R,D,D,R,R,R
9627,R,R,R,R,R,R,R,R,D,R,R,D,D,R,R,R
9628,R,R,R,R,R,D,R,D,R,R,R,D,D,D,R,R
9629,R,R,R,R,R,R,D,R,R,R,R,D,D,R,R,R
9630,D,D,D,D,R,D,D,D,D,R,D,D,D,R,D,D
9631,R,R,R,R,R,D,R,R,R,R,D,D,D,R,R,R
9632,R,D,R,R,R,D,R,R,D,R,R,D,D,R,R,R
9633,R,D,D,R,R,R,R,R,D,R,D,D,D,R,D,R
9634,R,R,R,R,R,R,R,D,D,R,R,D,D,R,D,R
9635,R,R,R,R,R,R,R,D,R,R,R,D,D,D,D,R
9636,R,D,R,R,R,D,R,D,D,R,R,D,D,D,R,R
9637,R,R,R,R,R,R,R,R,D,R,R,D,D,D,D,D
9638,R,D,R,R,R,R,R,D,D,R,R,D,D,R,R,R
9639,R,R,R,R,R,R,R,R,D,R,R,D,D,R,D,R
9640,D,R,R,R,R,D,R,D,R,R,R,D,D,R,D,D
9641,R,R,R,R,R,R,R,R,D,R,R,D,D,R,R,R
9642,R,R,R,R,R,R,R,R,R,R,R,D,D,D,R,R
9643,R,R,R,R,R,R,R,R,D,R,R,D,D,R,R,D
9644,R,R,R,R,R,R,R,R,R,R,D,D,D,D,D,R
9645,R,R,R,R,R,R,R,R,D,R,D,D,D,D,R,R
9646,R,R,R,R,R,D,R,R,R,R,R,D,D,D,R,R
9647,D,D,R,R,R,D,D,D,D,D,D,D,D,D,D,D
9648,R,D,R,R,R,R,R,R,D,R,R,D,D,D,R,R
9649,D,R,R,R,R,R,R,R,R,R,R,D,D,D,D,R
9650,R,R,R,R,R,R,R,R,R,R,R,D,R,R,R,R
9651,D,R,R,R,R,D,R,R,R,R,R,D,D,R,D,R
9652,D,R,R,R,R,R,R,R,D,R,R,R,D,D,R,R
9653,D,R,R,R,R,D,R,D,D,R,D,D,D,D,D,D
9654,R,R,R,R,R,D,R,R,R,R,R,D,D,D,D,R
9655,R,D,R,R,R,R,R,R,R,R,R,D,D,R,R,R
9656,D,R,R,R,R,D,R,R,D,R,D,D,D,D,R,R
9657,R,R,D,R,R,R,R,R,D,R,D,D,D,D,D,R
9658,R,R,R,R,R,R,R,D,D,R,D,D,D,R,R,D
9659,R,R,R,R,R,R,R,R,R,R,R,D,D,R,R,R
9660,R,R,R,R,R,R,R,D,D,R,R,D,D,D,R,R
9661,R,R,D,R,D,D,R,R,D,R,D,D,D,D,D,D
9662,R,R,R,R,R,R,R,R,D,R,D,D,D,D,D,R
9663,D,R,R,R,D,R,R,R,R,R,R,D,D,R,R,R
9664,R,R,R,R,R,R,R,R,R,R,R,D,R,R,R,R
9665,D,R,D,R,D,D,R,D,D,R,D,D,D,D,R,D
9666,R,R,R,R,R,R,R,R,R,R,R,D,D,D,R,R
9667,R,D,R,R,R,R,R,R,D,R,D,D,D,R,R,D
9668,R,R,R,R,R,D,R,D,R,R,R,D,R,R,D,R
9669,R,R,R,R,R,R,R,R,R,R,R,D,D,R,R,R
9670,R,R,R,R,R,R,R,R,D,R,D,D,D,D,R,R
9671,R,R,R,R,R,R,D,D,D,R,D,D,D,D,R,D
9672,D,D,R,R,R,D,R,R,R,R,R,D,D,R,R,R
9673,D,R,R,R,R,R,R,D,D,R,R,D,D,R,D,R
9674,R,R,R,R,R,D,R,R,R,R,R,D,D,R,R,R
9675,R,D,R,R,R,R,R,R,D,R,R,D,D,R,R,D
9676,D,R,D,R,R,D,D,D,D,D,D,D,D,D,D,D
9677,R,R,R,R,R,R,R,R,D,R,R,D,D,D,D,R
9678,R,R,R,R,R,R,R,R,R,R,D,D,D,R,D,R
9679,R,D,R,R,R,R,R,R,D,R,R,D,D,D,D,R
9680,R,R,R,R,R,R,R,R,R,R,D,R,D,D,R,R
9681,R,R,R,R,R,R,R,R,D,R,R,D,D,R,D,R
9682,R,D,R,R,R,R,R,R,D,R,R,R,D,R,R,R
9683,D,D,D,R,R,D,R,D,D,R,D,D,D,D,D,D
9684,R,R,R,R,R,R,R,R,R,D,D,D,D,R,D,D
9685,D,R,R,R,R,R,R,D,D,R,D,D,D,R,R,D
9686,D,R,R,R,R,D,R,R,D,R,D,D,D,R,R,R
9687,R,R,R,R,R,R,R,R,D,R,R,D,D,D,R,D
9688,D,R,R,R,R,D,R,R,D,R,R,D,D,D,D,D
9689,D,D,D,R,R,D,D,D,D,R,D,D,D,D,D,D
9690,R,R,R,R,R,R,R,D,R,R,D,D,D,D,R,R
9691,R,R,R,R,R,R,R,D,R,R,R,D,D,D,D,D
9692,R,R,R,R,R,D,R,D,D,R,R,D,D,R,D,D
9693,D,D,R,R,R,D,R,R,R,R,R,D,D,R,R,R
9694,R,R,R,R,R,R,R,R,R,R,R,D,D,D,R,R
9695,D,R,R,R,R,D,R,R,R,R,R,D,D,D,D,R
9696,D,R,R,D,D,D,D,D,R,R,D,D,D,D,D,D
9697,D,R,R,R,R,D,R,R,R,R,D,D,D,R,D,R
9698,R,R,R,R,R,R,R,R,D,R,R,D,D,D,R,R
9699,D,R,R,R,R,R,D,R,R,R,D,D,D,R,R,D
9700,D,D,D,R,D,D,R,D,D,R,D,D,D,D,D,R
9701,D,D,R,R,R,D,R,R,D,R,R,D,D,D,R,R
9702,R,R,R,R,R,R,R,D,R,R,R,D,D,R,R,D
9703,R,R,R,R,R,D,R,D,D,R,R,D,D,D,R,R
9704,R,R,R,R,R,R,R,D,R,R,D,D,D,R,R,R
9705,R,R,R,R,R,R,R,R,D,R,R,D,D,D,D,D
9706,R,R,R,R,R,R,R,R,R,R,R,D,D,R,R,D
9707,R,D,R,R,R,R,R,R,D,R,D,D,D,R,R,R
9708,D,R,R,R,R,R,R,R,D,R,D,D,D,R,D,D
9709,R,R,R,R,R,R,R,R,R,R,R,D,D,D,R,R
9710,R,R,R,R,R,D,R,D,D,R,D,D,D,D,R,D
9711,R,D,R,R,R,R,R,D,D,R,R,D,D,R,D,D
9712,D,D,D,R,R,D,D,D,D,R,R,D,D,D,D,D
9713,D,R,R,R,R,D,R,D,R,R,D,D,D,R,D,R
9714,R,R,R,R,R,D,R,D,D,R,D,D,D,R,D,R
9715,R,R,R,R,R,D,R,R,R,R,R,D,D,R,R,R
9716,R,R,R,R,R,D,R,R,D,R,R,D,D,R,D,R
9717,R,R,R,R,R,R,R,R,D,R,R,D,D,D,D,R
9718,R,D,R,R,R,R,R,D,D,R,R,D,D,R,R,R
9719,D,R,R,R,R,R,R,D,D,R,R,D,D,D,D,R
9720,D,R,D,R,R,D,D,D,D,R,D,D,D,D,R,D
9721,R,R,R,R,R,R,D,R,D,R,D,D,D,R,D,D
9722,R,R,R,R,R,R,R,R,D,R,D,D,D,D,D,D
9723,D,D,R,R,R,D,R,R,D,R,D,D,D,D,R,R
9724,R,R,R,R,R,R,R,R,R,R,R,D,D,R,D,R
9725,D,D,R,R,R,D,R,D,D,D,D,D,D,D,D,D
9726,D,D,R,R,R,D,R,R,D,R,R,D,D,D,D,D
9727,R,R,R,R,R,R,R,R,R,R,R,D,D,D,R,R
9728,D,R,R,R,R,R,R,D,D,R,D,D,D,R,R,R
9729,D,R,R,R,R,R,R,D,D,R,R,D,D,D,D,R
9730,R,D,R,R,R,R,R,R,D,R,D,D,D,R,R,R
9731,R,R,R,R,R,D,R,D,D,R,D,D,D,D,R,D
9732,R,R,R,R,R,R,R,R,R,R,R,D,D,R,R,R
9733,R,D,R,R,R,R,R,D,D,R,R,D,D,R,R,R
9734,D,R,R,R,R,R,R,R,R,R,R,D,D,D,D,D
9735,R,R,R,R,R,R,R,D,D,R,R,D,D,D,D,R
9736,R,R,R,R,R,R,R,R,R,R,R,D,D,R,R,R
9737,R,D,R,R,R,R,R,R,R,R,R,D,D,R,D,R
9738,R,R,R,R,R,R,R,D,D,R,D,D,D,D,D,D
9739,R,R,R,R,R,R,R,R,R,R,R,D,D,R,R,R
9740,D,D,D,R,D,D,D,D,D,R,D,D,D,D,R,D
9741,D,R,R,R,R,R,R,R,R,R,R,D,D,R,R,R
9742,D,R,R,R,R,R,R,R,D,R,R,D,D,D,R,R
9743,D,D,R,R,R,D,R,D,D,R,D,D,D,D,D,D
9744,R,R,R,R,R,R,R,D,R,R,R,D,D,D,R,R
9745,R,R,R,R,R,R,R,D,D,R,R,D,D,R,R,R
9746,D,R,R,R,R,D,R,D,D,R,D,D,D,D,R,R
9747,D,R,R,R,R,R,R,R,D,R,R,D,D,R,D,R
9748,R,R,R,R,R,R,R,R,D,R,R,D,D,R,R,R
9749,D,D,D,R,R,D,D,D,D,R,D,D,D,D,D,D
9750,D,R,R,R,R,R,R,R,D,D,D,D,D,D,R,R
9751,R,R,R,R,R,D,D,R,D,R,R,D,D,D,R,R
9752,D,D,D,R,R,D,D,D,D,R,D,D,D,D,D,D
9753,R,R,R,R,R,R,R,D,R,R,D,D,D,R,R,R
9754,R,R,R,R,R,D,R,R,R,R,R,D,D,R,R,R
9755,R,D,R,R,R,D,R,D,D,R,R,D,D,D,D,R
9756,R,R,R,R,R,R,R,R,D,R,R,D,D,D,D,R
9757,R,R,R,R,R,R,R,R,D,R,D,D,D,R,R,R
9758,D,D,D,R,D,D,R,D,D,R,D,D,D,R,D,D
9759,R,R,R,R,R,R,R,R,R,R,R,D,D,R,R,R
9760,R,D,R,R,R,R,D,R,R,R,R,D,D,D,D,D
9761,R,R,R,R,R,R,R,R,D,R,R,D,D,D,R,R
9762,R,R,R,R,R,R,R,R,R,R,R,D,D,R,R,R
9763,D,D,D,R,R,D,R,D,D,R,R,D,D,D,D,R
9764,D,R,R,R,R,D,R,R,R,R,R,D,D,D,D,D
9765,R,R,R,R,R,R,R,D,D,R,R,D,D,D,D,R
9766,D,D,D,R,R,D,D,D,D,R,D,D,D,D,D,D
9767,R,D,R,R,R,R,R,R,D,R,R,D,D,D,R,R
9768,R,R,R,R,R,D,R,R,D,R,R,D,D,D,D,R
9769,R,R,R,R,R,D,R,R,D,R,D,D,D,R,R,R
9770,R,R,R,R,R,R,D,R,D,D,R,D,D,R,R,R
9771,D,D,D,R,D,D,R,D,D,R,D,D,D,D,D,D
9772,D,D,D,D,D,D,D,D,D,D,D,D,D,D,D,D
9773,R,R,R,R,R,R,R,D,D,R,D,D,D,D,D,R
9774,D,R,R,R,R,R,R,R,D,R,D,D,D,D,R,D
9775,R,R,R,R,R,R,R,R,R,R,R,D,D,D,R,R
9776,R,D,R,D,R,D,D,D,D,D,D,D,D,D,D,D
9777,D,R,R,R,R,D,R,D,D,R,D,D,D,D,R,R
9778,D,D,R,R,R,R,R,R,D,R,R,D,D,D,R,R
9779,R,R,R,R,R,R,R,D,D,R,D,D,D,R,R,R
9780,R,R,R,R,R,D,R,R,R,R,R,D,D,D,D,R
9781,R,R,R,R,R,R,D,D,D,R,D,D,D,D,R,D
9782,D,D,D,R,R,D,R,D,D,R,D,D,D,D,D,D
9783,R,R,R,R,R,R,R,R,D,R,R,D,R,R,R,R
9784,D,R,R,R,R,D,R,D,D,R,D,D,D,D,R,D
9785,R,D,R,R,R,R,D,R,D,R,R,D,D,D,R,R
9786,R,R,R,R,R,R,R,R,R,R,D,D,D,R,R,R
9787,R,R,R,R,R,R,R,R,R,R,R,D,D,D,R,R
9788,D,R,D,R,R,D,D,D,D,R,D,D,D,D,D,D
9789,D,R,R,R,R,R,R,D,D,R,R,D,D,R,D,R
9790,D,D,D,R,R,D,R,D,D,R,R,D,D,D,D,D
9791,R,R,R,R,R,R,R,R,D,R,D,D,D,R,D,D
9792,R,R,R,R,R,R,R,R,D,R,D,D,D,R,R,R
9793,R,R,R,R,R,R,R,D,R,R,D,D,D,R,R,R
9794,D,D,R,R,R,D,R,D,R,R,D,D,D,R,R,R
9795,R,R,R,R,R,R,R,R,D,R,D,D,D,D,D,R
9796,D,D,R,R,R,D,R,D,D,R,R,D,D,D,R,R
9797,R,R,R,R,R,R,R,D,D,R,D,D,D,D,D,R
9798,R,R,R,R,R,R,R,R,R,R,D,D,D,R,R,R
9799,R,D,R,R,R,R,R,D,R,R,D,D,D,D,R,R
9800,D,R,R,R,R,D,R,D,D,R,D,D,D,R,D,R
9801,R,R,R,R,R,R,R,R,R,R,R,D,D,R,R,R
9802,R,D,R,R,R,D,R,R,D,R,D,D,D,D,R,R
9803,R,R,R,R,R,R,R,R,R,R,D,D,D,R,R,R
9804,R,R,R,R,R,R,R,R,D,R,R,D,D,R,R,D
9805,D,R,R,R,R,R,R,D,D,R,R,D,D,R,D,R
9806,D,R,R,R,R,R,R,D,R,R,R,D,D,R,R,R
9807,D,R,R,R,R,D,R,D,D,R,R,D,D,D,R,R
9808,D,D,R,R,R,R,R,R,D,R,D,D,D,R,R,R
9809,R,D,R,R,R,R,R,R,D,R,R,D,D,D,D,D
9810,R,R,R,R,R,R,R,D,D,R,D,D,D,D,R,D
9811,D,D,R,R,R,D,R,D,D,R,D,D,D,D,D,D
9812,R,R,R,R,R,D,R,D,D,R,R,D,D,D,D,R
9813,R,R,R,R,R,R,R,R,R,R,R,D,D,D,R,R
9814,R,D,R,R,R,R,R,R,R,R,R,D,D,R,D,R
9815,R,R,R,R,R,R,R,D,R,R,D,D,D,D,D,R
9816,R,D,R,R,R,R,R,R,R,R,R,D,D,R,R,R
9817,D,D,R,R,R,D,D,D,D,R,D,D,D,D,D,D
9818,D,D,D,R,D,D,D,D,D,R,D,D,D,D,D,D
9819,D,D,R,R,R,R,D,D,D,R,R,D,D,D,R,R
9820,R,R,R,R,R,R,R,R,R,R,R,D,D,D,D,R
9821,D,R,R,R,R,R,D,R,D,R,D,D,D,R,R,D
9822,D,R,R,R,R,R,R,R,D,R,R,D,D,D,R,R
9823,D,D,R,R,R,D,R,D,D,R,R,D,D,D,D,D
9824,D,R,R,R,R,D,R,D,D,R,R,D,D,R,R,R
9825,R,R,R,R,R,R,R,D,R,R,R,D,D,R,D,R
9826,R,R,R,R,R,D,R,R,R,R,R,D,D,R,D,R
9827,R,R,R,R,R,R,R,R,R,R,R,D,D,R,R,R
9828,D,R,R,R,R,R,R,R,D,R,R,D,D,D,D,R
9829,D,R,R,R,R,R,R,D,R,R,D,D,D,R,D,R
9830,R,R,R,R,R,R,R,D,D,R,R,D,D,R,R,D
9831,R,D,D,R,R,D,R,D,D,R,R,D,D,D,D,R
9832,R,R,R,R,R,D,R,D,D,R,R,D,D,R,R,R
9833,R,R,R,R,R,R,R,R,R,R,R,D,D,D,D,R
9834,R,R,R,R,R,R,R,R,D,R,D,D,D,R,R,R
9835,D,R,D,R,D,R,R,D,D,R,R,D,D,D,D,D
9836,R,R,R,R,R,R,R,R,R,R,R,D,D,R,R,R
9837,D,D,D,R,R,D,R,D,D,R,D,D,D,D,D,R
9838,R,R,R,R,R,R,R,R,R,R,R,D,D,R,R,R
9839,R,R,R,R,D,D,D,D,D,D,D,D,D,D,D,D
9840,R,D,R,R,R,R,R,D,D,R,D,D,D,D,D,R
9841,D,D,R,R,R,D,D,D,D,D,D,D,D,D,D,D
9842,R,R,R,R,R,D,R,D,D,R,R,D,D,D,R,D
9843,D,R,R,R,R,R,R,D,D,R,R,D,D,R,D,R
9844,R,R,R,R,R,R,R,R,D,R,R,D,D,R,R,R
9845,R,R,R,R,R,R,R,R,D,R,R,D,D,D,R,R
9846,R,D,R,R,R,R,R,R,R,R,R,D,D,D,R,R
9847,D,R,R,R,R,R,R,R,R,R,D,D,D,R,D,R
9848,R,R,R,R,R,R,R,R,R,R,D,D,D,R,R,R
9849,R,R,R,R,R,D,R,D,D,R,R,D,D,D,D,D
9850,R,R,R,R,R,R,R,D,D,R,R,D,D,D,D,R
9851,R,D,R,R,R,R,R,D,D,D,D,D,D,D,D,D
9852,R,R,D,R,R,R,R,R,D,R,R,D,D,R,R,R
9853,R,R,R,R,R,D,R,D,D,R,R,D,D,R,R,R
9854,D,R,D,R,R,D,R,D,D,D,D,D,D,D,D,D
9855,D,R,R,R,R,R,R,R,D,R,R,D,D,D,R,R
9856,R,R,R,R,R,R,R,R,D,R,R,D,D,D,R,R
9857,R,R,R,R,R,R,D,R,D,R,R,D,D,R,R,R
9858,D,D,D,R,R,D,D,D,D,R,D,D,D,D,D,D
9859,D,R,D,R,R,D,R,D,D,R,D,D,D,D,D,D
9860,R,D,R,R,R,R,R,D,R,R,D,D,D,R,R,D
9861,R,R,R,R,R,R,R,R,D,R,D,D,D,R,D,R
9862,R,R,R,R,R,R,R,D,D,R,R,D,D,D,D,D
9863,D,R,R,R,R,R,R,R,D,R,R,D,D,R,R,R
9864,R,D,R,R,R,R,R,R,R,R,R,D,D,R,R,R
9865,D,D,R,R,R,R,R,D,D,R,D,D,D,D,D,D
9866,R,R,R,R,D,R,R,D,D,R,D,D,D,D,R,D
9867,R,R,R,R,R,R,R,D,R,R,R,D,D,R,R,R
9868,R,R,R,R,R,R,R,R,R,R,R,D,D,R,R,R
9869,D,D,D,R,R,D,D,D,D,R,D,D,D,D,D,D
9870,R,R,R,R,R,R,R,R,R,R,D,D,D,D,D,R
9871,D,D,D,R,R,D,D,D,D,R,D,D,D,D,D,D
9872,D,D,R,R,R,D,R,D,D,R,D,D,D,D,D,D
9873,R,R,R,R,R,R,R,D,R,R,R,R,D,D,R,R
9874,R,R,R,R,R,R,R,R,R,D,R,D,D,D,D,R
9875,D,R,R,R,R,R,R,D,D,R,D,D,D,D,R,R
9876,R,R,R,R,R,R,R,R,R,R,R,D,D,D,R,R
9877,R,R,R,R,R,R,R,R,R,R,R,D,D,R,R,R
9878,R,R,R,R,R,D,D,D,R,R,R,D,D,R,D,R
9879,R,R,R,R,R,R,R,R,R,R,R,D,D,R,D,R
9880,R,R,R,R,R,R,R,R,D,R,D,D,D,R,R,D
9881,R,R,R,R,R,R,R,R,R,R,R,D,D,R,R,R
9882,R,R,R,R,R,R,R,D,R,R,R,D,D,R,R,R
9883,R,D,R,R,R,D,R,D,R,R,R,D,D,D,D,R
9884,R,R,R,R,R,R,R,R,R,R,R,D,D,R,R,R
9885,R,R,R,R,R,R,R,R,R,R,R,D,D,R,D,D
9886,D,D,R,R,D,D,R,D,D,R,D,D,D,D,D,D
9887,R,R,R,R,R,D,R,R,R,R,D,D,D,D,R,D
9888,R,R,R,R,R,D,R,D,R,R,D,D,D,R,R,R
9889,R,R,R,R,R,R,R,D,D,R,R,D,D,R,D,R
9890,R,R,R,R,R,R,R,R,R,R,R,D,D,R,R,D
9891,R,R,R,R,R,D,R,D,D,R,R,D,D,D,R,R
9892,R,D,R,R,R,R,R,R,R,R,R,D,D,R,R,R
9893,R,R,R,R,R,D,R,D,D,R,D,D,D,R,R,D
9894,R,R,R,R,R,D,R,R,R,R,R,D,D,D,R,D
9895,R,R,R,R,R,R,R,R,D,R,D,D,D,R,R,R
9896,R,R,R,R,R,D,R,R,R,R,R,D,D,R,R,D
9897,R,R,R,R,R,D,R,R,R,R,R,D,R,D,D,D
9898,R,R,R,R,R,D,R,D,R,R,R,D,D,D,R,R
9899,R,R,R,R,R,R,R,R,R,R,R,D,D,D,R,R
9900,R,R,R,R,R,R,R,R,R,R,R,D,D,R,R,R
9901,R,D,R,R,R,R,R,R,D,R,R,D,D,R,R,R
9902,R,R,R,R,R,R,R,R,R,R,R,D,R,D,R,R
9903,D,D,D,R,R,D,R,D,D,D,R,D,D,D,D,D
9904,D,D,R,R,R,D,R,D,D,R,D,D,D,D,D,D
9905,R,R,R,R,R,R,R,R,R,R,D,D,D,R,R,D
9906,R,R,R,R,R,R,R,R,R,R,R,D,D,R,R,R
9907,R,R,R,R,R,R,D,R,D,R,D,D,D,R,R,D
9908,D,D,R,R,R,R,R,R,D,R,R,D,D,R,R,R
9909,R,R,R,R,R,R,R,R,D,R,D,D,D,R,D,R
9910,D,R,D,R,R,D,R,D,R,R,D,D,D,D,D,R
9911,D,D,R,R,R,D,R,R,R,R,R,D,D,R,R,R
9912,D,R,R,R,R,R,R,R,D,R,R,D,D,R,R,R
9913,D,D,R,R,R,D,D,D,D,D,D,D,D,D,D,D
9914,D,D,D,R,R,D,D,D,D,D,D,D,D,D,D,R
9915,R,D,R,R,R,R,R,D,D,R,D,D,D,R,R,R
9916,R,R,R,R,R,R,R,R,R,R,R,D,D,R,R,R
9917,R,R,R,R,R,R,R,R,D,R,R,D,D,D,D,R
9918,R,D,R,R,R,D,R,D,D,R,D,D,D,R,D,R
9919,D,D,D,R,R,D,R,D,D,R,D,D,D,R,D,D
9920,D,R,R,R,R,R,R,R,R,R,R,D,D,R,R,D
9921,R,D,R,R,R,R,R,D,D,D,R,D,D,R,D,R
9922,R,R,R,R,R,R,R,R,R,R,R,D,R,R,D,R
9923,D,R,R,R,R,R,R,R,R,R,D,D,D,D,R,R
9924,R,R,R,R,R,R,R,R,D,R,R,D,D,R,D,R
9925,R,D,R,R,R,R,R,R,R,R,R,D,D,D,R,R
9926,D,R,R,R,R,R,R,R,D,R,R,D,D,R,R,R
9927,R,R,R,R,R,R,R,R,D,R,R,R,D,R,D,R
9928,D,D,R,R,R,D,R,D,R,R,R,D,D,D,D,R
9929,R,R,R,R,R,R,R,R,R,R,R,D,D,R,R,R
9930,R,R,R,R,R,R,R,R,R,R,R,D,D,D,R,R
9931,R,R,R,R,R,D,R,R,D,R,D,D,D,R,R,D
9932,R,R,R,R,R,R,R,R,R,R,R,D,D,R,D,R
9933,R,R,R,R,R,R,R,R,R,R,R,D,D,R,R,R
9934,R,R,R,R,R,R,R,D,R,R,R,D,D,D,D,D
9935,R,D,R,R,R,D,R,D,R,R,R,D,D,D,R,R
9936,R,R,R,R,R,D,R,R,R,R,R,D,D,D,R,R
9937,R,R,R,R,R,R,R,R,D,R,R,D,D,R,R,R
9938,R,D,R,R,D,R,R,D,D,R,D,D,D,R,D,R
9939,R,R,R,R,R,D,R,R,D,R,R,D,D,R,R,R
9940,D,D,D,D,R,D,D,D,D,D,R,D,D,D,D,D
9941,R,D,R,R,R,D,R,R,R,R,D,D,D,R,D,R
9942,R,D,D,R,R,R,R,R,D,R,R,D,D,D,D,R
9943,D,D,R,R,D,D,R,D,D,D,D,D,D,D,D,D
9944,R,R,R,R,R,R,R,D,D,R,R,D,D,D,R,D
9945,R,R,R,R,R,D,R,R,D,R,D,D,D,R,R,R
9946,R,R,R,R,R,R,R,R,R,R,R,D,D,R,R,R
9947,D,D,R,R,D,D,R,D,D,R,D,D,D,D,D,D
9948,D,D,D,R,R,D,R,D,D,D,D,D,D,D,D,D
9949,R,R,R,R,R,R,R,R,D,D,D,D,D,R,R,D
9950,D,R,R,R,R,D,D,D,D,R,R,D,D,D,R,R
9951,R,D,R,R,R,R,R,R,D,R,R,D,D,R,D,D
9952,R,D,R,R,R,D,D,D,D,D,D,D,D,D,D,D
9953,D,R,R,R,R,R,R,D,D,R,R,D,D,D,R,R
9954,D,D,D,R,D,D,R,D,D,R,D,D,D,D,D,D
9955,R,R,R,R,R,R,R,D,R,R,R,D,D,D,D,D
9956,D,R,R,R,R,R,R,R,R,R,R,D,D,D,R,R
9957,R,R,R,R,R,R,R,R,R,R,R,D,D,R,R,R
9958,D,D,R,R,R,D,D,R,D,R,R,D,D,R,R,R
9959,R,R,R,R,R,R,R,R,R,R,R,D,D,D,R,R
9960,D,R,R,R,R,D,R,R,R,R,D,D,D,R,D,R
9961,D,D,D,R,R,R,R,D,D,R,D,D,D,D,D,D
9962,D,D,D,R,D,D,D,D,D,D,D,D,D,D,D,D
9963,R,R,R,R,R,R,R,R,D,R,D,D,D,R,R,D
9964,D,R,R,R,R,D,R,R,R,R,R,D,D,R,D,R
9965,R,R,D,R,R,R,R,D,R,R,R,D,D,D,R,D
9966,D,R,R,R,R,R,R,R,D,R,R,D,D,D,R,D
9967,D,R,R,R,R,R,R,R,D,R,D,D,D,R,R,R
9968,D,D,D,R,D,D,R,D,D,D,D,D,D,D,D,D
9969,R,R,R,R,R,D,R,D,R,R,D,D,D,D,R,D
9970,R,R,R,R,R,D,R,R,D,R,R,D,D,R,D,R
9971,R,R,R,R,R,R,R,R,D,R,R,D,D,R,R,R
9972,R,D,R,R,R,R,R,R,D,R,D,D,D,D,R,D
9973,D,D,D,R,D,D,R,D,D,R,D,D,D,D,D,D
9974,D,D,R,R,R,D,R,D,D,R,R,D,D,D,R,R
9975,D,R,R,R,R,R,R,D,D,R,D,D,D,R,D,D
9976,R,R,R,R,R,R,D,D,D,R,D,D,D,R,D,R
9977,D,R,R,R,R,D,R,R,R,R,D,D,D,R,R,R
9978,D,R,R,R,R,R,R,D,D,R,R,D,D,D,R,R
9979,D,D,D,R,R,D,D,D,D,R,D,D,D,D,D,D
9980,R,R,R,R,R,R,R,R,D,R,R,D,D,D,D,R
9981,R,R,R,R,R,R,R,D,D,R,D,D,D,R,R,R
9982,R,R,R,R,R,R,R,D,R,R,R,D,D,R,D,R
9983,R,R,R,R,R,R,R,D,R,R,D,D,D,R,D,R
9984,D,R,R,R,R,R,R,R,R,R,D,D,D,R,R,R
9985,R,R,R,R,R,R,R,D,R,R,R,D,D,D,D,R
9986,D,R,R,R,R,R,R,R,R,R,R,D,D,R,R,R
9987,R,R,R,R,R,R,R,D,R,R,R,D,D,R,R,R
9988,D,D,D,R,R,D,D,D,D,D,D,D,D,D,D,R
9989,R,R,R,R,R,D,R,R,D,R,R,D,D,R,D,R
9990,D,D,D,R,R,D,D,D,D,R,D,D,D,D,D,D
9991,D,R,R,R,R,R,R,R,D,R,R,D,D,D,D,R
9992,D,R,R,R,D,D,D,D,D,R,D,D,D,D,D,D
9993,D,D,R,R,R,D,R,D,D,R,D,D,D,D,D,D
9994,R,D,R,R,R,R,D,R,R,D,R,D,R,R,D,R
9995,R,D,R,R,R,D,R,D,D,R,R,D,D,D,D,R
9996,R,R,R,R,R,R,R,R,D,R,R,D,D,D,D,R
9997,D,D,D,R,D,D,D,R,D,R,D,D,D,D,D,D
9998,R,R,R,R,R,R,D,R,R,R,D,D,D,D,D,R
9999,D,D,D,R,D,D,D,D,D,D,R,D,D,D,D,D
