huboid,name,party,sdName,sggName,office,sgTypecode,list_rank,seat_count,estimated_electable,status,age,birthday,criminal_record,has_criminal,criminal_categories,offense_summary,tax_arrears_5y_thousand_krw,tax_arrears_5y_display,tax_arrears_current_thousand_krw,tax_arrears_current_display,has_tax,economic_trust_record,tax_100m_or_more,nec_detail_url,criminal_pdf_url
100165561,윤미경,국민의힘,강원특별자치도,강원특별자치도,광역의원 비례,8,1,7,Y,등록,58,19680318,없음,N,,,0,0원,0,0원,N,N,N,https://info.nec.go.kr/electioninfo/candidate_detail_info.xhtml?electionId=0020260603&huboId=100165561,
100165562,서영일,국민의힘,강원특별자치도,강원특별자치도,광역의원 비례,8,2,7,Y,등록,39,19870406,1건,Y,폭력,"별지제12호서식의(카)]선거명소속정당명최명상해 / 2014-11-26 / 벌금1,000,000원",0,0원,0,0원,N,N,N,https://info.nec.go.kr/electioninfo/candidate_detail_info.xhtml?electionId=0020260603&huboId=100165562,https://info.nec.go.kr/unielec_pdf_file/20260603/open/Gsg5200/Hb100165562/junkwa/20260515131457887_8.PDF
100165563,이은희,국민의힘,강원특별자치도,강원특별자치도,광역의원 비례,8,3,7,Y,등록,61,19650331,없음,N,,,0,0원,0,0원,N,N,N,https://info.nec.go.kr/electioninfo/candidate_detail_info.xhtml?electionId=0020260603&huboId=100165563,
100165566,이상미,국민의힘,강원특별자치도,강원특별자치도,광역의원 비례,8,4,7,Y,등록,48,19770621,1건,Y,음주·위험운전; 도로교통,"도로교통법위반(음주운전)국민의힘 / 벌금1,000,000원",150,15만원,0,0원,Y,N,N,https://info.nec.go.kr/electioninfo/candidate_detail_info.xhtml?electionId=0020260603&huboId=100165566,https://info.nec.go.kr/unielec_pdf_file/20260603/open/Gsg5200/Hb100165566/junkwa/20260515131650997_9.PDF
100165753,이지혜,국민의힘,경기도,경기도,광역의원 비례,8,1,21,Y,등록,45,19810313,없음,N,,,6068,606만원,0,0원,Y,N,N,https://info.nec.go.kr/electioninfo/candidate_detail_info.xhtml?electionId=0020260603&huboId=100165753,
100165756,오남석,국민의힘,경기도,경기도,광역의원 비례,8,2,21,Y,등록,46,19791121,1건,Y,음주·위험운전; 도로교통,"별지제12호서식의(카)]선거명 / 벌금1,000,000원",1086,108만원,0,0원,Y,N,N,https://info.nec.go.kr/electioninfo/candidate_detail_info.xhtml?electionId=0020260603&huboId=100165756,https://info.nec.go.kr/unielec_pdf_file/20260603/open/Gsg4100/Hb100165756/junkwa/20260515221746927_10.PDF
100165758,최미금,국민의힘,경기도,경기도,광역의원 비례,8,3,21,Y,등록,58,19680103,없음,N,,,0,0원,0,0원,N,N,N,https://info.nec.go.kr/electioninfo/candidate_detail_info.xhtml?electionId=0020260603&huboId=100165758,
100165759,김한슬,국민의힘,경기도,경기도,광역의원 비례,8,4,21,Y,등록,39,19870316,없음,N,,,336,33만원,0,0원,Y,N,N,https://info.nec.go.kr/electioninfo/candidate_detail_info.xhtml?electionId=0020260603&huboId=100165759,
100165761,최지원,국민의힘,경기도,경기도,광역의원 비례,8,5,21,Y,등록,60,19650728,없음,N,,,0,0원,0,0원,N,N,N,https://info.nec.go.kr/electioninfo/candidate_detail_info.xhtml?electionId=0020260603&huboId=100165761,
100165763,권태익,국민의힘,경기도,경기도,광역의원 비례,8,6,21,Y,등록,61,19640616,1건,Y,횡령,"업무상횡령권태익 / 벌금2,000,000원",0,0원,0,0원,N,Y,N,https://info.nec.go.kr/electioninfo/candidate_detail_info.xhtml?electionId=0020260603&huboId=100165763,https://info.nec.go.kr/unielec_pdf_file/20260603/open/Gsg4100/Hb100165763/junkwa/20260515220133727_8.PDF
100165769,금종례,국민의힘,경기도,경기도,광역의원 비례,8,7,21,Y,등록,67,19580812,없음,N,,,0,0원,0,0원,N,N,N,https://info.nec.go.kr/electioninfo/candidate_detail_info.xhtml?electionId=0020260603&huboId=100165769,
100165775,김진후,국민의힘,경기도,경기도,광역의원 비례,8,8,21,Y,등록,69,19570213,없음,N,,,116,11만원,0,0원,Y,N,N,https://info.nec.go.kr/electioninfo/candidate_detail_info.xhtml?electionId=0020260603&huboId=100165775,
100165777,국은주,국민의힘,경기도,경기도,광역의원 비례,8,9,21,Y,등록,61,19641210,없음,N,,,0,0원,0,0원,N,N,N,https://info.nec.go.kr/electioninfo/candidate_detail_info.xhtml?electionId=0020260603&huboId=100165777,
100165780,박용일,국민의힘,경기도,경기도,광역의원 비례,8,10,21,Y,등록,34,19910920,없음,N,,,0,0원,0,0원,N,N,N,https://info.nec.go.kr/electioninfo/candidate_detail_info.xhtml?electionId=0020260603&huboId=100165780,
100165782,이지은,국민의힘,경기도,경기도,광역의원 비례,8,11,21,Y,등록,52,19731209,없음,N,,,0,0원,0,0원,N,N,N,https://info.nec.go.kr/electioninfo/candidate_detail_info.xhtml?electionId=0020260603&huboId=100165782,
100165784,김선태,국민의힘,경기도,경기도,광역의원 비례,8,12,21,Y,등록,61,19641002,1건,Y,교통사고,"교통사고처리특례법위반국민의힘 / 벌금1,500,000원",0,0원,0,0원,N,N,N,https://info.nec.go.kr/electioninfo/candidate_detail_info.xhtml?electionId=0020260603&huboId=100165784,https://info.nec.go.kr/unielec_pdf_file/20260603/open/Gsg4100/Hb100165784/junkwa/20260515223813968_8.PDF
100165785,성주,국민의힘,경기도,경기도,광역의원 비례,8,13,21,Y,등록,57,19690116,없음,N,,,0,0원,0,0원,N,N,N,https://info.nec.go.kr/electioninfo/candidate_detail_info.xhtml?electionId=0020260603&huboId=100165785,
100165786,김광호,국민의힘,경기도,경기도,광역의원 비례,8,14,21,Y,등록,63,19621103,없음,N,,,0,0원,0,0원,N,N,N,https://info.nec.go.kr/electioninfo/candidate_detail_info.xhtml?electionId=0020260603&huboId=100165786,
100165247,구명순,국민의힘,경상남도,경상남도,광역의원 비례,8,1,9,Y,등록,57,19690225,없음,N,,,0,0원,0,0원,N,N,N,https://info.nec.go.kr/electioninfo/candidate_detail_info.xhtml?electionId=0020260603&huboId=100165247,
100165250,김영록,국민의힘,경상남도,경상남도,광역의원 비례,8,2,9,Y,등록,40,19860326,1건,Y,공직선거법; 음주·위험운전; 도로교통,『공직선거법』 / 2008-03-31,9757,975만원,139,13만원,Y,N,N,https://info.nec.go.kr/electioninfo/candidate_detail_info.xhtml?electionId=0020260603&huboId=100165250,https://info.nec.go.kr/unielec_pdf_file/20260603/open/Gsg4800/Hb100165250/junkwa/20260514224646386_8.PDF
100165258,서미숙,국민의힘,경상남도,경상남도,광역의원 비례,8,3,9,Y,등록,50,19760505,없음,N,,,0,0원,0,0원,N,N,N,https://info.nec.go.kr/electioninfo/candidate_detail_info.xhtml?electionId=0020260603&huboId=100165258,
100165264,백승흥,국민의힘,경상남도,경상남도,광역의원 비례,8,4,9,Y,등록,64,19620108,1건,Y,특가법,특정범죄가중처벌등에관한법률위 / 1985-12-26 / 징역1년,1595,159만원,0,0원,Y,N,N,https://info.nec.go.kr/electioninfo/candidate_detail_info.xhtml?electionId=0020260603&huboId=100165264,https://info.nec.go.kr/unielec_pdf_file/20260603/open/Gsg4800/Hb100165264/junkwa/20260514223521447_11.PDF
100165269,주외숙,국민의힘,경상남도,경상남도,광역의원 비례,8,5,9,Y,등록,68,19571010,없음,N,,,0,0원,0,0원,N,N,N,https://info.nec.go.kr/electioninfo/candidate_detail_info.xhtml?electionId=0020260603&huboId=100165269,
100165277,곽민혁,국민의힘,경상남도,경상남도,광역의원 비례,8,6,9,Y,등록,49,19770225,1건,Y,특가법; 폭력,특정범죄가중처벌등에관한법률위반(운전자폭행등) / 징역1년6월집행유예2년,0,0원,0,0원,N,N,N,https://info.nec.go.kr/electioninfo/candidate_detail_info.xhtml?electionId=0020260603&huboId=100165277,https://info.nec.go.kr/unielec_pdf_file/20260603/open/Gsg4800/Hb100165277/junkwa/20260514225625679_8.PDF
100164831,마정연,국민의힘,경상북도,경상북도,광역의원 비례,8,1,8,Y,등록,60,19660207,없음,N,,,0,0원,0,0원,N,N,N,https://info.nec.go.kr/electioninfo/candidate_detail_info.xhtml?electionId=0020260603&huboId=100164831,
100164840,허지훈,국민의힘,경상북도,경상북도,광역의원 비례,8,2,8,Y,등록,29,19970429,없음,N,,,0,0원,0,0원,N,N,N,https://info.nec.go.kr/electioninfo/candidate_detail_info.xhtml?electionId=0020260603&huboId=100164840,
100164853,김예영,국민의힘,경상북도,경상북도,광역의원 비례,8,3,8,Y,등록,38,19880208,없음,N,,,0,0원,0,0원,N,N,N,https://info.nec.go.kr/electioninfo/candidate_detail_info.xhtml?electionId=0020260603&huboId=100164853,
100164867,양유혁,국민의힘,경상북도,경상북도,광역의원 비례,8,4,8,Y,등록,62,19631207,없음,N,,,0,0원,0,0원,N,N,N,https://info.nec.go.kr/electioninfo/candidate_detail_info.xhtml?electionId=0020260603&huboId=100164867,
100164875,공승희,국민의힘,경상북도,경상북도,광역의원 비례,8,5,8,Y,등록,60,19650613,없음,N,,,0,0원,0,0원,N,N,N,https://info.nec.go.kr/electioninfo/candidate_detail_info.xhtml?electionId=0020260603&huboId=100164875,
100164880,김미림,국민의힘,경상북도,경상북도,광역의원 비례,8,6,8,Y,등록,66,19590802,없음,N,,,0,0원,0,0원,N,N,N,https://info.nec.go.kr/electioninfo/candidate_detail_info.xhtml?electionId=0020260603&huboId=100164880,
100164929,이오숙,국민의힘,광주광역시,전남광주통합특별시,광역의원 비례,8,1,12,Y,등록,54,19710623,2건,Y,음주·위험운전; 도로교통,,0,0원,0,0원,N,N,N,https://info.nec.go.kr/electioninfo/candidate_detail_info.xhtml?electionId=0020260603&huboId=100164929,https://info.nec.go.kr/unielec_pdf_file/20260603/open/Gsg2900/Hb100164929/junkwa/20260514163236892_5.PDF
100164935,김순옥,국민의힘,광주광역시,전남광주통합특별시,광역의원 비례,8,2,12,Y,등록,56,19700328,없음,N,,,0,0원,0,0원,N,N,N,https://info.nec.go.kr/electioninfo/candidate_detail_info.xhtml?electionId=0020260603&huboId=100164935,
100164942,채명희,국민의힘,광주광역시,전남광주통합특별시,광역의원 비례,8,3,12,Y,등록,71,19541028,없음,N,,,0,0원,0,0원,N,N,N,https://info.nec.go.kr/electioninfo/candidate_detail_info.xhtml?electionId=0020260603&huboId=100164942,
100164130,남궁현숙,국민의힘,대구광역시,대구광역시,광역의원 비례,8,1,5,Y,등록,58,19680501,없음,N,,,1579,157만원,0,0원,Y,N,N,https://info.nec.go.kr/electioninfo/candidate_detail_info.xhtml?electionId=0020260603&huboId=100164130,
100164134,주호동,국민의힘,대구광역시,대구광역시,광역의원 비례,8,2,5,Y,등록,42,19840101,없음,N,,,0,0원,0,0원,N,N,N,https://info.nec.go.kr/electioninfo/candidate_detail_info.xhtml?electionId=0020260603&huboId=100164134,
100164140,임효신,국민의힘,대구광역시,대구광역시,광역의원 비례,8,3,5,Y,등록,51,19750119,없음,N,,,0,0원,0,0원,N,N,N,https://info.nec.go.kr/electioninfo/candidate_detail_info.xhtml?electionId=0020260603&huboId=100164140,
100164145,김영태,국민의힘,대구광역시,대구광역시,광역의원 비례,8,4,5,Y,등록,58,19680302,1건,Y,공직선거법; 음주·위험운전; 도로교통,『공직선거법』 / 2012-05-02,0,0원,0,0원,N,N,N,https://info.nec.go.kr/electioninfo/candidate_detail_info.xhtml?electionId=0020260603&huboId=100164145,https://info.nec.go.kr/unielec_pdf_file/20260603/open/Gsg2700/Hb100164145/junkwa/20260513213652569_8.PDF
100164148,김성원,국민의힘,대구광역시,대구광역시,광역의원 비례,8,5,5,Y,등록,67,19590307,없음,N,,,0,0원,0,0원,N,N,N,https://info.nec.go.kr/electioninfo/candidate_detail_info.xhtml?electionId=0020260603&huboId=100164148,
100164489,조재철,국민의힘,대전광역시,대전광역시,광역의원 비례,8,1,3,Y,등록,66,19590728,없음,N,,,0,0원,0,0원,N,N,N,https://info.nec.go.kr/electioninfo/candidate_detail_info.xhtml?electionId=0020260603&huboId=100164489,
100164494,오재웅,국민의힘,대전광역시,대전광역시,광역의원 비례,8,2,3,Y,등록,42,19830801,없음,N,,,0,0원,0,0원,N,N,N,https://info.nec.go.kr/electioninfo/candidate_detail_info.xhtml?electionId=0020260603&huboId=100164494,
100164705,유도희,국민의힘,부산광역시,부산광역시,광역의원 비례,8,1,6,Y,등록,67,19581206,없음,N,,,0,0원,0,0원,N,N,N,https://info.nec.go.kr/electioninfo/candidate_detail_info.xhtml?electionId=0020260603&huboId=100164705,
100164707,배관구,국민의힘,부산광역시,부산광역시,광역의원 비례,8,2,6,Y,등록,38,19871010,2건,Y,교통사고; 공무집행방해,,22763,"2,276만원",0,0원,Y,N,N,https://info.nec.go.kr/electioninfo/candidate_detail_info.xhtml?electionId=0020260603&huboId=100164707,https://info.nec.go.kr/unielec_pdf_file/20260603/open/Gsg2600/Hb100164707/junkwa/20260514210845993_5.PDF
100164710,견미령,국민의힘,부산광역시,부산광역시,광역의원 비례,8,3,6,Y,등록,56,19691010,없음,N,,,0,0원,0,0원,N,N,N,https://info.nec.go.kr/electioninfo/candidate_detail_info.xhtml?electionId=0020260603&huboId=100164710,
100164711,강다원,국민의힘,부산광역시,부산광역시,광역의원 비례,8,4,6,Y,등록,38,19880525,없음,N,,,0,0원,0,0원,N,N,N,https://info.nec.go.kr/electioninfo/candidate_detail_info.xhtml?electionId=0020260603&huboId=100164711,
100164712,전현숙,국민의힘,부산광역시,부산광역시,광역의원 비례,8,5,6,Y,등록,58,19680319,없음,N,,,0,0원,0,0원,N,N,N,https://info.nec.go.kr/electioninfo/candidate_detail_info.xhtml?electionId=0020260603&huboId=100164712,
100164648,주수현,국민의힘,서울특별시,서울특별시,광역의원 비례,8,1,15,Y,등록,43,19820606,없음,N,,,0,0원,0,0원,N,N,N,https://info.nec.go.kr/electioninfo/candidate_detail_info.xhtml?electionId=0020260603&huboId=100164648,
100164649,최종부,국민의힘,서울특별시,서울특별시,광역의원 비례,8,2,15,Y,등록,37,19880821,없음,N,,,0,0원,0,0원,N,N,N,https://info.nec.go.kr/electioninfo/candidate_detail_info.xhtml?electionId=0020260603&huboId=100164649,
100164651,최원선,국민의힘,서울특별시,서울특별시,광역의원 비례,8,3,15,Y,등록,47,19780616,없음,N,,,0,0원,0,0원,N,N,N,https://info.nec.go.kr/electioninfo/candidate_detail_info.xhtml?electionId=0020260603&huboId=100164651,
100164657,이문재,국민의힘,서울특별시,서울특별시,광역의원 비례,8,4,15,Y,등록,41,19850313,없음,N,,,0,0원,0,0원,N,N,N,https://info.nec.go.kr/electioninfo/candidate_detail_info.xhtml?electionId=0020260603&huboId=100164657,
100164658,오현주,국민의힘,서울특별시,서울특별시,광역의원 비례,8,5,15,Y,등록,35,19910226,없음,N,,,0,0원,0,0원,N,N,N,https://info.nec.go.kr/electioninfo/candidate_detail_info.xhtml?electionId=0020260603&huboId=100164658,
100164661,이종민,국민의힘,서울특별시,서울특별시,광역의원 비례,8,6,15,Y,등록,32,19940502,없음,N,,,0,0원,0,0원,N,N,N,https://info.nec.go.kr/electioninfo/candidate_detail_info.xhtml?electionId=0020260603&huboId=100164661,
100164662,손정화,국민의힘,서울특별시,서울특별시,광역의원 비례,8,7,15,Y,등록,43,19820930,없음,N,,,0,0원,0,0원,N,N,N,https://info.nec.go.kr/electioninfo/candidate_detail_info.xhtml?electionId=0020260603&huboId=100164662,
100164663,위성찬,국민의힘,서울특별시,서울특별시,광역의원 비례,8,8,15,Y,등록,47,19780911,없음,N,,,0,0원,0,0원,N,N,N,https://info.nec.go.kr/electioninfo/candidate_detail_info.xhtml?electionId=0020260603&huboId=100164663,
100164664,강나연,국민의힘,서울특별시,서울특별시,광역의원 비례,8,9,15,Y,등록,61,19650428,없음,N,,,0,0원,0,0원,N,N,N,https://info.nec.go.kr/electioninfo/candidate_detail_info.xhtml?electionId=0020260603&huboId=100164664,
100164665,하태욱,국민의힘,서울특별시,서울특별시,광역의원 비례,8,10,15,Y,등록,38,19871020,없음,N,,,0,0원,0,0원,N,N,N,https://info.nec.go.kr/electioninfo/candidate_detail_info.xhtml?electionId=0020260603&huboId=100164665,
100164158,곽효정,국민의힘,세종특별자치시,세종특별자치시,광역의원 비례,8,1,3,Y,등록,42,19830825,없음,N,,,0,0원,0,0원,N,N,N,https://info.nec.go.kr/electioninfo/candidate_detail_info.xhtml?electionId=0020260603&huboId=100164158,
100164162,송동섭,국민의힘,세종특별자치시,세종특별자치시,광역의원 비례,8,2,3,Y,등록,63,19630313,없음,N,,,0,0원,0,0원,N,N,N,https://info.nec.go.kr/electioninfo/candidate_detail_info.xhtml?electionId=0020260603&huboId=100164162,
100165542,권영애,국민의힘,울산광역시,울산광역시,광역의원 비례,8,1,3,Y,등록,56,19691220,없음,N,,,0,0원,0,0원,N,N,N,https://info.nec.go.kr/electioninfo/candidate_detail_info.xhtml?electionId=0020260603&huboId=100165542,
100165546,정나윤,국민의힘,울산광역시,울산광역시,광역의원 비례,8,2,3,Y,등록,54,19710715,없음,N,,,0,0원,0,0원,N,N,N,https://info.nec.go.kr/electioninfo/candidate_detail_info.xhtml?electionId=0020260603&huboId=100165546,
100165568,강민서,국민의힘,울산광역시,울산광역시,광역의원 비례,8,3,3,Y,등록,23,20020717,없음,N,,,0,0원,0,0원,N,N,N,https://info.nec.go.kr/electioninfo/candidate_detail_info.xhtml?electionId=0020260603&huboId=100165568,
100165574,안수경,국민의힘,인천광역시,인천광역시,광역의원 비례,8,1,6,Y,등록,60,19660401,없음,N,,,242,24만원,0,0원,Y,N,N,https://info.nec.go.kr/electioninfo/candidate_detail_info.xhtml?electionId=0020260603&huboId=100165574,
100165576,이범석,국민의힘,인천광역시,인천광역시,광역의원 비례,8,2,6,Y,등록,27,19990409,없음,N,,,0,0원,0,0원,N,N,N,https://info.nec.go.kr/electioninfo/candidate_detail_info.xhtml?electionId=0020260603&huboId=100165576,
100165578,이미옥,국민의힘,인천광역시,인천광역시,광역의원 비례,8,3,6,Y,등록,54,19711101,없음,N,,,895,89만원,0,0원,Y,N,N,https://info.nec.go.kr/electioninfo/candidate_detail_info.xhtml?electionId=0020260603&huboId=100165578,
100165771,이인숙,국민의힘,전북특별자치도,전북특별자치도,광역의원 비례,8,1,6,Y,등록,58,19671105,없음,N,,,0,0원,0,0원,N,N,N,https://info.nec.go.kr/electioninfo/candidate_detail_info.xhtml?electionId=0020260603&huboId=100165771,
100165778,허점숙,국민의힘,전북특별자치도,전북특별자치도,광역의원 비례,8,2,6,Y,등록,58,19671116,없음,N,,,0,0원,0,0원,N,N,N,https://info.nec.go.kr/electioninfo/candidate_detail_info.xhtml?electionId=0020260603&huboId=100165778,
100165201,김효,국민의힘,제주특별자치도,제주특별자치도,광역의원 비례,8,1,13,Y,등록,57,19680810,없음,N,,,0,0원,0,0원,N,N,N,https://info.nec.go.kr/electioninfo/candidate_detail_info.xhtml?electionId=0020260603&huboId=100165201,
100165204,김태현,국민의힘,제주특별자치도,제주특별자치도,광역의원 비례,8,2,13,Y,등록,44,19811105,없음,N,,,0,0원,0,0원,N,N,N,https://info.nec.go.kr/electioninfo/candidate_detail_info.xhtml?electionId=0020260603&huboId=100165204,
100165210,이정한,국민의힘,제주특별자치도,제주특별자치도,광역의원 비례,8,3,13,Y,등록,44,19820416,1건,Y,음주·위험운전; 도로교통,도로교통법위반(음주운전 / 2010-11-03,0,0원,0,0원,N,N,N,https://info.nec.go.kr/electioninfo/candidate_detail_info.xhtml?electionId=0020260603&huboId=100165210,https://info.nec.go.kr/unielec_pdf_file/20260603/open/Gsg4900/Hb100165210/junkwa/20260514174050491_7.PDF
100165217,박왕철,국민의힘,제주특별자치도,제주특별자치도,광역의원 비례,8,4,13,Y,등록,48,19770902,1건,Y,폭력,상해 / 2008-10-10 / 징역6월집행유예1년,0,0원,0,0원,N,N,N,https://info.nec.go.kr/electioninfo/candidate_detail_info.xhtml?electionId=0020260603&huboId=100165217,https://info.nec.go.kr/unielec_pdf_file/20260603/open/Gsg4900/Hb100165217/junkwa/20260514174307097_12.PDF
100165221,김경애,국민의힘,제주특별자치도,제주특별자치도,광역의원 비례,8,5,13,Y,등록,61,19650602,1건,Y,교통사고,"교통사고처리특례법위반(치상)국민의힘 / 벌금2,000,000원",2273,227만원,0,0원,Y,N,N,https://info.nec.go.kr/electioninfo/candidate_detail_info.xhtml?electionId=0020260603&huboId=100165221,https://info.nec.go.kr/unielec_pdf_file/20260603/open/Gsg4900/Hb100165221/junkwa/20260514174639070_10.PDF
100165226,고경남,국민의힘,제주특별자치도,제주특별자치도,광역의원 비례,8,6,13,Y,등록,59,19660826,없음,N,,,0,0원,0,0원,N,N,N,https://info.nec.go.kr/electioninfo/candidate_detail_info.xhtml?electionId=0020260603&huboId=100165226,
100164220,박상선,국민의힘,충청남도,충청남도,광역의원 비례,8,1,7,Y,등록,56,19690725,없음,N,,,0,0원,0,0원,N,N,N,https://info.nec.go.kr/electioninfo/candidate_detail_info.xhtml?electionId=0020260603&huboId=100164220,
100164225,이병훈,국민의힘,충청남도,충청남도,광역의원 비례,8,2,7,Y,등록,34,19910909,없음,N,,,0,0원,0,0원,N,N,N,https://info.nec.go.kr/electioninfo/candidate_detail_info.xhtml?electionId=0020260603&huboId=100164225,
100164236,김현이,국민의힘,충청남도,충청남도,광역의원 비례,8,3,7,Y,등록,58,19680306,없음,N,,,0,0원,0,0원,N,N,N,https://info.nec.go.kr/electioninfo/candidate_detail_info.xhtml?electionId=0020260603&huboId=100164236,
100164243,전순자,국민의힘,충청남도,충청남도,광역의원 비례,8,4,7,Y,등록,63,19620909,없음,N,,,11013,"1,101만원",0,0원,Y,N,N,https://info.nec.go.kr/electioninfo/candidate_detail_info.xhtml?electionId=0020260603&huboId=100164243,
100164510,이재화,국민의힘,충청북도,충청북도,광역의원 비례,8,1,5,Y,등록,61,19650317,1건,Y,사기; 횡령,,108,10만원,0,0원,Y,Y,N,https://info.nec.go.kr/electioninfo/candidate_detail_info.xhtml?electionId=0020260603&huboId=100164510,https://info.nec.go.kr/unielec_pdf_file/20260603/open/Gsg4300/Hb100164510/junkwa/20260513221557644_9.PDF
100164486,김성규,국민의힘,충청북도,충청북도,광역의원 비례,8,2,5,Y,등록,36,19890713,없음,N,,,0,0원,0,0원,N,N,N,https://info.nec.go.kr/electioninfo/candidate_detail_info.xhtml?electionId=0020260603&huboId=100164486,
100164454,최민영,국민의힘,충청북도,충청북도,광역의원 비례,8,3,5,Y,등록,27,19990525,없음,N,,,0,0원,0,0원,N,N,N,https://info.nec.go.kr/electioninfo/candidate_detail_info.xhtml?electionId=0020260603&huboId=100164454,
100164455,장민호,국민의힘,충청북도,충청북도,광역의원 비례,8,4,5,Y,등록,58,19680107,없음,N,,,0,0원,0,0원,N,N,N,https://info.nec.go.kr/electioninfo/candidate_detail_info.xhtml?electionId=0020260603&huboId=100164455,
100164792,김미심,국민의힘,강원특별자치도,강릉시,기초의원 비례,9,1,2,Y,등록,60,19660214,없음,N,,,0,0원,0,0원,N,N,N,https://info.nec.go.kr/electioninfo/candidate_detail_info.xhtml?electionId=0020260603&huboId=100164792,
100164430,이재희,국민의힘,강원특별자치도,고성군,기초의원 비례,9,1,1,Y,등록,35,19901205,없음,N,,,0,0원,0,0원,N,N,N,https://info.nec.go.kr/electioninfo/candidate_detail_info.xhtml?electionId=0020260603&huboId=100164430,
100164402,김윤미,국민의힘,강원특별자치도,동해시,기초의원 비례,9,1,1,Y,등록,42,19840102,없음,N,,,0,0원,0,0원,N,N,N,https://info.nec.go.kr/electioninfo/candidate_detail_info.xhtml?electionId=0020260603&huboId=100164402,
100164293,홍금화,국민의힘,강원특별자치도,삼척시,기초의원 비례,9,1,1,Y,등록,59,19670306,없음,N,,,0,0원,0,0원,N,N,N,https://info.nec.go.kr/electioninfo/candidate_detail_info.xhtml?electionId=0020260603&huboId=100164293,
100164925,황양미,국민의힘,강원특별자치도,속초시,기초의원 비례,9,1,1,Y,등록,64,19620123,없음,N,,,0,0원,0,0원,N,N,N,https://info.nec.go.kr/electioninfo/candidate_detail_info.xhtml?electionId=0020260603&huboId=100164925,
100165223,홍성미,국민의힘,강원특별자치도,양구군,기초의원 비례,9,1,1,Y,등록,59,19660801,없음,N,,,0,0원,0,0원,N,N,N,https://info.nec.go.kr/electioninfo/candidate_detail_info.xhtml?electionId=0020260603&huboId=100165223,
100164421,신선애,국민의힘,강원특별자치도,양양군,기초의원 비례,9,1,1,Y,등록,56,19690812,없음,N,,,1790,179만원,532,53만원,Y,N,N,https://info.nec.go.kr/electioninfo/candidate_detail_info.xhtml?electionId=0020260603&huboId=100164421,
100164063,최상미,국민의힘,강원특별자치도,영월군,기초의원 비례,9,1,1,Y,등록,56,19690701,1건,Y,공직선거법,,0,0원,0,0원,N,N,N,https://info.nec.go.kr/electioninfo/candidate_detail_info.xhtml?electionId=0020260603&huboId=100164063,https://info.nec.go.kr/unielec_pdf_file/20260603/open/Gsg5214/Hb100164063/junkwa/20260515070029408_12.PDF
100164355,김명신,국민의힘,강원특별자치도,원주시,기초의원 비례,9,1,3,Y,등록,58,19671226,없음,N,,,0,0원,0,0원,N,N,N,https://info.nec.go.kr/electioninfo/candidate_detail_info.xhtml?electionId=0020260603&huboId=100164355,
100164374,안은정,국민의힘,강원특별자치도,원주시,기초의원 비례,9,2,3,Y,등록,54,19720501,없음,N,,,0,0원,0,0원,N,N,N,https://info.nec.go.kr/electioninfo/candidate_detail_info.xhtml?electionId=0020260603&huboId=100164374,
100164204,최현순,국민의힘,강원특별자치도,인제군,기초의원 비례,9,1,1,Y,등록,51,19740620,없음,N,,,0,0원,0,0원,N,N,N,https://info.nec.go.kr/electioninfo/candidate_detail_info.xhtml?electionId=0020260603&huboId=100164204,
100164100,정희정,국민의힘,강원특별자치도,정선군,기초의원 비례,9,1,1,Y,등록,49,19761201,없음,N,,,10967,"1,096만원",0,0원,Y,N,N,https://info.nec.go.kr/electioninfo/candidate_detail_info.xhtml?electionId=0020260603&huboId=100164100,
100164390,문성명,국민의힘,강원특별자치도,철원군,기초의원 비례,9,1,1,Y,등록,59,19660622,없음,N,,,0,0원,0,0원,N,N,N,https://info.nec.go.kr/electioninfo/candidate_detail_info.xhtml?electionId=0020260603&huboId=100164390,
100164023,신선미,국민의힘,강원특별자치도,춘천시,기초의원 비례,9,1,3,Y,등록,58,19670716,없음,N,,,0,0원,0,0원,N,N,N,https://info.nec.go.kr/electioninfo/candidate_detail_info.xhtml?electionId=0020260603&huboId=100164023,
100164026,최은지,국민의힘,강원특별자치도,춘천시,기초의원 비례,9,2,3,Y,등록,37,19880805,없음,N,,,0,0원,0,0원,N,N,N,https://info.nec.go.kr/electioninfo/candidate_detail_info.xhtml?electionId=0020260603&huboId=100164026,
100164436,이경옥,국민의힘,강원특별자치도,태백시,기초의원 비례,9,1,1,Y,등록,68,19580402,없음,N,,,0,0원,0,0원,N,N,N,https://info.nec.go.kr/electioninfo/candidate_detail_info.xhtml?electionId=0020260603&huboId=100164436,
100164013,김진옥,국민의힘,강원특별자치도,평창군,기초의원 비례,9,1,1,Y,등록,60,19660311,없음,N,,,0,0원,0,0원,N,N,N,https://info.nec.go.kr/electioninfo/candidate_detail_info.xhtml?electionId=0020260603&huboId=100164013,
100164177,박순복,국민의힘,강원특별자치도,홍천군,기초의원 비례,9,1,1,Y,등록,58,19670727,없음,N,,,0,0원,0,0원,N,N,N,https://info.nec.go.kr/electioninfo/candidate_detail_info.xhtml?electionId=0020260603&huboId=100164177,
100164179,박근호,국민의힘,강원특별자치도,홍천군,기초의원 비례,9,2,1,N,등록,39,19870215,2건,Y,,,0,0원,0,0원,N,N,N,https://info.nec.go.kr/electioninfo/candidate_detail_info.xhtml?electionId=0020260603&huboId=100164179,https://info.nec.go.kr/unielec_pdf_file/20260603/open/Gsg5212/Hb100164179/junkwa/20260516104241120_9.PDF
100164251,김은경,국민의힘,강원특별자치도,화천군,기초의원 비례,9,1,1,Y,등록,57,19680901,1건,Y,공직선거법; 명예훼손,『공직선거법』청부서류 / 2019-08-12,0,0원,0,0원,N,N,N,https://info.nec.go.kr/electioninfo/candidate_detail_info.xhtml?electionId=0020260603&huboId=100164251,https://info.nec.go.kr/unielec_pdf_file/20260603/open/Gsg5216/Hb100164251/junkwa/20260513191842052_9.PDF
100164537,정순연,국민의힘,강원특별자치도,횡성군,기초의원 비례,9,1,1,Y,등록,60,19651006,없음,N,,,0,0원,0,0원,N,N,N,https://info.nec.go.kr/electioninfo/candidate_detail_info.xhtml?electionId=0020260603&huboId=100164537,
100165438,허은선,국민의힘,경기도,가평군,기초의원 비례,9,1,1,Y,등록,56,19690723,없음,N,,,0,0원,0,0원,N,N,N,https://info.nec.go.kr/electioninfo/candidate_detail_info.xhtml?electionId=0020260603&huboId=100165438,
100164335,김영선,국민의힘,경기도,고양시,기초의원 비례,9,1,4,Y,등록,58,19670814,1건,Y,명예훼손,전과기록증명에관한제출서비례대표고양시의회의원선거구명선거우보자성명국민의힘김영선전과기콕형량(처분결과)출판물에의한명예훼손공직선거징역6월집행유예2년법위반점부서류: / 징역6월집행유예2년,571,57만원,0,0원,Y,N,N,https://info.nec.go.kr/electioninfo/candidate_detail_info.xhtml?electionId=0020260603&huboId=100164335,https://info.nec.go.kr/unielec_pdf_file/20260603/open/Gsg4120/Hb100164335/junkwa/20260515133306843_9.PDF
100165452,양승주,국민의힘,경기도,고양시,기초의원 비례,9,2,4,Y,등록,57,19680614,없음,N,,,0,0원,0,0원,N,N,N,https://info.nec.go.kr/electioninfo/candidate_detail_info.xhtml?electionId=0020260603&huboId=100165452,
100165460,정연숙,국민의힘,경기도,고양시,기초의원 비례,9,3,4,Y,등록,62,19640116,없음,N,,,154,15만원,0,0원,Y,N,N,https://info.nec.go.kr/electioninfo/candidate_detail_info.xhtml?electionId=0020260603&huboId=100165460,
100164346,서범석,국민의힘,경기도,고양시,기초의원 비례,9,4,4,Y,등록,39,19860914,없음,N,,,0,0원,0,0원,N,N,N,https://info.nec.go.kr/electioninfo/candidate_detail_info.xhtml?electionId=0020260603&huboId=100164346,
100165681,유부임,국민의힘,경기도,과천시,기초의원 비례,9,1,1,Y,등록,59,19670513,없음,N,,,0,0원,0,0원,N,N,N,https://info.nec.go.kr/electioninfo/candidate_detail_info.xhtml?electionId=0020260603&huboId=100165681,
100164102,최미영,국민의힘,경기도,광명시,기초의원 비례,9,1,2,Y,등록,46,19790917,없음,N,,,0,0원,0,0원,N,N,N,https://info.nec.go.kr/electioninfo/candidate_detail_info.xhtml?electionId=0020260603&huboId=100164102,
100164113,김시은,국민의힘,경기도,광주시,기초의원 비례,9,1,2,Y,등록,38,19880324,없음,N,,,0,0원,0,0원,N,N,N,https://info.nec.go.kr/electioninfo/candidate_detail_info.xhtml?electionId=0020260603&huboId=100164113,
100165369,정대영,국민의힘,경기도,광주시,기초의원 비례,9,2,2,Y,등록,35,19910221,없음,N,,,373,37만원,0,0원,Y,N,N,https://info.nec.go.kr/electioninfo/candidate_detail_info.xhtml?electionId=0020260603&huboId=100165369,
100164290,김정선,국민의힘,경기도,구리시,기초의원 비례,9,1,1,Y,등록,46,19791108,없음,N,,,0,0원,0,0원,N,N,N,https://info.nec.go.kr/electioninfo/candidate_detail_info.xhtml?electionId=0020260603&huboId=100164290,
100165340,이경옥,국민의힘,경기도,군포시,기초의원 비례,9,1,1,Y,등록,64,19610827,없음,N,,,0,0원,0,0원,N,N,N,https://info.nec.go.kr/electioninfo/candidate_detail_info.xhtml?electionId=0020260603&huboId=100165340,
100165456,반주영,국민의힘,경기도,김포시,기초의원 비례,9,1,2,Y,등록,50,19751023,없음,N,,,0,0원,0,0원,N,N,N,https://info.nec.go.kr/electioninfo/candidate_detail_info.xhtml?electionId=0020260603&huboId=100165456,
100164111,김도은,국민의힘,경기도,남양주시,기초의원 비례,9,1,2,Y,등록,53,19720830,없음,N,,,0,0원,0,0원,N,N,N,https://info.nec.go.kr/electioninfo/candidate_detail_info.xhtml?electionId=0020260603&huboId=100164111,
100164411,이현숙,국민의힘,경기도,동두천시,기초의원 비례,9,1,1,Y,등록,57,19681005,없음,N,,,0,0원,1446,144만원,Y,N,N,https://info.nec.go.kr/electioninfo/candidate_detail_info.xhtml?electionId=0020260603&huboId=100164411,
100165413,김정화,국민의힘,경기도,부천시,기초의원 비례,9,1,3,Y,등록,64,19611227,1건,Y,공직선거법; 교통사고,『공직선거법』 / 2015-09-23,0,0원,0,0원,N,N,N,https://info.nec.go.kr/electioninfo/candidate_detail_info.xhtml?electionId=0020260603&huboId=100165413,https://info.nec.go.kr/unielec_pdf_file/20260603/open/Gsg4150/Hb100165413/junkwa/20260515132915519_7.PDF
100165768,추선미,국민의힘,경기도,성남시,기초의원 비례,9,1,4,Y,등록,45,19801002,없음,N,,,0,0원,0,0원,N,N,N,https://info.nec.go.kr/electioninfo/candidate_detail_info.xhtml?electionId=0020260603&huboId=100165768,
100165770,임원규,국민의힘,경기도,성남시,기초의원 비례,9,2,4,Y,등록,68,19580219,없음,N,,,0,0원,0,0원,N,N,N,https://info.nec.go.kr/electioninfo/candidate_detail_info.xhtml?electionId=0020260603&huboId=100165770,
100165772,최희선,국민의힘,경기도,성남시,기초의원 비례,9,3,4,Y,등록,57,19680928,없음,N,,,0,0원,0,0원,N,N,N,https://info.nec.go.kr/electioninfo/candidate_detail_info.xhtml?electionId=0020260603&huboId=100165772,
100165774,김두일,국민의힘,경기도,성남시,기초의원 비례,9,4,4,Y,등록,67,19581123,4건,Y,배임; 폭력; 도로교통,"폭력행위등처벌에관한법률위반도로교통법위반배임배임직업안정법위반국민의힘 / 벌금1,000,000원",0,0원,0,0원,N,Y,N,https://info.nec.go.kr/electioninfo/candidate_detail_info.xhtml?electionId=0020260603&huboId=100165774,https://info.nec.go.kr/unielec_pdf_file/20260603/open/Gsg4106/Hb100165774/junkwa/20260515172628433_8.PDF
100165555,김정선,국민의힘,경기도,수원시,기초의원 비례,9,1,4,Y,등록,56,19700519,없음,N,,,0,0원,0,0원,N,N,N,https://info.nec.go.kr/electioninfo/candidate_detail_info.xhtml?electionId=0020260603&huboId=100165555,
100165560,이승철,국민의힘,경기도,수원시,기초의원 비례,9,2,4,Y,등록,69,19570601,없음,N,,,0,0원,0,0원,N,N,N,https://info.nec.go.kr/electioninfo/candidate_detail_info.xhtml?electionId=0020260603&huboId=100165560,
100165741,정미라,국민의힘,경기도,시흥시,기초의원 비례,9,1,2,Y,등록,42,19831011,없음,N,,,0,0원,0,0원,N,N,N,https://info.nec.go.kr/electioninfo/candidate_detail_info.xhtml?electionId=0020260603&huboId=100165741,
100165754,정경,국민의힘,경기도,시흥시,기초의원 비례,9,2,2,Y,등록,58,19671121,없음,N,,,1135,113만원,0,0원,Y,N,N,https://info.nec.go.kr/electioninfo/candidate_detail_info.xhtml?electionId=0020260603&huboId=100165754,
100165391,천복희,국민의힘,경기도,안산시,기초의원 비례,9,1,2,Y,등록,54,19711105,없음,N,,,0,0원,0,0원,N,N,N,https://info.nec.go.kr/electioninfo/candidate_detail_info.xhtml?electionId=0020260603&huboId=100165391,
100164519,김온유,국민의힘,경기도,안성시,기초의원 비례,9,1,1,Y,등록,46,19800111,없음,N,,,0,0원,0,0원,N,N,N,https://info.nec.go.kr/electioninfo/candidate_detail_info.xhtml?electionId=0020260603&huboId=100164519,
100165833,김유미,국민의힘,경기도,안양시,기초의원 비례,9,1,2,Y,등록,51,19740902,없음,N,,,0,0원,0,0원,N,N,N,https://info.nec.go.kr/electioninfo/candidate_detail_info.xhtml?electionId=0020260603&huboId=100165833,
100164459,최영진,국민의힘,경기도,양주시,기초의원 비례,9,1,1,Y,등록,56,19690907,없음,N,,,0,0원,0,0원,N,N,N,https://info.nec.go.kr/electioninfo/candidate_detail_info.xhtml?electionId=0020260603&huboId=100164459,
100164165,구문경,국민의힘,경기도,양평군,기초의원 비례,9,1,1,Y,등록,60,19660213,없음,N,,,0,0원,0,0원,N,N,N,https://info.nec.go.kr/electioninfo/candidate_detail_info.xhtml?electionId=0020260603&huboId=100164165,
100165481,정희라,국민의힘,경기도,여주시,기초의원 비례,9,1,1,Y,등록,36,19900421,없음,N,,,0,0원,0,0원,N,N,N,https://info.nec.go.kr/electioninfo/candidate_detail_info.xhtml?electionId=0020260603&huboId=100165481,
100165268,심미영,국민의힘,경기도,연천군,기초의원 비례,9,1,1,Y,등록,59,19661110,없음,N,,,0,0원,0,0원,N,N,N,https://info.nec.go.kr/electioninfo/candidate_detail_info.xhtml?electionId=0020260603&huboId=100165268,
100164174,임은숙,국민의힘,경기도,오산시,기초의원 비례,9,1,1,Y,등록,61,19640925,없음,N,,,0,0원,0,0원,N,N,N,https://info.nec.go.kr/electioninfo/candidate_detail_info.xhtml?electionId=0020260603&huboId=100164174,
100165517,변유선,국민의힘,경기도,용인시,기초의원 비례,9,1,4,Y,등록,34,19910628,없음,N,,,0,0원,0,0원,N,N,N,https://info.nec.go.kr/electioninfo/candidate_detail_info.xhtml?electionId=0020260603&huboId=100165517,
100165522,박인성,국민의힘,경기도,용인시,기초의원 비례,9,2,4,Y,등록,28,19970721,없음,N,,,0,0원,0,0원,N,N,N,https://info.nec.go.kr/electioninfo/candidate_detail_info.xhtml?electionId=0020260603&huboId=100165522,
100164488,김수빈,국민의힘,경기도,의왕시,기초의원 비례,9,1,1,Y,등록,28,19970710,없음,N,,,0,0원,0,0원,N,N,N,https://info.nec.go.kr/electioninfo/candidate_detail_info.xhtml?electionId=0020260603&huboId=100164488,
100165673,안금례,국민의힘,경기도,의정부시,기초의원 비례,9,1,2,Y,등록,66,19590802,없음,N,,,0,0원,0,0원,N,N,N,https://info.nec.go.kr/electioninfo/candidate_detail_info.xhtml?electionId=0020260603&huboId=100165673,
100165678,최민정,국민의힘,경기도,의정부시,기초의원 비례,9,2,2,Y,등록,44,19811108,없음,N,,,0,0원,0,0원,N,N,N,https://info.nec.go.kr/electioninfo/candidate_detail_info.xhtml?electionId=0020260603&huboId=100165678,
100165375,최은정,국민의힘,경기도,이천시,기초의원 비례,9,1,1,Y,등록,42,19831215,없음,N,,,0,0원,0,0원,N,N,N,https://info.nec.go.kr/electioninfo/candidate_detail_info.xhtml?electionId=0020260603&huboId=100165375,
100165440,오은정,국민의힘,경기도,파주시,기초의원 비례,9,1,2,Y,등록,45,19810125,없음,N,,,0,0원,0,0원,N,N,N,https://info.nec.go.kr/electioninfo/candidate_detail_info.xhtml?electionId=0020260603&huboId=100165440,
100165447,오유진,국민의힘,경기도,파주시,기초의원 비례,9,2,2,Y,등록,52,19731209,없음,N,,,3404,340만원,2512,251만원,Y,N,N,https://info.nec.go.kr/electioninfo/candidate_detail_info.xhtml?electionId=0020260603&huboId=100165447,
100165698,유미경,국민의힘,경기도,평택시,기초의원 비례,9,1,2,Y,등록,52,19740515,없음,N,,,0,0원,0,0원,N,N,N,https://info.nec.go.kr/electioninfo/candidate_detail_info.xhtml?electionId=0020260603&huboId=100165698,
100165704,조승자,국민의힘,경기도,평택시,기초의원 비례,9,2,2,Y,등록,62,19630618,없음,N,,,0,0원,0,0원,N,N,N,https://info.nec.go.kr/electioninfo/candidate_detail_info.xhtml?electionId=0020260603&huboId=100165704,
100165125,권보경,국민의힘,경기도,포천시,기초의원 비례,9,1,1,Y,등록,61,19650225,없음,N,,,0,0원,0,0원,N,N,N,https://info.nec.go.kr/electioninfo/candidate_detail_info.xhtml?electionId=0020260603&huboId=100165125,
100165628,지혜민,국민의힘,경기도,하남시,기초의원 비례,9,1,1,Y,등록,32,19931001,없음,N,,,0,0원,0,0원,N,N,N,https://info.nec.go.kr/electioninfo/candidate_detail_info.xhtml?electionId=0020260603&huboId=100165628,
100164222,정명희,국민의힘,경기도,화성시,기초의원 비례,9,1,3,Y,등록,62,19630620,2건,Y,공직선거법; 식품·보건; 건축·건설·부동산,『공직선거법」 / 2017-07-12,0,0원,0,0원,N,N,N,https://info.nec.go.kr/electioninfo/candidate_detail_info.xhtml?electionId=0020260603&huboId=100164222,https://info.nec.go.kr/unielec_pdf_file/20260603/open/Gsg4153/Hb100164222/junkwa/20260515141417830_8.PDF
100165609,박영이,국민의힘,경기도,화성시,기초의원 비례,9,2,3,Y,등록,40,19851130,없음,N,,,0,0원,0,0원,N,N,N,https://info.nec.go.kr/electioninfo/candidate_detail_info.xhtml?electionId=0020260603&huboId=100165609,
100164496,신수정,국민의힘,경상남도,거제시,기초의원 비례,9,1,2,Y,등록,54,19710627,1건,Y,도로교통,"도로교통법위반신수정 / 벌금1,000,000원",0,0원,0,0원,N,N,N,https://info.nec.go.kr/electioninfo/candidate_detail_info.xhtml?electionId=0020260603&huboId=100164496,https://info.nec.go.kr/unielec_pdf_file/20260603/open/Gsg4810/Hb100164496/junkwa/20260514174727422_6.PDF
100164297,김미영,국민의힘,경상남도,거창군,기초의원 비례,9,1,2,Y,등록,57,19681115,없음,N,,,0,0원,0,0원,N,N,N,https://info.nec.go.kr/electioninfo/candidate_detail_info.xhtml?electionId=0020260603&huboId=100164297,
100164685,양애정,국민의힘,경상남도,고성군,기초의원 비례,9,1,2,Y,등록,53,19730317,없음,N,,,0,0원,0,0원,N,N,N,https://info.nec.go.kr/electioninfo/candidate_detail_info.xhtml?electionId=0020260603&huboId=100164685,
100164688,이윤이,국민의힘,경상남도,고성군,기초의원 비례,9,2,2,Y,등록,44,19811026,없음,N,,,0,0원,0,0원,N,N,N,https://info.nec.go.kr/electioninfo/candidate_detail_info.xhtml?electionId=0020260603&huboId=100164688,
100165112,신단비,국민의힘,경상남도,김해시,기초의원 비례,9,1,3,Y,등록,42,19831121,없음,N,,,0,0원,0,0원,N,N,N,https://info.nec.go.kr/electioninfo/candidate_detail_info.xhtml?electionId=0020260603&huboId=100165112,
100165156,강승연,국민의힘,경상남도,김해시,기초의원 비례,9,2,3,Y,등록,53,19720918,2건,Y,사법방해; 교육·청소년,위증교사영유아보육법위반,0,0원,0,0원,N,N,N,https://info.nec.go.kr/electioninfo/candidate_detail_info.xhtml?electionId=0020260603&huboId=100165156,https://info.nec.go.kr/unielec_pdf_file/20260603/open/Gsg4808/Hb100165156/junkwa/20260515214857520_7.PDF
100165030,배경순,국민의힘,경상남도,남해군,기초의원 비례,9,1,1,Y,등록,63,19630310,없음,N,,,0,0원,0,0원,N,N,N,https://info.nec.go.kr/electioninfo/candidate_detail_info.xhtml?electionId=0020260603&huboId=100165030,
100164331,이영자,국민의힘,경상남도,밀양시,기초의원 비례,9,1,2,Y,등록,64,19611110,없음,N,,,0,0원,0,0원,N,N,N,https://info.nec.go.kr/electioninfo/candidate_detail_info.xhtml?electionId=0020260603&huboId=100164331,
100164371,조재옥,국민의힘,경상남도,밀양시,기초의원 비례,9,2,2,Y,등록,45,19800919,없음,N,,,0,0원,0,0원,N,N,N,https://info.nec.go.kr/electioninfo/candidate_detail_info.xhtml?electionId=0020260603&huboId=100164371,
100164756,노숙자,국민의힘,경상남도,사천시,기초의원 비례,9,1,2,Y,등록,64,19620323,없음,N,,,0,0원,0,0원,N,N,N,https://info.nec.go.kr/electioninfo/candidate_detail_info.xhtml?electionId=0020260603&huboId=100164756,
100164731,권은희,국민의힘,경상남도,산청군,기초의원 비례,9,1,1,Y,등록,61,19641229,없음,N,,,0,0원,0,0원,N,N,N,https://info.nec.go.kr/electioninfo/candidate_detail_info.xhtml?electionId=0020260603&huboId=100164731,
100164898,최연화,국민의힘,경상남도,양산시,기초의원 비례,9,1,2,Y,등록,56,19700220,1건,Y,음주·위험운전; 도로교통,"국민의힘도로교통법위반(음주운전) / 벌금1,000,000원",2511,251만원,0,0원,Y,N,N,https://info.nec.go.kr/electioninfo/candidate_detail_info.xhtml?electionId=0020260603&huboId=100164898,https://info.nec.go.kr/unielec_pdf_file/20260603/open/Gsg4814/Hb100164898/junkwa/20260514171501264_3.PDF
100165011,오경주,국민의힘,경상남도,의령군,기초의원 비례,9,1,1,Y,등록,61,19650524,1건,Y,농수산,"전과기록증명에관한제출서비례대표의령군의회의원선거구명선거후보자성명국민의힘오경주전과기목형량(처분결과)농수산물의원산지표시에관한법률벌금1,500,000원위반 / 벌금1,500,000원",0,0원,0,0원,N,N,N,https://info.nec.go.kr/electioninfo/candidate_detail_info.xhtml?electionId=0020260603&huboId=100165011,https://info.nec.go.kr/unielec_pdf_file/20260603/open/Gsg4811/Hb100165011/junkwa/20260514164301301_8.PDF
100164695,강길선,국민의힘,경상남도,진주시,기초의원 비례,9,1,3,Y,등록,63,19630511,2건,Y,공직선거법; 교육·청소년,"공직선거법위반영유아보육법위반 / 벌금1,000,000원",0,0원,0,0원,N,N,N,https://info.nec.go.kr/electioninfo/candidate_detail_info.xhtml?electionId=0020260603&huboId=100164695,https://info.nec.go.kr/unielec_pdf_file/20260603/open/Gsg4803/Hb100164695/junkwa/20260514173626957_6.PDF
100164701,이순일,국민의힘,경상남도,진주시,기초의원 비례,9,2,3,Y,등록,54,19720301,없음,N,,,0,0원,0,0원,N,N,N,https://info.nec.go.kr/electioninfo/candidate_detail_info.xhtml?electionId=0020260603&huboId=100164701,
100164064,이성자,국민의힘,경상남도,창녕군,기초의원 비례,9,1,2,Y,등록,67,19580916,없음,N,,,0,0원,0,0원,N,N,N,https://info.nec.go.kr/electioninfo/candidate_detail_info.xhtml?electionId=0020260603&huboId=100164064,
100164066,정세연,국민의힘,경상남도,창녕군,기초의원 비례,9,2,2,Y,등록,61,19650525,없음,N,,,0,0원,0,0원,N,N,N,https://info.nec.go.kr/electioninfo/candidate_detail_info.xhtml?electionId=0020260603&huboId=100164066,
100164513,정은미,국민의힘,경상남도,창원시,기초의원 비례,9,1,5,Y,등록,56,19700126,없음,N,,,0,0원,0,0원,N,N,N,https://info.nec.go.kr/electioninfo/candidate_detail_info.xhtml?electionId=0020260603&huboId=100164513,
100164521,김수민,국민의힘,경상남도,창원시,기초의원 비례,9,2,5,Y,등록,53,19721103,없음,N,,,0,0원,0,0원,N,N,N,https://info.nec.go.kr/electioninfo/candidate_detail_info.xhtml?electionId=0020260603&huboId=100164521,
100164479,박연정,국민의힘,경상남도,창원시,기초의원 비례,9,3,5,Y,등록,44,19810724,없음,N,,,0,0원,0,0원,N,N,N,https://info.nec.go.kr/electioninfo/candidate_detail_info.xhtml?electionId=0020260603&huboId=100164479,
100164495,심선엽,국민의힘,경상남도,창원시,기초의원 비례,9,4,5,Y,등록,50,19760119,없음,N,,,0,0원,0,0원,N,N,N,https://info.nec.go.kr/electioninfo/candidate_detail_info.xhtml?electionId=0020260603&huboId=100164495,
100165159,박근량,국민의힘,경상남도,통영시,기초의원 비례,9,1,2,Y,등록,51,19750516,없음,N,,,0,0원,0,0원,N,N,N,https://info.nec.go.kr/electioninfo/candidate_detail_info.xhtml?electionId=0020260603&huboId=100165159,
100164844,유향,국민의힘,경상남도,하동군,기초의원 비례,9,1,2,Y,등록,63,19630129,1건,Y,음주·위험운전; 도로교통,"도로교통법위반(음주운전)국민의힘 / 벌금1,000,000원",344,34만원,0,0원,Y,N,N,https://info.nec.go.kr/electioninfo/candidate_detail_info.xhtml?electionId=0020260603&huboId=100164844,https://info.nec.go.kr/unielec_pdf_file/20260603/open/Gsg4815/Hb100164844/junkwa/20260514141704465_9.PDF
100164211,윤지원,국민의힘,경상남도,함안군,기초의원 비례,9,1,1,Y,등록,61,19650524,없음,N,,,0,0원,0,0원,N,N,N,https://info.nec.go.kr/electioninfo/candidate_detail_info.xhtml?electionId=0020260603&huboId=100164211,
100164155,임진희,국민의힘,경상남도,함양군,기초의원 비례,9,1,1,Y,등록,38,19880307,없음,N,,,0,0원,0,0원,N,N,N,https://info.nec.go.kr/electioninfo/candidate_detail_info.xhtml?electionId=0020260603&huboId=100164155,
100165527,박미란,국민의힘,경상남도,합천군,기초의원 비례,9,1,2,Y,등록,62,19640213,없음,N,,,0,0원,0,0원,N,N,N,https://info.nec.go.kr/electioninfo/candidate_detail_info.xhtml?electionId=0020260603&huboId=100165527,
100165534,정순옥,국민의힘,경상남도,합천군,기초의원 비례,9,2,2,Y,등록,60,19660414,없음,N,,,0,0원,0,0원,N,N,N,https://info.nec.go.kr/electioninfo/candidate_detail_info.xhtml?electionId=0020260603&huboId=100165534,
100164363,석옥선,국민의힘,경상북도,경산시,기초의원 비례,9,1,2,Y,등록,52,19730719,없음,N,,,0,0원,0,0원,N,N,N,https://info.nec.go.kr/electioninfo/candidate_detail_info.xhtml?electionId=0020260603&huboId=100164363,
100164367,이성덕,국민의힘,경상북도,경산시,기초의원 비례,9,2,2,Y,등록,48,19771223,없음,N,,,0,0원,0,0원,N,N,N,https://info.nec.go.kr/electioninfo/candidate_detail_info.xhtml?electionId=0020260603&huboId=100164367,
100165473,박지우,국민의힘,경상북도,경주시,기초의원 비례,9,1,3,Y,등록,47,19781027,없음,N,,,379,37만원,0,0원,Y,N,N,https://info.nec.go.kr/electioninfo/candidate_detail_info.xhtml?electionId=0020260603&huboId=100165473,
100165475,박종우,국민의힘,경상북도,경주시,기초의원 비례,9,2,3,Y,등록,63,19620921,없음,N,,,0,0원,0,0원,N,N,N,https://info.nec.go.kr/electioninfo/candidate_detail_info.xhtml?electionId=0020260603&huboId=100165475,
100164016,김상남,국민의힘,경상북도,고령군,기초의원 비례,9,1,1,Y,등록,60,19650715,없음,N,,,0,0원,0,0원,N,N,N,https://info.nec.go.kr/electioninfo/candidate_detail_info.xhtml?electionId=0020260603&huboId=100164016,
100165084,박윤경,국민의힘,경상북도,구미시,기초의원 비례,9,1,3,Y,등록,43,19830411,없음,N,,,0,0원,0,0원,N,N,N,https://info.nec.go.kr/electioninfo/candidate_detail_info.xhtml?electionId=0020260603&huboId=100165084,
100165096,임명섭,국민의힘,경상북도,구미시,기초의원 비례,9,2,3,Y,등록,60,19660316,1건,Y,공직선거법; 폭력,『공직선거법』 / 1989-07-07,0,0원,0,0원,N,N,N,https://info.nec.go.kr/electioninfo/candidate_detail_info.xhtml?electionId=0020260603&huboId=100165096,https://info.nec.go.kr/unielec_pdf_file/20260603/open/Gsg4707/Hb100165096/junkwa/20260514174732733_9.PDF
100165097,김서정,국민의힘,경상북도,구미시,기초의원 비례,9,3,3,Y,등록,60,19660305,1건,Y,교육·청소년,"청소년보호법위반 / 2000-05-09 / 벌금1,000,000원",0,0원,0,0원,N,N,N,https://info.nec.go.kr/electioninfo/candidate_detail_info.xhtml?electionId=0020260603&huboId=100165097,https://info.nec.go.kr/unielec_pdf_file/20260603/open/Gsg4707/Hb100165097/junkwa/20260514174948357_9.PDF
100165357,조명숙,국민의힘,경상북도,김천시,기초의원 비례,9,1,2,Y,등록,56,19700221,없음,N,,,0,0원,0,0원,N,N,N,https://info.nec.go.kr/electioninfo/candidate_detail_info.xhtml?electionId=0020260603&huboId=100165357,
100165360,배정희,국민의힘,경상북도,김천시,기초의원 비례,9,2,2,Y,등록,61,19640627,2건,Y,공직선거법; 음주·위험운전; 교통사고; 도로교통,『공직선거법』 / 2006-03-27,0,0원,0,0원,N,N,N,https://info.nec.go.kr/electioninfo/candidate_detail_info.xhtml?electionId=0020260603&huboId=100165360,https://info.nec.go.kr/unielec_pdf_file/20260603/open/Gsg4705/Hb100165360/junkwa/20260514184856318_7.PDF
100165018,신상애,국민의힘,경상북도,문경시,기초의원 비례,9,1,1,Y,등록,65,19610121,없음,N,,,0,0원,0,0원,N,N,N,https://info.nec.go.kr/electioninfo/candidate_detail_info.xhtml?electionId=0020260603&huboId=100165018,
100164698,김영희,국민의힘,경상북도,봉화군,기초의원 비례,9,1,1,Y,등록,64,19620120,1건,Y,농수산,"농업협동조합법위반 / 벌금3,000,000원",0,0원,0,0원,N,N,N,https://info.nec.go.kr/electioninfo/candidate_detail_info.xhtml?electionId=0020260603&huboId=100164698,https://info.nec.go.kr/unielec_pdf_file/20260603/open/Gsg4723/Hb100164698/junkwa/20260514110440190_10.PDF
100164699,류정단,국민의힘,경상북도,봉화군,기초의원 비례,9,2,1,N,등록,60,19660428,없음,N,,,146,14만원,0,0원,Y,N,N,https://info.nec.go.kr/electioninfo/candidate_detail_info.xhtml?electionId=0020260603&huboId=100164699,
100165615,고연선,국민의힘,경상북도,상주시,기초의원 비례,9,1,2,Y,등록,49,19770415,없음,N,,,0,0원,0,0원,N,N,N,https://info.nec.go.kr/electioninfo/candidate_detail_info.xhtml?electionId=0020260603&huboId=100165615,
100165618,김장환,국민의힘,경상북도,상주시,기초의원 비례,9,2,2,Y,등록,69,19570403,2건,Y,성범죄,"윤락행위등방지법위반윤락행위등방지법위반 / 벌금2,000,000원",0,0원,0,0원,N,N,N,https://info.nec.go.kr/electioninfo/candidate_detail_info.xhtml?electionId=0020260603&huboId=100165618,https://info.nec.go.kr/unielec_pdf_file/20260603/open/Gsg4710/Hb100165618/junkwa/20260515134104431_9.PDF
100165624,조은희,국민의힘,경상북도,상주시,기초의원 비례,9,3,2,N,등록,60,19651003,없음,N,,,24654,"2,465만원",0,0원,Y,N,N,https://info.nec.go.kr/electioninfo/candidate_detail_info.xhtml?electionId=0020260603&huboId=100165624,
100165007,유정자,국민의힘,경상북도,성주군,기초의원 비례,9,1,1,Y,등록,56,19700113,없음,N,,,0,0원,0,0원,N,N,N,https://info.nec.go.kr/electioninfo/candidate_detail_info.xhtml?electionId=0020260603&huboId=100165007,
100164264,김미경,국민의힘,경상북도,안동시,기초의원 비례,9,1,2,Y,등록,60,19660503,1건,Y,사기,사기김미경 / 징역6월집행유예2년,1196,119만원,0,0원,Y,Y,N,https://info.nec.go.kr/electioninfo/candidate_detail_info.xhtml?electionId=0020260603&huboId=100164264,https://info.nec.go.kr/unielec_pdf_file/20260603/open/Gsg4706/Hb100164264/junkwa/20260514124734738_9.PDF
100164268,김홍기,국민의힘,경상북도,안동시,기초의원 비례,9,2,2,Y,등록,50,19760303,1건,Y,공직선거법; 음주·위험운전; 도로교통,『공직선거법』 / 2003-08-01,0,0원,0,0원,N,N,N,https://info.nec.go.kr/electioninfo/candidate_detail_info.xhtml?electionId=0020260603&huboId=100164268,https://info.nec.go.kr/unielec_pdf_file/20260603/open/Gsg4706/Hb100164268/junkwa/20260514125242719_7.PDF
100164142,김미옥,국민의힘,경상북도,영덕군,기초의원 비례,9,1,1,Y,등록,65,19610125,없음,N,,,0,0원,0,0원,N,N,N,https://info.nec.go.kr/electioninfo/candidate_detail_info.xhtml?electionId=0020260603&huboId=100164142,
100164352,최민경,국민의힘,경상북도,영양군,기초의원 비례,9,1,1,Y,등록,59,19660923,없음,N,,,0,0원,0,0원,N,N,N,https://info.nec.go.kr/electioninfo/candidate_detail_info.xhtml?electionId=0020260603&huboId=100164352,
100165800,조현숙,국민의힘,경상북도,영주시,기초의원 비례,9,1,2,Y,등록,57,19690401,없음,N,,,0,0원,0,0원,N,N,N,https://info.nec.go.kr/electioninfo/candidate_detail_info.xhtml?electionId=0020260603&huboId=100165800,
100165820,오자금,국민의힘,경상북도,영주시,기초의원 비례,9,2,2,Y,등록,61,19641017,없음,N,,,0,0원,0,0원,N,N,N,https://info.nec.go.kr/electioninfo/candidate_detail_info.xhtml?electionId=0020260603&huboId=100165820,
100165483,김명희,국민의힘,경상북도,영천시,기초의원 비례,9,1,2,Y,등록,51,19741107,1건,Y,공직선거법; 교통사고,『공직선거법』 / 2026-04-10,0,0원,0,0원,N,N,N,https://info.nec.go.kr/electioninfo/candidate_detail_info.xhtml?electionId=0020260603&huboId=100165483,https://info.nec.go.kr/unielec_pdf_file/20260603/open/Gsg4709/Hb100165483/junkwa/20260515131749830_11.PDF
100165484,김상운,국민의힘,경상북도,영천시,기초의원 비례,9,2,2,Y,등록,45,19810210,없음,N,,,824,82만원,0,0원,Y,N,N,https://info.nec.go.kr/electioninfo/candidate_detail_info.xhtml?electionId=0020260603&huboId=100165484,
100165650,전선희,국민의힘,경상북도,예천군,기초의원 비례,9,1,1,Y,등록,63,19620914,없음,N,,,0,0원,0,0원,N,N,N,https://info.nec.go.kr/electioninfo/candidate_detail_info.xhtml?electionId=0020260603&huboId=100165650,
100165001,최윤정,국민의힘,경상북도,울릉군,기초의원 비례,9,1,1,Y,등록,60,19660426,없음,N,,,188,18만원,0,0원,Y,N,N,https://info.nec.go.kr/electioninfo/candidate_detail_info.xhtml?electionId=0020260603&huboId=100165001,
100164891,박명숙,국민의힘,경상북도,울진군,기초의원 비례,9,1,1,Y,등록,57,19680701,1건,Y,공직선거법; 음주·위험운전,『공직선거법』 / 2013-06-21,0,0원,0,0원,N,N,N,https://info.nec.go.kr/electioninfo/candidate_detail_info.xhtml?electionId=0020260603&huboId=100164891,https://info.nec.go.kr/unielec_pdf_file/20260603/open/Gsg4724/Hb100164891/junkwa/20260515105423137_7.PDF
100164546,이귀애,국민의힘,경상북도,의성군,기초의원 비례,9,1,2,Y,등록,63,19630509,없음,N,,,0,0원,0,0원,N,N,N,https://info.nec.go.kr/electioninfo/candidate_detail_info.xhtml?electionId=0020260603&huboId=100164546,
100164545,윤형호,국민의힘,경상북도,의성군,기초의원 비례,9,2,2,Y,등록,45,19800717,1건,Y,음주·위험운전; 도로교통,"도로교통법위반(음주운전)국민의힘 / 벌금1,000,000원",0,0원,0,0원,N,N,N,https://info.nec.go.kr/electioninfo/candidate_detail_info.xhtml?electionId=0020260603&huboId=100164545,https://info.nec.go.kr/unielec_pdf_file/20260603/open/Gsg4719/Hb100164545/junkwa/20260515100333522_13.PDF
100165321,변소영,국민의힘,경상북도,청도군,기초의원 비례,9,1,1,Y,등록,53,19730130,없음,N,,,410,41만원,0,0원,Y,N,N,https://info.nec.go.kr/electioninfo/candidate_detail_info.xhtml?electionId=0020260603&huboId=100165321,
100164442,황성경,국민의힘,경상북도,청송군,기초의원 비례,9,1,1,Y,등록,68,19580413,1건,Y,공직선거법,황성경 / 징역1년집행유예2년,0,0원,0,0원,N,N,N,https://info.nec.go.kr/electioninfo/candidate_detail_info.xhtml?electionId=0020260603&huboId=100164442,https://info.nec.go.kr/unielec_pdf_file/20260603/open/Gsg4720/Hb100164442/junkwa/20260515111749449_10.PDF
100164835,박은화,국민의힘,경상북도,칠곡군,기초의원 비례,9,1,1,Y,등록,60,19660125,없음,N,,,1887,188만원,0,0원,Y,N,N,https://info.nec.go.kr/electioninfo/candidate_detail_info.xhtml?electionId=0020260603&huboId=100164835,
100164795,박정숙,국민의힘,경상북도,포항시,기초의원 비례,9,1,4,Y,등록,69,19561001,없음,N,,,0,0원,0,0원,N,N,N,https://info.nec.go.kr/electioninfo/candidate_detail_info.xhtml?electionId=0020260603&huboId=100164795,
100164806,김승리,국민의힘,경상북도,포항시,기초의원 비례,9,2,4,Y,등록,34,19911128,1건,Y,폭력; 공무집행방해,"김승리공무집행방해공용물건손상상해전과기 / 벌금5,000,000원",0,0원,0,0원,N,N,N,https://info.nec.go.kr/electioninfo/candidate_detail_info.xhtml?electionId=0020260603&huboId=100164806,https://info.nec.go.kr/unielec_pdf_file/20260603/open/Gsg4702/Hb100164806/junkwa/20260514171525936_9.PDF
100164813,김보람,국민의힘,경상북도,포항시,기초의원 비례,9,3,4,Y,등록,39,19860821,없음,N,,,0,0원,0,0원,N,N,N,https://info.nec.go.kr/electioninfo/candidate_detail_info.xhtml?electionId=0020260603&huboId=100164813,
100164826,장창한,국민의힘,경상북도,포항시,기초의원 비례,9,4,4,Y,등록,40,19860218,없음,N,,,0,0원,0,0원,N,N,N,https://info.nec.go.kr/electioninfo/candidate_detail_info.xhtml?electionId=0020260603&huboId=100164826,
100164466,김은주,국민의힘,대구광역시,군위군,기초의원 비례,9,1,1,Y,등록,61,19650505,없음,N,,,0,0원,0,0원,N,N,N,https://info.nec.go.kr/electioninfo/candidate_detail_info.xhtml?electionId=0020260603&huboId=100164466,
100164827,윤정혜,국민의힘,대구광역시,남구,기초의원 비례,9,1,1,Y,등록,58,19680315,없음,N,,,0,0원,0,0원,N,N,N,https://info.nec.go.kr/electioninfo/candidate_detail_info.xhtml?electionId=0020260603&huboId=100164827,
100164833,심은진,국민의힘,대구광역시,남구,기초의원 비례,9,2,1,N,등록,61,19650409,없음,N,,,0,0원,0,0원,N,N,N,https://info.nec.go.kr/electioninfo/candidate_detail_info.xhtml?electionId=0020260603&huboId=100164833,
100165191,배무연,국민의힘,대구광역시,달서구,기초의원 비례,9,1,3,Y,등록,66,19591211,없음,N,,,0,0원,0,0원,N,N,N,https://info.nec.go.kr/electioninfo/candidate_detail_info.xhtml?electionId=0020260603&huboId=100165191,
100165199,김철희,국민의힘,대구광역시,달서구,기초의원 비례,9,2,3,Y,등록,63,19630128,없음,N,,,0,0원,0,0원,N,N,N,https://info.nec.go.kr/electioninfo/candidate_detail_info.xhtml?electionId=0020260603&huboId=100165199,
100164851,전순애,국민의힘,대구광역시,달성군,기초의원 비례,9,1,2,Y,등록,62,19630815,없음,N,,,0,0원,0,0원,N,N,N,https://info.nec.go.kr/electioninfo/candidate_detail_info.xhtml?electionId=0020260603&huboId=100164851,
100165367,민영혜,국민의힘,대구광역시,동구,기초의원 비례,9,1,2,Y,등록,46,19800519,1건,Y,특가법; 음주·위험운전; 도로교통,전과기록형량(처분결과)특정범죄가중처벌등에관한법률위반(도주차량)징역8월집행유예2년도로교통법위반(음주운전)도로교통법위반(사고후미조치) / 징역8월집행유예2년,158,15만원,0,0원,Y,N,N,https://info.nec.go.kr/electioninfo/candidate_detail_info.xhtml?electionId=0020260603&huboId=100165367,https://info.nec.go.kr/unielec_pdf_file/20260603/open/Gsg2702/Hb100165367/junkwa/20260515144335568_5.PDF
100165380,권현구,국민의힘,대구광역시,동구,기초의원 비례,9,2,2,Y,등록,34,19910914,없음,N,,,0,0원,0,0원,N,N,N,https://info.nec.go.kr/electioninfo/candidate_detail_info.xhtml?electionId=0020260603&huboId=100165380,
100165596,고정애,국민의힘,대구광역시,북구,기초의원 비례,9,1,3,Y,등록,49,19770116,없음,N,,,0,0원,0,0원,N,N,N,https://info.nec.go.kr/electioninfo/candidate_detail_info.xhtml?electionId=0020260603&huboId=100165596,
100165599,서효림,국민의힘,대구광역시,북구,기초의원 비례,9,2,3,Y,등록,43,19821104,없음,N,,,0,0원,0,0원,N,N,N,https://info.nec.go.kr/electioninfo/candidate_detail_info.xhtml?electionId=0020260603&huboId=100165599,
100164403,김옥련,국민의힘,대구광역시,서구,기초의원 비례,9,1,1,Y,등록,60,19660105,없음,N,,,0,0원,0,0원,N,N,N,https://info.nec.go.kr/electioninfo/candidate_detail_info.xhtml?electionId=0020260603&huboId=100164403,
100164439,손주형,국민의힘,대구광역시,서구,기초의원 비례,9,2,1,N,등록,32,19940419,없음,N,,,0,0원,0,0원,N,N,N,https://info.nec.go.kr/electioninfo/candidate_detail_info.xhtml?electionId=0020260603&huboId=100164439,
100165442,이지영,국민의힘,대구광역시,수성구,기초의원 비례,9,1,3,Y,등록,49,19761020,없음,N,,,1451,145만원,0,0원,Y,N,N,https://info.nec.go.kr/electioninfo/candidate_detail_info.xhtml?electionId=0020260603&huboId=100165442,
100165450,김순덕,국민의힘,대구광역시,수성구,기초의원 비례,9,2,3,Y,등록,50,19750807,없음,N,,,0,0원,0,0원,N,N,N,https://info.nec.go.kr/electioninfo/candidate_detail_info.xhtml?electionId=0020260603&huboId=100165450,
100165005,유성자,국민의힘,대구광역시,중구,기초의원 비례,9,1,1,Y,등록,74,19510615,없음,N,,,0,0원,0,0원,N,N,N,https://info.nec.go.kr/electioninfo/candidate_detail_info.xhtml?electionId=0020260603&huboId=100165005,
100164978,이도겸,국민의힘,대구광역시,중구,기초의원 비례,9,2,1,N,등록,34,19920224,없음,N,,,0,0원,0,0원,N,N,N,https://info.nec.go.kr/electioninfo/candidate_detail_info.xhtml?electionId=0020260603&huboId=100164978,
100164754,도예린,국민의힘,대전광역시,대덕구,기초의원 비례,9,1,1,Y,등록,29,19961212,없음,N,,,0,0원,0,0원,N,N,N,https://info.nec.go.kr/electioninfo/candidate_detail_info.xhtml?electionId=0020260603&huboId=100164754,
100164014,김혜원,국민의힘,대전광역시,동구,기초의원 비례,9,1,1,Y,등록,45,19801014,없음,N,,,4904,490만원,0,0원,Y,N,N,https://info.nec.go.kr/electioninfo/candidate_detail_info.xhtml?electionId=0020260603&huboId=100164014,
100165203,함미정,국민의힘,대전광역시,서구,기초의원 비례,9,1,2,Y,등록,61,19641230,없음,N,,,0,0원,0,0원,N,N,N,https://info.nec.go.kr/electioninfo/candidate_detail_info.xhtml?electionId=0020260603&huboId=100165203,
100165248,유미자,국민의힘,대전광역시,유성구,기초의원 비례,9,1,2,Y,등록,58,19670811,없음,N,,,972,97만원,0,0원,Y,N,N,https://info.nec.go.kr/electioninfo/candidate_detail_info.xhtml?electionId=0020260603&huboId=100165248,
100164344,홍성옥,국민의힘,대전광역시,중구,기초의원 비례,9,1,1,Y,등록,70,19550922,없음,N,,,0,0원,0,0원,N,N,N,https://info.nec.go.kr/electioninfo/candidate_detail_info.xhtml?electionId=0020260603&huboId=100164344,
100164178,남윤주,국민의힘,부산광역시,강서구,기초의원 비례,9,1,1,Y,등록,33,19920728,없음,N,,,0,0원,0,0원,N,N,N,https://info.nec.go.kr/electioninfo/candidate_detail_info.xhtml?electionId=0020260603&huboId=100164178,
100165548,권보성,국민의힘,부산광역시,금정구,기초의원 비례,9,1,2,Y,등록,60,19651003,1건,Y,교통사고,"별지제12호서식의(카)]선거명 / 벌금3,000,000원",74961,"7,496만원",0,0원,Y,N,N,https://info.nec.go.kr/electioninfo/candidate_detail_info.xhtml?electionId=0020260603&huboId=100165548,https://info.nec.go.kr/unielec_pdf_file/20260603/open/Gsg2612/Hb100165548/junkwa/20260515132111267_7.PDF
100165674,이진희,국민의힘,부산광역시,기장군,기초의원 비례,9,1,1,Y,등록,56,19700502,없음,N,,,0,0원,0,0원,N,N,N,https://info.nec.go.kr/electioninfo/candidate_detail_info.xhtml?electionId=0020260603&huboId=100165674,
100164868,정수아,국민의힘,부산광역시,남구,기초의원 비례,9,1,2,Y,등록,23,20020817,없음,N,,,0,0원,0,0원,N,N,N,https://info.nec.go.kr/electioninfo/candidate_detail_info.xhtml?electionId=0020260603&huboId=100164868,
100165062,임해분,국민의힘,부산광역시,동구,기초의원 비례,9,1,1,Y,등록,65,19600609,없음,N,,,0,0원,0,0원,N,N,N,https://info.nec.go.kr/electioninfo/candidate_detail_info.xhtml?electionId=0020260603&huboId=100165062,
100164427,안선영,국민의힘,부산광역시,동래구,기초의원 비례,9,1,2,Y,등록,43,19820907,없음,N,,,1846,184만원,0,0원,Y,N,N,https://info.nec.go.kr/electioninfo/candidate_detail_info.xhtml?electionId=0020260603&huboId=100164427,
100165326,고은지,국민의힘,부산광역시,부산진구,기초의원 비례,9,1,2,Y,등록,45,19801022,1건,Y,명예훼손,정보통신밍이용촉진및정보보호등에관한법률위반(명예훼손),0,0원,0,0원,N,N,N,https://info.nec.go.kr/electioninfo/candidate_detail_info.xhtml?electionId=0020260603&huboId=100165326,https://info.nec.go.kr/unielec_pdf_file/20260603/open/Gsg2605/Hb100165326/junkwa/20260515175155730_8.PDF
100165337,박미점,국민의힘,부산광역시,부산진구,기초의원 비례,9,2,2,Y,등록,66,19600210,1건,Y,,"•耄걱12t&1국:文24•싴시言떨는피리리부부근후7`쳠구하흐격이일시거이결지10죠」하따라전괴기특에관한증명서를위와같이제즐합니다,부산진구선거관리위원회귀중저촣4홯주거 / 2008-05-21",0,0원,0,0원,N,N,N,https://info.nec.go.kr/electioninfo/candidate_detail_info.xhtml?electionId=0020260603&huboId=100165337,https://info.nec.go.kr/unielec_pdf_file/20260603/open/Gsg2605/Hb100165337/junkwa/20260515133543224_7.PDF
100164401,최태숙,국민의힘,부산광역시,북구,기초의원 비례,9,1,2,Y,등록,67,19590118,없음,N,,,0,0원,0,0원,N,N,N,https://info.nec.go.kr/electioninfo/candidate_detail_info.xhtml?electionId=0020260603&huboId=100164401,
100165166,김지윤,국민의힘,부산광역시,사상구,기초의원 비례,9,1,1,Y,등록,26,19991120,없음,N,,,0,0원,0,0원,N,N,N,https://info.nec.go.kr/electioninfo/candidate_detail_info.xhtml?electionId=0020260603&huboId=100165166,
100165063,김예종,국민의힘,부산광역시,사하구,기초의원 비례,9,1,2,Y,등록,61,19650425,없음,N,,,0,0원,0,0원,N,N,N,https://info.nec.go.kr/electioninfo/candidate_detail_info.xhtml?electionId=0020260603&huboId=100165063,
100165065,양영진,국민의힘,부산광역시,사하구,기초의원 비례,9,2,2,Y,등록,59,19670104,1건,Y,음주·위험운전; 도로교통,"도로교통법위반(음주운전)국민의힘 / 벌금1,500,000원",0,0원,0,0원,N,N,N,https://info.nec.go.kr/electioninfo/candidate_detail_info.xhtml?electionId=0020260603&huboId=100165065,https://info.nec.go.kr/unielec_pdf_file/20260603/open/Gsg2611/Hb100165065/junkwa/20260515093726007_1.PDF
100164726,김수현,국민의힘,부산광역시,서구,기초의원 비례,9,1,1,Y,등록,55,19710115,없음,N,,,0,0원,0,0원,N,N,N,https://info.nec.go.kr/electioninfo/candidate_detail_info.xhtml?electionId=0020260603&huboId=100164726,
100165308,김성매,국민의힘,부산광역시,수영구,기초의원 비례,9,1,1,Y,등록,68,19580306,없음,N,,,0,0원,0,0원,N,N,N,https://info.nec.go.kr/electioninfo/candidate_detail_info.xhtml?electionId=0020260603&huboId=100165308,
100164497,정창동,국민의힘,부산광역시,연제구,기초의원 비례,9,1,2,Y,등록,64,19620210,없음,N,,,0,0원,0,0원,N,N,N,https://info.nec.go.kr/electioninfo/candidate_detail_info.xhtml?electionId=0020260603&huboId=100164497,
100165386,김보경,국민의힘,부산광역시,영도구,기초의원 비례,9,1,1,Y,등록,47,19780828,1건,Y,,,0,0원,0,0원,N,N,N,https://info.nec.go.kr/electioninfo/candidate_detail_info.xhtml?electionId=0020260603&huboId=100165386,https://info.nec.go.kr/unielec_pdf_file/20260603/open/Gsg2604/Hb100165386/junkwa/20260514190624015_11.PDF
100165307,윤보영,국민의힘,부산광역시,중구,기초의원 비례,9,1,1,Y,등록,40,19851223,없음,N,,,0,0원,0,0원,N,N,N,https://info.nec.go.kr/electioninfo/candidate_detail_info.xhtml?electionId=0020260603&huboId=100165307,
100164154,김선희,국민의힘,부산광역시,해운대구,기초의원 비례,9,1,2,Y,등록,37,19890225,없음,N,,,0,0원,0,0원,N,N,N,https://info.nec.go.kr/electioninfo/candidate_detail_info.xhtml?electionId=0020260603&huboId=100164154,
100165167,은명주,국민의힘,서울특별시,강남구,기초의원 비례,9,1,3,Y,등록,63,19620804,없음,N,,,0,0원,0,0원,N,N,N,https://info.nec.go.kr/electioninfo/candidate_detail_info.xhtml?electionId=0020260603&huboId=100165167,
100165176,배근희,국민의힘,서울특별시,강남구,기초의원 비례,9,2,3,Y,등록,65,19610310,없음,N,,,0,0원,0,0원,N,N,N,https://info.nec.go.kr/electioninfo/candidate_detail_info.xhtml?electionId=0020260603&huboId=100165176,
100165184,황아성,국민의힘,서울특별시,강남구,기초의원 비례,9,3,3,Y,등록,38,19870711,없음,N,,,0,0원,0,0원,N,N,N,https://info.nec.go.kr/electioninfo/candidate_detail_info.xhtml?electionId=0020260603&huboId=100165184,
100165556,이경숙,국민의힘,서울특별시,강동구,기초의원 비례,9,1,2,Y,등록,47,19790131,없음,N,,,585,58만원,0,0원,Y,N,N,https://info.nec.go.kr/electioninfo/candidate_detail_info.xhtml?electionId=0020260603&huboId=100165556,
100165314,김미리,국민의힘,서울특별시,강북구,기초의원 비례,9,1,2,Y,등록,60,19651106,없음,N,,,0,0원,0,0원,N,N,N,https://info.nec.go.kr/electioninfo/candidate_detail_info.xhtml?electionId=0020260603&huboId=100165314,
100165320,최효재,국민의힘,서울특별시,강북구,기초의원 비례,9,2,2,Y,등록,44,19811024,없음,N,,,0,0원,0,0원,N,N,N,https://info.nec.go.kr/electioninfo/candidate_detail_info.xhtml?electionId=0020260603&huboId=100165320,
100165328,전혜영,국민의힘,서울특별시,강서구,기초의원 비례,9,1,3,Y,등록,58,19680522,없음,N,,,0,0원,0,0원,N,N,N,https://info.nec.go.kr/electioninfo/candidate_detail_info.xhtml?electionId=0020260603&huboId=100165328,
100165329,김치곤,국민의힘,서울특별시,강서구,기초의원 비례,9,2,3,Y,등록,43,19820724,없음,N,,,0,0원,0,0원,N,N,N,https://info.nec.go.kr/electioninfo/candidate_detail_info.xhtml?electionId=0020260603&huboId=100165329,
100165333,강하림,국민의힘,서울특별시,강서구,기초의원 비례,9,3,3,Y,등록,43,19820928,없음,N,,,0,0원,0,0원,N,N,N,https://info.nec.go.kr/electioninfo/candidate_detail_info.xhtml?electionId=0020260603&huboId=100165333,
100165433,최인정,국민의힘,서울특별시,관악구,기초의원 비례,9,1,3,Y,등록,48,19770717,없음,N,,,20912,"2,091만원",0,0원,Y,N,N,https://info.nec.go.kr/electioninfo/candidate_detail_info.xhtml?electionId=0020260603&huboId=100165433,
100165455,박영란,국민의힘,서울특별시,관악구,기초의원 비례,9,2,3,Y,등록,63,19630422,없음,N,,,0,0원,0,0원,N,N,N,https://info.nec.go.kr/electioninfo/candidate_detail_info.xhtml?electionId=0020260603&huboId=100165455,
100164631,유승연,국민의힘,서울특별시,광진구,기초의원 비례,9,1,2,Y,등록,52,19740418,없음,N,,,206,20만원,0,0원,Y,N,N,https://info.nec.go.kr/electioninfo/candidate_detail_info.xhtml?electionId=0020260603&huboId=100164631,
100164634,김병선,국민의힘,서울특별시,광진구,기초의원 비례,9,2,2,Y,등록,62,19630630,없음,N,,,0,0원,0,0원,N,N,N,https://info.nec.go.kr/electioninfo/candidate_detail_info.xhtml?electionId=0020260603&huboId=100164634,
100164718,고경희,국민의힘,서울특별시,구로구,기초의원 비례,9,1,2,Y,등록,51,19750103,없음,N,,,0,0원,0,0원,N,N,N,https://info.nec.go.kr/electioninfo/candidate_detail_info.xhtml?electionId=0020260603&huboId=100164718,
100165262,황수진,국민의힘,서울특별시,금천구,기초의원 비례,9,1,1,Y,등록,27,19981211,없음,N,,,0,0원,0,0원,N,N,N,https://info.nec.go.kr/electioninfo/candidate_detail_info.xhtml?electionId=0020260603&huboId=100165262,
100165143,김서연,국민의힘,서울특별시,노원구,기초의원 비례,9,1,3,Y,등록,26,20000509,없음,N,,,0,0원,0,0원,N,N,N,https://info.nec.go.kr/electioninfo/candidate_detail_info.xhtml?electionId=0020260603&huboId=100165143,
100165318,하금연,국민의힘,서울특별시,도봉구,기초의원 비례,9,1,2,Y,등록,62,19640505,1건,Y,공직선거법; 보험·금융,『공직선거법』 / 1996-02-05,9549,954만원,8554,855만원,Y,N,N,https://info.nec.go.kr/electioninfo/candidate_detail_info.xhtml?electionId=0020260603&huboId=100165318,https://info.nec.go.kr/unielec_pdf_file/20260603/open/Gsg1110/Hb100165318/junkwa/20260515143815011_8.PDF
100165075,김순자,국민의힘,서울특별시,동대문구,기초의원 비례,9,1,2,Y,등록,67,19590214,3건,Y,음주·위험운전; 폭력; 도로교통,업무상과실치상폭력행위등처벌에관한법를위반도로교통법위반(음주측정거부),0,0원,0,0원,N,N,N,https://info.nec.go.kr/electioninfo/candidate_detail_info.xhtml?electionId=0020260603&huboId=100165075,https://info.nec.go.kr/unielec_pdf_file/20260603/open/Gsg1106/Hb100165075/junkwa/20260514170152255_7.PDF
100165078,원옥선,국민의힘,서울특별시,동대문구,기초의원 비례,9,2,2,Y,등록,67,19581017,없음,N,,,0,0원,0,0원,N,N,N,https://info.nec.go.kr/electioninfo/candidate_detail_info.xhtml?electionId=0020260603&huboId=100165078,
100165858,나주영,국민의힘,서울특별시,동작구,기초의원 비례,9,1,2,Y,등록,39,19870407,없음,N,,,0,0원,0,0원,N,N,N,https://info.nec.go.kr/electioninfo/candidate_detail_info.xhtml?electionId=0020260603&huboId=100165858,
100164525,원성혜,국민의힘,서울특별시,마포구,기초의원 비례,9,1,2,Y,등록,27,19990216,없음,N,,,0,0원,0,0원,N,N,N,https://info.nec.go.kr/electioninfo/candidate_detail_info.xhtml?electionId=0020260603&huboId=100164525,
100164529,이채원,국민의힘,서울특별시,마포구,기초의원 비례,9,2,2,Y,등록,59,19670215,1건,Y,공직선거법,"선거국민의힘공직선거법위반 / 벌금2,000,000원",0,0원,0,0원,N,N,N,https://info.nec.go.kr/electioninfo/candidate_detail_info.xhtml?electionId=0020260603&huboId=100164529,https://info.nec.go.kr/unielec_pdf_file/20260603/open/Gsg1114/Hb100164529/junkwa/20260514192417759_8.PDF
100164830,김이나,국민의힘,서울특별시,서대문구,기초의원 비례,9,1,2,Y,등록,35,19910114,없음,N,,,0,0원,0,0원,N,N,N,https://info.nec.go.kr/electioninfo/candidate_detail_info.xhtml?electionId=0020260603&huboId=100164830,
100165752,정민우,국민의힘,서울특별시,서초구,기초의원 비례,9,1,2,Y,등록,44,19820324,없음,N,,,0,0원,0,0원,N,N,N,https://info.nec.go.kr/electioninfo/candidate_detail_info.xhtml?electionId=0020260603&huboId=100165752,
100165776,김태림,국민의힘,서울특별시,서초구,기초의원 비례,9,2,2,Y,등록,56,19690814,없음,N,,,0,0원,0,0원,N,N,N,https://info.nec.go.kr/electioninfo/candidate_detail_info.xhtml?electionId=0020260603&huboId=100165776,
100165797,김연정,국민의힘,서울특별시,서초구,기초의원 비례,9,3,2,N,등록,32,19940117,없음,N,,,0,0원,0,0원,N,N,N,https://info.nec.go.kr/electioninfo/candidate_detail_info.xhtml?electionId=0020260603&huboId=100165797,
100165261,이경미,국민의힘,서울특별시,성동구,기초의원 비례,9,1,2,Y,등록,46,19800125,없음,N,,,3228,322만원,0,0원,Y,N,N,https://info.nec.go.kr/electioninfo/candidate_detail_info.xhtml?electionId=0020260603&huboId=100165261,
100165281,홍성원,국민의힘,서울특별시,성동구,기초의원 비례,9,2,2,Y,등록,67,19590430,없음,N,,,0,0원,0,0원,N,N,N,https://info.nec.go.kr/electioninfo/candidate_detail_info.xhtml?electionId=0020260603&huboId=100165281,
100165029,김자연,국민의힘,서울특별시,성북구,기초의원 비례,9,1,3,Y,등록,42,19840222,없음,N,,,0,0원,0,0원,N,N,N,https://info.nec.go.kr/electioninfo/candidate_detail_info.xhtml?electionId=0020260603&huboId=100165029,
100165401,강정선,국민의힘,서울특별시,송파구,기초의원 비례,9,1,3,Y,등록,69,19561205,없음,N,,,0,0원,0,0원,N,N,N,https://info.nec.go.kr/electioninfo/candidate_detail_info.xhtml?electionId=0020260603&huboId=100165401,
100165404,김언주,국민의힘,서울특별시,송파구,기초의원 비례,9,2,3,Y,등록,58,19671017,없음,N,,,0,0원,0,0원,N,N,N,https://info.nec.go.kr/electioninfo/candidate_detail_info.xhtml?electionId=0020260603&huboId=100165404,
100165636,양찬효,국민의힘,서울특별시,양천구,기초의원 비례,9,1,2,Y,등록,56,19691211,없음,N,,,0,0원,0,0원,N,N,N,https://info.nec.go.kr/electioninfo/candidate_detail_info.xhtml?electionId=0020260603&huboId=100165636,
100165637,조연이,국민의힘,서울특별시,양천구,기초의원 비례,9,2,2,Y,등록,55,19700917,없음,N,,,0,0원,0,0원,N,N,N,https://info.nec.go.kr/electioninfo/candidate_detail_info.xhtml?electionId=0020260603&huboId=100165637,
100164763,이순우,국민의힘,서울특별시,영등포구,기초의원 비례,9,1,2,Y,등록,63,19620720,없음,N,,,0,0원,0,0원,N,N,N,https://info.nec.go.kr/electioninfo/candidate_detail_info.xhtml?electionId=0020260603&huboId=100164763,
100165118,강문숙,국민의힘,서울특별시,용산구,기초의원 비례,9,1,2,Y,등록,65,19601214,없음,N,,,0,0원,0,0원,N,N,N,https://info.nec.go.kr/electioninfo/candidate_detail_info.xhtml?electionId=0020260603&huboId=100165118,
100165126,최경화,국민의힘,서울특별시,용산구,기초의원 비례,9,2,2,Y,등록,60,19651226,없음,N,,,0,0원,0,0원,N,N,N,https://info.nec.go.kr/electioninfo/candidate_detail_info.xhtml?electionId=0020260603&huboId=100165126,
100165579,이효주,국민의힘,서울특별시,은평구,기초의원 비례,9,1,2,Y,등록,28,19970818,없음,N,,,0,0원,0,0원,N,N,N,https://info.nec.go.kr/electioninfo/candidate_detail_info.xhtml?electionId=0020260603&huboId=100165579,
100165170,양민아,국민의힘,서울특별시,종로구,기초의원 비례,9,1,1,Y,등록,52,19731013,1건,Y,공직선거법,『공직선거법』 / 2007-06-13,0,0원,0,0원,N,N,N,https://info.nec.go.kr/electioninfo/candidate_detail_info.xhtml?electionId=0020260603&huboId=100165170,https://info.nec.go.kr/unielec_pdf_file/20260603/open/Gsg1101/Hb100165170/junkwa/20260515090436570_9.PDF
100164207,오서희,국민의힘,서울특별시,중구,기초의원 비례,9,1,1,Y,등록,43,19821220,없음,N,,,0,0원,0,0원,N,N,N,https://info.nec.go.kr/electioninfo/candidate_detail_info.xhtml?electionId=0020260603&huboId=100164207,
100164429,차영숙,국민의힘,서울특별시,중랑구,기초의원 비례,9,1,2,Y,등록,62,19631120,없음,N,,,0,0원,0,0원,N,N,N,https://info.nec.go.kr/electioninfo/candidate_detail_info.xhtml?electionId=0020260603&huboId=100164429,
100164323,함영진,국민의힘,울산광역시,남구,기초의원 비례,9,1,2,Y,등록,46,19791102,없음,N,,,6979,697만원,0,0원,Y,N,N,https://info.nec.go.kr/electioninfo/candidate_detail_info.xhtml?electionId=0020260603&huboId=100164323,
100164326,강현주,국민의힘,울산광역시,남구,기초의원 비례,9,2,2,Y,등록,41,19850309,없음,N,,,0,0원,0,0원,N,N,N,https://info.nec.go.kr/electioninfo/candidate_detail_info.xhtml?electionId=0020260603&huboId=100164326,
100165808,천현영,국민의힘,울산광역시,동구,기초의원 비례,9,1,1,Y,등록,41,19840706,없음,N,,,1536,153만원,0,0원,Y,N,N,https://info.nec.go.kr/electioninfo/candidate_detail_info.xhtml?electionId=0020260603&huboId=100165808,
100164747,김여진,국민의힘,울산광역시,북구,기초의원 비례,9,1,1,Y,등록,44,19810717,2건,Y,음주·위험운전; 도로교통,"도로교통법위반(음주운전)도로교통법위반(음주운전)국민의힘 / 2010-04-26 / 벌금1,500,000원",0,0원,0,0원,N,N,N,https://info.nec.go.kr/electioninfo/candidate_detail_info.xhtml?electionId=0020260603&huboId=100164747,https://info.nec.go.kr/unielec_pdf_file/20260603/open/Gsg3104/Hb100164747/junkwa/20260514162832867_9.PDF
100165641,장동희,국민의힘,울산광역시,울주군,기초의원 비례,9,1,1,Y,등록,33,19930405,없음,N,,,0,0원,0,0원,N,N,N,https://info.nec.go.kr/electioninfo/candidate_detail_info.xhtml?electionId=0020260603&huboId=100165641,
100165644,박미연,국민의힘,울산광역시,울주군,기초의원 비례,9,2,1,N,등록,59,19661119,없음,N,,,6948,694만원,0,0원,Y,N,N,https://info.nec.go.kr/electioninfo/candidate_detail_info.xhtml?electionId=0020260603&huboId=100165644,
100164610,엄희순,국민의힘,울산광역시,중구,기초의원 비례,9,1,1,Y,등록,51,19741006,없음,N,,,0,0원,0,0원,N,N,N,https://info.nec.go.kr/electioninfo/candidate_detail_info.xhtml?electionId=0020260603&huboId=100164610,
100164613,노정자,국민의힘,울산광역시,중구,기초의원 비례,9,2,1,N,등록,54,19720528,없음,N,,,0,0원,0,0원,N,N,N,https://info.nec.go.kr/electioninfo/candidate_detail_info.xhtml?electionId=0020260603&huboId=100164613,
100164084,한진희,국민의힘,인천광역시,강화군,기초의원 비례,9,1,1,Y,등록,48,19780527,없음,N,,,0,0원,0,0원,N,N,N,https://info.nec.go.kr/electioninfo/candidate_detail_info.xhtml?electionId=0020260603&huboId=100164084,
100165445,박연자,국민의힘,인천광역시,계양구,기초의원 비례,9,1,1,Y,등록,62,19631202,없음,N,,,0,0원,0,0원,N,N,N,https://info.nec.go.kr/electioninfo/candidate_detail_info.xhtml?electionId=0020260603&huboId=100165445,
100165142,이보라,국민의힘,인천광역시,남동구,기초의원 비례,9,1,2,Y,등록,40,19850825,없음,N,,,0,0원,0,0원,N,N,N,https://info.nec.go.kr/electioninfo/candidate_detail_info.xhtml?electionId=0020260603&huboId=100165142,
100165157,김승자,국민의힘,인천광역시,미추홀구,기초의원 비례,9,1,2,Y,등록,61,19650506,없음,N,,,358,35만원,0,0원,Y,N,N,https://info.nec.go.kr/electioninfo/candidate_detail_info.xhtml?electionId=0020260603&huboId=100165157,
100165233,박시현,국민의힘,인천광역시,부평구,기초의원 비례,9,1,2,Y,등록,51,19750302,없음,N,,,0,0원,0,0원,N,N,N,https://info.nec.go.kr/electioninfo/candidate_detail_info.xhtml?electionId=0020260603&huboId=100165233,
100165245,지태훈,국민의힘,인천광역시,부평구,기초의원 비례,9,2,2,Y,등록,20,20060512,없음,N,,,0,0원,0,0원,N,N,N,https://info.nec.go.kr/electioninfo/candidate_detail_info.xhtml?electionId=0020260603&huboId=100165245,
100165115,양환옥,국민의힘,인천광역시,서구,기초의원 비례,9,1,2,Y,등록,51,19750111,없음,N,,,0,0원,0,0원,N,N,N,https://info.nec.go.kr/electioninfo/candidate_detail_info.xhtml?electionId=0020260603&huboId=100165115,
100165409,김정아,국민의힘,인천광역시,연수구,기초의원 비례,9,1,2,Y,등록,36,19891221,없음,N,,,414,41만원,0,0원,Y,N,N,https://info.nec.go.kr/electioninfo/candidate_detail_info.xhtml?electionId=0020260603&huboId=100165409,
100165724,이경자,국민의힘,인천광역시,영종구,기초의원 비례,9,1,1,Y,등록,62,19631113,없음,N,,,0,0원,0,0원,N,N,N,https://info.nec.go.kr/electioninfo/candidate_detail_info.xhtml?electionId=0020260603&huboId=100165724,
100165353,서희경,국민의힘,인천광역시,옹진군,기초의원 비례,9,1,1,Y,등록,39,19870422,없음,N,,,0,0원,0,0원,N,N,N,https://info.nec.go.kr/electioninfo/candidate_detail_info.xhtml?electionId=0020260603&huboId=100165353,
100165815,김훈임,국민의힘,인천광역시,제물포구,기초의원 비례,9,1,1,Y,등록,50,19760307,1건,Y,음주·위험운전,"도로교통1협위반(음주운전)국민의힘 / 벌금1,000,000원",0,0원,0,0원,N,N,N,https://info.nec.go.kr/electioninfo/candidate_detail_info.xhtml?electionId=0020260603&huboId=100165815,https://info.nec.go.kr/unielec_pdf_file/20260603/open/Gsg2812/Hb100165815/junkwa/20260515170722519_7.PDF
100165468,조혜현,국민의힘,전라남도,여수시,기초의원 비례,9,1,3,Y,등록,44,19811027,없음,N,,,0,0원,0,0원,N,N,N,https://info.nec.go.kr/electioninfo/candidate_detail_info.xhtml?electionId=0020260603&huboId=100165468,
100165571,한아름,국민의힘,전북특별자치도,군산시,기초의원 비례,9,1,3,Y,등록,40,19850626,없음,N,,,0,0원,0,0원,N,N,N,https://info.nec.go.kr/electioninfo/candidate_detail_info.xhtml?electionId=0020260603&huboId=100165571,
100165091,이진숙,국민의힘,전북특별자치도,익산시,기초의원 비례,9,1,3,Y,등록,57,19680610,없음,N,,,0,0원,0,0원,N,N,N,https://info.nec.go.kr/electioninfo/candidate_detail_info.xhtml?electionId=0020260603&huboId=100165091,
100164955,최미영,국민의힘,전북특별자치도,전주시,기초의원 비례,9,1,4,Y,등록,29,19961102,없음,N,,,0,0원,0,0원,N,N,N,https://info.nec.go.kr/electioninfo/candidate_detail_info.xhtml?electionId=0020260603&huboId=100164955,
100164449,이은영,국민의힘,충청남도,계룡시,기초의원 비례,9,1,1,Y,등록,59,19670530,없음,N,,,0,0원,0,0원,N,N,N,https://info.nec.go.kr/electioninfo/candidate_detail_info.xhtml?electionId=0020260603&huboId=100164449,
100165207,임흔구,국민의힘,충청남도,공주시,기초의원 비례,9,1,2,Y,등록,61,19641111,없음,N,,,0,0원,0,0원,N,N,N,https://info.nec.go.kr/electioninfo/candidate_detail_info.xhtml?electionId=0020260603&huboId=100165207,
100165266,송향순,국민의힘,충청남도,공주시,기초의원 비례,9,2,2,Y,등록,64,19610609,없음,N,,,0,0원,0,0원,N,N,N,https://info.nec.go.kr/electioninfo/candidate_detail_info.xhtml?electionId=0020260603&huboId=100165266,
100164500,이정림,국민의힘,충청남도,금산군,기초의원 비례,9,1,1,Y,등록,54,19710927,없음,N,,,0,0원,0,0원,N,N,N,https://info.nec.go.kr/electioninfo/candidate_detail_info.xhtml?electionId=0020260603&huboId=100164500,
100165064,홍경임,국민의힘,충청남도,논산시,기초의원 비례,9,1,2,Y,등록,65,19600605,없음,N,,,0,0원,0,0원,N,N,N,https://info.nec.go.kr/electioninfo/candidate_detail_info.xhtml?electionId=0020260603&huboId=100165064,
100164819,최재인,국민의힘,충청남도,당진시,기초의원 비례,9,1,2,Y,등록,48,19780326,없음,N,,,400,40만원,0,0원,Y,N,N,https://info.nec.go.kr/electioninfo/candidate_detail_info.xhtml?electionId=0020260603&huboId=100164819,
100165260,강순자,국민의힘,충청남도,보령시,기초의원 비례,9,1,2,Y,등록,63,19630310,1건,Y,배임,"업무상배임 / 벌금5,000,000원",0,0원,0,0원,N,Y,N,https://info.nec.go.kr/electioninfo/candidate_detail_info.xhtml?electionId=0020260603&huboId=100165260,https://info.nec.go.kr/unielec_pdf_file/20260603/open/Gsg4403/Hb100165260/junkwa/20260515182859841_12.PDF
100165282,한선영,국민의힘,충청남도,보령시,기초의원 비례,9,2,2,Y,등록,54,19710610,없음,N,,,0,0원,0,0원,N,N,N,https://info.nec.go.kr/electioninfo/candidate_detail_info.xhtml?electionId=0020260603&huboId=100165282,
100164257,김미영,국민의힘,충청남도,부여군,기초의원 비례,9,1,2,Y,등록,59,19670215,1건,Y,음주·위험운전; 도로교통,"도로교통법위반(음주운전) / 2005-09-16 / 벌금1,000,000원",0,0원,0,0원,N,N,N,https://info.nec.go.kr/electioninfo/candidate_detail_info.xhtml?electionId=0020260603&huboId=100164257,https://info.nec.go.kr/unielec_pdf_file/20260603/open/Gsg4411/Hb100164257/junkwa/20260514114602637_10.PDF
100164970,이만,국민의힘,충청남도,서산시,기초의원 비례,9,1,2,Y,등록,53,19730105,없음,N,,,0,0원,0,0원,N,N,N,https://info.nec.go.kr/electioninfo/candidate_detail_info.xhtml?electionId=0020260603&huboId=100164970,
100164976,한정인,국민의힘,충청남도,서산시,기초의원 비례,9,2,2,Y,등록,28,19980329,없음,N,,,0,0원,0,0원,N,N,N,https://info.nec.go.kr/electioninfo/candidate_detail_info.xhtml?electionId=0020260603&huboId=100164976,
100164322,이혜주,국민의힘,충청남도,서천군,기초의원 비례,9,1,1,Y,등록,54,19720603,없음,N,,,0,0원,0,0원,N,N,N,https://info.nec.go.kr/electioninfo/candidate_detail_info.xhtml?electionId=0020260603&huboId=100164322,
100165851,이강미,국민의힘,충청남도,아산시,기초의원 비례,9,1,2,Y,등록,46,19790821,없음,N,,,1385,138만원,0,0원,Y,N,N,https://info.nec.go.kr/electioninfo/candidate_detail_info.xhtml?electionId=0020260603&huboId=100165851,
100165852,김예진,국민의힘,충청남도,아산시,기초의원 비례,9,2,2,Y,등록,32,19931210,없음,N,,,0,0원,0,0원,N,N,N,https://info.nec.go.kr/electioninfo/candidate_detail_info.xhtml?electionId=0020260603&huboId=100165852,
100165045,김외숙,국민의힘,충청남도,예산군,기초의원 비례,9,1,2,Y,등록,56,19690906,없음,N,,,0,0원,0,0원,N,N,N,https://info.nec.go.kr/electioninfo/candidate_detail_info.xhtml?electionId=0020260603&huboId=100165045,
100165050,김성호,국민의힘,충청남도,예산군,기초의원 비례,9,2,2,Y,등록,50,19760306,없음,N,,,0,0원,0,0원,N,N,N,https://info.nec.go.kr/electioninfo/candidate_detail_info.xhtml?electionId=0020260603&huboId=100165050,
100165693,김연정,국민의힘,충청남도,천안시,기초의원 비례,9,1,3,Y,등록,50,19760131,없음,N,,,0,0원,0,0원,N,N,N,https://info.nec.go.kr/electioninfo/candidate_detail_info.xhtml?electionId=0020260603&huboId=100165693,
100165699,윤주남,국민의힘,충청남도,천안시,기초의원 비례,9,2,3,Y,등록,67,19581029,없음,N,,,0,0원,0,0원,N,N,N,https://info.nec.go.kr/electioninfo/candidate_detail_info.xhtml?electionId=0020260603&huboId=100165699,
100164046,손미옥,국민의힘,충청남도,청양군,기초의원 비례,9,1,1,Y,등록,56,19700120,없음,N,,,0,0원,0,0원,N,N,N,https://info.nec.go.kr/electioninfo/candidate_detail_info.xhtml?electionId=0020260603&huboId=100164046,
100165530,최성미,국민의힘,충청남도,태안군,기초의원 비례,9,1,1,Y,등록,58,19680215,1건,Y,공직선거법; 국가보안법,『공직선거법』 / 1988-01-28,0,0원,0,0원,N,N,N,https://info.nec.go.kr/electioninfo/candidate_detail_info.xhtml?electionId=0020260603&huboId=100165530,https://info.nec.go.kr/unielec_pdf_file/20260603/open/Gsg4406/Hb100165530/junkwa/20260515110246896_9.PDF
100164773,임이재,국민의힘,충청남도,홍성군,기초의원 비례,9,1,2,Y,등록,65,19610510,없음,N,,,0,0원,0,0원,N,N,N,https://info.nec.go.kr/electioninfo/candidate_detail_info.xhtml?electionId=0020260603&huboId=100164773,
100164775,박춘화,국민의힘,충청남도,홍성군,기초의원 비례,9,2,2,Y,등록,59,19661205,없음,N,,,0,0원,0,0원,N,N,N,https://info.nec.go.kr/electioninfo/candidate_detail_info.xhtml?electionId=0020260603&huboId=100164775,
100164461,김영희,국민의힘,충청북도,괴산군,기초의원 비례,9,1,1,Y,등록,48,19771209,없음,N,,,0,0원,0,0원,N,N,N,https://info.nec.go.kr/electioninfo/candidate_detail_info.xhtml?electionId=0020260603&huboId=100164461,
100164413,정옥림,국민의힘,충청북도,단양군,기초의원 비례,9,1,1,Y,등록,69,19561116,없음,N,,,0,0원,0,0원,N,N,N,https://info.nec.go.kr/electioninfo/candidate_detail_info.xhtml?electionId=0020260603&huboId=100164413,
100164028,신정아,국민의힘,충청북도,보은군,기초의원 비례,9,1,1,Y,등록,50,19751027,없음,N,,,0,0원,0,0원,N,N,N,https://info.nec.go.kr/electioninfo/candidate_detail_info.xhtml?electionId=0020260603&huboId=100164028,
100165000,이은주,국민의힘,충청북도,영동군,기초의원 비례,9,1,1,Y,등록,61,19650524,없음,N,,,0,0원,0,0원,N,N,N,https://info.nec.go.kr/electioninfo/candidate_detail_info.xhtml?electionId=0020260603&huboId=100165000,
100164952,김경숙,국민의힘,충청북도,옥천군,기초의원 비례,9,1,1,Y,등록,54,19720325,없음,N,,,0,0원,0,0원,N,N,N,https://info.nec.go.kr/electioninfo/candidate_detail_info.xhtml?electionId=0020260603&huboId=100164952,
100164048,유순익,국민의힘,충청북도,음성군,기초의원 비례,9,1,1,Y,등록,65,19610310,없음,N,,,0,0원,0,0원,N,N,N,https://info.nec.go.kr/electioninfo/candidate_detail_info.xhtml?electionId=0020260603&huboId=100164048,
100164801,이경자,국민의힘,충청북도,제천시,기초의원 비례,9,1,2,Y,등록,57,19680610,없음,N,,,0,0원,0,0원,N,N,N,https://info.nec.go.kr/electioninfo/candidate_detail_info.xhtml?electionId=0020260603&huboId=100164801,
100164052,김은영,국민의힘,충청북도,증평군,기초의원 비례,9,1,1,Y,등록,60,19651020,1건,Y,식품·보건; 교육·청소년,"청소년보호법위반 / 1998-06-09 / 벌금2,000,000원",0,0원,0,0원,N,N,N,https://info.nec.go.kr/electioninfo/candidate_detail_info.xhtml?electionId=0020260603&huboId=100164052,https://info.nec.go.kr/unielec_pdf_file/20260603/open/Gsg4313/Hb100164052/junkwa/20260513175410531_12.PDF
100164281,최상미,국민의힘,충청북도,진천군,기초의원 비례,9,1,1,Y,등록,57,19680828,없음,N,,,4552,455만원,4552,455만원,Y,N,N,https://info.nec.go.kr/electioninfo/candidate_detail_info.xhtml?electionId=0020260603&huboId=100164281,
100164249,주베라,국민의힘,충청북도,청주시,기초의원 비례,9,1,5,Y,등록,39,19860828,없음,N,,,0,0원,0,0원,N,N,N,https://info.nec.go.kr/electioninfo/candidate_detail_info.xhtml?electionId=0020260603&huboId=100164249,
100164256,최익수,국민의힘,충청북도,청주시,기초의원 비례,9,2,5,Y,등록,46,19790821,2건,Y,음주·위험운전; 도로교통,"도로교통법위반(음주운전)도로교통법위반(음주운전)국민의힘 / 벌금1,000,000원",244,24만원,244,24만원,Y,N,N,https://info.nec.go.kr/electioninfo/candidate_detail_info.xhtml?electionId=0020260603&huboId=100164256,https://info.nec.go.kr/unielec_pdf_file/20260603/open/Gsg4301/Hb100164256/junkwa/20260514192927761_9.PDF
100164261,정윤희,국민의힘,충청북도,청주시,기초의원 비례,9,3,5,Y,등록,50,19760519,없음,N,,,0,0원,0,0원,N,N,N,https://info.nec.go.kr/electioninfo/candidate_detail_info.xhtml?electionId=0020260603&huboId=100164261,
100164118,김명진,국민의힘,충청북도,충주시,기초의원 비례,9,1,2,Y,등록,52,19730725,없음,N,,,0,0원,0,0원,N,N,N,https://info.nec.go.kr/electioninfo/candidate_detail_info.xhtml?electionId=0020260603&huboId=100164118,
100164119,강윤미,국민의힘,충청북도,충주시,기초의원 비례,9,2,2,Y,등록,48,19770710,없음,N,,,0,0원,0,0원,N,N,N,https://info.nec.go.kr/electioninfo/candidate_detail_info.xhtml?electionId=0020260603&huboId=100164119,
100165607,박영림,더불어민주당,강원특별자치도,강원특별자치도,광역의원 비례,8,1,7,Y,등록,63,19630405,없음,N,,,0,0원,0,0원,N,N,N,https://info.nec.go.kr/electioninfo/candidate_detail_info.xhtml?electionId=0020260603&huboId=100165607,
100165608,백소련,더불어민주당,강원특별자치도,강원특별자치도,광역의원 비례,8,2,7,Y,등록,55,19700722,없음,N,,,0,0원,0,0원,N,N,N,https://info.nec.go.kr/electioninfo/candidate_detail_info.xhtml?electionId=0020260603&huboId=100165608,
100165611,조수현,더불어민주당,강원특별자치도,강원특별자치도,광역의원 비례,8,3,7,Y,등록,41,19840813,없음,N,,,0,0원,0,0원,N,N,N,https://info.nec.go.kr/electioninfo/candidate_detail_info.xhtml?electionId=0020260603&huboId=100165611,
100165617,이영순,더불어민주당,강원특별자치도,강원특별자치도,광역의원 비례,8,4,7,Y,등록,69,19561025,없음,N,,,0,0원,0,0원,N,N,N,https://info.nec.go.kr/electioninfo/candidate_detail_info.xhtml?electionId=0020260603&huboId=100165617,
100165622,곽한나,더불어민주당,강원특별자치도,강원특별자치도,광역의원 비례,8,5,7,Y,등록,38,19880126,없음,N,,,0,0원,0,0원,N,N,N,https://info.nec.go.kr/electioninfo/candidate_detail_info.xhtml?electionId=0020260603&huboId=100165622,
100164330,서인하,더불어민주당,경기도,경기도,광역의원 비례,8,1,21,Y,등록,24,20010706,없음,N,,,0,0원,0,0원,N,N,N,https://info.nec.go.kr/electioninfo/candidate_detail_info.xhtml?electionId=0020260603&huboId=100164330,
100164340,김현덕,더불어민주당,경기도,경기도,광역의원 비례,8,2,21,Y,등록,66,19600512,없음,N,,,114,11만원,0,0원,Y,N,N,https://info.nec.go.kr/electioninfo/candidate_detail_info.xhtml?electionId=0020260603&huboId=100164340,
100164343,서혜진,더불어민주당,경기도,경기도,광역의원 비례,8,3,21,Y,등록,45,19801219,없음,N,,,0,0원,0,0원,N,N,N,https://info.nec.go.kr/electioninfo/candidate_detail_info.xhtml?electionId=0020260603&huboId=100164343,
100164345,윤진수,더불어민주당,경기도,경기도,광역의원 비례,8,4,21,Y,등록,57,19681112,없음,N,,,223,22만원,0,0원,Y,N,N,https://info.nec.go.kr/electioninfo/candidate_detail_info.xhtml?electionId=0020260603&huboId=100164345,
100164348,최혜경,더불어민주당,경기도,경기도,광역의원 비례,8,5,21,Y,등록,45,19800703,없음,N,,,0,0원,0,0원,N,N,N,https://info.nec.go.kr/electioninfo/candidate_detail_info.xhtml?electionId=0020260603&huboId=100164348,
100164350,지영일,더불어민주당,경기도,경기도,광역의원 비례,8,6,21,Y,등록,58,19680107,없음,N,,,0,0원,0,0원,N,N,N,https://info.nec.go.kr/electioninfo/candidate_detail_info.xhtml?electionId=0020260603&huboId=100164350,
100164353,김경숙,더불어민주당,경기도,경기도,광역의원 비례,8,7,21,Y,등록,61,19641206,없음,N,,,0,0원,0,0원,N,N,N,https://info.nec.go.kr/electioninfo/candidate_detail_info.xhtml?electionId=0020260603&huboId=100164353,
100164354,박정균,더불어민주당,경기도,경기도,광역의원 비례,8,8,21,Y,등록,65,19610318,없음,N,,,0,0원,0,0원,N,N,N,https://info.nec.go.kr/electioninfo/candidate_detail_info.xhtml?electionId=0020260603&huboId=100164354,
100164405,최순자,더불어민주당,경기도,경기도,광역의원 비례,8,9,21,Y,등록,62,19631019,없음,N,,,0,0원,0,0원,N,N,N,https://info.nec.go.kr/electioninfo/candidate_detail_info.xhtml?electionId=0020260603&huboId=100164405,
100164408,송연섭,더불어민주당,경기도,경기도,광역의원 비례,8,10,21,Y,등록,45,19800624,2건,Y,음주·위험운전; 도로교통,점부서류 / 2017-08-07,0,0원,0,0원,N,N,N,https://info.nec.go.kr/electioninfo/candidate_detail_info.xhtml?electionId=0020260603&huboId=100164408,https://info.nec.go.kr/unielec_pdf_file/20260603/open/Gsg4100/Hb100164408/junkwa/20260514202846342_8.PDF
100164412,이미정,더불어민주당,경기도,경기도,광역의원 비례,8,11,21,Y,등록,44,19810726,없음,N,,,0,0원,0,0원,N,N,N,https://info.nec.go.kr/electioninfo/candidate_detail_info.xhtml?electionId=0020260603&huboId=100164412,
100164415,김성기,더불어민주당,경기도,경기도,광역의원 비례,8,12,21,Y,등록,54,19711220,없음,N,,,0,0원,0,0원,N,N,N,https://info.nec.go.kr/electioninfo/candidate_detail_info.xhtml?electionId=0020260603&huboId=100164415,
100164417,장경임,더불어민주당,경기도,경기도,광역의원 비례,8,13,21,Y,등록,54,19720525,없음,N,,,0,0원,0,0원,N,N,N,https://info.nec.go.kr/electioninfo/candidate_detail_info.xhtml?electionId=0020260603&huboId=100164417,
100164418,경창수,더불어민주당,경기도,경기도,광역의원 비례,8,14,21,Y,등록,64,19611002,없음,N,,,0,0원,0,0원,N,N,N,https://info.nec.go.kr/electioninfo/candidate_detail_info.xhtml?electionId=0020260603&huboId=100164418,
100164547,박현주,더불어민주당,경상남도,경상남도,광역의원 비례,8,1,9,Y,등록,50,19750817,없음,N,,,0,0원,0,0원,N,N,N,https://info.nec.go.kr/electioninfo/candidate_detail_info.xhtml?electionId=0020260603&huboId=100164547,
100164554,장원혁,더불어민주당,경상남도,경상남도,광역의원 비례,8,2,9,Y,등록,57,19690528,없음,N,,,0,0원,0,0원,N,N,N,https://info.nec.go.kr/electioninfo/candidate_detail_info.xhtml?electionId=0020260603&huboId=100164554,
100164555,백정원,더불어민주당,경상남도,경상남도,광역의원 비례,8,3,9,Y,등록,44,19810905,없음,N,,,0,0원,0,0원,N,N,N,https://info.nec.go.kr/electioninfo/candidate_detail_info.xhtml?electionId=0020260603&huboId=100164555,
100164551,민호영,더불어민주당,경상남도,경상남도,광역의원 비례,8,4,9,Y,등록,57,19681205,3건,Y,공직선거법; 음주·위험운전; 도로교통,전과기록증명에관한제출서비례대표경상남도의회의선거구명원선기후보자성명더불어민주당전과기록국!호영공직선거및선거부정방지법위반도로교통법위반(음주운전)지방교육자치에관한법률위반,0,0원,0,0원,N,N,N,https://info.nec.go.kr/electioninfo/candidate_detail_info.xhtml?electionId=0020260603&huboId=100164551,https://info.nec.go.kr/unielec_pdf_file/20260603/open/Gsg4800/Hb100164551/junkwa/20260515175222271_8.PDF
100164553,안성숙,더불어민주당,경상남도,경상남도,광역의원 비례,8,5,9,Y,등록,73,19520622,없음,N,,,0,0원,0,0원,N,N,N,https://info.nec.go.kr/electioninfo/candidate_detail_info.xhtml?electionId=0020260603&huboId=100164553,
100164552,최영환,더불어민주당,경상남도,경상남도,광역의원 비례,8,6,9,Y,등록,53,19730421,없음,N,,,0,0원,0,0원,N,N,N,https://info.nec.go.kr/electioninfo/candidate_detail_info.xhtml?electionId=0020260603&huboId=100164552,
100164556,이선환,더불어민주당,경상남도,경상남도,광역의원 비례,8,7,9,Y,등록,64,19610609,없음,N,,,0,0원,0,0원,N,N,N,https://info.nec.go.kr/electioninfo/candidate_detail_info.xhtml?electionId=0020260603&huboId=100164556,
100165575,안일준,더불어민주당,경상남도,경상남도,광역의원 비례,8,8,9,Y,등록,58,19670907,1건,Y,교통사고,[별지제12호서식의(카)]선거명,0,0원,0,0원,N,N,N,https://info.nec.go.kr/electioninfo/candidate_detail_info.xhtml?electionId=0020260603&huboId=100165575,https://info.nec.go.kr/unielec_pdf_file/20260603/open/Gsg4800/Hb100165575/junkwa/20260515180848052_7.PDF
100165279,정숙경,더불어민주당,경상북도,경상북도,광역의원 비례,8,1,8,Y,등록,63,19630123,1건,Y,공무집행방해,공무집행방해 / 징역8월,0,0원,0,0원,N,N,N,https://info.nec.go.kr/electioninfo/candidate_detail_info.xhtml?electionId=0020260603&huboId=100165279,https://info.nec.go.kr/unielec_pdf_file/20260603/open/Gsg4700/Hb100165279/junkwa/20260514222023925_7.PDF
100165283,정용채,더불어민주당,경상북도,경상북도,광역의원 비례,8,2,8,Y,등록,64,19620318,3건,Y,폭력; 공무집행방해; 건축·건설·부동산,201412.04 / 2011-04-07,0,0원,0,0원,N,N,N,https://info.nec.go.kr/electioninfo/candidate_detail_info.xhtml?electionId=0020260603&huboId=100165283,https://info.nec.go.kr/unielec_pdf_file/20260603/open/Gsg4700/Hb100165283/junkwa/20260514222415659_7.PDF
100165293,장은주,더불어민주당,경상북도,경상북도,광역의원 비례,8,3,8,Y,등록,42,19830709,없음,N,,,0,0원,0,0원,N,N,N,https://info.nec.go.kr/electioninfo/candidate_detail_info.xhtml?electionId=0020260603&huboId=100165293,
100165301,성기수,더불어민주당,경상북도,경상북도,광역의원 비례,8,4,8,Y,등록,46,19790923,없음,N,,,0,0원,0,0원,N,N,N,https://info.nec.go.kr/electioninfo/candidate_detail_info.xhtml?electionId=0020260603&huboId=100165301,
100165304,김두래,더불어민주당,경상북도,경상북도,광역의원 비례,8,5,8,Y,등록,30,19960119,없음,N,,,0,0원,0,0원,N,N,N,https://info.nec.go.kr/electioninfo/candidate_detail_info.xhtml?electionId=0020260603&huboId=100165304,
100165206,이순화,더불어민주당,광주광역시,전남광주통합특별시,광역의원 비례,8,1,12,Y,등록,64,19611124,없음,N,,,0,0원,0,0원,N,N,N,https://info.nec.go.kr/electioninfo/candidate_detail_info.xhtml?electionId=0020260603&huboId=100165206,
100165186,박민영,더불어민주당,광주광역시,전남광주통합특별시,광역의원 비례,8,2,12,Y,등록,34,19920508,없음,N,,,0,0원,0,0원,N,N,N,https://info.nec.go.kr/electioninfo/candidate_detail_info.xhtml?electionId=0020260603&huboId=100165186,
100165215,박은정,더불어민주당,광주광역시,전남광주통합특별시,광역의원 비례,8,3,12,Y,등록,48,19771226,없음,N,,,0,0원,0,0원,N,N,N,https://info.nec.go.kr/electioninfo/candidate_detail_info.xhtml?electionId=0020260603&huboId=100165215,
100165196,박진한,더불어민주당,광주광역시,전남광주통합특별시,광역의원 비례,8,4,12,Y,등록,39,19870517,1건,Y,음주·위험운전; 도로교통,"도로교통법위반 / 2015-06-09 / 벌금5,000,000원",0,0원,0,0원,N,N,N,https://info.nec.go.kr/electioninfo/candidate_detail_info.xhtml?electionId=0020260603&huboId=100165196,https://info.nec.go.kr/unielec_pdf_file/20260603/open/Gsg2900/Hb100165196/junkwa/20260515132240575_7.PDF
100165224,이은정,더불어민주당,광주광역시,전남광주통합특별시,광역의원 비례,8,5,12,Y,등록,56,19700204,없음,N,,,0,0원,0,0원,N,N,N,https://info.nec.go.kr/electioninfo/candidate_detail_info.xhtml?electionId=0020260603&huboId=100165224,
100165212,박정선,더불어민주당,광주광역시,전남광주통합특별시,광역의원 비례,8,6,12,Y,등록,57,19681105,없음,N,,,0,0원,0,0원,N,N,N,https://info.nec.go.kr/electioninfo/candidate_detail_info.xhtml?electionId=0020260603&huboId=100165212,
100165232,문애준,더불어민주당,광주광역시,전남광주통합특별시,광역의원 비례,8,7,12,Y,등록,58,19670720,없음,N,,,0,0원,0,0원,N,N,N,https://info.nec.go.kr/electioninfo/candidate_detail_info.xhtml?electionId=0020260603&huboId=100165232,
100165222,박만,더불어민주당,광주광역시,전남광주통합특별시,광역의원 비례,8,8,12,Y,등록,47,19790411,1건,Y,음주·위험운전; 도로교통,도로교통법위반(음주운전 / 2013-11-15,0,0원,0,0원,N,N,N,https://info.nec.go.kr/electioninfo/candidate_detail_info.xhtml?electionId=0020260603&huboId=100165222,https://info.nec.go.kr/unielec_pdf_file/20260603/open/Gsg2900/Hb100165222/junkwa/20260515140824380_9.PDF
100165236,정다현,더불어민주당,광주광역시,전남광주통합특별시,광역의원 비례,8,9,12,Y,등록,57,19680920,없음,N,,,0,0원,0,0원,N,N,N,https://info.nec.go.kr/electioninfo/candidate_detail_info.xhtml?electionId=0020260603&huboId=100165236,
100165230,김동권,더불어민주당,광주광역시,전남광주통합특별시,광역의원 비례,8,10,12,Y,등록,44,19811003,1건,Y,폭력,"폭력행위등처벌에관한법 / 2003-12-02 / 벌금3,000,000원",0,0원,0,0원,N,N,N,https://info.nec.go.kr/electioninfo/candidate_detail_info.xhtml?electionId=0020260603&huboId=100165230,https://info.nec.go.kr/unielec_pdf_file/20260603/open/Gsg2900/Hb100165230/junkwa/20260515142135672_7.PDF
100164120,박정희,더불어민주당,대구광역시,대구광역시,광역의원 비례,8,1,5,Y,등록,56,19691109,없음,N,,,0,0원,0,0원,N,N,N,https://info.nec.go.kr/electioninfo/candidate_detail_info.xhtml?electionId=0020260603&huboId=100164120,
100164121,최완식,더불어민주당,대구광역시,대구광역시,광역의원 비례,8,2,5,Y,등록,49,19770210,없음,N,,,0,0원,0,0원,N,N,N,https://info.nec.go.kr/electioninfo/candidate_detail_info.xhtml?electionId=0020260603&huboId=100164121,
100165153,민향기,더불어민주당,대전광역시,대전광역시,광역의원 비례,8,1,3,Y,등록,65,19600710,1건,Y,교통사고,교통사고처리특례법위반 / 2020.124 / 벌금150만원,0,0원,0,0원,N,N,N,https://info.nec.go.kr/electioninfo/candidate_detail_info.xhtml?electionId=0020260603&huboId=100165153,https://info.nec.go.kr/unielec_pdf_file/20260603/open/Gsg3000/Hb100165153/junkwa/20260515134832965_9.PDF
100164523,장형순,더불어민주당,대전광역시,대전광역시,광역의원 비례,8,2,3,Y,등록,73,19521222,없음,N,,,0,0원,0,0원,N,N,N,https://info.nec.go.kr/electioninfo/candidate_detail_info.xhtml?electionId=0020260603&huboId=100164523,
100164532,조효경,더불어민주당,대전광역시,대전광역시,광역의원 비례,8,3,3,Y,등록,51,19750604,없음,N,,,0,0원,0,0원,N,N,N,https://info.nec.go.kr/electioninfo/candidate_detail_info.xhtml?electionId=0020260603&huboId=100164532,
100164679,김정원,더불어민주당,부산광역시,부산광역시,광역의원 비례,8,1,6,Y,등록,41,19850416,없음,N,,,0,0원,0,0원,N,N,N,https://info.nec.go.kr/electioninfo/candidate_detail_info.xhtml?electionId=0020260603&huboId=100164679,
100164681,조용우,더불어민주당,부산광역시,부산광역시,광역의원 비례,8,2,6,Y,등록,59,19670312,3건,Y,공직선거법; 음주·위험운전; 폭력; 공무집행방해; 도로교통; 집시법,전과기록증명에관한제출서비례대표부산광역시의회선거구명의원선거더불어민주당후보자성명전과기록형량(처분결과)특수공무집행방해치상특수공무집행방해치사폭력행위등처벌에관한법률위반집회및시위에관한법률위반도로교통법위반(음주운전)공직선거법위반,0,0원,0,0원,N,N,N,https://info.nec.go.kr/electioninfo/candidate_detail_info.xhtml?electionId=0020260603&huboId=100164681,https://info.nec.go.kr/unielec_pdf_file/20260603/open/Gsg2600/Hb100164681/junkwa/20260514193907938_7.PDF
100164682,남명숙,더불어민주당,부산광역시,부산광역시,광역의원 비례,8,3,6,Y,등록,66,19590806,없음,N,,,0,0원,0,0원,N,N,N,https://info.nec.go.kr/electioninfo/candidate_detail_info.xhtml?electionId=0020260603&huboId=100164682,
100164683,권기흥,더불어민주당,부산광역시,부산광역시,광역의원 비례,8,4,6,Y,등록,40,19850611,없음,N,,,0,0원,0,0원,N,N,N,https://info.nec.go.kr/electioninfo/candidate_detail_info.xhtml?electionId=0020260603&huboId=100164683,
100164687,이진실,더불어민주당,부산광역시,부산광역시,광역의원 비례,8,5,6,Y,등록,57,19690207,없음,N,,,0,0원,0,0원,N,N,N,https://info.nec.go.kr/electioninfo/candidate_detail_info.xhtml?electionId=0020260603&huboId=100164687,
100164689,이종준,더불어민주당,부산광역시,부산광역시,광역의원 비례,8,6,6,Y,등록,58,19670812,없음,N,,,0,0원,0,0원,N,N,N,https://info.nec.go.kr/electioninfo/candidate_detail_info.xhtml?electionId=0020260603&huboId=100164689,
100164598,이인애,더불어민주당,서울특별시,서울특별시,광역의원 비례,8,1,15,Y,등록,30,19950628,없음,N,,,0,0원,0,0원,N,N,N,https://info.nec.go.kr/electioninfo/candidate_detail_info.xhtml?electionId=0020260603&huboId=100164598,
100164601,함대건,더불어민주당,서울특별시,서울특별시,광역의원 비례,8,2,15,Y,등록,37,19890130,없음,N,,,0,0원,0,0원,N,N,N,https://info.nec.go.kr/electioninfo/candidate_detail_info.xhtml?electionId=0020260603&huboId=100164601,
100164604,송윤정,더불어민주당,서울특별시,서울특별시,광역의원 비례,8,3,15,Y,등록,41,19850113,없음,N,,,0,0원,0,0원,N,N,N,https://info.nec.go.kr/electioninfo/candidate_detail_info.xhtml?electionId=0020260603&huboId=100164604,
100164606,유주동,더불어민주당,서울특별시,서울특별시,광역의원 비례,8,4,15,Y,등록,52,19730720,1건,Y,음주·위험운전; 도로교통,"도로교통법위반(음주운전) / 벌금1,500,000원",0,0원,0,0원,N,N,N,https://info.nec.go.kr/electioninfo/candidate_detail_info.xhtml?electionId=0020260603&huboId=100164606,https://info.nec.go.kr/unielec_pdf_file/20260603/open/Gsg1100/Hb100164606/junkwa/20260514225917130_9.PDF
100164608,허윤정,더불어민주당,서울특별시,서울특별시,광역의원 비례,8,5,15,Y,등록,58,19670806,1건,Y,음주·위험운전; 도로교통,"전과기록증명에관한제출서비례대표선거구명서울특별시의회의원선거더불어민주당후보자성명도로교통법위반(음주운전)전과기록형량(처분결과)벌금기500,000원",380,38만원,0,0원,Y,N,N,https://info.nec.go.kr/electioninfo/candidate_detail_info.xhtml?electionId=0020260603&huboId=100164608,https://info.nec.go.kr/unielec_pdf_file/20260603/open/Gsg1100/Hb100164608/junkwa/20260514174308521_8.PDF
100164641,장세훈,더불어민주당,서울특별시,서울특별시,광역의원 비례,8,6,15,Y,등록,66,19590815,없음,N,,,0,0원,0,0원,N,N,N,https://info.nec.go.kr/electioninfo/candidate_detail_info.xhtml?electionId=0020260603&huboId=100164641,
100164643,최정은,더불어민주당,서울특별시,서울특별시,광역의원 비례,8,7,15,Y,등록,44,19811107,없음,N,,,0,0원,0,0원,N,N,N,https://info.nec.go.kr/electioninfo/candidate_detail_info.xhtml?electionId=0020260603&huboId=100164643,
100164644,한기성,더불어민주당,서울특별시,서울특별시,광역의원 비례,8,8,15,Y,등록,51,19750410,없음,N,,,0,0원,0,0원,N,N,N,https://info.nec.go.kr/electioninfo/candidate_detail_info.xhtml?electionId=0020260603&huboId=100164644,
100164669,송지현,더불어민주당,서울특별시,서울특별시,광역의원 비례,8,9,15,Y,등록,57,19690318,없음,N,,,0,0원,0,0원,N,N,N,https://info.nec.go.kr/electioninfo/candidate_detail_info.xhtml?electionId=0020260603&huboId=100164669,
100164672,김광수,더불어민주당,서울특별시,서울특별시,광역의원 비례,8,10,15,Y,등록,58,19671119,없음,N,,,0,0원,0,0원,N,N,N,https://info.nec.go.kr/electioninfo/candidate_detail_info.xhtml?electionId=0020260603&huboId=100164672,
100164673,강민숙,더불어민주당,서울특별시,서울특별시,광역의원 비례,8,11,15,Y,등록,64,19620416,없음,N,,,0,0원,0,0원,N,N,N,https://info.nec.go.kr/electioninfo/candidate_detail_info.xhtml?electionId=0020260603&huboId=100164673,
100164675,김영웅,더불어민주당,서울특별시,서울특별시,광역의원 비례,8,12,15,Y,등록,45,19801011,없음,N,,,0,0원,0,0원,N,N,N,https://info.nec.go.kr/electioninfo/candidate_detail_info.xhtml?electionId=0020260603&huboId=100164675,
100164684,정윤경,더불어민주당,서울특별시,서울특별시,광역의원 비례,8,13,15,Y,등록,49,19761125,없음,N,,,0,0원,0,0원,N,N,N,https://info.nec.go.kr/electioninfo/candidate_detail_info.xhtml?electionId=0020260603&huboId=100164684,
100164686,김옥란,더불어민주당,서울특별시,서울특별시,광역의원 비례,8,14,15,Y,등록,37,19880914,없음,N,,,0,0원,0,0원,N,N,N,https://info.nec.go.kr/electioninfo/candidate_detail_info.xhtml?electionId=0020260603&huboId=100164686,
100164147,김명숙,더불어민주당,세종특별자치시,세종특별자치시,광역의원 비례,8,1,3,Y,등록,52,19730807,1건,Y,건축·건설·부동산,"전과기록증명에관한제출서비례대표세종특별자치시선거구명의회의원선거더불어민주당후보자성명전과기록형량(처분결과)부동산등기특별조치법위반벌금5,000,000원국토의계획및이용에관한법률위반 / 벌금5,000,000원",0,0원,0,0원,N,N,N,https://info.nec.go.kr/electioninfo/candidate_detail_info.xhtml?electionId=0020260603&huboId=100164147,https://info.nec.go.kr/unielec_pdf_file/20260603/open/Gsg5100/Hb100164147/junkwa/20260513172739637_9.PDF
100164149,강해정,더불어민주당,세종특별자치시,세종특별자치시,광역의원 비례,8,2,3,Y,등록,65,19610114,없음,N,,,0,0원,0,0원,N,N,N,https://info.nec.go.kr/electioninfo/candidate_detail_info.xhtml?electionId=0020260603&huboId=100164149,
100164034,허희정,더불어민주당,울산광역시,울산광역시,광역의원 비례,8,1,3,Y,등록,53,19721225,1건,Y,정치자금법; 공직선거법,정치자금법위반공직선거법위반 / 벌금300만원,0,0원,0,0원,N,N,N,https://info.nec.go.kr/electioninfo/candidate_detail_info.xhtml?electionId=0020260603&huboId=100164034,https://info.nec.go.kr/unielec_pdf_file/20260603/open/Gsg3100/Hb100164034/junkwa/20260513214033292_4.PDF
100164038,김태우,더불어민주당,울산광역시,울산광역시,광역의원 비례,8,2,3,Y,등록,40,19860530,없음,N,,,0,0원,0,0원,N,N,N,https://info.nec.go.kr/electioninfo/candidate_detail_info.xhtml?electionId=0020260603&huboId=100164038,
100164075,성현정,더불어민주당,울산광역시,울산광역시,광역의원 비례,8,3,3,Y,등록,54,19720217,없음,N,,,0,0원,0,0원,N,N,N,https://info.nec.go.kr/electioninfo/candidate_detail_info.xhtml?electionId=0020260603&huboId=100164075,
100165035,방지현,더불어민주당,인천광역시,인천광역시,광역의원 비례,8,1,6,Y,등록,48,19780123,없음,N,,,3046,304만원,0,0원,Y,N,N,https://info.nec.go.kr/electioninfo/candidate_detail_info.xhtml?electionId=0020260603&huboId=100165035,
100165082,오현식,더불어민주당,인천광역시,인천광역시,광역의원 비례,8,2,6,Y,등록,40,19860228,없음,N,,,0,0원,0,0원,N,N,N,https://info.nec.go.kr/electioninfo/candidate_detail_info.xhtml?electionId=0020260603&huboId=100165082,
100165259,정선영,더불어민주당,인천광역시,인천광역시,광역의원 비례,8,3,6,Y,등록,59,19670228,없음,N,,,0,0원,0,0원,N,N,N,https://info.nec.go.kr/electioninfo/candidate_detail_info.xhtml?electionId=0020260603&huboId=100165259,
100165292,박영목,더불어민주당,인천광역시,인천광역시,광역의원 비례,8,4,6,Y,등록,60,19660221,없음,N,,,0,0원,0,0원,N,N,N,https://info.nec.go.kr/electioninfo/candidate_detail_info.xhtml?electionId=0020260603&huboId=100165292,
100165319,최은경,더불어민주당,인천광역시,인천광역시,광역의원 비례,8,5,6,Y,등록,60,19651008,1건,Y,식품·보건,"약사법위반 / 벌금1,000,000원",0,0원,0,0원,N,N,N,https://info.nec.go.kr/electioninfo/candidate_detail_info.xhtml?electionId=0020260603&huboId=100165319,https://info.nec.go.kr/unielec_pdf_file/20260603/open/Gsg2800/Hb100165319/junkwa/20260514174753815_9.PDF
100165339,이순종,더불어민주당,인천광역시,인천광역시,광역의원 비례,8,6,6,Y,등록,58,19670921,1건,Y,,,0,0원,0,0원,N,N,N,https://info.nec.go.kr/electioninfo/candidate_detail_info.xhtml?electionId=0020260603&huboId=100165339,https://info.nec.go.kr/unielec_pdf_file/20260603/open/Gsg2800/Hb100165339/junkwa/20260515100221647_7.PDF
100165654,윤해아,더불어민주당,전북특별자치도,전북특별자치도,광역의원 비례,8,1,6,Y,등록,26,19990711,없음,N,,,0,0원,0,0원,N,N,N,https://info.nec.go.kr/electioninfo/candidate_detail_info.xhtml?electionId=0020260603&huboId=100165654,
100165656,박수형,더불어민주당,전북특별자치도,전북특별자치도,광역의원 비례,8,2,6,Y,등록,35,19901025,없음,N,,,0,0원,0,0원,N,N,N,https://info.nec.go.kr/electioninfo/candidate_detail_info.xhtml?electionId=0020260603&huboId=100165656,
100165658,강정희,더불어민주당,전북특별자치도,전북특별자치도,광역의원 비례,8,3,6,Y,등록,58,19671220,없음,N,,,0,0원,0,0원,N,N,N,https://info.nec.go.kr/electioninfo/candidate_detail_info.xhtml?electionId=0020260603&huboId=100165658,
100165660,박병철,더불어민주당,전북특별자치도,전북특별자치도,광역의원 비례,8,4,6,Y,등록,56,19690913,1건,Y,음주·위험운전; 도로교통,도로교통법위반(음주운전),0,0원,0,0원,N,N,N,https://info.nec.go.kr/electioninfo/candidate_detail_info.xhtml?electionId=0020260603&huboId=100165660,https://info.nec.go.kr/unielec_pdf_file/20260603/open/Gsg5300/Hb100165660/junkwa/20260515162111871_11.PDF
100165664,안용주,더불어민주당,전북특별자치도,전북특별자치도,광역의원 비례,8,5,6,Y,등록,59,19670206,없음,N,,,0,0원,0,0원,N,N,N,https://info.nec.go.kr/electioninfo/candidate_detail_info.xhtml?electionId=0020260603&huboId=100165664,
100165667,송승룡,더불어민주당,전북특별자치도,전북특별자치도,광역의원 비례,8,6,6,Y,등록,49,19761230,없음,N,,,0,0원,0,0원,N,N,N,https://info.nec.go.kr/electioninfo/candidate_detail_info.xhtml?electionId=0020260603&huboId=100165667,
100165479,박지은,더불어민주당,제주특별자치도,제주특별자치도,광역의원 비례,8,1,13,Y,등록,44,19820211,없음,N,,,0,0원,0,0원,N,N,N,https://info.nec.go.kr/electioninfo/candidate_detail_info.xhtml?electionId=0020260603&huboId=100165479,
100165485,임혜주,더불어민주당,제주특별자치도,제주특별자치도,광역의원 비례,8,2,13,Y,등록,51,19740726,없음,N,,,0,0원,0,0원,N,N,N,https://info.nec.go.kr/electioninfo/candidate_detail_info.xhtml?electionId=0020260603&huboId=100165485,
100165486,정다운,더불어민주당,제주특별자치도,제주특별자치도,광역의원 비례,8,3,13,Y,등록,38,19870815,없음,N,,,0,0원,0,0원,N,N,N,https://info.nec.go.kr/electioninfo/candidate_detail_info.xhtml?electionId=0020260603&huboId=100165486,
100165487,고석준,더불어민주당,제주특별자치도,제주특별자치도,광역의원 비례,8,4,13,Y,등록,52,19740516,1건,Y,음주·위험운전; 도로교통,"도로교통법위반(음주운전) / 벌금1,000,000원",0,0원,0,0원,N,N,N,https://info.nec.go.kr/electioninfo/candidate_detail_info.xhtml?electionId=0020260603&huboId=100165487,https://info.nec.go.kr/unielec_pdf_file/20260603/open/Gsg4900/Hb100165487/junkwa/20260515145638558_9.PDF
100165488,장희순,더불어민주당,제주특별자치도,제주특별자치도,광역의원 비례,8,5,13,Y,등록,62,19631218,1건,Y,교통사고,교통사고처리특례법위반 / 2009-12-14,0,0원,0,0원,N,N,N,https://info.nec.go.kr/electioninfo/candidate_detail_info.xhtml?electionId=0020260603&huboId=100165488,https://info.nec.go.kr/unielec_pdf_file/20260603/open/Gsg4900/Hb100165488/junkwa/20260515145730320_9.PDF
100165489,오경남,더불어민주당,제주특별자치도,제주특별자치도,광역의원 비례,8,6,13,Y,등록,42,19830803,없음,N,,,0,0원,0,0원,N,N,N,https://info.nec.go.kr/electioninfo/candidate_detail_info.xhtml?electionId=0020260603&huboId=100165489,
100165490,강영아,더불어민주당,제주특별자치도,제주특별자치도,광역의원 비례,8,7,13,Y,등록,51,19740717,1건,Y,,"정보통신1망이용촉진및정보보호 / 2006-11-29 / 벌금3,000,000원",763,76만원,0,0원,Y,N,N,https://info.nec.go.kr/electioninfo/candidate_detail_info.xhtml?electionId=0020260603&huboId=100165490,https://info.nec.go.kr/unielec_pdf_file/20260603/open/Gsg4900/Hb100165490/junkwa/20260515154537968_10.PDF
100165491,임찬기,더불어민주당,제주특별자치도,제주특별자치도,광역의원 비례,8,8,13,Y,등록,58,19680430,2건,Y,공직선거법; 도로교통,20134.19 / 1997-09-18,0,0원,0,0원,N,N,N,https://info.nec.go.kr/electioninfo/candidate_detail_info.xhtml?electionId=0020260603&huboId=100165491,https://info.nec.go.kr/unielec_pdf_file/20260603/open/Gsg4900/Hb100165491/junkwa/20260515145921027_8.PDF
100165492,허보양,더불어민주당,제주특별자치도,제주특별자치도,광역의원 비례,8,9,13,Y,등록,56,19691202,없음,N,,,0,0원,0,0원,N,N,N,https://info.nec.go.kr/electioninfo/candidate_detail_info.xhtml?electionId=0020260603&huboId=100165492,
100165493,이현철,더불어민주당,제주특별자치도,제주특별자치도,광역의원 비례,8,10,13,Y,등록,49,19761021,없음,N,,,55924,"5,592만원",0,0원,Y,N,N,https://info.nec.go.kr/electioninfo/candidate_detail_info.xhtml?electionId=0020260603&huboId=100165493,
100165494,문영희,더불어민주당,제주특별자치도,제주특별자치도,광역의원 비례,8,11,13,Y,등록,62,19630710,1건,Y,음주·위험운전; 도로교통,도로교통법위반(음주운전 / 2018-06-07,0,0원,0,0원,N,N,N,https://info.nec.go.kr/electioninfo/candidate_detail_info.xhtml?electionId=0020260603&huboId=100165494,https://info.nec.go.kr/unielec_pdf_file/20260603/open/Gsg4900/Hb100165494/junkwa/20260515150111280_8.PDF
100165495,강인철,더불어민주당,제주특별자치도,제주특별자치도,광역의원 비례,8,12,13,Y,등록,58,19670918,1건,Y,공무집행방해; 집시법,전과기록형량(처분결과)-특수공무집행방해치상-집회및시위에관한법률위반징역10월집행유예1년-화염병사용등의처벌에관한법률위반 / 징역10월집행유예1년,0,0원,0,0원,N,N,N,https://info.nec.go.kr/electioninfo/candidate_detail_info.xhtml?electionId=0020260603&huboId=100165495,https://info.nec.go.kr/unielec_pdf_file/20260603/open/Gsg4900/Hb100165495/junkwa/20260515150207903_8.PDF
100165496,오신정,더불어민주당,제주특별자치도,제주특별자치도,광역의원 비례,8,13,13,Y,등록,54,19711020,없음,N,,,0,0원,0,0원,N,N,N,https://info.nec.go.kr/electioninfo/candidate_detail_info.xhtml?electionId=0020260603&huboId=100165496,
100164713,이선,더불어민주당,충청남도,충청남도,광역의원 비례,8,1,7,Y,등록,46,19800514,없음,N,,,0,0원,0,0원,N,N,N,https://info.nec.go.kr/electioninfo/candidate_detail_info.xhtml?electionId=0020260603&huboId=100164713,
100164715,전형준,더불어민주당,충청남도,충청남도,광역의원 비례,8,2,7,Y,등록,39,19870302,1건,Y,공직선거법; 폭력,『공직선거법』 / 2018-08-29,0,0원,0,0원,N,N,N,https://info.nec.go.kr/electioninfo/candidate_detail_info.xhtml?electionId=0020260603&huboId=100164715,https://info.nec.go.kr/unielec_pdf_file/20260603/open/Gsg4400/Hb100164715/junkwa/20260514142828665_7.PDF
100164717,박유경,더불어민주당,충청남도,충청남도,광역의원 비례,8,3,7,Y,등록,53,19720728,없음,N,,,0,0원,0,0원,N,N,N,https://info.nec.go.kr/electioninfo/candidate_detail_info.xhtml?electionId=0020260603&huboId=100164717,
100164720,설미경,더불어민주당,충청남도,충청남도,광역의원 비례,8,4,7,Y,등록,54,19720226,없음,N,,,6759,675만원,0,0원,Y,N,N,https://info.nec.go.kr/electioninfo/candidate_detail_info.xhtml?electionId=0020260603&huboId=100164720,
100164296,박희남,더불어민주당,충청북도,충청북도,광역의원 비례,8,1,5,Y,등록,60,19650820,1건,Y,식품·보건,"식품위생법위반 / 벌금1,000,000원",0,0원,0,0원,N,N,N,https://info.nec.go.kr/electioninfo/candidate_detail_info.xhtml?electionId=0020260603&huboId=100164296,https://info.nec.go.kr/unielec_pdf_file/20260603/open/Gsg4300/Hb100164296/junkwa/20260513201824549_9.PDF
100164320,엄문섭,더불어민주당,충청북도,충청북도,광역의원 비례,8,2,5,Y,등록,60,19660525,2건,Y,음주·위험운전; 무면허운전; 도로교통,,0,0원,0,0원,N,N,N,https://info.nec.go.kr/electioninfo/candidate_detail_info.xhtml?electionId=0020260603&huboId=100164320,https://info.nec.go.kr/unielec_pdf_file/20260603/open/Gsg4300/Hb100164320/junkwa/20260513203905440_7.PDF
100164294,허영옥,더불어민주당,충청북도,충청북도,광역의원 비례,8,3,5,Y,등록,68,19570827,1건,Y,교육·청소년,"더불어민주당 / 2011-05-12 / 벌금6,000,000원",0,0원,0,0원,N,N,N,https://info.nec.go.kr/electioninfo/candidate_detail_info.xhtml?electionId=0020260603&huboId=100164294,https://info.nec.go.kr/unielec_pdf_file/20260603/open/Gsg4300/Hb100164294/junkwa/20260513202138209_1.PDF
100164300,하정애,더불어민주당,충청북도,충청북도,광역의원 비례,8,4,5,Y,등록,59,19670305,없음,N,,,0,0원,0,0원,N,N,N,https://info.nec.go.kr/electioninfo/candidate_detail_info.xhtml?electionId=0020260603&huboId=100164300,
100164272,권은숙,더불어민주당,강원특별자치도,강릉시,기초의원 비례,9,1,2,Y,등록,52,19740523,없음,N,,,0,0원,0,0원,N,N,N,https://info.nec.go.kr/electioninfo/candidate_detail_info.xhtml?electionId=0020260603&huboId=100164272,
100164273,정준민,더불어민주당,강원특별자치도,강릉시,기초의원 비례,9,2,2,Y,등록,65,19600613,없음,N,,,0,0원,0,0원,N,N,N,https://info.nec.go.kr/electioninfo/candidate_detail_info.xhtml?electionId=0020260603&huboId=100164273,
100164428,정영애,더불어민주당,강원특별자치도,고성군,기초의원 비례,9,1,1,Y,등록,66,19590901,6건,Y,식품·보건; 건축·건설·부동산,개발제한구역의지정및관리에관한벌금삼백만원특별조치법위반개발제한구역의지정및관리에관한 / 2008-10-23 / 징역4월집행유예1년,0,0원,0,0원,N,N,N,https://info.nec.go.kr/electioninfo/candidate_detail_info.xhtml?electionId=0020260603&huboId=100164428,https://info.nec.go.kr/unielec_pdf_file/20260603/open/Gsg5209/Hb100164428/junkwa/20260514175627007_8.PDF
100164398,유영선,더불어민주당,강원특별자치도,동해시,기초의원 비례,9,1,1,Y,등록,41,19841012,없음,N,,,0,0원,0,0원,N,N,N,https://info.nec.go.kr/electioninfo/candidate_detail_info.xhtml?electionId=0020260603&huboId=100164398,
100164282,최희선,더불어민주당,강원특별자치도,삼척시,기초의원 비례,9,1,1,Y,등록,55,19700921,없음,N,,,0,0원,0,0원,N,N,N,https://info.nec.go.kr/electioninfo/candidate_detail_info.xhtml?electionId=0020260603&huboId=100164282,
100165024,지수아,더불어민주당,강원특별자치도,속초시,기초의원 비례,9,1,1,Y,등록,47,19781003,없음,N,,,0,0원,0,0원,N,N,N,https://info.nec.go.kr/electioninfo/candidate_detail_info.xhtml?electionId=0020260603&huboId=100165024,
100165243,배종화,더불어민주당,강원특별자치도,양구군,기초의원 비례,9,1,1,Y,등록,67,19590109,없음,N,,,119,11만원,0,0원,Y,N,N,https://info.nec.go.kr/electioninfo/candidate_detail_info.xhtml?electionId=0020260603&huboId=100165243,
100164377,신인옥,더불어민주당,강원특별자치도,양양군,기초의원 비례,9,1,1,Y,등록,55,19710503,없음,N,,,0,0원,0,0원,N,N,N,https://info.nec.go.kr/electioninfo/candidate_detail_info.xhtml?electionId=0020260603&huboId=100164377,
100164060,김미희,더불어민주당,강원특별자치도,영월군,기초의원 비례,9,1,1,Y,등록,66,19600331,없음,N,,,0,0원,0,0원,N,N,N,https://info.nec.go.kr/electioninfo/candidate_detail_info.xhtml?electionId=0020260603&huboId=100164060,
100164362,박필여,더불어민주당,강원특별자치도,원주시,기초의원 비례,9,1,3,Y,등록,63,19630526,없음,N,,,0,0원,0,0원,N,N,N,https://info.nec.go.kr/electioninfo/candidate_detail_info.xhtml?electionId=0020260603&huboId=100164362,
100164368,김기민,더불어민주당,강원특별자치도,원주시,기초의원 비례,9,2,3,Y,등록,61,19641102,없음,N,,,0,0원,0,0원,N,N,N,https://info.nec.go.kr/electioninfo/candidate_detail_info.xhtml?electionId=0020260603&huboId=100164368,
100164156,정옥수,더불어민주당,강원특별자치도,인제군,기초의원 비례,9,1,1,Y,등록,59,19670408,없음,N,,,0,0원,0,0원,N,N,N,https://info.nec.go.kr/electioninfo/candidate_detail_info.xhtml?electionId=0020260603&huboId=100164156,
100164103,김미숙,더불어민주당,강원특별자치도,정선군,기초의원 비례,9,1,1,Y,등록,60,19660403,없음,N,,,0,0원,0,0원,N,N,N,https://info.nec.go.kr/electioninfo/candidate_detail_info.xhtml?electionId=0020260603&huboId=100164103,
100164440,김명숙,더불어민주당,강원특별자치도,철원군,기초의원 비례,9,1,1,Y,등록,68,19570805,없음,N,,,0,0원,0,0원,N,N,N,https://info.nec.go.kr/electioninfo/candidate_detail_info.xhtml?electionId=0020260603&huboId=100164440,
100164044,박인옥,더불어민주당,강원특별자치도,춘천시,기초의원 비례,9,1,3,Y,등록,39,19860928,없음,N,,,0,0원,0,0원,N,N,N,https://info.nec.go.kr/electioninfo/candidate_detail_info.xhtml?electionId=0020260603&huboId=100164044,
100164051,변용대,더불어민주당,강원특별자치도,춘천시,기초의원 비례,9,2,3,Y,등록,26,19990827,없음,N,,,0,0원,0,0원,N,N,N,https://info.nec.go.kr/electioninfo/candidate_detail_info.xhtml?electionId=0020260603&huboId=100164051,
100164903,최재순,더불어민주당,강원특별자치도,태백시,기초의원 비례,9,1,1,Y,등록,63,19630321,1건,Y,교통사고,,0,0원,0,0원,N,N,N,https://info.nec.go.kr/electioninfo/candidate_detail_info.xhtml?electionId=0020260603&huboId=100164903,https://info.nec.go.kr/unielec_pdf_file/20260603/open/Gsg5206/Hb100164903/junkwa/20260514145332698_7.PDF
100164018,김복준,더불어민주당,강원특별자치도,평창군,기초의원 비례,9,1,1,Y,등록,61,19641021,없음,N,,,283,28만원,0,0원,Y,N,N,https://info.nec.go.kr/electioninfo/candidate_detail_info.xhtml?electionId=0020260603&huboId=100164018,
100164212,장수정,더불어민주당,강원특별자치도,홍천군,기초의원 비례,9,1,1,Y,등록,47,19790129,없음,N,,,0,0원,0,0원,N,N,N,https://info.nec.go.kr/electioninfo/candidate_detail_info.xhtml?electionId=0020260603&huboId=100164212,
100164054,신승연,더불어민주당,강원특별자치도,화천군,기초의원 비례,9,1,1,Y,등록,34,19920519,없음,N,,,0,0원,0,0원,N,N,N,https://info.nec.go.kr/electioninfo/candidate_detail_info.xhtml?electionId=0020260603&huboId=100164054,
100164539,임유정,더불어민주당,강원특별자치도,횡성군,기초의원 비례,9,1,1,Y,등록,50,19751116,없음,N,,,0,0원,0,0원,N,N,N,https://info.nec.go.kr/electioninfo/candidate_detail_info.xhtml?electionId=0020260603&huboId=100164539,
100164540,이동수,더불어민주당,강원특별자치도,횡성군,기초의원 비례,9,2,1,N,등록,31,19940728,없음,N,,,0,0원,0,0원,N,N,N,https://info.nec.go.kr/electioninfo/candidate_detail_info.xhtml?electionId=0020260603&huboId=100164540,
100165696,최훈희,더불어민주당,경기도,가평군,기초의원 비례,9,1,1,Y,등록,54,19720122,없음,N,,,0,0원,0,0원,N,N,N,https://info.nec.go.kr/electioninfo/candidate_detail_info.xhtml?electionId=0020260603&huboId=100165696,
100165470,최은주,더불어민주당,경기도,고양시,기초의원 비례,9,1,4,Y,등록,51,19750108,없음,N,,,0,0원,0,0원,N,N,N,https://info.nec.go.kr/electioninfo/candidate_detail_info.xhtml?electionId=0020260603&huboId=100165470,
100164351,한주연,더불어민주당,경기도,고양시,기초의원 비례,9,2,4,Y,등록,51,19750202,2건,Y,공직선거법; 음주·위험운전; 도로교통,『공직선거법』 / 2004-05-03,0,0원,0,0원,N,N,N,https://info.nec.go.kr/electioninfo/candidate_detail_info.xhtml?electionId=0020260603&huboId=100164351,https://info.nec.go.kr/unielec_pdf_file/20260603/open/Gsg4120/Hb100164351/junkwa/20260515142749740_7.PDF
100165472,함윤희,더불어민주당,경기도,고양시,기초의원 비례,9,3,4,Y,등록,49,19761130,없음,N,,,0,0원,0,0원,N,N,N,https://info.nec.go.kr/electioninfo/candidate_detail_info.xhtml?electionId=0020260603&huboId=100165472,
100165218,남민경,더불어민주당,경기도,과천시,기초의원 비례,9,1,1,Y,등록,58,19670613,없음,N,,,0,0원,0,0원,N,N,N,https://info.nec.go.kr/electioninfo/candidate_detail_info.xhtml?electionId=0020260603&huboId=100165218,
100164097,박미정,더불어민주당,경기도,광명시,기초의원 비례,9,1,2,Y,등록,48,19771205,없음,N,,,0,0원,0,0원,N,N,N,https://info.nec.go.kr/electioninfo/candidate_detail_info.xhtml?electionId=0020260603&huboId=100164097,
100164533,김옥주,더불어민주당,경기도,광주시,기초의원 비례,9,1,2,Y,등록,50,19751030,없음,N,,,0,0원,0,0원,N,N,N,https://info.nec.go.kr/electioninfo/candidate_detail_info.xhtml?electionId=0020260603&huboId=100164533,
100164104,김상덕,더불어민주당,경기도,광주시,기초의원 비례,9,2,2,Y,등록,41,19840912,1건,Y,음주·위험운전; 도로교통,"별지제12호서식의(카)]선거 / 벌금3,000,000원",0,0원,0,0원,N,N,N,https://info.nec.go.kr/electioninfo/candidate_detail_info.xhtml?electionId=0020260603&huboId=100164104,https://info.nec.go.kr/unielec_pdf_file/20260603/open/Gsg4140/Hb100164104/junkwa/20260514150734996_1.PDF
100164247,문은영,더불어민주당,경기도,구리시,기초의원 비례,9,1,1,Y,등록,45,19810202,없음,N,,,0,0원,0,0원,N,N,N,https://info.nec.go.kr/electioninfo/candidate_detail_info.xhtml?electionId=0020260603&huboId=100164247,
100164979,박상현,더불어민주당,경기도,군포시,기초의원 비례,9,1,1,Y,등록,46,19791101,없음,N,,,0,0원,0,0원,N,N,N,https://info.nec.go.kr/electioninfo/candidate_detail_info.xhtml?electionId=0020260603&huboId=100164979,
100165131,박세진,더불어민주당,경기도,김포시,기초의원 비례,9,1,2,Y,등록,44,19820114,없음,N,,,0,0원,0,0원,N,N,N,https://info.nec.go.kr/electioninfo/candidate_detail_info.xhtml?electionId=0020260603&huboId=100165131,
100164058,정미정,더불어민주당,경기도,남양주시,기초의원 비례,9,1,2,Y,등록,45,19810220,없음,N,,,0,0원,0,0원,N,N,N,https://info.nec.go.kr/electioninfo/candidate_detail_info.xhtml?electionId=0020260603&huboId=100164058,
100164276,한완수,더불어민주당,경기도,동두천시,기초의원 비례,9,1,1,Y,등록,63,19621107,1건,Y,공무집행방해,,0,0원,0,0원,N,N,N,https://info.nec.go.kr/electioninfo/candidate_detail_info.xhtml?electionId=0020260603&huboId=100164276,https://info.nec.go.kr/unielec_pdf_file/20260603/open/Gsg4117/Hb100164276/junkwa/20260514145337340_7.PDF
100165419,박영원,더불어민주당,경기도,부천시,기초의원 비례,9,1,3,Y,등록,38,19870726,없음,N,,,0,0원,0,0원,N,N,N,https://info.nec.go.kr/electioninfo/candidate_detail_info.xhtml?electionId=0020260603&huboId=100165419,
100165427,박연순,더불어민주당,경기도,부천시,기초의원 비례,9,2,3,Y,등록,60,19650615,없음,N,,,0,0원,0,0원,N,N,N,https://info.nec.go.kr/electioninfo/candidate_detail_info.xhtml?electionId=0020260603&huboId=100165427,
100164936,순선영,더불어민주당,경기도,성남시,기초의원 비례,9,1,4,Y,등록,51,19741012,없음,N,,,0,0원,0,0원,N,N,N,https://info.nec.go.kr/electioninfo/candidate_detail_info.xhtml?electionId=0020260603&huboId=100164936,
100164938,장일남,더불어민주당,경기도,성남시,기초의원 비례,9,2,4,Y,등록,37,19880927,없음,N,,,371121,"3억 7,112만원",0,0원,Y,N,Y,https://info.nec.go.kr/electioninfo/candidate_detail_info.xhtml?electionId=0020260603&huboId=100164938,
100164939,서애라,더불어민주당,경기도,성남시,기초의원 비례,9,3,4,Y,등록,55,19710423,없음,N,,,0,0원,0,0원,N,N,N,https://info.nec.go.kr/electioninfo/candidate_detail_info.xhtml?electionId=0020260603&huboId=100164939,
100165616,서지연,더불어민주당,경기도,수원시,기초의원 비례,9,1,4,Y,등록,52,19731203,없음,N,,,0,0원,0,0원,N,N,N,https://info.nec.go.kr/electioninfo/candidate_detail_info.xhtml?electionId=0020260603&huboId=100165616,
100165623,정종윤,더불어민주당,경기도,수원시,기초의원 비례,9,2,4,Y,등록,37,19880715,없음,N,,,0,0원,0,0원,N,N,N,https://info.nec.go.kr/electioninfo/candidate_detail_info.xhtml?electionId=0020260603&huboId=100165623,
100165627,오복자,더불어민주당,경기도,수원시,기초의원 비례,9,3,4,Y,등록,69,19560921,1건,Y,무면허운전; 도로교통,점부서류 / 2003-09-30,0,0원,0,0원,N,N,N,https://info.nec.go.kr/electioninfo/candidate_detail_info.xhtml?electionId=0020260603&huboId=100165627,https://info.nec.go.kr/unielec_pdf_file/20260603/open/Gsg4103/Hb100165627/junkwa/20260515153659453_9.PDF
100165099,이재경,더불어민주당,경기도,시흥시,기초의원 비례,9,1,2,Y,등록,55,19710422,없음,N,,,825,82만원,0,0원,Y,N,N,https://info.nec.go.kr/electioninfo/candidate_detail_info.xhtml?electionId=0020260603&huboId=100165099,
100165104,정시우,더불어민주당,경기도,시흥시,기초의원 비례,9,2,2,Y,등록,28,19970814,없음,N,,,0,0원,0,0원,N,N,N,https://info.nec.go.kr/electioninfo/candidate_detail_info.xhtml?electionId=0020260603&huboId=100165104,
100165392,백승희,더불어민주당,경기도,안산시,기초의원 비례,9,1,2,Y,등록,52,19740404,없음,N,,,0,0원,0,0원,N,N,N,https://info.nec.go.kr/electioninfo/candidate_detail_info.xhtml?electionId=0020260603&huboId=100165392,
100164515,소희경,더불어민주당,경기도,안성시,기초의원 비례,9,1,1,Y,등록,47,19781006,없음,N,,,0,0원,0,0원,N,N,N,https://info.nec.go.kr/electioninfo/candidate_detail_info.xhtml?electionId=0020260603&huboId=100164515,
100165765,박순임,더불어민주당,경기도,안양시,기초의원 비례,9,1,2,Y,등록,66,19600425,없음,N,,,0,0원,0,0원,N,N,N,https://info.nec.go.kr/electioninfo/candidate_detail_info.xhtml?electionId=0020260603&huboId=100165765,
100165766,이재옥,더불어민주당,경기도,안양시,기초의원 비례,9,2,2,Y,등록,67,19590312,없음,N,,,0,0원,0,0원,N,N,N,https://info.nec.go.kr/electioninfo/candidate_detail_info.xhtml?electionId=0020260603&huboId=100165766,
100164472,유선희,더불어민주당,경기도,양주시,기초의원 비례,9,1,1,Y,등록,56,19690817,없음,N,,,0,0원,0,0원,N,N,N,https://info.nec.go.kr/electioninfo/candidate_detail_info.xhtml?electionId=0020260603&huboId=100164472,
100164041,조소연,더불어민주당,경기도,양평군,기초의원 비례,9,1,1,Y,등록,49,19760612,없음,N,,,0,0원,0,0원,N,N,N,https://info.nec.go.kr/electioninfo/candidate_detail_info.xhtml?electionId=0020260603&huboId=100164041,
100164655,이혜원,더불어민주당,경기도,여주시,기초의원 비례,9,1,1,Y,등록,29,19970125,없음,N,,,0,0원,0,0원,N,N,N,https://info.nec.go.kr/electioninfo/candidate_detail_info.xhtml?electionId=0020260603&huboId=100164655,
100164668,최연우,더불어민주당,경기도,연천군,기초의원 비례,9,1,1,Y,등록,44,19810715,없음,N,,,0,0원,0,0원,N,N,N,https://info.nec.go.kr/electioninfo/candidate_detail_info.xhtml?electionId=0020260603&huboId=100164668,
100164157,김민희,더불어민주당,경기도,오산시,기초의원 비례,9,1,1,Y,등록,47,19790321,1건,Y,교통사고,,0,0원,0,0원,N,N,N,https://info.nec.go.kr/electioninfo/candidate_detail_info.xhtml?electionId=0020260603&huboId=100164157,https://info.nec.go.kr/unielec_pdf_file/20260603/open/Gsg4127/Hb100164157/junkwa/20260515132155061_9.PDF
100165373,임유정,더불어민주당,경기도,용인시,기초의원 비례,9,1,4,Y,등록,42,19831209,없음,N,,,0,0원,0,0원,N,N,N,https://info.nec.go.kr/electioninfo/candidate_detail_info.xhtml?electionId=0020260603&huboId=100165373,
100165378,신민욱,더불어민주당,경기도,용인시,기초의원 비례,9,2,4,Y,등록,32,19940401,없음,N,,,0,0원,0,0원,N,N,N,https://info.nec.go.kr/electioninfo/candidate_detail_info.xhtml?electionId=0020260603&huboId=100165378,
100164483,김은영,더불어민주당,경기도,의왕시,기초의원 비례,9,1,1,Y,등록,51,19750529,없음,N,,,0,0원,0,0원,N,N,N,https://info.nec.go.kr/electioninfo/candidate_detail_info.xhtml?electionId=0020260603&huboId=100164483,
100165661,윤미숙,더불어민주당,경기도,의정부시,기초의원 비례,9,1,2,Y,등록,59,19661218,없음,N,,,536,53만원,0,0원,Y,N,N,https://info.nec.go.kr/electioninfo/candidate_detail_info.xhtml?electionId=0020260603&huboId=100165661,
100165663,이영수,더불어민주당,경기도,의정부시,기초의원 비례,9,2,2,Y,등록,55,19710404,없음,N,,,0,0원,0,0원,N,N,N,https://info.nec.go.kr/electioninfo/candidate_detail_info.xhtml?electionId=0020260603&huboId=100165663,
100164670,김미경,더불어민주당,경기도,이천시,기초의원 비례,9,1,1,Y,등록,63,19620815,없음,N,,,0,0원,0,0원,N,N,N,https://info.nec.go.kr/electioninfo/candidate_detail_info.xhtml?electionId=0020260603&huboId=100164670,
100164961,김선미,더불어민주당,경기도,파주시,기초의원 비례,9,1,2,Y,등록,58,19670610,1건,Y,음주·위험운전; 도로교통,"전과기록증명에관한제출서비례대표파주시의회의원선거구명선거후보자성명더불어민주당전과기록도로교통법위반(음주운전)형량(처분결과)벌금1,000,000원김선미처분일자2013.02.12. / 2013-02-12 / 벌금1,000,000원",0,0원,0,0원,N,N,N,https://info.nec.go.kr/electioninfo/candidate_detail_info.xhtml?electionId=0020260603&huboId=100164961,https://info.nec.go.kr/unielec_pdf_file/20260603/open/Gsg4132/Hb100164961/junkwa/20260514162627491_8.PDF
100165168,김래현,더불어민주당,경기도,평택시,기초의원 비례,9,1,2,Y,등록,65,19610418,없음,N,,,0,0원,0,0원,N,N,N,https://info.nec.go.kr/electioninfo/candidate_detail_info.xhtml?electionId=0020260603&huboId=100165168,
100165238,정은희,더불어민주당,경기도,평택시,기초의원 비례,9,2,2,Y,등록,48,19780513,없음,N,,,0,0원,0,0원,N,N,N,https://info.nec.go.kr/electioninfo/candidate_detail_info.xhtml?electionId=0020260603&huboId=100165238,
100165181,오은경,더불어민주당,경기도,포천시,기초의원 비례,9,1,1,Y,등록,52,19740322,없음,N,,,0,0원,0,0원,N,N,N,https://info.nec.go.kr/electioninfo/candidate_detail_info.xhtml?electionId=0020260603&huboId=100165181,
100165512,김어진,더불어민주당,경기도,하남시,기초의원 비례,9,1,1,Y,등록,24,20020307,없음,N,,,0,0원,0,0원,N,N,N,https://info.nec.go.kr/electioninfo/candidate_detail_info.xhtml?electionId=0020260603&huboId=100165512,
100164192,신미정,더불어민주당,경기도,화성시,기초의원 비례,9,1,3,Y,등록,47,19790312,없음,N,,,0,0원,0,0원,N,N,N,https://info.nec.go.kr/electioninfo/candidate_detail_info.xhtml?electionId=0020260603&huboId=100164192,
100164196,유상희,더불어민주당,경기도,화성시,기초의원 비례,9,2,3,Y,등록,50,19760315,없음,N,,,0,0원,0,0원,N,N,N,https://info.nec.go.kr/electioninfo/candidate_detail_info.xhtml?electionId=0020260603&huboId=100164196,
100164524,이재순,더불어민주당,경상남도,거제시,기초의원 비례,9,1,2,Y,등록,59,19670118,없음,N,,,0,0원,0,0원,N,N,N,https://info.nec.go.kr/electioninfo/candidate_detail_info.xhtml?electionId=0020260603&huboId=100164524,
100164528,김광중,더불어민주당,경상남도,거제시,기초의원 비례,9,2,2,Y,등록,43,19830115,1건,Y,폭력,"폭력행위등처벌에관한법률위반(야 / 2004-10-28 / 벌금1,000,000원",0,0원,0,0원,N,N,N,https://info.nec.go.kr/electioninfo/candidate_detail_info.xhtml?electionId=0020260603&huboId=100164528,https://info.nec.go.kr/unielec_pdf_file/20260603/open/Gsg4810/Hb100164528/junkwa/20260514161758828_1.PDF
100164288,백종숙,더불어민주당,경상남도,거창군,기초의원 비례,9,1,2,Y,등록,59,19661220,1건,Y,공직선거법; 공무집행방해,『공직선거법』 / 2002-06-25,0,0원,0,0원,N,N,N,https://info.nec.go.kr/electioninfo/candidate_detail_info.xhtml?electionId=0020260603&huboId=100164288,https://info.nec.go.kr/unielec_pdf_file/20260603/open/Gsg4819/Hb100164288/junkwa/20260513200042535_9.PDF
100164319,배은미,더불어민주당,경상남도,거창군,기초의원 비례,9,2,2,Y,등록,66,19590728,없음,N,,,0,0원,0,0원,N,N,N,https://info.nec.go.kr/electioninfo/candidate_detail_info.xhtml?electionId=0020260603&huboId=100164319,
100164197,윤정애,더불어민주당,경상남도,고성군,기초의원 비례,9,1,2,Y,등록,56,19700604,없음,N,,,192,19만원,0,0원,Y,N,N,https://info.nec.go.kr/electioninfo/candidate_detail_info.xhtml?electionId=0020260603&huboId=100164197,
100164198,한채민,더불어민주당,경상남도,고성군,기초의원 비례,9,2,2,Y,등록,27,19980819,없음,N,,,0,0원,0,0원,N,N,N,https://info.nec.go.kr/electioninfo/candidate_detail_info.xhtml?electionId=0020260603&huboId=100164198,
100165309,김세희,더불어민주당,경상남도,김해시,기초의원 비례,9,1,3,Y,등록,58,19671025,없음,N,,,0,0원,0,0원,N,N,N,https://info.nec.go.kr/electioninfo/candidate_detail_info.xhtml?electionId=0020260603&huboId=100165309,
100165338,권진희,더불어민주당,경상남도,김해시,기초의원 비례,9,2,3,Y,등록,56,19690921,없음,N,,,103746,1억 374만원,0,0원,Y,N,Y,https://info.nec.go.kr/electioninfo/candidate_detail_info.xhtml?electionId=0020260603&huboId=100165338,
100165365,이영숙,더불어민주당,경상남도,김해시,기초의원 비례,9,3,3,Y,등록,56,19700504,1건,Y,음주·위험운전; 교통사고,"이영숙 / 벌금4,000,000원",111,11만원,0,0원,Y,N,N,https://info.nec.go.kr/electioninfo/candidate_detail_info.xhtml?electionId=0020260603&huboId=100165365,https://info.nec.go.kr/unielec_pdf_file/20260603/open/Gsg4808/Hb100165365/junkwa/20260515221942217_9.PDF
100164965,김혜경,더불어민주당,경상남도,남해군,기초의원 비례,9,1,1,Y,등록,62,19640520,없음,N,,,0,0원,0,0원,N,N,N,https://info.nec.go.kr/electioninfo/candidate_detail_info.xhtml?electionId=0020260603&huboId=100164965,
100164378,박미경,더불어민주당,경상남도,밀양시,기초의원 비례,9,1,2,Y,등록,54,19720318,없음,N,,,0,0원,0,0원,N,N,N,https://info.nec.go.kr/electioninfo/candidate_detail_info.xhtml?electionId=0020260603&huboId=100164378,
100164383,최미숙,더불어민주당,경상남도,밀양시,기초의원 비례,9,2,2,Y,등록,54,19711115,없음,N,,,0,0원,0,0원,N,N,N,https://info.nec.go.kr/electioninfo/candidate_detail_info.xhtml?electionId=0020260603&huboId=100164383,
100165080,이정숙,더불어민주당,경상남도,사천시,기초의원 비례,9,1,2,Y,등록,52,19740109,없음,N,,,0,0원,0,0원,N,N,N,https://info.nec.go.kr/electioninfo/candidate_detail_info.xhtml?electionId=0020260603&huboId=100165080,
100165093,김미선,더불어민주당,경상남도,사천시,기초의원 비례,9,2,2,Y,등록,55,19701231,없음,N,,,4145,414만원,0,0원,Y,N,N,https://info.nec.go.kr/electioninfo/candidate_detail_info.xhtml?electionId=0020260603&huboId=100165093,
100164432,이순천,더불어민주당,경상남도,양산시,기초의원 비례,9,1,2,Y,등록,58,19680118,1건,Y,폭력,"전과기록증명에관한제출서비례대표일륜시의회의원선거더불어민주당선거구명후보자/`갱명폭력6위등-분에관한법률위반(공동상해)폭력행위등처분에관한법률위반(공전과기록형량(처분결과)벌금1,500,000원 / 벌금1,500,000원",0,0원,0,0원,N,N,N,https://info.nec.go.kr/electioninfo/candidate_detail_info.xhtml?electionId=0020260603&huboId=100164432,https://info.nec.go.kr/unielec_pdf_file/20260603/open/Gsg4814/Hb100164432/junkwa/20260514161749880_1.PDF
100164693,오우동,더불어민주당,경상남도,의령군,기초의원 비례,9,1,1,Y,등록,59,19660907,없음,N,,,0,0원,0,0원,N,N,N,https://info.nec.go.kr/electioninfo/candidate_detail_info.xhtml?electionId=0020260603&huboId=100164693,
100165347,곽은하,더불어민주당,경상남도,진주시,기초의원 비례,9,1,3,Y,등록,53,19720920,없음,N,,,171,17만원,0,0원,Y,N,N,https://info.nec.go.kr/electioninfo/candidate_detail_info.xhtml?electionId=0020260603&huboId=100165347,
100165354,주선미,더불어민주당,경상남도,진주시,기초의원 비례,9,2,3,Y,등록,52,19740122,1건,Y,무면허운전; 교통사고; 도로교통,"전과기록증명에관한제출서비례대표진주시의회의원선거구명선거후보자성명더불어민주당전과기록형량(처분결과)주선미처분일자교통사고처리특례법위반벌금3,000,000원도로교통법위반(무면허운전) / 벌금3,000,000원",0,0원,0,0원,N,N,N,https://info.nec.go.kr/electioninfo/candidate_detail_info.xhtml?electionId=0020260603&huboId=100165354,https://info.nec.go.kr/unielec_pdf_file/20260603/open/Gsg4803/Hb100165354/junkwa/20260514181014651_8.PDF
100164379,이진아,더불어민주당,경상남도,창녕군,기초의원 비례,9,1,2,Y,등록,52,19731106,없음,N,,,0,0원,0,0원,N,N,N,https://info.nec.go.kr/electioninfo/candidate_detail_info.xhtml?electionId=0020260603&huboId=100164379,
100164516,변보미,더불어민주당,경상남도,창원시,기초의원 비례,9,1,5,Y,등록,49,19761124,없음,N,,,0,0원,0,0원,N,N,N,https://info.nec.go.kr/electioninfo/candidate_detail_info.xhtml?electionId=0020260603&huboId=100164516,
100164531,감규상,더불어민주당,경상남도,창원시,기초의원 비례,9,2,5,Y,등록,62,19640325,없음,N,,,0,0원,0,0원,N,N,N,https://info.nec.go.kr/electioninfo/candidate_detail_info.xhtml?electionId=0020260603&huboId=100164531,
100164527,노인선,더불어민주당,경상남도,창원시,기초의원 비례,9,3,5,Y,등록,63,19630301,없음,N,,,0,0원,0,0원,N,N,N,https://info.nec.go.kr/electioninfo/candidate_detail_info.xhtml?electionId=0020260603&huboId=100164527,
100165257,최윤희,더불어민주당,경상남도,통영시,기초의원 비례,9,1,2,Y,등록,49,19760924,없음,N,,,0,0원,0,0원,N,N,N,https://info.nec.go.kr/electioninfo/candidate_detail_info.xhtml?electionId=0020260603&huboId=100165257,
100165302,김경희,더불어민주당,경상남도,통영시,기초의원 비례,9,2,2,Y,등록,57,19690219,1건,Y,횡령; 공직선거법,업무상횡령김경희,0,0원,0,0원,N,Y,N,https://info.nec.go.kr/electioninfo/candidate_detail_info.xhtml?electionId=0020260603&huboId=100165302,https://info.nec.go.kr/unielec_pdf_file/20260603/open/Gsg4805/Hb100165302/junkwa/20260514173921944_8.PDF
100164814,박영심,더불어민주당,경상남도,하동군,기초의원 비례,9,1,2,Y,등록,56,19691001,없음,N,,,0,0원,0,0원,N,N,N,https://info.nec.go.kr/electioninfo/candidate_detail_info.xhtml?electionId=0020260603&huboId=100164814,
100164514,하미옥,더불어민주당,경상남도,함안군,기초의원 비례,9,1,1,Y,등록,57,19680612,1건,Y,공직선거법; 교통사고,『공직선거법』 / 2008-12-01,0,0원,0,0원,N,N,N,https://info.nec.go.kr/electioninfo/candidate_detail_info.xhtml?electionId=0020260603&huboId=100164514,https://info.nec.go.kr/unielec_pdf_file/20260603/open/Gsg4812/Hb100164514/junkwa/20260514153133792_4.PDF
100164127,이영미,더불어민주당,경상남도,함양군,기초의원 비례,9,1,1,Y,등록,67,19590120,없음,N,,,0,0원,0,0원,N,N,N,https://info.nec.go.kr/electioninfo/candidate_detail_info.xhtml?electionId=0020260603&huboId=100164127,
100165684,권영주,더불어민주당,경상남도,합천군,기초의원 비례,9,1,2,Y,등록,54,19720408,없음,N,,,0,0원,0,0원,N,N,N,https://info.nec.go.kr/electioninfo/candidate_detail_info.xhtml?electionId=0020260603&huboId=100165684,
100164024,곽희은,더불어민주당,경상북도,경산시,기초의원 비례,9,1,2,Y,등록,40,19851220,없음,N,,,0,0원,0,0원,N,N,N,https://info.nec.go.kr/electioninfo/candidate_detail_info.xhtml?electionId=0020260603&huboId=100164024,
100165791,주미,더불어민주당,경상북도,경주시,기초의원 비례,9,1,3,Y,등록,45,19810420,없음,N,,,0,0원,0,0원,N,N,N,https://info.nec.go.kr/electioninfo/candidate_detail_info.xhtml?electionId=0020260603&huboId=100165791,
100165809,허지연,더불어민주당,경상북도,경주시,기초의원 비례,9,2,3,Y,등록,32,19931025,없음,N,,,0,0원,0,0원,N,N,N,https://info.nec.go.kr/electioninfo/candidate_detail_info.xhtml?electionId=0020260603&huboId=100165809,
100165352,전희정,더불어민주당,경상북도,구미시,기초의원 비례,9,1,3,Y,등록,54,19710728,없음,N,,,0,0원,0,0원,N,N,N,https://info.nec.go.kr/electioninfo/candidate_detail_info.xhtml?electionId=0020260603&huboId=100165352,
100165358,이원희,더불어민주당,경상북도,구미시,기초의원 비례,9,2,3,Y,등록,44,19810816,없음,N,,,0,0원,0,0원,N,N,N,https://info.nec.go.kr/electioninfo/candidate_detail_info.xhtml?electionId=0020260603&huboId=100165358,
100165359,오경숙,더불어민주당,경상북도,구미시,기초의원 비례,9,3,3,Y,등록,59,19661008,1건,Y,공직선거법; 자동차관리,『공직선거법』 / 2018-05-24,0,0원,0,0원,N,N,N,https://info.nec.go.kr/electioninfo/candidate_detail_info.xhtml?electionId=0020260603&huboId=100165359,https://info.nec.go.kr/unielec_pdf_file/20260603/open/Gsg4707/Hb100165359/junkwa/20260514181218279_4.PDF
100165346,전은애,더불어민주당,경상북도,김천시,기초의원 비례,9,1,2,Y,등록,63,19620613,없음,N,,,0,0원,0,0원,N,N,N,https://info.nec.go.kr/electioninfo/candidate_detail_info.xhtml?electionId=0020260603&huboId=100165346,
100165349,홍정애,더불어민주당,경상북도,김천시,기초의원 비례,9,2,2,Y,등록,54,19711025,없음,N,,,0,0원,0,0원,N,N,N,https://info.nec.go.kr/electioninfo/candidate_detail_info.xhtml?electionId=0020260603&huboId=100165349,
100164356,이은주,더불어민주당,경상북도,상주시,기초의원 비례,9,1,2,Y,등록,48,19771112,없음,N,,,0,0원,0,0원,N,N,N,https://info.nec.go.kr/electioninfo/candidate_detail_info.xhtml?electionId=0020260603&huboId=100164356,
100164266,권해숙,더불어민주당,경상북도,안동시,기초의원 비례,9,1,2,Y,등록,53,19720921,없음,N,,,0,0원,0,0원,N,N,N,https://info.nec.go.kr/electioninfo/candidate_detail_info.xhtml?electionId=0020260603&huboId=100164266,
100165297,김명정,더불어민주당,경상북도,영주시,기초의원 비례,9,1,2,Y,등록,49,19761005,없음,N,,,0,0원,0,0원,N,N,N,https://info.nec.go.kr/electioninfo/candidate_detail_info.xhtml?electionId=0020260603&huboId=100165297,
100164505,조상임,더불어민주당,경상북도,영천시,기초의원 비례,9,1,2,Y,등록,63,19620606,없음,N,,,0,0원,0,0원,N,N,N,https://info.nec.go.kr/electioninfo/candidate_detail_info.xhtml?electionId=0020260603&huboId=100164505,
100164544,서하나,더불어민주당,경상북도,의성군,기초의원 비례,9,1,2,Y,등록,45,19800702,없음,N,,,0,0원,0,0원,N,N,N,https://info.nec.go.kr/electioninfo/candidate_detail_info.xhtml?electionId=0020260603&huboId=100164544,
100164745,안명애,더불어민주당,경상북도,포항시,기초의원 비례,9,1,4,Y,등록,56,19690711,없음,N,,,0,0원,0,0원,N,N,N,https://info.nec.go.kr/electioninfo/candidate_detail_info.xhtml?electionId=0020260603&huboId=100164745,
100164779,이솔,더불어민주당,경상북도,포항시,기초의원 비례,9,2,4,Y,등록,35,19910322,없음,N,,,569,56만원,0,0원,Y,N,N,https://info.nec.go.kr/electioninfo/candidate_detail_info.xhtml?electionId=0020260603&huboId=100164779,
100165363,이혜경,더불어민주당,광주광역시,광산구,기초의원 비례,9,1,2,Y,등록,53,19721121,없음,N,,,0,0원,0,0원,N,N,N,https://info.nec.go.kr/electioninfo/candidate_detail_info.xhtml?electionId=0020260603&huboId=100165363,
100165371,임인승,더불어민주당,광주광역시,광산구,기초의원 비례,9,2,2,Y,등록,27,19980930,없음,N,,,0,0원,0,0원,N,N,N,https://info.nec.go.kr/electioninfo/candidate_detail_info.xhtml?electionId=0020260603&huboId=100165371,
100164384,이미경,더불어민주당,광주광역시,남구,기초의원 비례,9,1,2,Y,등록,60,19660415,없음,N,,,0,0원,0,0원,N,N,N,https://info.nec.go.kr/electioninfo/candidate_detail_info.xhtml?electionId=0020260603&huboId=100164384,
100164381,최현숙,더불어민주당,광주광역시,남구,기초의원 비례,9,2,2,Y,등록,66,19590809,없음,N,,,828,82만원,0,0원,Y,N,N,https://info.nec.go.kr/electioninfo/candidate_detail_info.xhtml?electionId=0020260603&huboId=100164381,
100164841,김희선,더불어민주당,광주광역시,동구,기초의원 비례,9,1,1,Y,등록,38,19871025,없음,N,,,0,0원,0,0원,N,N,N,https://info.nec.go.kr/electioninfo/candidate_detail_info.xhtml?electionId=0020260603&huboId=100164841,
100165102,박은정,더불어민주당,광주광역시,북구,기초의원 비례,9,1,3,Y,등록,51,19740605,없음,N,,,171,17만원,0,0원,Y,N,N,https://info.nec.go.kr/electioninfo/candidate_detail_info.xhtml?electionId=0020260603&huboId=100165102,
100165108,유영근,더불어민주당,광주광역시,북구,기초의원 비례,9,2,3,Y,등록,43,19830209,없음,N,,,0,0원,0,0원,N,N,N,https://info.nec.go.kr/electioninfo/candidate_detail_info.xhtml?electionId=0020260603&huboId=100165108,
100165135,변희영,더불어민주당,광주광역시,북구,기초의원 비례,9,3,3,Y,등록,61,19641218,없음,N,,,0,0원,0,0원,N,N,N,https://info.nec.go.kr/electioninfo/candidate_detail_info.xhtml?electionId=0020260603&huboId=100165135,
100164094,임수아,더불어민주당,광주광역시,서구,기초의원 비례,9,1,2,Y,등록,51,19750302,없음,N,,,0,0원,0,0원,N,N,N,https://info.nec.go.kr/electioninfo/candidate_detail_info.xhtml?electionId=0020260603&huboId=100164094,
100164166,나성주,더불어민주당,광주광역시,서구,기초의원 비례,9,2,2,Y,등록,45,19800722,2건,Y,사기; 공직선거법,『공직선거법』 / 2021.525,120,12만원,0,0원,Y,Y,N,https://info.nec.go.kr/electioninfo/candidate_detail_info.xhtml?electionId=0020260603&huboId=100164166,https://info.nec.go.kr/unielec_pdf_file/20260603/open/Gsg2902/Hb100164166/junkwa/20260514085154066_8.PDF
100164746,김은하,더불어민주당,대구광역시,남구,기초의원 비례,9,1,1,Y,등록,50,19760413,없음,N,,,391,39만원,0,0원,Y,N,N,https://info.nec.go.kr/electioninfo/candidate_detail_info.xhtml?electionId=0020260603&huboId=100164746,
100165162,백경해,더불어민주당,대구광역시,달서구,기초의원 비례,9,1,3,Y,등록,51,19750205,없음,N,,,0,0원,0,0원,N,N,N,https://info.nec.go.kr/electioninfo/candidate_detail_info.xhtml?electionId=0020260603&huboId=100165162,
100164791,김성화,더불어민주당,대구광역시,달성군,기초의원 비례,9,1,2,Y,등록,66,19591202,없음,N,,,0,0원,0,0원,N,N,N,https://info.nec.go.kr/electioninfo/candidate_detail_info.xhtml?electionId=0020260603&huboId=100164791,
100165140,백소영,더불어민주당,대구광역시,동구,기초의원 비례,9,1,2,Y,등록,43,19821007,없음,N,,,0,0원,0,0원,N,N,N,https://info.nec.go.kr/electioninfo/candidate_detail_info.xhtml?electionId=0020260603&huboId=100165140,
100165020,구진경,더불어민주당,대구광역시,북구,기초의원 비례,9,1,3,Y,등록,49,19770220,없음,N,,,0,0원,0,0원,N,N,N,https://info.nec.go.kr/electioninfo/candidate_detail_info.xhtml?electionId=0020260603&huboId=100165020,
100164386,박은희,더불어민주당,대구광역시,서구,기초의원 비례,9,1,1,Y,등록,65,19610101,없음,N,,,0,0원,0,0원,N,N,N,https://info.nec.go.kr/electioninfo/candidate_detail_info.xhtml?electionId=0020260603&huboId=100164386,
100165466,송현주,더불어민주당,대구광역시,수성구,기초의원 비례,9,1,3,Y,등록,47,19781023,없음,N,,,0,0원,0,0원,N,N,N,https://info.nec.go.kr/electioninfo/candidate_detail_info.xhtml?electionId=0020260603&huboId=100165466,
100164905,양순정,더불어민주당,대구광역시,중구,기초의원 비례,9,1,1,Y,등록,50,19750826,없음,N,,,674,67만원,0,0원,Y,N,N,https://info.nec.go.kr/electioninfo/candidate_detail_info.xhtml?electionId=0020260603&huboId=100164905,
100164341,정미선,더불어민주당,대전광역시,대덕구,기초의원 비례,9,1,1,Y,등록,48,19780304,없음,N,,,0,0원,0,0원,N,N,N,https://info.nec.go.kr/electioninfo/candidate_detail_info.xhtml?electionId=0020260603&huboId=100164341,
100164347,김현순,더불어민주당,대전광역시,대덕구,기초의원 비례,9,2,1,N,등록,48,19780326,없음,N,,,0,0원,0,0원,N,N,N,https://info.nec.go.kr/electioninfo/candidate_detail_info.xhtml?electionId=0020260603&huboId=100164347,
100164010,김은지,더불어민주당,대전광역시,동구,기초의원 비례,9,1,1,Y,등록,36,19900208,없음,N,,,0,0원,0,0원,N,N,N,https://info.nec.go.kr/electioninfo/candidate_detail_info.xhtml?electionId=0020260603&huboId=100164010,
100165749,김성락,더불어민주당,대전광역시,동구,기초의원 비례,9,2,1,N,등록,48,19771005,없음,N,,,228,22만원,0,0원,Y,N,N,https://info.nec.go.kr/electioninfo/candidate_detail_info.xhtml?electionId=0020260603&huboId=100165749,
100165241,최혜연,더불어민주당,대전광역시,서구,기초의원 비례,9,1,2,Y,등록,47,19790403,1건,Y,교통사고,"교통사고처리특례법위반전과기목 / 2014-01-17 / 벌금3,000,000원",6671,667만원,0,0원,Y,N,N,https://info.nec.go.kr/electioninfo/candidate_detail_info.xhtml?electionId=0020260603&huboId=100165241,https://info.nec.go.kr/unielec_pdf_file/20260603/open/Gsg3003/Hb100165241/junkwa/20260514180008168_9.PDF
100165251,한명자,더불어민주당,대전광역시,서구,기초의원 비례,9,2,2,Y,등록,61,19641026,없음,N,,,0,0원,0,0원,N,N,N,https://info.nec.go.kr/electioninfo/candidate_detail_info.xhtml?electionId=0020260603&huboId=100165251,
100165721,박현선,더불어민주당,대전광역시,유성구,기초의원 비례,9,1,2,Y,등록,56,19690729,없음,N,,,131,13만원,0,0원,Y,N,N,https://info.nec.go.kr/electioninfo/candidate_detail_info.xhtml?electionId=0020260603&huboId=100165721,
100165847,김현중,더불어민주당,대전광역시,유성구,기초의원 비례,9,2,2,Y,등록,37,19890425,없음,N,,,0,0원,0,0원,N,N,N,https://info.nec.go.kr/electioninfo/candidate_detail_info.xhtml?electionId=0020260603&huboId=100165847,
100165033,강순복,더불어민주당,대전광역시,중구,기초의원 비례,9,1,1,Y,등록,58,19680428,없음,N,,,0,0원,0,0원,N,N,N,https://info.nec.go.kr/electioninfo/candidate_detail_info.xhtml?electionId=0020260603&huboId=100165033,
100164843,신나영,더불어민주당,부산광역시,강서구,기초의원 비례,9,1,1,Y,등록,45,19800907,없음,N,,,0,0원,0,0원,N,N,N,https://info.nec.go.kr/electioninfo/candidate_detail_info.xhtml?electionId=0020260603&huboId=100164843,
100164997,임정숙,더불어민주당,부산광역시,금정구,기초의원 비례,9,1,2,Y,등록,61,19650125,없음,N,,,103,10만원,0,0원,Y,N,N,https://info.nec.go.kr/electioninfo/candidate_detail_info.xhtml?electionId=0020260603&huboId=100164997,
100165668,조혜원,더불어민주당,부산광역시,기장군,기초의원 비례,9,1,1,Y,등록,51,19750301,없음,N,,,778,77만원,0,0원,Y,N,N,https://info.nec.go.kr/electioninfo/candidate_detail_info.xhtml?electionId=0020260603&huboId=100165668,
100164822,임이정,더불어민주당,부산광역시,남구,기초의원 비례,9,1,2,Y,등록,50,19760211,없음,N,,,0,0원,0,0원,N,N,N,https://info.nec.go.kr/electioninfo/candidate_detail_info.xhtml?electionId=0020260603&huboId=100164822,
100164289,김현숙,더불어민주당,부산광역시,동구,기초의원 비례,9,1,1,Y,등록,55,19700815,없음,N,,,0,0원,0,0원,N,N,N,https://info.nec.go.kr/electioninfo/candidate_detail_info.xhtml?electionId=0020260603&huboId=100164289,
100164404,노은정,더불어민주당,부산광역시,동래구,기초의원 비례,9,1,2,Y,등록,49,19761004,없음,N,,,0,0원,0,0원,N,N,N,https://info.nec.go.kr/electioninfo/candidate_detail_info.xhtml?electionId=0020260603&huboId=100164404,
100165294,김정애,더불어민주당,부산광역시,부산진구,기초의원 비례,9,1,2,Y,등록,46,19790824,없음,N,,,0,0원,0,0원,N,N,N,https://info.nec.go.kr/electioninfo/candidate_detail_info.xhtml?electionId=0020260603&huboId=100165294,
100165305,이호철,더불어민주당,부산광역시,부산진구,기초의원 비례,9,2,2,Y,등록,34,19911101,없음,N,,,0,0원,0,0원,N,N,N,https://info.nec.go.kr/electioninfo/candidate_detail_info.xhtml?electionId=0020260603&huboId=100165305,
100164393,진영옥,더불어민주당,부산광역시,북구,기초의원 비례,9,1,2,Y,등록,65,19601020,없음,N,,,0,0원,0,0원,N,N,N,https://info.nec.go.kr/electioninfo/candidate_detail_info.xhtml?electionId=0020260603&huboId=100164393,
100165192,임경화,더불어민주당,부산광역시,사상구,기초의원 비례,9,1,1,Y,등록,53,19721105,없음,N,,,0,0원,0,0원,N,N,N,https://info.nec.go.kr/electioninfo/candidate_detail_info.xhtml?electionId=0020260603&huboId=100165192,
100165052,문미란,더불어민주당,부산광역시,사하구,기초의원 비례,9,1,2,Y,등록,58,19670818,없음,N,,,0,0원,0,0원,N,N,N,https://info.nec.go.kr/electioninfo/candidate_detail_info.xhtml?electionId=0020260603&huboId=100165052,
100164253,김경숙,더불어민주당,부산광역시,서구,기초의원 비례,9,1,1,Y,등록,58,19670918,없음,N,,,0,0원,0,0원,N,N,N,https://info.nec.go.kr/electioninfo/candidate_detail_info.xhtml?electionId=0020260603&huboId=100164253,
100164391,장서인,더불어민주당,부산광역시,수영구,기초의원 비례,9,1,1,Y,등록,47,19780817,없음,N,,,0,0원,0,0원,N,N,N,https://info.nec.go.kr/electioninfo/candidate_detail_info.xhtml?electionId=0020260603&huboId=100164391,
100164709,어해영,더불어민주당,부산광역시,연제구,기초의원 비례,9,1,2,Y,등록,60,19650702,없음,N,,,0,0원,0,0원,N,N,N,https://info.nec.go.kr/electioninfo/candidate_detail_info.xhtml?electionId=0020260603&huboId=100164709,
100165395,제정은,더불어민주당,부산광역시,영도구,기초의원 비례,9,1,1,Y,등록,54,19711018,없음,N,,,0,0원,0,0원,N,N,N,https://info.nec.go.kr/electioninfo/candidate_detail_info.xhtml?electionId=0020260603&huboId=100165395,
100165582,김성경,더불어민주당,부산광역시,중구,기초의원 비례,9,1,1,Y,등록,63,19630320,없음,N,,,0,0원,0,0원,N,N,N,https://info.nec.go.kr/electioninfo/candidate_detail_info.xhtml?electionId=0020260603&huboId=100165582,
100164151,박주령,더불어민주당,부산광역시,해운대구,기초의원 비례,9,1,2,Y,등록,54,19720227,없음,N,,,0,0원,0,0원,N,N,N,https://info.nec.go.kr/electioninfo/candidate_detail_info.xhtml?electionId=0020260603&huboId=100164151,
100164860,노미진,더불어민주당,서울특별시,강남구,기초의원 비례,9,1,3,Y,등록,57,19680818,2건,Y,음주·위험운전; 도로교통; 건축·건설·부동산,2009/이/19 / 2000-09-09,0,0원,0,0원,N,N,N,https://info.nec.go.kr/electioninfo/candidate_detail_info.xhtml?electionId=0020260603&huboId=100164860,https://info.nec.go.kr/unielec_pdf_file/20260603/open/Gsg1123/Hb100164860/junkwa/20260514174059752_8.PDF
100164888,이종권,더불어민주당,서울특별시,강남구,기초의원 비례,9,2,3,Y,등록,71,19541111,없음,N,,,0,0원,0,0원,N,N,N,https://info.nec.go.kr/electioninfo/candidate_detail_info.xhtml?electionId=0020260603&huboId=100164888,
100165237,김숙정,더불어민주당,서울특별시,강동구,기초의원 비례,9,1,2,Y,등록,54,19720109,없음,N,,,0,0원,0,0원,N,N,N,https://info.nec.go.kr/electioninfo/candidate_detail_info.xhtml?electionId=0020260603&huboId=100165237,
100165249,이옥이,더불어민주당,서울특별시,강동구,기초의원 비례,9,2,2,Y,등록,63,19630503,없음,N,,,0,0원,0,0원,N,N,N,https://info.nec.go.kr/electioninfo/candidate_detail_info.xhtml?electionId=0020260603&huboId=100165249,
100164171,송은주,더불어민주당,서울특별시,강북구,기초의원 비례,9,1,2,Y,등록,46,19790613,없음,N,,,0,0원,0,0원,N,N,N,https://info.nec.go.kr/electioninfo/candidate_detail_info.xhtml?electionId=0020260603&huboId=100164171,
100164998,나혜심,더불어민주당,서울특별시,강서구,기초의원 비례,9,1,3,Y,등록,54,19720329,없음,N,,,248,24만원,0,0원,Y,N,N,https://info.nec.go.kr/electioninfo/candidate_detail_info.xhtml?electionId=0020260603&huboId=100164998,
100165004,문영식,더불어민주당,서울특별시,강서구,기초의원 비례,9,2,3,Y,등록,60,19660109,2건,Y,음주·위험운전; 교통사고; 도로교통,교통사고처리특례법위반도로교통법위반(음주운전)비례대표강서구의회의원선거더불어민주당 / 1998-08-21,0,0원,0,0원,N,N,N,https://info.nec.go.kr/electioninfo/candidate_detail_info.xhtml?electionId=0020260603&huboId=100165004,https://info.nec.go.kr/unielec_pdf_file/20260603/open/Gsg1116/Hb100165004/junkwa/20260514204459276_8.PDF
100164621,임미숙,더불어민주당,서울특별시,관악구,기초의원 비례,9,1,3,Y,등록,59,19660918,없음,N,,,0,0원,0,0원,N,N,N,https://info.nec.go.kr/electioninfo/candidate_detail_info.xhtml?electionId=0020260603&huboId=100164621,
100164622,김성아,더불어민주당,서울특별시,관악구,기초의원 비례,9,2,3,Y,등록,34,19911020,없음,N,,,0,0원,0,0원,N,N,N,https://info.nec.go.kr/electioninfo/candidate_detail_info.xhtml?electionId=0020260603&huboId=100164622,
100164625,박경진,더불어민주당,서울특별시,관악구,기초의원 비례,9,3,3,Y,등록,51,19741021,없음,N,,,0,0원,0,0원,N,N,N,https://info.nec.go.kr/electioninfo/candidate_detail_info.xhtml?electionId=0020260603&huboId=100164625,
100164616,김은희,더불어민주당,서울특별시,광진구,기초의원 비례,9,1,2,Y,등록,48,19770820,없음,N,,,0,0원,0,0원,N,N,N,https://info.nec.go.kr/electioninfo/candidate_detail_info.xhtml?electionId=0020260603&huboId=100164616,
100164269,김현지,더불어민주당,서울특별시,구로구,기초의원 비례,9,1,2,Y,등록,38,19871012,없음,N,,,4302,430만원,0,0원,Y,N,N,https://info.nec.go.kr/electioninfo/candidate_detail_info.xhtml?electionId=0020260603&huboId=100164269,
100165702,이은영,더불어민주당,서울특별시,금천구,기초의원 비례,9,1,1,Y,등록,44,19820117,없음,N,,,0,0원,0,0원,N,N,N,https://info.nec.go.kr/electioninfo/candidate_detail_info.xhtml?electionId=0020260603&huboId=100165702,
100165706,김혜경,더불어민주당,서울특별시,금천구,기초의원 비례,9,2,1,N,등록,55,19700923,없음,N,,,0,0원,0,0원,N,N,N,https://info.nec.go.kr/electioninfo/candidate_detail_info.xhtml?electionId=0020260603&huboId=100165706,
100164950,한은영,더불어민주당,서울특별시,노원구,기초의원 비례,9,1,3,Y,등록,51,19741225,없음,N,,,0,0원,0,0원,N,N,N,https://info.nec.go.kr/electioninfo/candidate_detail_info.xhtml?electionId=0020260603&huboId=100164950,
100164958,허윤회,더불어민주당,서울특별시,노원구,기초의원 비례,9,2,3,Y,등록,59,19661231,없음,N,,,0,0원,0,0원,N,N,N,https://info.nec.go.kr/electioninfo/candidate_detail_info.xhtml?electionId=0020260603&huboId=100164958,
100165072,경정화,더불어민주당,서울특별시,도봉구,기초의원 비례,9,1,2,Y,등록,53,19721209,없음,N,,,0,0원,0,0원,N,N,N,https://info.nec.go.kr/electioninfo/candidate_detail_info.xhtml?electionId=0020260603&huboId=100165072,
100164915,윤순옥,더불어민주당,서울특별시,동대문구,기초의원 비례,9,1,2,Y,등록,64,19610707,없음,N,,,0,0원,0,0원,N,N,N,https://info.nec.go.kr/electioninfo/candidate_detail_info.xhtml?electionId=0020260603&huboId=100164915,
100164940,김엄지,더불어민주당,서울특별시,동대문구,기초의원 비례,9,2,2,Y,등록,37,19890123,없음,N,,,0,0원,0,0원,N,N,N,https://info.nec.go.kr/electioninfo/candidate_detail_info.xhtml?electionId=0020260603&huboId=100164940,
100165812,양정화,더불어민주당,서울특별시,동작구,기초의원 비례,9,1,2,Y,등록,33,19930513,없음,N,,,146,14만원,0,0원,Y,N,N,https://info.nec.go.kr/electioninfo/candidate_detail_info.xhtml?electionId=0020260603&huboId=100165812,
100165814,김정심,더불어민주당,서울특별시,동작구,기초의원 비례,9,2,2,Y,등록,68,19580408,없음,N,,,0,0원,0,0원,N,N,N,https://info.nec.go.kr/electioninfo/candidate_detail_info.xhtml?electionId=0020260603&huboId=100165814,
100164511,고안경,더불어민주당,서울특별시,마포구,기초의원 비례,9,1,2,Y,등록,59,19670115,없음,N,,,0,0원,0,0원,N,N,N,https://info.nec.go.kr/electioninfo/candidate_detail_info.xhtml?electionId=0020260603&huboId=100164511,
100164752,이미정,더불어민주당,서울특별시,서대문구,기초의원 비례,9,1,2,Y,등록,46,19790625,없음,N,,,0,0원,0,0원,N,N,N,https://info.nec.go.kr/electioninfo/candidate_detail_info.xhtml?electionId=0020260603&huboId=100164752,
100165383,이슬기,더불어민주당,서울특별시,서초구,기초의원 비례,9,1,2,Y,등록,34,19910922,없음,N,,,0,0원,0,0원,N,N,N,https://info.nec.go.kr/electioninfo/candidate_detail_info.xhtml?electionId=0020260603&huboId=100165383,
100165114,윤희정,더불어민주당,서울특별시,성동구,기초의원 비례,9,1,2,Y,등록,45,19801218,없음,N,,,0,0원,0,0원,N,N,N,https://info.nec.go.kr/electioninfo/candidate_detail_info.xhtml?electionId=0020260603&huboId=100165114,
100164863,박윤경,더불어민주당,서울특별시,성북구,기초의원 비례,9,1,3,Y,등록,59,19670222,없음,N,,,0,0원,0,0원,N,N,N,https://info.nec.go.kr/electioninfo/candidate_detail_info.xhtml?electionId=0020260603&huboId=100164863,
100164885,한지연,더불어민주당,서울특별시,성북구,기초의원 비례,9,2,3,Y,등록,39,19870213,없음,N,,,0,0원,0,0원,N,N,N,https://info.nec.go.kr/electioninfo/candidate_detail_info.xhtml?electionId=0020260603&huboId=100164885,
100165136,이승희,더불어민주당,서울특별시,송파구,기초의원 비례,9,1,3,Y,등록,45,19800815,없음,N,,,0,0원,0,0원,N,N,N,https://info.nec.go.kr/electioninfo/candidate_detail_info.xhtml?electionId=0020260603&huboId=100165136,
100165138,강기운,더불어민주당,서울특별시,송파구,기초의원 비례,9,2,3,Y,등록,58,19671013,없음,N,,,0,0원,0,0원,N,N,N,https://info.nec.go.kr/electioninfo/candidate_detail_info.xhtml?electionId=0020260603&huboId=100165138,
100165289,김임옥,더불어민주당,서울특별시,양천구,기초의원 비례,9,1,2,Y,등록,51,19741230,없음,N,,,0,0원,0,0원,N,N,N,https://info.nec.go.kr/electioninfo/candidate_detail_info.xhtml?electionId=0020260603&huboId=100165289,
100164762,오지연,더불어민주당,서울특별시,영등포구,기초의원 비례,9,1,2,Y,등록,52,19740510,없음,N,,,0,0원,0,0원,N,N,N,https://info.nec.go.kr/electioninfo/candidate_detail_info.xhtml?electionId=0020260603&huboId=100164762,
100164820,권은영,더불어민주당,서울특별시,영등포구,기초의원 비례,9,2,2,Y,등록,50,19760531,없음,N,,,0,0원,0,0원,N,N,N,https://info.nec.go.kr/electioninfo/candidate_detail_info.xhtml?electionId=0020260603&huboId=100164820,
100165046,김인숙,더불어민주당,서울특별시,용산구,기초의원 비례,9,1,2,Y,등록,62,19630705,없음,N,,,0,0원,0,0원,N,N,N,https://info.nec.go.kr/electioninfo/candidate_detail_info.xhtml?electionId=0020260603&huboId=100165046,
100165059,서후진,더불어민주당,서울특별시,용산구,기초의원 비례,9,2,2,Y,등록,61,19650510,없음,N,,,0,0원,0,0원,N,N,N,https://info.nec.go.kr/electioninfo/candidate_detail_info.xhtml?electionId=0020260603&huboId=100165059,
100164971,김송희,더불어민주당,서울특별시,은평구,기초의원 비례,9,1,2,Y,등록,60,19651209,없음,N,,,0,0원,0,0원,N,N,N,https://info.nec.go.kr/electioninfo/candidate_detail_info.xhtml?electionId=0020260603&huboId=100164971,
100164977,이경희,더불어민주당,서울특별시,은평구,기초의원 비례,9,2,2,Y,등록,44,19810813,없음,N,,,0,0원,0,0원,N,N,N,https://info.nec.go.kr/electioninfo/candidate_detail_info.xhtml?electionId=0020260603&huboId=100164977,
100164864,강수은,더불어민주당,서울특별시,종로구,기초의원 비례,9,1,1,Y,등록,47,19780708,없음,N,,,0,0원,0,0원,N,N,N,https://info.nec.go.kr/electioninfo/candidate_detail_info.xhtml?electionId=0020260603&huboId=100164864,
100164069,강운희,더불어민주당,서울특별시,중구,기초의원 비례,9,1,1,Y,등록,52,19740508,없음,N,,,0,0원,0,0원,N,N,N,https://info.nec.go.kr/electioninfo/candidate_detail_info.xhtml?electionId=0020260603&huboId=100164069,
100164985,복경옥,더불어민주당,서울특별시,중랑구,기초의원 비례,9,1,2,Y,등록,45,19801001,없음,N,,,0,0원,0,0원,N,N,N,https://info.nec.go.kr/electioninfo/candidate_detail_info.xhtml?electionId=0020260603&huboId=100164985,
100164990,이춘재,더불어민주당,서울특별시,중랑구,기초의원 비례,9,2,2,Y,등록,68,19571120,없음,N,,,0,0원,0,0원,N,N,N,https://info.nec.go.kr/electioninfo/candidate_detail_info.xhtml?electionId=0020260603&huboId=100164990,
100164316,고미영,더불어민주당,울산광역시,남구,기초의원 비례,9,1,2,Y,등록,49,19770220,없음,N,,,0,0원,0,0원,N,N,N,https://info.nec.go.kr/electioninfo/candidate_detail_info.xhtml?electionId=0020260603&huboId=100164316,
100164861,전혜화,더불어민주당,울산광역시,동구,기초의원 비례,9,1,1,Y,등록,43,19821124,없음,N,,,0,0원,0,0원,N,N,N,https://info.nec.go.kr/electioninfo/candidate_detail_info.xhtml?electionId=0020260603&huboId=100164861,
100164734,안현진,더불어민주당,울산광역시,북구,기초의원 비례,9,1,1,Y,등록,49,19770302,없음,N,,,173,17만원,0,0원,Y,N,N,https://info.nec.go.kr/electioninfo/candidate_detail_info.xhtml?electionId=0020260603&huboId=100164734,
100164431,한혜진,더불어민주당,울산광역시,울주군,기초의원 비례,9,1,1,Y,등록,51,19750303,없음,N,,,0,0원,0,0원,N,N,N,https://info.nec.go.kr/electioninfo/candidate_detail_info.xhtml?electionId=0020260603&huboId=100164431,
100164611,박정원,더불어민주당,울산광역시,중구,기초의원 비례,9,1,1,Y,등록,23,20030430,없음,N,,,0,0원,0,0원,N,N,N,https://info.nec.go.kr/electioninfo/candidate_detail_info.xhtml?electionId=0020260603&huboId=100164611,
100164560,박승주,더불어민주당,인천광역시,강화군,기초의원 비례,9,1,1,Y,등록,48,19770913,없음,N,,,0,0원,0,0원,N,N,N,https://info.nec.go.kr/electioninfo/candidate_detail_info.xhtml?electionId=0020260603&huboId=100164560,
100164804,나선희,더불어민주당,인천광역시,검단구,기초의원 비례,9,1,1,Y,등록,29,19970225,없음,N,,,0,0원,0,0원,N,N,N,https://info.nec.go.kr/electioninfo/candidate_detail_info.xhtml?electionId=0020260603&huboId=100164804,
100165462,김윤경,더불어민주당,인천광역시,계양구,기초의원 비례,9,1,1,Y,등록,44,19810703,없음,N,,,0,0원,0,0원,N,N,N,https://info.nec.go.kr/electioninfo/candidate_detail_info.xhtml?electionId=0020260603&huboId=100165462,
100164206,서주영,더불어민주당,인천광역시,남동구,기초의원 비례,9,1,2,Y,등록,66,19591215,없음,N,,,530,53만원,0,0원,Y,N,N,https://info.nec.go.kr/electioninfo/candidate_detail_info.xhtml?electionId=0020260603&huboId=100164206,
100164702,태화순,더불어민주당,인천광역시,미추홀구,기초의원 비례,9,1,2,Y,등록,58,19680121,없음,N,,,0,0원,0,0원,N,N,N,https://info.nec.go.kr/electioninfo/candidate_detail_info.xhtml?electionId=0020260603&huboId=100164702,
100164719,고화숙,더불어민주당,인천광역시,부평구,기초의원 비례,9,1,2,Y,등록,57,19690424,1건,Y,업무방해; 집시법; 모욕,모욕업무방해 / 징역10월집행유예2년,106,10만원,0,0원,Y,N,N,https://info.nec.go.kr/electioninfo/candidate_detail_info.xhtml?electionId=0020260603&huboId=100164719,https://info.nec.go.kr/unielec_pdf_file/20260603/open/Gsg2806/Hb100164719/junkwa/20260514114117528_8.PDF
100164780,홍육례,더불어민주당,인천광역시,서구,기초의원 비례,9,1,2,Y,등록,50,19760413,1건,Y,무면허운전; 도로교통,,6388,638만원,0,0원,Y,N,N,https://info.nec.go.kr/electioninfo/candidate_detail_info.xhtml?electionId=0020260603&huboId=100164780,https://info.nec.go.kr/unielec_pdf_file/20260603/open/Gsg2813/Hb100164780/junkwa/20260515163125367_1.PDF
100165832,김선아,더불어민주당,인천광역시,연수구,기초의원 비례,9,1,2,Y,등록,46,19790912,없음,N,,,828,82만원,0,0원,Y,N,N,https://info.nec.go.kr/electioninfo/candidate_detail_info.xhtml?electionId=0020260603&huboId=100165832,
100165039,조현정,더불어민주당,인천광역시,영종구,기초의원 비례,9,1,1,Y,등록,51,19741018,없음,N,,,0,0원,0,0원,N,N,N,https://info.nec.go.kr/electioninfo/candidate_detail_info.xhtml?electionId=0020260603&huboId=100165039,
100164226,서은미,더불어민주당,인천광역시,옹진군,기초의원 비례,9,1,1,Y,등록,58,19671104,없음,N,,,0,0원,0,0원,N,N,N,https://info.nec.go.kr/electioninfo/candidate_detail_info.xhtml?electionId=0020260603&huboId=100164226,
100164678,김윤선,더불어민주당,인천광역시,제물포구,기초의원 비례,9,1,1,Y,등록,56,19690909,없음,N,,,0,0원,0,0원,N,N,N,https://info.nec.go.kr/electioninfo/candidate_detail_info.xhtml?electionId=0020260603&huboId=100164678,
100165356,김경,더불어민주당,전라남도,강진군,기초의원 비례,9,1,1,Y,등록,62,19640430,없음,N,,,0,0원,0,0원,N,N,N,https://info.nec.go.kr/electioninfo/candidate_detail_info.xhtml?electionId=0020260603&huboId=100165356,
100165107,김인자,더불어민주당,전라남도,고흥군,기초의원 비례,9,1,2,Y,등록,57,19680707,없음,N,,,0,0원,0,0원,N,N,N,https://info.nec.go.kr/electioninfo/candidate_detail_info.xhtml?electionId=0020260603&huboId=100165107,
100165117,김지연,더불어민주당,전라남도,고흥군,기초의원 비례,9,2,2,Y,등록,57,19680820,없음,N,,,0,0원,0,0원,N,N,N,https://info.nec.go.kr/electioninfo/candidate_detail_info.xhtml?electionId=0020260603&huboId=100165117,
100165123,박순엽,더불어민주당,전라남도,고흥군,기초의원 비례,9,3,2,N,등록,63,19620730,없음,N,,,0,0원,0,0원,N,N,N,https://info.nec.go.kr/electioninfo/candidate_detail_info.xhtml?electionId=0020260603&huboId=100165123,
100165408,임원자,더불어민주당,전라남도,곡성군,기초의원 비례,9,1,1,Y,등록,52,19740104,없음,N,,,0,0원,0,0원,N,N,N,https://info.nec.go.kr/electioninfo/candidate_detail_info.xhtml?electionId=0020260603&huboId=100165408,
100165414,이진숙,더불어민주당,전라남도,곡성군,기초의원 비례,9,2,1,N,등록,59,19670324,없음,N,,,0,0원,0,0원,N,N,N,https://info.nec.go.kr/electioninfo/candidate_detail_info.xhtml?electionId=0020260603&huboId=100165414,
100165208,이은경,더불어민주당,전라남도,광양시,기초의원 비례,9,1,2,Y,등록,60,19651004,없음,N,,,0,0원,0,0원,N,N,N,https://info.nec.go.kr/electioninfo/candidate_detail_info.xhtml?electionId=0020260603&huboId=100165208,
100165216,윤정천,더불어민주당,전라남도,광양시,기초의원 비례,9,2,2,Y,등록,52,19740504,없음,N,,,0,0원,0,0원,N,N,N,https://info.nec.go.kr/electioninfo/candidate_detail_info.xhtml?electionId=0020260603&huboId=100165216,
100165220,박옥희,더불어민주당,전라남도,광양시,기초의원 비례,9,3,2,N,등록,65,19610424,없음,N,,,0,0원,0,0원,N,N,N,https://info.nec.go.kr/electioninfo/candidate_detail_info.xhtml?electionId=0020260603&huboId=100165220,
100164852,서연희,더불어민주당,전라남도,구례군,기초의원 비례,9,1,1,Y,등록,64,19610908,없음,N,,,0,0원,0,0원,N,N,N,https://info.nec.go.kr/electioninfo/candidate_detail_info.xhtml?electionId=0020260603&huboId=100164852,
100165425,정서연,더불어민주당,전라남도,나주시,기초의원 비례,9,1,2,Y,등록,50,19751103,없음,N,,,2633,263만원,0,0원,Y,N,N,https://info.nec.go.kr/electioninfo/candidate_detail_info.xhtml?electionId=0020260603&huboId=100165425,
100165430,이용천,더불어민주당,전라남도,나주시,기초의원 비례,9,2,2,Y,등록,45,19810326,없음,N,,,0,0원,0,0원,N,N,N,https://info.nec.go.kr/electioninfo/candidate_detail_info.xhtml?electionId=0020260603&huboId=100165430,
100164095,김양희,더불어민주당,전라남도,담양군,기초의원 비례,9,1,1,Y,등록,66,19600114,없음,N,,,0,0원,0,0원,N,N,N,https://info.nec.go.kr/electioninfo/candidate_detail_info.xhtml?electionId=0020260603&huboId=100164095,
100164098,오성순,더불어민주당,전라남도,담양군,기초의원 비례,9,2,1,N,등록,52,19731126,없음,N,,,0,0원,0,0원,N,N,N,https://info.nec.go.kr/electioninfo/candidate_detail_info.xhtml?electionId=0020260603&huboId=100164098,
100165271,홍건숙,더불어민주당,전라남도,목포시,기초의원 비례,9,1,3,Y,등록,59,19660819,1건,Y,폭력,흥건숙 / 벌금100만원,128,12만원,0,0원,Y,N,N,https://info.nec.go.kr/electioninfo/candidate_detail_info.xhtml?electionId=0020260603&huboId=100165271,https://info.nec.go.kr/unielec_pdf_file/20260603/open/Gsg4601/Hb100165271/junkwa/20260515152505237_10.PDF
100165300,안하늘이,더불어민주당,전라남도,목포시,기초의원 비례,9,2,3,Y,등록,39,19870113,없음,N,,,0,0원,0,0원,N,N,N,https://info.nec.go.kr/electioninfo/candidate_detail_info.xhtml?electionId=0020260603&huboId=100165300,
100165290,이미향,더불어민주당,전라남도,목포시,기초의원 비례,9,3,3,Y,등록,55,19701227,없음,N,,,0,0원,0,0원,N,N,N,https://info.nec.go.kr/electioninfo/candidate_detail_info.xhtml?electionId=0020260603&huboId=100165290,
100165544,정소혜,더불어민주당,전라남도,무안군,기초의원 비례,9,1,1,Y,등록,33,19920627,없음,N,,,618,61만원,0,0원,Y,N,N,https://info.nec.go.kr/electioninfo/candidate_detail_info.xhtml?electionId=0020260603&huboId=100165544,
100164886,서정옥,더불어민주당,전라남도,보성군,기초의원 비례,9,1,1,Y,등록,64,19610709,없음,N,,,0,0원,0,0원,N,N,N,https://info.nec.go.kr/electioninfo/candidate_detail_info.xhtml?electionId=0020260603&huboId=100164886,
100165012,김미숙,더불어민주당,전라남도,보성군,기초의원 비례,9,2,1,N,등록,67,19590311,없음,N,,,0,0원,0,0원,N,N,N,https://info.nec.go.kr/electioninfo/candidate_detail_info.xhtml?electionId=0020260603&huboId=100165012,
100165172,노금희,더불어민주당,전라남도,순천시,기초의원 비례,9,1,3,Y,등록,67,19590114,없음,N,,,0,0원,0,0원,N,N,N,https://info.nec.go.kr/electioninfo/candidate_detail_info.xhtml?electionId=0020260603&huboId=100165172,
100165180,이재현,더불어민주당,전라남도,순천시,기초의원 비례,9,2,3,Y,등록,27,19990322,없음,N,,,0,0원,0,0원,N,N,N,https://info.nec.go.kr/electioninfo/candidate_detail_info.xhtml?electionId=0020260603&huboId=100165180,
100165183,권애임,더불어민주당,전라남도,순천시,기초의원 비례,9,3,3,Y,등록,58,19671206,없음,N,,,2777,277만원,0,0원,Y,N,N,https://info.nec.go.kr/electioninfo/candidate_detail_info.xhtml?electionId=0020260603&huboId=100165183,
100165406,최성자,더불어민주당,전라남도,신안군,기초의원 비례,9,1,1,Y,등록,59,19660927,없음,N,,,0,0원,0,0원,N,N,N,https://info.nec.go.kr/electioninfo/candidate_detail_info.xhtml?electionId=0020260603&huboId=100165406,
100165707,최정숙,더불어민주당,전라남도,여수시,기초의원 비례,9,1,3,Y,등록,59,19670307,없음,N,,,0,0원,0,0원,N,N,N,https://info.nec.go.kr/electioninfo/candidate_detail_info.xhtml?electionId=0020260603&huboId=100165707,
100165709,김석환,더불어민주당,전라남도,여수시,기초의원 비례,9,2,3,Y,등록,42,19840525,없음,N,,,0,0원,0,0원,N,N,N,https://info.nec.go.kr/electioninfo/candidate_detail_info.xhtml?electionId=0020260603&huboId=100165709,
100165710,곽인숙,더불어민주당,전라남도,여수시,기초의원 비례,9,3,3,Y,등록,68,19571104,3건,Y,보조금; 식품·보건,"전과기록증명에관한제출서비례대표여수시의회의원선거선거구명선거명소속정당명죄더불어민주당후보자성명명보조금의예산및관리에관한법률위반공중위생관리법위반공중위생관리법위반전과기록형량(처분결과)벌금1,000,000원벌금1,000,000원 / 벌금1,000,000원",0,0원,0,0원,N,N,N,https://info.nec.go.kr/electioninfo/candidate_detail_info.xhtml?electionId=0020260603&huboId=100165710,https://info.nec.go.kr/unielec_pdf_file/20260603/open/Gsg4602/Hb100165710/junkwa/20260515164704244_10.PDF
100165711,박경숙,더불어민주당,전라남도,여수시,기초의원 비례,9,4,3,N,등록,64,19620125,없음,N,,,0,0원,0,0원,N,N,N,https://info.nec.go.kr/electioninfo/candidate_detail_info.xhtml?electionId=0020260603&huboId=100165711,
100165816,김선옥,더불어민주당,전라남도,영광군,기초의원 비례,9,1,1,Y,등록,58,19670818,1건,Y,공직선거법,"공직선거법위반더불어민주당 / 벌금1,000,000원",0,0원,0,0원,N,N,N,https://info.nec.go.kr/electioninfo/candidate_detail_info.xhtml?electionId=0020260603&huboId=100165816,https://info.nec.go.kr/unielec_pdf_file/20260603/open/Gsg4622/Hb100165816/junkwa/20260515171351084_9.PDF
100165813,박노은,더불어민주당,전라남도,영광군,기초의원 비례,9,2,1,N,등록,65,19601126,없음,N,,,0,0원,0,0원,N,N,N,https://info.nec.go.kr/electioninfo/candidate_detail_info.xhtml?electionId=0020260603&huboId=100165813,
100165202,심애란,더불어민주당,전라남도,영암군,기초의원 비례,9,1,1,Y,등록,55,19700816,없음,N,,,0,0원,0,0원,N,N,N,https://info.nec.go.kr/electioninfo/candidate_detail_info.xhtml?electionId=0020260603&huboId=100165202,
100165716,김매숙,더불어민주당,전라남도,완도군,기초의원 비례,9,1,1,Y,등록,54,19710610,없음,N,,,0,0원,0,0원,N,N,N,https://info.nec.go.kr/electioninfo/candidate_detail_info.xhtml?electionId=0020260603&huboId=100165716,
100165729,손정희,더불어민주당,전라남도,완도군,기초의원 비례,9,2,1,N,등록,61,19640928,없음,N,,,0,0원,0,0원,N,N,N,https://info.nec.go.kr/electioninfo/candidate_detail_info.xhtml?electionId=0020260603&huboId=100165729,
100165842,이지연,더불어민주당,전라남도,장성군,기초의원 비례,9,1,1,Y,등록,55,19701020,없음,N,,,0,0원,0,0원,N,N,N,https://info.nec.go.kr/electioninfo/candidate_detail_info.xhtml?electionId=0020260603&huboId=100165842,
100165843,신화순,더불어민주당,전라남도,장성군,기초의원 비례,9,2,1,N,등록,61,19640824,없음,N,,,0,0원,0,0원,N,N,N,https://info.nec.go.kr/electioninfo/candidate_detail_info.xhtml?electionId=0020260603&huboId=100165843,
100164730,김옥화,더불어민주당,전라남도,장흥군,기초의원 비례,9,1,1,Y,등록,63,19630306,1건,Y,업무방해,"업무방해 / 벌금1,000,000원",0,0원,0,0원,N,N,N,https://info.nec.go.kr/electioninfo/candidate_detail_info.xhtml?electionId=0020260603&huboId=100164730,https://info.nec.go.kr/unielec_pdf_file/20260603/open/Gsg4615/Hb100164730/junkwa/20260514134519788_12.PDF
100164733,김동미,더불어민주당,전라남도,장흥군,기초의원 비례,9,2,1,N,등록,62,19640117,1건,Y,폭력,"별지제12호서식의(카)]선거소속정당명 / 벌금1,000,000원",0,0원,0,0원,N,N,N,https://info.nec.go.kr/electioninfo/candidate_detail_info.xhtml?electionId=0020260603&huboId=100164733,https://info.nec.go.kr/unielec_pdf_file/20260603/open/Gsg4615/Hb100164733/junkwa/20260514134913301_7.PDF
100164329,조난영,더불어민주당,전라남도,진도군,기초의원 비례,9,1,1,Y,등록,63,19621221,없음,N,,,0,0원,0,0원,N,N,N,https://info.nec.go.kr/electioninfo/candidate_detail_info.xhtml?electionId=0020260603&huboId=100164329,
100165533,박후근,더불어민주당,전라남도,진도군,기초의원 비례,9,2,1,N,등록,67,19590215,없음,N,,,0,0원,0,0원,N,N,N,https://info.nec.go.kr/electioninfo/candidate_detail_info.xhtml?electionId=0020260603&huboId=100165533,
100165680,김농선,더불어민주당,전라남도,함평군,기초의원 비례,9,1,1,Y,등록,59,19661113,없음,N,,,0,0원,0,0원,N,N,N,https://info.nec.go.kr/electioninfo/candidate_detail_info.xhtml?electionId=0020260603&huboId=100165680,
100164361,김미경,더불어민주당,전라남도,해남군,기초의원 비례,9,1,2,Y,등록,66,19600424,1건,Y,지방공무원법,,0,0원,0,0원,N,N,N,https://info.nec.go.kr/electioninfo/candidate_detail_info.xhtml?electionId=0020260603&huboId=100164361,https://info.nec.go.kr/unielec_pdf_file/20260603/open/Gsg4618/Hb100164361/junkwa/20260515135245635_7.PDF
100164364,김연수,더불어민주당,전라남도,해남군,기초의원 비례,9,2,2,Y,등록,69,19560901,없음,N,,,0,0원,0,0원,N,N,N,https://info.nec.go.kr/electioninfo/candidate_detail_info.xhtml?electionId=0020260603&huboId=100164364,
100165267,주혜정,더불어민주당,전라남도,화순군,기초의원 비례,9,1,1,Y,등록,60,19660416,없음,N,,,0,0원,0,0원,N,N,N,https://info.nec.go.kr/electioninfo/candidate_detail_info.xhtml?electionId=0020260603&huboId=100165267,
100165652,최선례,더불어민주당,전북특별자치도,고창군,기초의원 비례,9,1,1,Y,등록,59,19661105,없음,N,,,220,22만원,0,0원,Y,N,N,https://info.nec.go.kr/electioninfo/candidate_detail_info.xhtml?electionId=0020260603&huboId=100165652,
100165653,최은서,더불어민주당,전북특별자치도,고창군,기초의원 비례,9,2,1,N,등록,62,19640520,없음,N,,,0,0원,0,0원,N,N,N,https://info.nec.go.kr/electioninfo/candidate_detail_info.xhtml?electionId=0020260603&huboId=100165653,
100165685,박다혜,더불어민주당,전북특별자치도,군산시,기초의원 비례,9,1,3,Y,등록,30,19950926,1건,Y,공직선거법; 폭력; 주거침입,그8.『공직선거법』 / 2020.11,0,0원,0,0원,N,N,N,https://info.nec.go.kr/electioninfo/candidate_detail_info.xhtml?electionId=0020260603&huboId=100165685,https://info.nec.go.kr/unielec_pdf_file/20260603/open/Gsg5303/Hb100165685/junkwa/20260515181207748_9.PDF
100165690,강수정,더불어민주당,전북특별자치도,군산시,기초의원 비례,9,2,3,Y,등록,61,19641101,없음,N,,,0,0원,0,0원,N,N,N,https://info.nec.go.kr/electioninfo/candidate_detail_info.xhtml?electionId=0020260603&huboId=100165690,
100165708,김효신,더불어민주당,전북특별자치도,군산시,기초의원 비례,9,3,3,Y,등록,68,19570818,없음,N,,,0,0원,0,0원,N,N,N,https://info.nec.go.kr/electioninfo/candidate_detail_info.xhtml?electionId=0020260603&huboId=100165708,
100165750,전기수,더불어민주당,전북특별자치도,군산시,기초의원 비례,9,4,3,N,등록,64,19611128,2건,Y,폭력; 업무방해,"업무방해,재물은닉폭행 / 2009-03-26 / 벌금1,000,000원",0,0원,0,0원,N,N,N,https://info.nec.go.kr/electioninfo/candidate_detail_info.xhtml?electionId=0020260603&huboId=100165750,https://info.nec.go.kr/unielec_pdf_file/20260603/open/Gsg5303/Hb100165750/junkwa/20260515181204706_7.PDF
100165600,손정애,더불어민주당,전북특별자치도,김제시,기초의원 비례,9,1,2,Y,등록,59,19670403,없음,N,,,0,0원,0,0원,N,N,N,https://info.nec.go.kr/electioninfo/candidate_detail_info.xhtml?electionId=0020260603&huboId=100165600,
100165602,정경원,더불어민주당,전북특별자치도,김제시,기초의원 비례,9,2,2,Y,등록,47,19780901,1건,Y,공직선거법; 음주·위험운전; 도로교통,『공직선거법』 / 2005-06-30,0,0원,0,0원,N,N,N,https://info.nec.go.kr/electioninfo/candidate_detail_info.xhtml?electionId=0020260603&huboId=100165602,https://info.nec.go.kr/unielec_pdf_file/20260603/open/Gsg5309/Hb100165602/junkwa/20260515165823120_8.PDF
100165632,전인숙,더불어민주당,전북특별자치도,남원시,기초의원 비례,9,1,2,Y,등록,52,19730610,없음,N,,,1470,147만원,0,0원,Y,N,N,https://info.nec.go.kr/electioninfo/candidate_detail_info.xhtml?electionId=0020260603&huboId=100165632,
100165643,김순복,더불어민주당,전북특별자치도,남원시,기초의원 비례,9,2,2,Y,등록,64,19620107,없음,N,,,0,0원,0,0원,N,N,N,https://info.nec.go.kr/electioninfo/candidate_detail_info.xhtml?electionId=0020260603&huboId=100165643,
100165647,오순덕,더불어민주당,전북특별자치도,무주군,기초의원 비례,9,1,1,Y,등록,56,19691211,없음,N,,,0,0원,0,0원,N,N,N,https://info.nec.go.kr/electioninfo/candidate_detail_info.xhtml?electionId=0020260603&huboId=100165647,
100165567,임정숙,더불어민주당,전북특별자치도,부안군,기초의원 비례,9,1,1,Y,등록,58,19671203,없음,N,,,0,0원,0,0원,N,N,N,https://info.nec.go.kr/electioninfo/candidate_detail_info.xhtml?electionId=0020260603&huboId=100165567,
100164279,한소용,더불어민주당,전북특별자치도,순창군,기초의원 비례,9,1,1,Y,등록,58,19680319,없음,N,,,0,0원,0,0원,N,N,N,https://info.nec.go.kr/electioninfo/candidate_detail_info.xhtml?electionId=0020260603&huboId=100164279,
100165584,이미경,더불어민주당,전북특별자치도,완주군,기초의원 비례,9,1,2,Y,등록,61,19640723,없음,N,,,0,0원,0,0원,N,N,N,https://info.nec.go.kr/electioninfo/candidate_detail_info.xhtml?electionId=0020260603&huboId=100165584,
100165586,최은규,더불어민주당,전북특별자치도,완주군,기초의원 비례,9,2,2,Y,등록,44,19811002,없음,N,,,0,0원,0,0원,N,N,N,https://info.nec.go.kr/electioninfo/candidate_detail_info.xhtml?electionId=0020260603&huboId=100165586,
100165790,한명란,더불어민주당,전북특별자치도,익산시,기초의원 비례,9,1,3,Y,등록,65,19610516,없음,N,,,0,0원,0,0원,N,N,N,https://info.nec.go.kr/electioninfo/candidate_detail_info.xhtml?electionId=0020260603&huboId=100165790,
100165795,이중연,더불어민주당,전북특별자치도,익산시,기초의원 비례,9,2,3,Y,등록,33,19930505,1건,Y,허위공문서·문서위조·공용서류,"이중연 / 벌금1,000,000원",0,0원,0,0원,N,N,N,https://info.nec.go.kr/electioninfo/candidate_detail_info.xhtml?electionId=0020260603&huboId=100165795,https://info.nec.go.kr/unielec_pdf_file/20260603/open/Gsg5305/Hb100165795/junkwa/20260515171057989_8.PDF
100164817,박선옥,더불어민주당,전북특별자치도,임실군,기초의원 비례,9,1,1,Y,등록,59,19661113,없음,N,,,0,0원,0,0원,N,N,N,https://info.nec.go.kr/electioninfo/candidate_detail_info.xhtml?electionId=0020260603&huboId=100164817,
100164215,한선미,더불어민주당,전북특별자치도,장수군,기초의원 비례,9,1,1,Y,등록,57,19681127,없음,N,,,0,0원,0,0원,N,N,N,https://info.nec.go.kr/electioninfo/candidate_detail_info.xhtml?electionId=0020260603&huboId=100164215,
100164235,오미은,더불어민주당,전북특별자치도,장수군,기초의원 비례,9,2,1,N,등록,61,19640717,없음,N,,,0,0원,0,0원,N,N,N,https://info.nec.go.kr/electioninfo/candidate_detail_info.xhtml?electionId=0020260603&huboId=100164235,
100165824,김수민,더불어민주당,전북특별자치도,전주시,기초의원 비례,9,1,4,Y,등록,38,19880504,없음,N,,,0,0원,0,0원,N,N,N,https://info.nec.go.kr/electioninfo/candidate_detail_info.xhtml?electionId=0020260603&huboId=100165824,
100165825,정승인,더불어민주당,전북특별자치도,전주시,기초의원 비례,9,2,4,Y,등록,44,19820603,없음,N,,,0,0원,0,0원,N,N,N,https://info.nec.go.kr/electioninfo/candidate_detail_info.xhtml?electionId=0020260603&huboId=100165825,
100165826,유시선,더불어민주당,전북특별자치도,전주시,기초의원 비례,9,3,4,Y,등록,56,19700402,없음,N,,,0,0원,0,0원,N,N,N,https://info.nec.go.kr/electioninfo/candidate_detail_info.xhtml?electionId=0020260603&huboId=100165826,
100165827,신재석,더불어민주당,전북특별자치도,전주시,기초의원 비례,9,4,4,Y,등록,58,19671124,2건,Y,공직선거법,"업무상흐황령공직선거법위반 / 2012-11-21 / 벌금1,000,000원",0,0원,0,0원,N,N,N,https://info.nec.go.kr/electioninfo/candidate_detail_info.xhtml?electionId=0020260603&huboId=100165827,https://info.nec.go.kr/unielec_pdf_file/20260603/open/Gsg5301/Hb100165827/junkwa/20260515180651005_7.PDF
100165828,송정옥,더불어민주당,전북특별자치도,전주시,기초의원 비례,9,5,4,N,등록,53,19730501,없음,N,,,0,0원,0,0원,N,N,N,https://info.nec.go.kr/electioninfo/candidate_detail_info.xhtml?electionId=0020260603&huboId=100165828,
100165747,김경란,더불어민주당,전북특별자치도,정읍시,기초의원 비례,9,1,2,Y,등록,61,19641220,없음,N,,,0,0원,0,0원,N,N,N,https://info.nec.go.kr/electioninfo/candidate_detail_info.xhtml?electionId=0020260603&huboId=100165747,
100165748,이정순,더불어민주당,전북특별자치도,정읍시,기초의원 비례,9,2,2,Y,등록,63,19630505,없음,N,,,195,19만원,0,0원,Y,N,N,https://info.nec.go.kr/electioninfo/candidate_detail_info.xhtml?electionId=0020260603&huboId=100165748,
100164191,한효임,더불어민주당,전북특별자치도,진안군,기초의원 비례,9,1,1,Y,등록,43,19830505,없음,N,,,0,0원,0,0원,N,N,N,https://info.nec.go.kr/electioninfo/candidate_detail_info.xhtml?electionId=0020260603&huboId=100164191,
100165506,한희선,더불어민주당,충청남도,계룡시,기초의원 비례,9,1,1,Y,등록,63,19630413,없음,N,,,0,0원,0,0원,N,N,N,https://info.nec.go.kr/electioninfo/candidate_detail_info.xhtml?electionId=0020260603&huboId=100165506,
100165412,이지은,더불어민주당,충청남도,공주시,기초의원 비례,9,1,2,Y,등록,44,19820127,없음,N,,,0,0원,0,0원,N,N,N,https://info.nec.go.kr/electioninfo/candidate_detail_info.xhtml?electionId=0020260603&huboId=100165412,
100165422,오연욱,더불어민주당,충청남도,공주시,기초의원 비례,9,2,2,Y,등록,58,19680301,없음,N,,,0,0원,0,0원,N,N,N,https://info.nec.go.kr/electioninfo/candidate_detail_info.xhtml?electionId=0020260603&huboId=100165422,
100164944,길영예,더불어민주당,충청남도,금산군,기초의원 비례,9,1,1,Y,등록,58,19680328,없음,N,,,0,0원,0,0원,N,N,N,https://info.nec.go.kr/electioninfo/candidate_detail_info.xhtml?electionId=0020260603&huboId=100164944,
100165067,국중숙,더불어민주당,충청남도,논산시,기초의원 비례,9,1,2,Y,등록,63,19630419,없음,N,,,2439,243만원,0,0원,Y,N,N,https://info.nec.go.kr/electioninfo/candidate_detail_info.xhtml?electionId=0020260603&huboId=100165067,
100165073,조아라,더불어민주당,충청남도,논산시,기초의원 비례,9,2,2,Y,등록,46,19790804,없음,N,,,0,0원,0,0원,N,N,N,https://info.nec.go.kr/electioninfo/candidate_detail_info.xhtml?electionId=0020260603&huboId=100165073,
100165592,박수규,더불어민주당,충청남도,당진시,기초의원 비례,9,1,2,Y,등록,56,19700528,없음,N,,,1769,176만원,0,0원,Y,N,N,https://info.nec.go.kr/electioninfo/candidate_detail_info.xhtml?electionId=0020260603&huboId=100165592,
100165593,임희정,더불어민주당,충청남도,당진시,기초의원 비례,9,2,2,Y,등록,45,19810513,없음,N,,,0,0원,0,0원,N,N,N,https://info.nec.go.kr/electioninfo/candidate_detail_info.xhtml?electionId=0020260603&huboId=100165593,
100165789,전춘순,더불어민주당,충청남도,보령시,기초의원 비례,9,1,2,Y,등록,61,19650425,1건,Y,공직선거법,,0,0원,0,0원,N,N,N,https://info.nec.go.kr/electioninfo/candidate_detail_info.xhtml?electionId=0020260603&huboId=100165789,https://info.nec.go.kr/unielec_pdf_file/20260603/open/Gsg4403/Hb100165789/junkwa/20260515182158031_8.PDF
100165794,이은옥,더불어민주당,충청남도,보령시,기초의원 비례,9,2,2,Y,등록,53,19721104,없음,N,,,876,87만원,0,0원,Y,N,N,https://info.nec.go.kr/electioninfo/candidate_detail_info.xhtml?electionId=0020260603&huboId=100165794,
100165799,최미자,더불어민주당,충청남도,보령시,기초의원 비례,9,3,2,N,등록,45,19801004,없음,N,,,2070,207만원,0,0원,Y,N,N,https://info.nec.go.kr/electioninfo/candidate_detail_info.xhtml?electionId=0020260603&huboId=100165799,
100164906,박세나,더불어민주당,충청남도,부여군,기초의원 비례,9,1,2,Y,등록,45,19810527,없음,N,,,0,0원,0,0원,N,N,N,https://info.nec.go.kr/electioninfo/candidate_detail_info.xhtml?electionId=0020260603&huboId=100164906,
100164983,김애란,더불어민주당,충청남도,서산시,기초의원 비례,9,1,2,Y,등록,56,19690720,없음,N,,,0,0원,0,0원,N,N,N,https://info.nec.go.kr/electioninfo/candidate_detail_info.xhtml?electionId=0020260603&huboId=100164983,
100164988,송영미,더불어민주당,충청남도,서산시,기초의원 비례,9,2,2,Y,등록,53,19730113,없음,N,,,0,0원,0,0원,N,N,N,https://info.nec.go.kr/electioninfo/candidate_detail_info.xhtml?electionId=0020260603&huboId=100164988,
100164376,최애순,더불어민주당,충청남도,서천군,기초의원 비례,9,1,1,Y,등록,67,19590202,없음,N,,,0,0원,0,0원,N,N,N,https://info.nec.go.kr/electioninfo/candidate_detail_info.xhtml?electionId=0020260603&huboId=100164376,
100164967,정란홍,더불어민주당,충청남도,아산시,기초의원 비례,9,1,2,Y,등록,62,19630818,1건,Y,보험·금융,"별지제12호서식의(카)]선거명 / 벌금1,000,000원",0,0원,0,0원,N,N,N,https://info.nec.go.kr/electioninfo/candidate_detail_info.xhtml?electionId=0020260603&huboId=100164967,https://info.nec.go.kr/unielec_pdf_file/20260603/open/Gsg4404/Hb100164967/junkwa/20260515154807135_7.PDF
100164969,김옥자,더불어민주당,충청남도,예산군,기초의원 비례,9,1,2,Y,등록,66,19600110,3건,Y,음주·위험운전; 무면허운전; 도로교통,"도로교통법위반(음주운전)도로교통법위반(무면허운전)도로교통법법위반(음주운전) / 벌금1,500,000원",0,0원,0,0원,N,N,N,https://info.nec.go.kr/electioninfo/candidate_detail_info.xhtml?electionId=0020260603&huboId=100164969,https://info.nec.go.kr/unielec_pdf_file/20260603/open/Gsg4415/Hb100164969/junkwa/20260514165717597_8.PDF
100165145,엄소영,더불어민주당,충청남도,천안시,기초의원 비례,9,1,3,Y,등록,52,19730815,없음,N,,,0,0원,0,0원,N,N,N,https://info.nec.go.kr/electioninfo/candidate_detail_info.xhtml?electionId=0020260603&huboId=100165145,
100165147,변일추,더불어민주당,충청남도,천안시,기초의원 비례,9,2,3,Y,등록,53,19721229,없음,N,,,0,0원,0,0원,N,N,N,https://info.nec.go.kr/electioninfo/candidate_detail_info.xhtml?electionId=0020260603&huboId=100165147,
100164039,박미나,더불어민주당,충청남도,청양군,기초의원 비례,9,1,1,Y,등록,40,19860317,없음,N,,,0,0원,0,0원,N,N,N,https://info.nec.go.kr/electioninfo/candidate_detail_info.xhtml?electionId=0020260603&huboId=100164039,
100164744,이정희,더불어민주당,충청남도,태안군,기초의원 비례,9,1,1,Y,등록,59,19670119,없음,N,,,0,0원,0,0원,N,N,N,https://info.nec.go.kr/electioninfo/candidate_detail_info.xhtml?electionId=0020260603&huboId=100164744,
100164767,최선미,더불어민주당,충청남도,홍성군,기초의원 비례,9,1,2,Y,등록,52,19740526,없음,N,,,0,0원,0,0원,N,N,N,https://info.nec.go.kr/electioninfo/candidate_detail_info.xhtml?electionId=0020260603&huboId=100164767,
100164771,백혜순,더불어민주당,충청남도,홍성군,기초의원 비례,9,2,2,Y,등록,50,19750911,없음,N,,,0,0원,0,0원,N,N,N,https://info.nec.go.kr/electioninfo/candidate_detail_info.xhtml?electionId=0020260603&huboId=100164771,
100164448,박수연,더불어민주당,충청북도,괴산군,기초의원 비례,9,1,1,Y,등록,53,19730408,없음,N,,,0,0원,0,0원,N,N,N,https://info.nec.go.kr/electioninfo/candidate_detail_info.xhtml?electionId=0020260603&huboId=100164448,
100165570,박소현,더불어민주당,충청북도,단양군,기초의원 비례,9,1,1,Y,등록,51,19741220,1건,Y,공직선거법; 음주·위험운전; 도로교통,『공직선거법』 / 2015-02-27,0,0원,0,0원,N,N,N,https://info.nec.go.kr/electioninfo/candidate_detail_info.xhtml?electionId=0020260603&huboId=100165570,https://info.nec.go.kr/unielec_pdf_file/20260603/open/Gsg4305/Hb100165570/junkwa/20260515144208902_7.PDF
100164255,정은숙,더불어민주당,충청북도,보은군,기초의원 비례,9,1,1,Y,등록,52,19731106,없음,N,,,0,0원,0,0원,N,N,N,https://info.nec.go.kr/electioninfo/candidate_detail_info.xhtml?electionId=0020260603&huboId=100164255,
100164846,오정숙,더불어민주당,충청북도,영동군,기초의원 비례,9,1,1,Y,등록,51,19750129,없음,N,,,0,0원,0,0원,N,N,N,https://info.nec.go.kr/electioninfo/candidate_detail_info.xhtml?electionId=0020260603&huboId=100164846,
100164807,박영미,더불어민주당,충청북도,옥천군,기초의원 비례,9,1,1,Y,등록,59,19661120,없음,N,,,0,0원,0,0원,N,N,N,https://info.nec.go.kr/electioninfo/candidate_detail_info.xhtml?electionId=0020260603&huboId=100164807,
100164019,노진영,더불어민주당,충청북도,음성군,기초의원 비례,9,1,1,Y,등록,46,19800311,없음,N,,,0,0원,0,0원,N,N,N,https://info.nec.go.kr/electioninfo/candidate_detail_info.xhtml?electionId=0020260603&huboId=100164019,
100165738,허찬영,더불어민주당,충청북도,제천시,기초의원 비례,9,1,2,Y,등록,40,19860513,없음,N,,,0,0원,0,0원,N,N,N,https://info.nec.go.kr/electioninfo/candidate_detail_info.xhtml?electionId=0020260603&huboId=100165738,
100165740,김지윤,더불어민주당,충청북도,제천시,기초의원 비례,9,2,2,Y,등록,52,19731217,없음,N,,,0,0원,0,0원,N,N,N,https://info.nec.go.kr/electioninfo/candidate_detail_info.xhtml?electionId=0020260603&huboId=100165740,
100164061,이향숙,더불어민주당,충청북도,증평군,기초의원 비례,9,1,1,Y,등록,62,19640415,1건,Y,교통사고,교통사고처리특례법위반(치사 / 2022-07-12 / 금고10월,0,0원,0,0원,N,N,N,https://info.nec.go.kr/electioninfo/candidate_detail_info.xhtml?electionId=0020260603&huboId=100164061,https://info.nec.go.kr/unielec_pdf_file/20260603/open/Gsg4313/Hb100164061/junkwa/20260513175023026_1.PDF
100164567,정필순,더불어민주당,충청북도,진천군,기초의원 비례,9,1,1,Y,등록,64,19610629,1건,Y,폭력; 공무집행방해; 업무방해; 집시법,특수공무집행방해업무방해폭력행위등처벌에관한법률위반집회및시위에관한법률위반 / 징역1년6월집행유예3년,1455,145만원,0,0원,Y,N,N,https://info.nec.go.kr/electioninfo/candidate_detail_info.xhtml?electionId=0020260603&huboId=100164567,https://info.nec.go.kr/unielec_pdf_file/20260603/open/Gsg4311/Hb100164567/junkwa/20260514084534571_10.PDF
100164216,최진아,더불어민주당,충청북도,청주시,기초의원 비례,9,1,5,Y,등록,45,19801231,없음,N,,,0,0원,0,0원,N,N,N,https://info.nec.go.kr/electioninfo/candidate_detail_info.xhtml?electionId=0020260603&huboId=100164216,
100164228,마재광,더불어민주당,충청북도,청주시,기초의원 비례,9,2,5,Y,등록,39,19860627,없음,N,,,0,0원,0,0원,N,N,N,https://info.nec.go.kr/electioninfo/candidate_detail_info.xhtml?electionId=0020260603&huboId=100164228,
100164230,이민영,더불어민주당,충청북도,청주시,기초의원 비례,9,3,5,Y,등록,28,19970829,없음,N,,,0,0원,0,0원,N,N,N,https://info.nec.go.kr/electioninfo/candidate_detail_info.xhtml?electionId=0020260603&huboId=100164230,
100164244,변상호,더불어민주당,충청북도,청주시,기초의원 비례,9,4,5,Y,등록,69,19560815,4건,Y,음주·위험운전; 도로교통,도로교통법위반도로교통법위반(음주운전)도로교통법위반(음주운전)공공단체등위탁선거에관한법률위,0,0원,0,0원,N,N,N,https://info.nec.go.kr/electioninfo/candidate_detail_info.xhtml?electionId=0020260603&huboId=100164244,https://info.nec.go.kr/unielec_pdf_file/20260603/open/Gsg4301/Hb100164244/junkwa/20260514185645528_9.PDF
100164106,박현주,더불어민주당,충청북도,충주시,기초의원 비례,9,1,2,Y,등록,54,19710805,없음,N,,,0,0원,0,0원,N,N,N,https://info.nec.go.kr/electioninfo/candidate_detail_info.xhtml?electionId=0020260603&huboId=100164106,
100164108,손경수,더불어민주당,충청북도,충주시,기초의원 비례,9,2,2,Y,등록,65,19610222,없음,N,,,10856,"1,085만원",0,0원,Y,N,N,https://info.nec.go.kr/electioninfo/candidate_detail_info.xhtml?electionId=0020260603&huboId=100164108,
100164110,곽애자,더불어민주당,충청북도,충주시,기초의원 비례,9,3,2,N,등록,65,19600613,없음,N,,,487,48만원,0,0원,Y,N,N,https://info.nec.go.kr/electioninfo/candidate_detail_info.xhtml?electionId=0020260603&huboId=100164110,
100164112,이영미,더불어민주당,충청북도,충주시,기초의원 비례,9,4,2,N,등록,49,19770220,없음,N,,,0,0원,0,0원,N,N,N,https://info.nec.go.kr/electioninfo/candidate_detail_info.xhtml?electionId=0020260603&huboId=100164112,
100164114,박종연,더불어민주당,충청북도,충주시,기초의원 비례,9,5,2,N,등록,63,19620812,없음,N,,,0,0원,0,0원,N,N,N,https://info.nec.go.kr/electioninfo/candidate_detail_info.xhtml?electionId=0020260603&huboId=100164114,
