huboid,name,party,office,region,sdName,sggName,nec_detail_url,criminal_record_disclosure,categories,important_categories,offense_count_extracted,matched_terms
100157960,유의동,국민의힘,국회의원(재보궐),경기도 평택시을,경기도,평택시을,https://info.nec.go.kr/electioninfo/candidate_detail_info.xhtml?electionId=0020260603&huboId=100157960,1건,음주·위험운전; 도로교통,음주·위험운전,1,음주·위험운전:음주운전; 도로교통:도로교통법
100162512,조국,조국혁신당,국회의원(재보궐),경기도 평택시을,경기도,평택시을,https://info.nec.go.kr/electioninfo/candidate_detail_info.xhtml?electionId=0020260603&huboId=100162512,2건,청탁금지법; 직권남용; 허위공문서·문서위조·공용서류; 공무집행방해; 업무방해; 국가보안법,청탁금지법; 직권남용; 허위공문서·문서위조·공용서류,1,청탁금지법:부정청탁|금품등수수; 직권남용:직권남용; 허위공문서·문서위조·공용서류:허위작성공문서행사|사문서|위조; 공무집행방해:공무집행방해; 업무방해:업무방해; 국가보안법:국가보안법
100153855,김재연,진보당,국회의원(재보궐),경기도 평택시을,경기도,평택시을,https://info.nec.go.kr/electioninfo/candidate_detail_info.xhtml?electionId=0020260603&huboId=100153855,2건,폭력; 주거침입; 도로교통; 식품·보건; 국가보안법; 집시법,,1,폭력:폭력행위; 주거침입:주거침입; 도로교통:일반교통방해; 식품·보건:감염병; 국가보안법:국가보안법; 집시법:집회및시위|집회 및 시위
100158139,김석훈,국민의힘,국회의원(재보궐),경기도 안산시갑,경기도,안산시갑,https://info.nec.go.kr/electioninfo/candidate_detail_info.xhtml?electionId=0020260603&huboId=100158139,4건,건축·건설·부동산,,1,건축·건설·부동산:건축법
100163279,이광재,더불어민주당,국회의원(재보궐),경기도 하남시갑,경기도,하남시갑,https://info.nec.go.kr/electioninfo/candidate_detail_info.xhtml?electionId=0020260603&huboId=100163279,4건,정치자금법; 허위공문서·문서위조·공용서류; 국가보안법,정치자금법; 허위공문서·문서위조·공용서류,1,정치자금법:정치자금법; 허위공문서·문서위조·공용서류:위조; 국가보안법:국가보안법
100163546,전주연,진보당,국회의원(재보궐),광주광역시 광산구을,광주광역시,광산구을,https://info.nec.go.kr/electioninfo/candidate_detail_info.xhtml?electionId=0020260603&huboId=100163546,5건,폭력; 공무집행방해; 식품·보건; 국가보안법; 집시법,,1,폭력:폭력행위|상해; 공무집행방해:공무집행방해; 식품·보건:감염병; 국가보안법:국가보안법; 집시법:집회및시위|집회 및 시위
100163951,박형룡,더불어민주당,국회의원(재보궐),대구광역시 달성군,대구광역시,달성군,https://info.nec.go.kr/electioninfo/candidate_detail_info.xhtml?electionId=0020260603&huboId=100163951,2건,폭력; 총포·화약; 집시법,,1,폭력:폭력행위; 총포·화약:총포|도검|화약류; 집시법:집회및시위|집회 및 시위
100163584,김동칠,개혁신당,국회의원(재보궐),울산광역시 남구갑,울산광역시,남구갑,https://info.nec.go.kr/electioninfo/candidate_detail_info.xhtml?electionId=0020260603&huboId=100163584,1건,음주·위험운전; 도로교통,음주·위험운전,0,음주·위험운전:음주운전; 도로교통:도로교통법
100163276,송영길,더불어민주당,국회의원(재보궐),인천광역시 연수구갑,인천광역시,연수구갑,https://info.nec.go.kr/electioninfo/candidate_detail_info.xhtml?electionId=0020260603&huboId=100163276,2건,절도,절도,1,절도:절도
100162872,김남준,더불어민주당,국회의원(재보궐),인천광역시 계양구을,인천광역시,계양구을,https://info.nec.go.kr/electioninfo/candidate_detail_info.xhtml?electionId=0020260603&huboId=100162872,1건,음주·위험운전; 도로교통,음주·위험운전,1,음주·위험운전:음주운전; 도로교통:도로교통법
100163683,김의겸,더불어민주당,국회의원(재보궐),전북특별자치도 군산시김제시부안군갑,전북특별자치도,군산시김제시부안군갑,https://info.nec.go.kr/electioninfo/candidate_detail_info.xhtml?electionId=0020260603&huboId=100163683,1건,폭력; 공무집행방해; 집시법,,1,폭력:폭력행위; 공무집행방해:공무집행방해; 집시법:집회및시위|집회 및 시위
100163300,김혁종,무소속,국회의원(재보궐),충청남도 공주시부여군청양군,충청남도,공주시부여군청양군,https://info.nec.go.kr/electioninfo/candidate_detail_info.xhtml?electionId=0020260603&huboId=100163300,3건,음주·위험운전; 절도; 도로교통,음주·위험운전; 절도,1,음주·위험운전:음주운전; 절도:절도; 도로교통:도로교통법
100165850,정연상,무소속,국회의원(재보궐),충청남도 공주시부여군청양군,충청남도,공주시부여군청양군,https://info.nec.go.kr/electioninfo/candidate_detail_info.xhtml?electionId=0020260603&huboId=100165850,3건,음주·위험운전; 폭력; 도로교통,음주·위험운전,1,음주·위험운전:음주운전; 폭력:상해; 도로교통:도로교통법
100162727,조덕호,새미래민주당,국회의원(재보궐),충청남도 아산시을,충청남도,아산시을,https://info.nec.go.kr/electioninfo/candidate_detail_info.xhtml?electionId=0020260603&huboId=100162727,1건,,,1,
100157160,우상호,더불어민주당,시도지사,강원특별자치도 강원특별자치도,강원특별자치도,강원특별자치도,https://info.nec.go.kr/electioninfo/candidate_detail_info.xhtml?electionId=0020260603&huboId=100157160,2건,집시법,,1,집시법:집회및시위|집회 및 시위
100153796,홍성규,진보당,시도지사,경기도 경기도,경기도,경기도,https://info.nec.go.kr/electioninfo/candidate_detail_info.xhtml?electionId=0020260603&huboId=100153796,6건,음주·위험운전; 폭력; 공무집행방해; 도로교통; 국가보안법; 집시법,음주·위험운전,1,음주·위험운전:음주운전; 폭력:폭력행위; 공무집행방해:공무집행방해; 도로교통:일반교통방해; 국가보안법:국가보안법; 집시법:집회및시위|집회 및 시위
100158402,김현욱,국민연합,시도지사,경기도 경기도,경기도,경기도,https://info.nec.go.kr/electioninfo/candidate_detail_info.xhtml?electionId=0020260603&huboId=100158402,9건,뇌물; 음주·위험운전; 무면허운전; 공무집행방해; 도로교통; 노동,뇌물; 음주·위험운전; 무면허운전,4,뇌물:알선수재; 음주·위험운전:음주운전; 무면허운전:무면허운전; 공무집행방해:공무집행방해; 도로교통:도로교통법; 노동:근로기준법
100158507,김경수,더불어민주당,시도지사,경상남도 경상남도,경상남도,경상남도,https://info.nec.go.kr/electioninfo/candidate_detail_info.xhtml?electionId=0020260603&huboId=100158507,4건,폭력; 업무방해; 국가보안법,,1,폭력:폭력행위; 업무방해:업무방해; 국가보안법:국가보안법
100153781,전희영,진보당,시도지사,경상남도 경상남도,경상남도,경상남도,https://info.nec.go.kr/electioninfo/candidate_detail_info.xhtml?electionId=0020260603&huboId=100153781,2건,폭력; 공무집행방해; 도로교통; 식품·보건; 국가보안법; 집시법,,1,폭력:폭력행위; 공무집행방해:공무집행방해; 도로교통:일반교통방해; 식품·보건:감염병; 국가보안법:국가보안법; 집시법:집회및시위|집회 및 시위
100161413,오중기,더불어민주당,시도지사,경상북도 경상북도,경상북도,경상북도,https://info.nec.go.kr/electioninfo/candidate_detail_info.xhtml?electionId=0020260603&huboId=100161413,2건,폭력; 국가보안법; 집시법,,1,폭력:폭력행위; 국가보안법:국가보안법; 집시법:집회및시위|집회 및 시위
100159249,이철우,국민의힘,시도지사,경상북도 경상북도,경상북도,경상북도,https://info.nec.go.kr/electioninfo/candidate_detail_info.xhtml?electionId=0020260603&huboId=100159249,1건,교통사고; 도로교통,,1,교통사고:교통사고처리특례법|교통사고처리특례; 도로교통:도로교통법
100163089,이정현,국민의힘,시도지사,전남광주통합특별시 전남광주통합특별시,전남광주통합특별시,전남광주통합특별시,https://info.nec.go.kr/electioninfo/candidate_detail_info.xhtml?electionId=0020260603&huboId=100163089,1건,,,1,
100153775,이종욱,진보당,시도지사,전남광주통합특별시 전남광주통합특별시,전남광주통합특별시,전남광주통합특별시,https://info.nec.go.kr/electioninfo/candidate_detail_info.xhtml?electionId=0020260603&huboId=100153775,2건,음주·위험운전; 도로교통; 식품·보건; 집시법,음주·위험운전,1,음주·위험운전:음주운전; 도로교통:도로교통법; 식품·보건:감염병; 집시법:집회및시위|집회 및 시위
100162026,김부겸,더불어민주당,시도지사,대구광역시 대구광역시,대구광역시,대구광역시,https://info.nec.go.kr/electioninfo/candidate_detail_info.xhtml?electionId=0020260603&huboId=100162026,1건,국가보안법,,1,국가보안법:국가보안법
100163200,이장우,국민의힘,시도지사,대전광역시 대전광역시,대전광역시,대전광역시,https://info.nec.go.kr/electioninfo/candidate_detail_info.xhtml?electionId=0020260603&huboId=100163200,2건,폭력,,1,폭력:폭력행위
100157144,정원오,더불어민주당,시도지사,서울특별시 서울특별시,서울특별시,서울특별시,https://info.nec.go.kr/electioninfo/candidate_detail_info.xhtml?electionId=0020260603&huboId=100157144,2건,폭력; 공무집행방해; 집시법,,1,폭력:폭력행위; 공무집행방해:공무집행방해; 집시법:집회및시위|집회 및 시위
100162720,권영국,정의당,시도지사,서울특별시 서울특별시,서울특별시,서울특별시,https://info.nec.go.kr/electioninfo/candidate_detail_info.xhtml?electionId=0020260603&huboId=100162720,4건,폭력; 공무집행방해; 업무방해,,1,폭력:폭력행위; 공무집행방해:공무집행방해; 업무방해:업무방해
100153854,김종훈,진보당,시도지사,울산광역시 울산광역시,울산광역시,울산광역시,https://info.nec.go.kr/electioninfo/candidate_detail_info.xhtml?electionId=0020260603&huboId=100153854,3건,음주·위험운전; 공무집행방해; 범인도피; 도로교통; 집시법,음주·위험운전,1,음주·위험운전:음주운전; 공무집행방해:공무집행방해; 범인도피:범인도피; 도로교통:도로교통법; 집시법:집회및시위|집회 및 시위
100153769,이기붕,개혁신당,시도지사,인천광역시 인천광역시,인천광역시,인천광역시,https://info.nec.go.kr/electioninfo/candidate_detail_info.xhtml?electionId=0020260603&huboId=100153769,2건,배임; 노동,배임,1,배임:배임; 노동:근로기준법
100163170,이원택,더불어민주당,시도지사,전북특별자치도 전북특별자치도,전북특별자치도,전북특별자치도,https://info.nec.go.kr/electioninfo/candidate_detail_info.xhtml?electionId=0020260603&huboId=100163170,2건,폭력; 공무집행방해; 집시법,,2,폭력:폭력행위; 공무집행방해:공무집행방해; 집시법:집회및시위|집회 및 시위
100163202,양정무,국민의힘,시도지사,전북특별자치도 전북특별자치도,전북특별자치도,전북특별자치도,https://info.nec.go.kr/electioninfo/candidate_detail_info.xhtml?electionId=0020260603&huboId=100163202,9건,허위공문서·문서위조·공용서류; 노동,허위공문서·문서위조·공용서류,9,허위공문서·문서위조·공용서류:공무상표시무효; 노동:근로기준법
100162052,백승재,진보당,시도지사,전북특별자치도 전북특별자치도,전북특별자치도,전북특별자치도,https://info.nec.go.kr/electioninfo/candidate_detail_info.xhtml?electionId=0020260603&huboId=100162052,1건,폭력; 공무집행방해; 집시법,,1,폭력:폭력행위; 공무집행방해:공무집행방해; 집시법:집회및시위|집회 및 시위
100153829,김성수,무소속,시도지사,전북특별자치도 전북특별자치도,전북특별자치도,전북특별자치도,https://info.nec.go.kr/electioninfo/candidate_detail_info.xhtml?electionId=0020260603&huboId=100153829,2건,허위공문서·문서위조·공용서류; 폭력; 재물손괴,허위공문서·문서위조·공용서류,0,허위공문서·문서위조·공용서류:사문서|위조; 폭력:폭행|상해; 재물손괴:재물손괴
100163197,위성곤,더불어민주당,시도지사,제주특별자치도 제주특별자치도,제주특별자치도,제주특별자치도,https://info.nec.go.kr/electioninfo/candidate_detail_info.xhtml?electionId=0020260603&huboId=100163197,1건,폭력; 공무집행방해; 도로교통; 집시법,,1,폭력:폭력행위; 공무집행방해:공무집행방해; 도로교통:일반교통방해; 집시법:집회및시위|집회 및 시위
100153742,신용한,더불어민주당,시도지사,충청북도 충청북도,충청북도,충청북도,https://info.nec.go.kr/electioninfo/candidate_detail_info.xhtml?electionId=0020260603&huboId=100153742,1건,교통사고,,1,교통사고:교통사고처리특례법|교통사고처리특례
100153887,구자열,더불어민주당,기초단체장,강원특별자치도 원주시,강원특별자치도,원주시,https://info.nec.go.kr/electioninfo/candidate_detail_info.xhtml?electionId=0020260603&huboId=100153887,1건,교통사고; 도로교통,,1,교통사고:교통사고처리특례법|교통사고처리특례; 도로교통:도로교통법
100154106,김중남,더불어민주당,기초단체장,강원특별자치도 강릉시,강원특별자치도,강릉시,https://info.nec.go.kr/electioninfo/candidate_detail_info.xhtml?electionId=0020260603&huboId=100154106,3건,공무집행방해; 도로교통; 지방공무원법,,1,공무집행방해:공무집행방해; 도로교통:일반교통방해; 지방공무원법:지방공무원법
100155938,김홍수,개혁신당,기초단체장,강원특별자치도 동해시,강원특별자치도,동해시,https://info.nec.go.kr/electioninfo/candidate_detail_info.xhtml?electionId=0020260603&huboId=100155938,3건,,,3,
100154401,김동구,더불어민주당,기초단체장,강원특별자치도 태백시,강원특별자치도,태백시,https://info.nec.go.kr/electioninfo/candidate_detail_info.xhtml?electionId=0020260603&huboId=100154401,1건,입찰방해,,1,입찰방해:입찰방해
100154339,이정훈,더불어민주당,기초단체장,강원특별자치도 삼척시,강원특별자치도,삼척시,https://info.nec.go.kr/electioninfo/candidate_detail_info.xhtml?electionId=0020260603&huboId=100154339,1건,사기; 보조금; 건축·건설·부동산,사기; 보조금,1,사기:사기; 보조금:보조금; 건축·건설·부동산:건설산업기본법
100161949,박상수,국민의힘,기초단체장,강원특별자치도 삼척시,강원특별자치도,삼척시,https://info.nec.go.kr/electioninfo/candidate_detail_info.xhtml?electionId=0020260603&huboId=100161949,2건,폭력,,1,폭력:폭력행위
100159348,박승영,더불어민주당,기초단체장,강원특별자치도 홍천군,강원특별자치도,홍천군,https://info.nec.go.kr/electioninfo/candidate_detail_info.xhtml?electionId=0020260603&huboId=100159348,1건,음주·위험운전; 교통사고,음주·위험운전,1,음주·위험운전:음주운전; 교통사고:교통사고처리특례법|교통사고처리특례
100162136,신영재,국민의힘,기초단체장,강원특별자치도 홍천군,강원특별자치도,홍천군,https://info.nec.go.kr/electioninfo/candidate_detail_info.xhtml?electionId=0020260603&huboId=100162136,1건,음주·위험운전; 도로교통,음주·위험운전,1,음주·위험운전:음주운전; 도로교통:도로교통법
100163032,김명기,무소속,기초단체장,강원특별자치도 횡성군,강원특별자치도,횡성군,https://info.nec.go.kr/electioninfo/candidate_detail_info.xhtml?electionId=0020260603&huboId=100163032,2건,음주·위험운전; 도로교통,음주·위험운전,1,음주·위험운전:음주운전; 도로교통:도로교통법
100159646,한왕기,더불어민주당,기초단체장,강원특별자치도 평창군,강원특별자치도,평창군,https://info.nec.go.kr/electioninfo/candidate_detail_info.xhtml?electionId=0020260603&huboId=100159646,1건,도로교통,,1,도로교통:도로교통법
100161176,심재국,국민의힘,기초단체장,강원특별자치도 평창군,강원특별자치도,평창군,https://info.nec.go.kr/electioninfo/candidate_detail_info.xhtml?electionId=0020260603&huboId=100161176,1건,음주·위험운전; 도로교통,음주·위험운전,1,음주·위험운전:음주운전; 도로교통:도로교통법
100162887,최승준,더불어민주당,기초단체장,강원특별자치도 정선군,강원특별자치도,정선군,https://info.nec.go.kr/electioninfo/candidate_detail_info.xhtml?electionId=0020260603&huboId=100162887,1건,,,1,
100159163,최철규,국민의힘,기초단체장,강원특별자치도 정선군,강원특별자치도,정선군,https://info.nec.go.kr/electioninfo/candidate_detail_info.xhtml?electionId=0020260603&huboId=100159163,1건,폭력; 집시법,,1,폭력:폭력행위; 집시법:집회및시위|집회 및 시위
100158521,한금석,더불어민주당,기초단체장,강원특별자치도 철원군,강원특별자치도,철원군,https://info.nec.go.kr/electioninfo/candidate_detail_info.xhtml?electionId=0020260603&huboId=100158521,1건,도로교통,,1,도로교통:도로교통법
100158762,김동일,국민의힘,기초단체장,강원특별자치도 철원군,강원특별자치도,철원군,https://info.nec.go.kr/electioninfo/candidate_detail_info.xhtml?electionId=0020260603&huboId=100158762,1건,음주·위험운전; 도로교통,음주·위험운전,0,음주·위험운전:음주운전; 도로교통:도로교통법
100159147,고기영,무소속,기초단체장,강원특별자치도 철원군,강원특별자치도,철원군,https://info.nec.go.kr/electioninfo/candidate_detail_info.xhtml?electionId=0020260603&huboId=100159147,4건,사기; 뇌물; 음주·위험운전; 도로교통; 건축·건설·부동산,사기; 뇌물; 음주·위험운전,1,사기:사기; 뇌물:뇌물; 음주·위험운전:음주운전; 도로교통:도로교통법; 건축·건설·부동산:건설산업기본법
100158943,김세훈,더불어민주당,기초단체장,강원특별자치도 화천군,강원특별자치도,화천군,https://info.nec.go.kr/electioninfo/candidate_detail_info.xhtml?electionId=0020260603&huboId=100158943,1건,,,0,
100160581,김왕규,더불어민주당,기초단체장,강원특별자치도 양구군,강원특별자치도,양구군,https://info.nec.go.kr/electioninfo/candidate_detail_info.xhtml?electionId=0020260603&huboId=100160581,1건,음주·위험운전,음주·위험운전,1,음주·위험운전:음주운전
100159265,한상철,무소속,기초단체장,강원특별자치도 인제군,강원특별자치도,인제군,https://info.nec.go.kr/electioninfo/candidate_detail_info.xhtml?electionId=0020260603&huboId=100159265,4건,사기; 음주·위험운전; 교통사고; 도박,사기; 음주·위험운전,1,사기:사기; 음주·위험운전:음주운전; 교통사고:교통사고처리특례법|교통사고처리특례; 도박:도박
100158425,김호열,국민의힘,기초단체장,강원특별자치도 양양군,강원특별자치도,양양군,https://info.nec.go.kr/electioninfo/candidate_detail_info.xhtml?electionId=0020260603&huboId=100158425,2건,허위공문서·문서위조·공용서류; 음주·위험운전; 도로교통,허위공문서·문서위조·공용서류; 음주·위험운전,1,허위공문서·문서위조·공용서류:사문서|변조; 음주·위험운전:음주운전; 도로교통:도로교통법
100155010,안교재,국민의힘,기초단체장,경기도 수원시,경기도,수원시,https://info.nec.go.kr/electioninfo/candidate_detail_info.xhtml?electionId=0020260603&huboId=100155010,1건,음주·위험운전; 도로교통,음주·위험운전,1,음주·위험운전:음주운전; 도로교통:도로교통법
100163609,송창훈,개혁신당,기초단체장,경기도 용인시,경기도,용인시,https://info.nec.go.kr/electioninfo/candidate_detail_info.xhtml?electionId=0020260603&huboId=100163609,1건,,,0,
100155611,민경선,더불어민주당,기초단체장,경기도 고양시,경기도,고양시,https://info.nec.go.kr/electioninfo/candidate_detail_info.xhtml?electionId=0020260603&huboId=100155611,1건,,,0,
100156944,송영주,진보당,기초단체장,경기도 고양시,경기도,고양시,https://info.nec.go.kr/electioninfo/candidate_detail_info.xhtml?electionId=0020260603&huboId=100156944,1건,업무방해,,1,업무방해:업무방해
100154437,김병욱,더불어민주당,기초단체장,경기도 성남시,경기도,성남시,https://info.nec.go.kr/electioninfo/candidate_detail_info.xhtml?electionId=0020260603&huboId=100154437,1건,폭력; 공무집행방해,,1,폭력:상해; 공무집행방해:공무집행방해
100163411,신상진,국민의힘,기초단체장,경기도 성남시,경기도,성남시,https://info.nec.go.kr/electioninfo/candidate_detail_info.xhtml?electionId=0020260603&huboId=100163411,2건,국가보안법,,0,국가보안법:국가보안법
100157116,장지화,진보당,기초단체장,경기도 성남시,경기도,성남시,https://info.nec.go.kr/electioninfo/candidate_detail_info.xhtml?electionId=0020260603&huboId=100157116,1건,교통사고,,1,교통사고:교통사고처리특례법|교통사고처리특례
100161476,조용익,더불어민주당,기초단체장,경기도 부천시,경기도,부천시,https://info.nec.go.kr/electioninfo/candidate_detail_info.xhtml?electionId=0020260603&huboId=100161476,1건,음주·위험운전; 도로교통,음주·위험운전,1,음주·위험운전:음주운전; 도로교통:도로교통법
100154386,천영미,더불어민주당,기초단체장,경기도 안산시,경기도,안산시,https://info.nec.go.kr/electioninfo/candidate_detail_info.xhtml?electionId=0020260603&huboId=100154386,1건,음주·위험운전; 도로교통,음주·위험운전,1,음주·위험운전:음주운전; 도로교통:도로교통법
100161957,최대호,더불어민주당,기초단체장,경기도 안양시,경기도,안양시,https://info.nec.go.kr/electioninfo/candidate_detail_info.xhtml?electionId=0020260603&huboId=100161957,1건,교육·청소년,,1,교육·청소년:학원의설립
100153835,박관열,더불어민주당,기초단체장,경기도 광주시,경기도,광주시,https://info.nec.go.kr/electioninfo/candidate_detail_info.xhtml?electionId=0020260603&huboId=100153835,2건,범인도피; 환경,,1,범인도피:법인도피; 환경:폐기물관리법
100162864,방세환,국민의힘,기초단체장,경기도 광주시,경기도,광주시,https://info.nec.go.kr/electioninfo/candidate_detail_info.xhtml?electionId=0020260603&huboId=100162864,1건,,,0,
100154482,한대희,더불어민주당,기초단체장,경기도 군포시,경기도,군포시,https://info.nec.go.kr/electioninfo/candidate_detail_info.xhtml?electionId=0020260603&huboId=100154482,1건,집시법,,1,집시법:집회및시위|집회 및 시위
100163069,하은호,국민의힘,기초단체장,경기도 군포시,경기도,군포시,https://info.nec.go.kr/electioninfo/candidate_detail_info.xhtml?electionId=0020260603&huboId=100163069,2건,폭력,,1,폭력:폭력행위
100162963,이권재,국민의힘,기초단체장,경기도 오산시,경기도,오산시,https://info.nec.go.kr/electioninfo/candidate_detail_info.xhtml?electionId=0020260603&huboId=100162963,2건,입찰방해; 건축·건설·부동산,,1,입찰방해:입찰방해; 건축·건설·부동산:부동산|국토의계획
100154958,김장연,국민의힘,기초단체장,경기도 안성시,경기도,안성시,https://info.nec.go.kr/electioninfo/candidate_detail_info.xhtml?electionId=0020260603&huboId=100154958,1건,도로교통,,1,도로교통:도로교통법
100156147,신원주,무소속,기초단체장,경기도 안성시,경기도,안성시,https://info.nec.go.kr/electioninfo/candidate_detail_info.xhtml?electionId=0020260603&huboId=100156147,1건,,,0,
100154423,신동화,더불어민주당,기초단체장,경기도 구리시,경기도,구리시,https://info.nec.go.kr/electioninfo/candidate_detail_info.xhtml?electionId=0020260603&huboId=100154423,4건,폭력; 도로교통; 국가보안법; 집시법,,1,폭력:폭행; 도로교통:도로교통법; 국가보안법:국가보안법; 집시법:집회및시위|집회 및 시위
100163362,이재수,무소속,기초단체장,경기도 포천시,경기도,포천시,https://info.nec.go.kr/electioninfo/candidate_detail_info.xhtml?electionId=0020260603&huboId=100163362,2건,사기; 음주·위험운전; 도로교통,사기; 음주·위험운전,1,사기:사기; 음주·위험운전:음주운전; 도로교통:도로교통법
100157110,김종천,더불어민주당,기초단체장,경기도 과천시,경기도,과천시,https://info.nec.go.kr/electioninfo/candidate_detail_info.xhtml?electionId=0020260603&huboId=100157110,1건,음주·위험운전; 도로교통,음주·위험운전,1,음주·위험운전:음주운전; 도로교통:도로교통법
100159216,김경호,더불어민주당,기초단체장,경기도 가평군,경기도,가평군,https://info.nec.go.kr/electioninfo/candidate_detail_info.xhtml?electionId=0020260603&huboId=100159216,1건,교통사고,,1,교통사고:교통사고처리특례법|교통사고처리특례
100160960,이진용,무소속,기초단체장,경기도 가평군,경기도,가평군,https://info.nec.go.kr/electioninfo/candidate_detail_info.xhtml?electionId=0020260603&huboId=100160960,2건,정치자금법,정치자금법,0,정치자금법:정치자금법
100161733,김덕현,국민의힘,기초단체장,경기도 연천군,경기도,연천군,https://info.nec.go.kr/electioninfo/candidate_detail_info.xhtml?electionId=0020260603&huboId=100161733,1건,,,1,
100161966,송병서,무소속,기초단체장,경기도 연천군,경기도,연천군,https://info.nec.go.kr/electioninfo/candidate_detail_info.xhtml?electionId=0020260603&huboId=100161966,1건,음주·위험운전,음주·위험운전,1,음주·위험운전:음주운전
100154342,송순호,더불어민주당,기초단체장,경상남도 창원시,경상남도,창원시,https://info.nec.go.kr/electioninfo/candidate_detail_info.xhtml?electionId=0020260603&huboId=100154342,3건,공무집행방해; 국가보안법; 집시법,,1,공무집행방해:공무집행방해; 국가보안법:국가보안법; 집시법:집회및시위|집회 및 시위
100154126,강기윤,국민의힘,기초단체장,경상남도 창원시,경상남도,창원시,https://info.nec.go.kr/electioninfo/candidate_detail_info.xhtml?electionId=0020260603&huboId=100154126,1건,도로교통,,1,도로교통:도로교통법
100163564,박정임,무소속,기초단체장,경상남도 창원시,경상남도,창원시,https://info.nec.go.kr/electioninfo/candidate_detail_info.xhtml?electionId=0020260603&huboId=100163564,1건,건축·건설·부동산,,1,건축·건설·부동산:국토의계획
100161907,홍태용,국민의힘,기초단체장,경상남도 김해시,경상남도,김해시,https://info.nec.go.kr/electioninfo/candidate_detail_info.xhtml?electionId=0020260603&huboId=100161907,1건,건축·건설·부동산,,1,건축·건설·부동산:건축법
100155891,박봉열,진보당,기초단체장,경상남도 김해시,경상남도,김해시,https://info.nec.go.kr/electioninfo/candidate_detail_info.xhtml?electionId=0020260603&huboId=100155891,2건,음주·위험운전; 폭력; 도로교통; 국가보안법,음주·위험운전,1,음주·위험운전:음주운전; 폭력:폭력행위; 도로교통:도로교통법; 국가보안법:국가보안법
100155324,이주옥,더불어민주당,기초단체장,경상남도 밀양시,경상남도,밀양시,https://info.nec.go.kr/electioninfo/candidate_detail_info.xhtml?electionId=0020260603&huboId=100155324,1건,교통사고,,1,교통사고:교통사고처리특례법|교통사고처리특례
100163067,변광용,더불어민주당,기초단체장,경상남도 거제시,경상남도,거제시,https://info.nec.go.kr/electioninfo/candidate_detail_info.xhtml?electionId=0020260603&huboId=100163067,1건,,,0,
100156086,김선민,국민의힘,기초단체장,경상남도 거제시,경상남도,거제시,https://info.nec.go.kr/electioninfo/candidate_detail_info.xhtml?electionId=0020260603&huboId=100156086,2건,음주·위험운전; 폭력; 도로교통,음주·위험운전,1,음주·위험운전:음주운전; 폭력:폭력행위|상해; 도로교통:도로교통법
100155956,조문관,더불어민주당,기초단체장,경상남도 양산시,경상남도,양산시,https://info.nec.go.kr/electioninfo/candidate_detail_info.xhtml?electionId=0020260603&huboId=100155956,2건,음주·위험운전; 교통사고,음주·위험운전,0,음주·위험운전:음주운전; 교통사고:교통사고처리특례법|교통사고처리특례
100159670,손태영,더불어민주당,기초단체장,경상남도 의령군,경상남도,의령군,https://info.nec.go.kr/electioninfo/candidate_detail_info.xhtml?electionId=0020260603&huboId=100159670,2건,폭력,,1,폭력:폭행
100164784,오태완,무소속,기초단체장,경상남도 의령군,경상남도,의령군,https://info.nec.go.kr/electioninfo/candidate_detail_info.xhtml?electionId=0020260603&huboId=100164784,5건,,,0,
100161575,성낙인,국민의힘,기초단체장,경상남도 창녕군,경상남도,창녕군,https://info.nec.go.kr/electioninfo/candidate_detail_info.xhtml?electionId=0020260603&huboId=100161575,1건,도로교통,,1,도로교통:도로교통법
100159308,하학열,국민의힘,기초단체장,경상남도 고성군,경상남도,고성군,https://info.nec.go.kr/electioninfo/candidate_detail_info.xhtml?electionId=0020260603&huboId=100159308,2건,공직선거법; 명예훼손,공직선거법,2,공직선거법:공직선거법; 명예훼손:명예훼손
100162592,이옥철,무소속,기초단체장,경상남도 고성군,경상남도,고성군,https://info.nec.go.kr/electioninfo/candidate_detail_info.xhtml?electionId=0020260603&huboId=100162592,3건,공직선거법; 도로교통; 도박,공직선거법,1,공직선거법:공직선거법; 도로교통:도로교통법; 도박:도박
100161024,류경완,더불어민주당,기초단체장,경상남도 남해군,경상남도,남해군,https://info.nec.go.kr/electioninfo/candidate_detail_info.xhtml?electionId=0020260603&huboId=100161024,3건,음주·위험운전; 도로교통,음주·위험운전,0,음주·위험운전:음주운전; 도로교통:도로교통법
100160777,김현수,국민의힘,기초단체장,경상남도 하동군,경상남도,하동군,https://info.nec.go.kr/electioninfo/candidate_detail_info.xhtml?electionId=0020260603&huboId=100160777,2건,음주·위험운전; 도로교통,음주·위험운전,1,음주·위험운전:음주운전; 도로교통:도로교통법
100159618,남명우,무소속,기초단체장,경상남도 하동군,경상남도,하동군,https://info.nec.go.kr/electioninfo/candidate_detail_info.xhtml?electionId=0020260603&huboId=100159618,4건,공직선거법,공직선거법,1,공직선거법:공직선거법
100158643,이황석,무소속,기초단체장,경상남도 산청군,경상남도,산청군,https://info.nec.go.kr/electioninfo/candidate_detail_info.xhtml?electionId=0020260603&huboId=100158643,2건,식품·보건,,1,식품·보건:의료법
100159848,서필상,더불어민주당,기초단체장,경상남도 함양군,경상남도,함양군,https://info.nec.go.kr/electioninfo/candidate_detail_info.xhtml?electionId=0020260603&huboId=100159848,3건,폭력; 주거침입; 집시법,,1,폭력:폭력행위; 주거침입:주거침입; 집시법:집회및시위|집회 및 시위
100159615,이철우,무소속,기초단체장,경상남도 함양군,경상남도,함양군,https://info.nec.go.kr/electioninfo/candidate_detail_info.xhtml?electionId=0020260603&huboId=100159615,2건,뇌물; 공직선거법,뇌물; 공직선거법,1,뇌물:뇌물; 공직선거법:공직선거법
100158505,이홍기,무소속,기초단체장,경상남도 거창군,경상남도,거창군,https://info.nec.go.kr/electioninfo/candidate_detail_info.xhtml?electionId=0020260603&huboId=100158505,1건,공직선거법,공직선거법,1,공직선거법:공직선거법
100159332,김일수,무소속,기초단체장,경상남도 거창군,경상남도,거창군,https://info.nec.go.kr/electioninfo/candidate_detail_info.xhtml?electionId=0020260603&huboId=100159332,1건,도로교통,,1,도로교통:도로교통법
100159907,구인모,무소속,기초단체장,경상남도 거창군,경상남도,거창군,https://info.nec.go.kr/electioninfo/candidate_detail_info.xhtml?electionId=0020260603&huboId=100159907,1건,음주·위험운전; 도로교통,음주·위험운전,1,음주·위험운전:음주운전; 도로교통:도로교통법
100157986,류순철,국민의힘,기초단체장,경상남도 합천군,경상남도,합천군,https://info.nec.go.kr/electioninfo/candidate_detail_info.xhtml?electionId=0020260603&huboId=100157986,4건,공직선거법; 건축·건설·부동산,공직선거법,1,공직선거법:공직선거법; 건축·건설·부동산:건축법|건설업법
100161711,김윤철,무소속,기초단체장,경상남도 합천군,경상남도,합천군,https://info.nec.go.kr/electioninfo/candidate_detail_info.xhtml?electionId=0020260603&huboId=100161711,1건,환경,,1,환경:대기환경보전법|수질
100154512,나영민,더불어민주당,기초단체장,경상북도 김천시,경상북도,김천시,https://info.nec.go.kr/electioninfo/candidate_detail_info.xhtml?electionId=0020260603&huboId=100154512,3건,음주·위험운전; 폭력; 공무집행방해; 도로교통,음주·위험운전,0,음주·위험운전:음주운전; 폭력:폭력행위|상해; 공무집행방해:공무집행방해; 도로교통:도로교통법
100161954,배낙호,국민의힘,기초단체장,경상북도 김천시,경상북도,김천시,https://info.nec.go.kr/electioninfo/candidate_detail_info.xhtml?electionId=0020260603&huboId=100161954,3건,횡령; 음주·위험운전; 도로교통; 노동,횡령; 음주·위험운전,1,횡령:횡령; 음주·위험운전:음주운전; 도로교통:도로교통법; 노동:근로기준법
100161869,김장호,국민의힘,기초단체장,경상북도 구미시,경상북도,구미시,https://info.nec.go.kr/electioninfo/candidate_detail_info.xhtml?electionId=0020260603&huboId=100161869,1건,음주·위험운전; 도로교통,음주·위험운전,1,음주·위험운전:음주운전; 도로교통:도로교통법
100153885,황병직,국민의힘,기초단체장,경상북도 영주시,경상북도,영주시,https://info.nec.go.kr/electioninfo/candidate_detail_info.xhtml?electionId=0020260603&huboId=100153885,2건,교통사고; 식품·보건,,1,교통사고:교통사고처리특례법|교통사고처리특례; 식품·보건:식품위생법
100163565,황선종,무소속,기초단체장,경상북도 영주시,경상북도,영주시,https://info.nec.go.kr/electioninfo/candidate_detail_info.xhtml?electionId=0020260603&huboId=100163565,3건,국가보안법,,1,국가보안법:국가보안법
100154149,이정훈,더불어민주당,기초단체장,경상북도 영천시,경상북도,영천시,https://info.nec.go.kr/electioninfo/candidate_detail_info.xhtml?electionId=0020260603&huboId=100154149,1건,업무방해,,1,업무방해:업무방해
100154245,김병삼,국민의힘,기초단체장,경상북도 영천시,경상북도,영천시,https://info.nec.go.kr/electioninfo/candidate_detail_info.xhtml?electionId=0020260603&huboId=100154245,1건,음주·위험운전; 교통사고,음주·위험운전,1,음주·위험운전:음주운전; 교통사고:교통사고처리특례법|교통사고처리특례
100161843,최기문,무소속,기초단체장,경상북도 영천시,경상북도,영천시,https://info.nec.go.kr/electioninfo/candidate_detail_info.xhtml?electionId=0020260603&huboId=100161843,1건,직권남용,직권남용,1,직권남용:직권남용
100154756,안재민,국민의힘,기초단체장,경상북도 상주시,경상북도,상주시,https://info.nec.go.kr/electioninfo/candidate_detail_info.xhtml?electionId=0020260603&huboId=100154756,1건,교통사고,,1,교통사고:교통사고처리특례법|교통사고처리특례
100158533,신현국,무소속,기초단체장,경상북도 문경시,경상북도,문경시,https://info.nec.go.kr/electioninfo/candidate_detail_info.xhtml?electionId=0020260603&huboId=100158533,2건,직권남용; 교통사고,직권남용,1,직권남용:직권남용; 교통사고:교통사고처리특례법|교통사고처리특례
100160682,조현일,국민의힘,기초단체장,경상북도 경산시,경상북도,경산시,https://info.nec.go.kr/electioninfo/candidate_detail_info.xhtml?electionId=0020260603&huboId=100160682,1건,도로교통,,1,도로교통:도로교통법
100155471,김두환,한국독립당,기초단체장,경상북도 경산시,경상북도,경산시,https://info.nec.go.kr/electioninfo/candidate_detail_info.xhtml?electionId=0020260603&huboId=100155471,2건,,,0,
100158312,최병국,무소속,기초단체장,경상북도 경산시,경상북도,경산시,https://info.nec.go.kr/electioninfo/candidate_detail_info.xhtml?electionId=0020260603&huboId=100158312,2건,,,0,
100161822,임기진,더불어민주당,기초단체장,경상북도 청송군,경상북도,청송군,https://info.nec.go.kr/electioninfo/candidate_detail_info.xhtml?electionId=0020260603&huboId=100161822,1건,건축·건설·부동산,,1,건축·건설·부동산:건설산업기본법
100159080,윤경희,국민의힘,기초단체장,경상북도 청송군,경상북도,청송군,https://info.nec.go.kr/electioninfo/candidate_detail_info.xhtml?electionId=0020260603&huboId=100159080,4건,공직선거법; 도로교통; 환경,공직선거법,0,공직선거법:공직선거법; 도로교통:도로교통법; 환경:폐기물관리법
100159545,조주홍,국민의힘,기초단체장,경상북도 영덕군,경상북도,영덕군,https://info.nec.go.kr/electioninfo/candidate_detail_info.xhtml?electionId=0020260603&huboId=100159545,3건,횡령; 공직선거법; 음주·위험운전; 도로교통,횡령; 공직선거법; 음주·위험운전,1,횡령:횡령; 공직선거법:공직선거법; 음주·위험운전:음주운전; 도로교통:도로교통법
100158770,박병일,무소속,기초단체장,경상북도 영덕군,경상북도,영덕군,https://info.nec.go.kr/electioninfo/candidate_detail_info.xhtml?electionId=0020260603&huboId=100158770,2건,음주·위험운전; 도로교통,음주·위험운전,1,음주·위험운전:음주운전; 도로교통:도로교통법
100162354,김하수,국민의힘,기초단체장,경상북도 청도군,경상북도,청도군,https://info.nec.go.kr/electioninfo/candidate_detail_info.xhtml?electionId=0020260603&huboId=100162354,1건,교통사고,,1,교통사고:교통사고처리특례법|교통사고처리특례
100159842,박권현,무소속,기초단체장,경상북도 청도군,경상북도,청도군,https://info.nec.go.kr/electioninfo/candidate_detail_info.xhtml?electionId=0020260603&huboId=100159842,1건,도로교통,,1,도로교통:도로교통법
100159837,이승민,무소속,기초단체장,경상북도 청도군,경상북도,청도군,https://info.nec.go.kr/electioninfo/candidate_detail_info.xhtml?electionId=0020260603&huboId=100159837,3건,음주·위험운전; 무면허운전; 도로교통,음주·위험운전; 무면허운전,1,음주·위험운전:음주운전; 무면허운전:무면허운전; 도로교통:도로교통법
100162618,이남철,국민의힘,기초단체장,경상북도 고령군,경상북도,고령군,https://info.nec.go.kr/electioninfo/candidate_detail_info.xhtml?electionId=0020260603&huboId=100162618,1건,청탁금지법,청탁금지법,1,청탁금지법:부정청탁|금품등수수
100160587,김명국,무소속,기초단체장,경상북도 고령군,경상북도,고령군,https://info.nec.go.kr/electioninfo/candidate_detail_info.xhtml?electionId=0020260603&huboId=100160587,1건,폭력,,1,폭력:폭력행위
100158832,이상식,더불어민주당,기초단체장,경상북도 봉화군,경상북도,봉화군,https://info.nec.go.kr/electioninfo/candidate_detail_info.xhtml?electionId=0020260603&huboId=100158832,6건,음주·위험운전; 무면허운전; 도로교통,음주·위험운전; 무면허운전,1,음주·위험운전:음주운전; 무면허운전:무면허운전; 도로교통:도로교통법
100159090,박만우,무소속,기초단체장,경상북도 봉화군,경상북도,봉화군,https://info.nec.go.kr/electioninfo/candidate_detail_info.xhtml?electionId=0020260603&huboId=100159090,1건,도로교통,,1,도로교통:도로교통법
100161346,손병복,국민의힘,기초단체장,경상북도 울진군,경상북도,울진군,https://info.nec.go.kr/electioninfo/candidate_detail_info.xhtml?electionId=0020260603&huboId=100161346,1건,음주·위험운전; 도로교통,음주·위험운전,1,음주·위험운전:음주운전; 도로교통:도로교통법
100161979,남진복,무소속,기초단체장,경상북도 울릉군,경상북도,울릉군,https://info.nec.go.kr/electioninfo/candidate_detail_info.xhtml?electionId=0020260603&huboId=100161979,1건,,,0,
100154186,김주업,진보당,기초단체장,광주광역시 북구,광주광역시,북구,https://info.nec.go.kr/electioninfo/candidate_detail_info.xhtml?electionId=0020260603&huboId=100154186,3건,폭력; 공무집행방해; 주거침입; 지방공무원법,,1,폭력:폭력행위; 공무집행방해:공무집행방해; 주거침입:주거침입; 지방공무원법:지방공무원법
100163450,노남수,무소속,기초단체장,광주광역시 북구,광주광역시,북구,https://info.nec.go.kr/electioninfo/candidate_detail_info.xhtml?electionId=0020260603&huboId=100163450,4건,음주·위험운전; 폭력; 범인도피; 도로교통,음주·위험운전,1,음주·위험운전:음주운전; 폭력:폭력행위; 범인도피:범인도피; 도로교통:도로교통법
100158654,박병규,더불어민주당,기초단체장,광주광역시 광산구,광주광역시,광산구,https://info.nec.go.kr/electioninfo/candidate_detail_info.xhtml?electionId=0020260603&huboId=100158654,3건,폭력; 공무집행방해; 업무방해; 도로교통; 집시법,,1,폭력:폭력행위; 공무집행방해:공무집행방해; 업무방해:업무방해; 도로교통:일반교통방해; 집시법:집회및시위|집회 및 시위
100157865,정희성,진보당,기초단체장,광주광역시 광산구,광주광역시,광산구,https://info.nec.go.kr/electioninfo/candidate_detail_info.xhtml?electionId=0020260603&huboId=100157865,4건,폭력; 공무집행방해; 재물손괴; 도로교통; 집시법,,1,폭력:폭력행위|상해; 공무집행방해:공무집행방해; 재물손괴:재물손괴; 도로교통:일반교통방해; 집시법:집회및시위|집회 및 시위
100157119,신효철,더불어민주당,기초단체장,대구광역시 동구,대구광역시,동구,https://info.nec.go.kr/electioninfo/candidate_detail_info.xhtml?electionId=0020260603&huboId=100157119,2건,교통사고; 폭력; 공무집행방해; 주거침입; 도로교통; 집시법,,1,교통사고:교통사고처리특례법|교통사고처리특례; 폭력:폭력행위|상해; 공무집행방해:공무집행방해; 주거침입:주거침입; 도로교통:일반교통방해; 집시법:집회및시위|집회 및 시위
100162027,양희,정의당,기초단체장,대구광역시 동구,대구광역시,동구,https://info.nec.go.kr/electioninfo/candidate_detail_info.xhtml?electionId=0020260603&huboId=100162027,1건,도로교통,,1,도로교통:도로교통법
100154194,권오상,국민의힘,기초단체장,대구광역시 서구,대구광역시,서구,https://info.nec.go.kr/electioninfo/candidate_detail_info.xhtml?electionId=0020260603&huboId=100154194,1건,음주·위험운전,음주·위험운전,1,음주·위험운전:음주운전
100163053,조재구,국민의힘,기초단체장,대구광역시 남구,대구광역시,남구,https://info.nec.go.kr/electioninfo/candidate_detail_info.xhtml?electionId=0020260603&huboId=100163053,1건,,,0,
100157985,최우영,더불어민주당,기초단체장,대구광역시 북구,대구광역시,북구,https://info.nec.go.kr/electioninfo/candidate_detail_info.xhtml?electionId=0020260603&huboId=100157985,1건,음주·위험운전; 교통사고; 도로교통,음주·위험운전,1,음주·위험운전:음주운전; 교통사고:교통사고처리특례법|교통사고처리특례; 도로교통:도로교통법
100155160,박정권,더불어민주당,기초단체장,대구광역시 수성구,대구광역시,수성구,https://info.nec.go.kr/electioninfo/candidate_detail_info.xhtml?electionId=0020260603&huboId=100155160,1건,폭력; 업무방해; 국가보안법,,1,폭력:폭력행위; 업무방해:업무방해; 국가보안법:국가보안법
100160034,김보경,더불어민주당,기초단체장,대구광역시 달성군,대구광역시,달성군,https://info.nec.go.kr/electioninfo/candidate_detail_info.xhtml?electionId=0020260603&huboId=100160034,2건,도로교통,,1,도로교통:도로교통법|일반교통방해
100163666,최재훈,국민의힘,기초단체장,대구광역시 달성군,대구광역시,달성군,https://info.nec.go.kr/electioninfo/candidate_detail_info.xhtml?electionId=0020260603&huboId=100163666,1건,음주·위험운전; 도로교통,음주·위험운전,1,음주·위험운전:음주운전; 도로교통:도로교통법
100163558,이기만,더불어민주당,기초단체장,대구광역시 군위군,대구광역시,군위군,https://info.nec.go.kr/electioninfo/candidate_detail_info.xhtml?electionId=0020260603&huboId=100163558,1건,공직선거법,공직선거법,1,공직선거법:공직선거법
100154226,황인호,더불어민주당,기초단체장,대전광역시 동구,대전광역시,동구,https://info.nec.go.kr/electioninfo/candidate_detail_info.xhtml?electionId=0020260603&huboId=100154226,1건,음주·위험운전; 도로교통,음주·위험운전,1,음주·위험운전:음주운전; 도로교통:도로교통법
100162951,박희조,국민의힘,기초단체장,대전광역시 동구,대전광역시,동구,https://info.nec.go.kr/electioninfo/candidate_detail_info.xhtml?electionId=0020260603&huboId=100162951,1건,음주·위험운전; 도로교통,음주·위험운전,1,음주·위험운전:음주운전; 도로교통:도로교통법
100163066,김제선,더불어민주당,기초단체장,대전광역시 중구,대전광역시,중구,https://info.nec.go.kr/electioninfo/candidate_detail_info.xhtml?electionId=0020260603&huboId=100163066,2건,집시법,,1,집시법:집회및시위|집회 및 시위
100155482,김선광,국민의힘,기초단체장,대전광역시 중구,대전광역시,중구,https://info.nec.go.kr/electioninfo/candidate_detail_info.xhtml?electionId=0020260603&huboId=100155482,1건,,,0,
100154033,전문학,더불어민주당,기초단체장,대전광역시 서구,대전광역시,서구,https://info.nec.go.kr/electioninfo/candidate_detail_info.xhtml?electionId=0020260603&huboId=100154033,1건,공직선거법,공직선거법,1,공직선거법:공직선거법
100163049,서철모,국민의힘,기초단체장,대전광역시 서구,대전광역시,서구,https://info.nec.go.kr/electioninfo/candidate_detail_info.xhtml?electionId=0020260603&huboId=100163049,1건,,,1,
100154367,유지곤,조국혁신당,기초단체장,대전광역시 서구,대전광역시,서구,https://info.nec.go.kr/electioninfo/candidate_detail_info.xhtml?electionId=0020260603&huboId=100154367,2건,총포·화약,,1,총포·화약:총포|도검|화약류
100163126,정용래,더불어민주당,기초단체장,대전광역시 유성구,대전광역시,유성구,https://info.nec.go.kr/electioninfo/candidate_detail_info.xhtml?electionId=0020260603&huboId=100163126,1건,음주·위험운전; 도로교통,음주·위험운전,1,음주·위험운전:음주운전; 도로교통:도로교통법
100163481,최충규,국민의힘,기초단체장,대전광역시 대덕구,대전광역시,대덕구,https://info.nec.go.kr/electioninfo/candidate_detail_info.xhtml?electionId=0020260603&huboId=100163481,1건,음주·위험운전; 도로교통,음주·위험운전,1,음주·위험운전:음주운전; 도로교통:도로교통법
100161624,강철호,국민의힘,기초단체장,부산광역시 동구,부산광역시,동구,https://info.nec.go.kr/electioninfo/candidate_detail_info.xhtml?electionId=0020260603&huboId=100161624,1건,음주·위험운전; 도로교통,음주·위험운전,0,음주·위험운전:음주운전; 도로교통:도로교통법
100162974,김기재,무소속,기초단체장,부산광역시 영도구,부산광역시,영도구,https://info.nec.go.kr/electioninfo/candidate_detail_info.xhtml?electionId=0020260603&huboId=100162974,1건,,,0,
100154165,서은숙,더불어민주당,기초단체장,부산광역시 부산진구,부산광역시,부산진구,https://info.nec.go.kr/electioninfo/candidate_detail_info.xhtml?electionId=0020260603&huboId=100154165,1건,집시법,,1,집시법:집회및시위|집회 및 시위
100161689,장준용,국민의힘,기초단체장,부산광역시 동래구,부산광역시,동래구,https://info.nec.go.kr/electioninfo/candidate_detail_info.xhtml?electionId=0020260603&huboId=100161689,1건,건축·건설·부동산,,1,건축·건설·부동산:산지관리
100154429,박재범,더불어민주당,기초단체장,부산광역시 남구,부산광역시,남구,https://info.nec.go.kr/electioninfo/candidate_detail_info.xhtml?electionId=0020260603&huboId=100154429,1건,음주·위험운전; 도로교통,음주·위험운전,1,음주·위험운전:음주운전; 도로교통:도로교통법
100162619,오태원,국민의힘,기초단체장,부산광역시 북구,부산광역시,북구,https://info.nec.go.kr/electioninfo/candidate_detail_info.xhtml?electionId=0020260603&huboId=100162619,1건,,,0,
100157797,김척수,국민의힘,기초단체장,부산광역시 사하구,부산광역시,사하구,https://info.nec.go.kr/electioninfo/candidate_detail_info.xhtml?electionId=0020260603&huboId=100157797,1건,조세,조세,1,조세:관세법
100154415,노정현,진보당,기초단체장,부산광역시 연제구,부산광역시,연제구,https://info.nec.go.kr/electioninfo/candidate_detail_info.xhtml?electionId=0020260603&huboId=100154415,3건,폭력; 공무집행방해; 국가보안법; 집시법,,1,폭력:폭력행위; 공무집행방해:공무집행방해; 국가보안법:국가보안법; 집시법:집회및시위|집회 및 시위
100154671,황진수,무소속,기초단체장,부산광역시 수영구,부산광역시,수영구,https://info.nec.go.kr/electioninfo/candidate_detail_info.xhtml?electionId=0020260603&huboId=100154671,2건,,,0,
100161285,김쌍우,무소속,기초단체장,부산광역시 기장군,부산광역시,기장군,https://info.nec.go.kr/electioninfo/candidate_detail_info.xhtml?electionId=0020260603&huboId=100161285,2건,폭력,,1,폭력:폭력행위
100163635,정문헌,국민의힘,기초단체장,서울특별시 종로구,서울특별시,종로구,https://info.nec.go.kr/electioninfo/candidate_detail_info.xhtml?electionId=0020260603&huboId=100163635,1건,,,0,
100157792,길기영,개혁신당,기초단체장,서울특별시 중구,서울특별시,중구,https://info.nec.go.kr/electioninfo/candidate_detail_info.xhtml?electionId=0020260603&huboId=100157792,1건,,,0,
100158996,고재현,국민의힘,기초단체장,서울특별시 성동구,서울특별시,성동구,https://info.nec.go.kr/electioninfo/candidate_detail_info.xhtml?electionId=0020260603&huboId=100158996,1건,도로교통,,1,도로교통:도로교통법
100155529,문종철,더불어민주당,기초단체장,서울특별시 광진구,서울특별시,광진구,https://info.nec.go.kr/electioninfo/candidate_detail_info.xhtml?electionId=0020260603&huboId=100155529,1건,폭력,,1,폭력:상해
100154237,최동민,더불어민주당,기초단체장,서울특별시 동대문구,서울특별시,동대문구,https://info.nec.go.kr/electioninfo/candidate_detail_info.xhtml?electionId=0020260603&huboId=100154237,3건,공무집행방해; 도로교통; 국가보안법; 집시법,,1,공무집행방해:공무집행방해; 도로교통:일반교통방해; 국가보안법:국가보안법; 집시법:집회및시위|집회 및 시위
100157783,황종석,국민의힘,기초단체장,서울특별시 중랑구,서울특별시,중랑구,https://info.nec.go.kr/electioninfo/candidate_detail_info.xhtml?electionId=0020260603&huboId=100157783,2건,음주·위험운전; 무면허운전; 교통사고; 도로교통,음주·위험운전; 무면허운전,0,음주·위험운전:음주운전; 무면허운전:무면허운전; 교통사고:교통사고처리특례법|교통사고처리특례; 도로교통:도로교통법
100165736,정창수,더불어민주당,기초단체장,서울특별시 강북구,서울특별시,강북구,https://info.nec.go.kr/electioninfo/candidate_detail_info.xhtml?electionId=0020260603&huboId=100165736,1건,,,0,
100156415,장지호,국민의힘,기초단체장,서울특별시 강북구,서울특별시,강북구,https://info.nec.go.kr/electioninfo/candidate_detail_info.xhtml?electionId=0020260603&huboId=100156415,1건,음주·위험운전; 도로교통,음주·위험운전,0,음주·위험운전:음주운전; 도로교통:도로교통법
100154007,김동욱,더불어민주당,기초단체장,서울특별시 도봉구,서울특별시,도봉구,https://info.nec.go.kr/electioninfo/candidate_detail_info.xhtml?electionId=0020260603&huboId=100154007,1건,국가보안법,,1,국가보안법:국가보안법
100163127,김광수,국민의힘,기초단체장,서울특별시 노원구,서울특별시,노원구,https://info.nec.go.kr/electioninfo/candidate_detail_info.xhtml?electionId=0020260603&huboId=100163127,1건,건축·건설·부동산,,1,건축·건설·부동산:건축법
100154576,유동균,더불어민주당,기초단체장,서울특별시 마포구,서울특별시,마포구,https://info.nec.go.kr/electioninfo/candidate_detail_info.xhtml?electionId=0020260603&huboId=100154576,4건,보험·금융; 도로교통,,1,보험·금융:부정수표단속법; 도로교통:도로교통법
100162646,이기재,국민의힘,기초단체장,서울특별시 양천구,서울특별시,양천구,https://info.nec.go.kr/electioninfo/candidate_detail_info.xhtml?electionId=0020260603&huboId=100162646,1건,,,0,
100161558,박준희,더불어민주당,기초단체장,서울특별시 관악구,서울특별시,관악구,https://info.nec.go.kr/electioninfo/candidate_detail_info.xhtml?electionId=0020260603&huboId=100161558,2건,음주·위험운전; 도로교통; 건축·건설·부동산,음주·위험운전,0,음주·위험운전:음주운전; 도로교통:도로교통법; 건축·건설·부동산:건설산업기본법
100160057,이남형,국민의힘,기초단체장,서울특별시 관악구,서울특별시,관악구,https://info.nec.go.kr/electioninfo/candidate_detail_info.xhtml?electionId=0020260603&huboId=100160057,2건,배임; 공직선거법,배임; 공직선거법,1,배임:배임; 공직선거법:공직선거법
100164128,고호근,무소속,기초단체장,울산광역시 중구,울산광역시,중구,https://info.nec.go.kr/electioninfo/candidate_detail_info.xhtml?electionId=0020260603&huboId=100164128,5건,음주·위험운전; 폭력; 도로교통; 건축·건설·부동산,음주·위험운전,1,음주·위험운전:음주운전; 폭력:폭력행위; 도로교통:도로교통법; 건축·건설·부동산:산지관리|개발제한구역
100154806,임현철,국민의힘,기초단체장,울산광역시 남구,울산광역시,남구,https://info.nec.go.kr/electioninfo/candidate_detail_info.xhtml?electionId=0020260603&huboId=100154806,1건,환경,,1,환경:수질
100154789,김진석,진보당,기초단체장,울산광역시 남구,울산광역시,남구,https://info.nec.go.kr/electioninfo/candidate_detail_info.xhtml?electionId=0020260603&huboId=100154789,2건,,,0,
100158728,천기옥,국민의힘,기초단체장,울산광역시 동구,울산광역시,동구,https://info.nec.go.kr/electioninfo/candidate_detail_info.xhtml?electionId=0020260603&huboId=100158728,1건,공직선거법,공직선거법,1,공직선거법:공직선거법
100156531,이장우,노동당,기초단체장,울산광역시 동구,울산광역시,동구,https://info.nec.go.kr/electioninfo/candidate_detail_info.xhtml?electionId=0020260603&huboId=100156531,2건,폭력,,1,폭력:상해
100159494,김시욱,더불어민주당,기초단체장,울산광역시 울주군,울산광역시,울주군,https://info.nec.go.kr/electioninfo/candidate_detail_info.xhtml?electionId=0020260603&huboId=100159494,1건,음주·위험운전; 도로교통,음주·위험운전,1,음주·위험운전:음주운전; 도로교통:도로교통법
100160472,강상규,진보당,기초단체장,울산광역시 울주군,울산광역시,울주군,https://info.nec.go.kr/electioninfo/candidate_detail_info.xhtml?electionId=0020260603&huboId=100160472,9건,공직선거법; 음주·위험운전; 폭력; 공무집행방해; 업무방해; 재물손괴; 주거침입; 도로교통; 집시법,공직선거법; 음주·위험운전,1,공직선거법:공직선거법; 음주·위험운전:음주운전; 폭력:폭력행위|폭행|상해; 공무집행방해:공무집행방해; 업무방해:업무방해; 재물손괴:재물손괴; 주거침입:주거침입; 도로교통:도로교통법|일반교통방해; 집시법:집회및시위|집회 및 시위
100163321,문경신,무소속,기초단체장,인천광역시 강화군,인천광역시,강화군,https://info.nec.go.kr/electioninfo/candidate_detail_info.xhtml?electionId=0020260603&huboId=100163321,1건,특가법; 음주·위험운전; 도로교통,특가법; 음주·위험운전,1,특가법:특정범죄가중처벌; 음주·위험운전:음주운전; 도로교통:도로교통법
100157153,손화정,더불어민주당,기초단체장,인천광역시 영종구,인천광역시,영종구,https://info.nec.go.kr/electioninfo/candidate_detail_info.xhtml?electionId=0020260603&huboId=100157153,1건,공무집행방해,,1,공무집행방해:공무집행방해
100162238,김정헌,국민의힘,기초단체장,인천광역시 영종구,인천광역시,영종구,https://info.nec.go.kr/electioninfo/candidate_detail_info.xhtml?electionId=0020260603&huboId=100162238,1건,도박,,1,도박:도박
100156594,김정식,더불어민주당,기초단체장,인천광역시 미추홀구,인천광역시,미추홀구,https://info.nec.go.kr/electioninfo/candidate_detail_info.xhtml?electionId=0020260603&huboId=100156594,2건,폭력; 저작권법; 집시법,,1,폭력:폭력행위; 저작권법:저작권법; 집시법:집회및시위|집회 및 시위
100163246,이영훈,국민의힘,기초단체장,인천광역시 미추홀구,인천광역시,미추홀구,https://info.nec.go.kr/electioninfo/candidate_detail_info.xhtml?electionId=0020260603&huboId=100163246,1건,환경,,1,환경:대기환경보전법
100156526,정지열,더불어민주당,기초단체장,인천광역시 연수구,인천광역시,연수구,https://info.nec.go.kr/electioninfo/candidate_detail_info.xhtml?electionId=0020260603&huboId=100156526,3건,음주·위험운전; 도로교통,음주·위험운전,1,음주·위험운전:음주운전; 도로교통:도로교통법
100163000,이재호,국민의힘,기초단체장,인천광역시 연수구,인천광역시,연수구,https://info.nec.go.kr/electioninfo/candidate_detail_info.xhtml?electionId=0020260603&huboId=100163000,1건,,,1,
100163027,박종효,국민의힘,기초단체장,인천광역시 남동구,인천광역시,남동구,https://info.nec.go.kr/electioninfo/candidate_detail_info.xhtml?electionId=0020260603&huboId=100163027,2건,음주·위험운전; 도로교통,음주·위험운전,1,음주·위험운전:음주운전; 도로교통:도로교통법
100157587,이병택,국민의힘,기초단체장,인천광역시 계양구,인천광역시,계양구,https://info.nec.go.kr/electioninfo/candidate_detail_info.xhtml?electionId=0020260603&huboId=100157587,1건,공직선거법,공직선거법,1,공직선거법:공직선거법
100158205,구재용,더불어민주당,기초단체장,인천광역시 서구,인천광역시,서구,https://info.nec.go.kr/electioninfo/candidate_detail_info.xhtml?electionId=0020260603&huboId=100158205,3건,뇌물; 공직선거법; 허위공문서·문서위조·공용서류; 공무집행방해; 건축·건설·부동산,뇌물; 공직선거법; 허위공문서·문서위조·공용서류,1,뇌물:뇌물; 공직선거법:공직선거법; 허위공문서·문서위조·공용서류:위조; 공무집행방해:공무집행방해; 건축·건설·부동산:산지관리|개발제한구역
100163349,강범석,국민의힘,기초단체장,인천광역시 서구,인천광역시,서구,https://info.nec.go.kr/electioninfo/candidate_detail_info.xhtml?electionId=0020260603&huboId=100163349,1건,음주·위험운전; 도로교통,음주·위험운전,1,음주·위험운전:음주운전; 도로교통:도로교통법
100160467,박세훈,국민의힘,기초단체장,인천광역시 검단구,인천광역시,검단구,https://info.nec.go.kr/electioninfo/candidate_detail_info.xhtml?electionId=0020260603&huboId=100160467,1건,음주·위험운전; 도로교통,음주·위험운전,1,음주·위험운전:음주운전; 도로교통:도로교통법
100154453,강성휘,더불어민주당,기초단체장,전라남도 목포시,전라남도,목포시,https://info.nec.go.kr/electioninfo/candidate_detail_info.xhtml?electionId=0020260603&huboId=100154453,4건,음주·위험운전; 교통사고; 공무집행방해; 도로교통; 국가보안법; 집시법,음주·위험운전,1,음주·위험운전:음주운전; 교통사고:교통사고처리특례법|교통사고처리특례; 공무집행방해:공무집행방해; 도로교통:도로교통법; 국가보안법:국가보안법; 집시법:집회및시위|집회 및 시위
100163944,윤선웅,국민의힘,기초단체장,전라남도 목포시,전라남도,목포시,https://info.nec.go.kr/electioninfo/candidate_detail_info.xhtml?electionId=0020260603&huboId=100163944,1건,보조금,보조금,1,보조금:보조금
100156171,여인두,정의당,기초단체장,전라남도 목포시,전라남도,목포시,https://info.nec.go.kr/electioninfo/candidate_detail_info.xhtml?electionId=0020260603&huboId=100156171,3건,음주·위험운전; 공무집행방해; 도로교통; 국가보안법; 집시법,음주·위험운전,1,음주·위험운전:음주운전; 공무집행방해:공무집행방해; 도로교통:도로교통법|일반교통방해; 국가보안법:국가보안법; 집시법:집회및시위|집회 및 시위
100154344,명창환,조국혁신당,기초단체장,전라남도 여수시,전라남도,여수시,https://info.nec.go.kr/electioninfo/candidate_detail_info.xhtml?electionId=0020260603&huboId=100154344,1건,음주·위험운전; 도로교통,음주·위험운전,1,음주·위험운전:음주운전; 도로교통:도로교통법
100155728,이성수,진보당,기초단체장,전라남도 순천시,전라남도,순천시,https://info.nec.go.kr/electioninfo/candidate_detail_info.xhtml?electionId=0020260603&huboId=100155728,3건,폭력; 공무집행방해; 업무방해; 재물손괴; 주거침입; 집시법,,1,폭력:폭력행위|폭행|상해; 공무집행방해:공무집행방해; 업무방해:업무방해; 재물손괴:재물손괴; 주거침입:주거침입; 집시법:집회및시위|집회 및 시위
100161597,정철원,조국혁신당,기초단체장,전라남도 담양군,전라남도,담양군,https://info.nec.go.kr/electioninfo/candidate_detail_info.xhtml?electionId=0020260603&huboId=100161597,1건,,,0,
100159406,박웅두,조국혁신당,기초단체장,전라남도 곡성군,전라남도,곡성군,https://info.nec.go.kr/electioninfo/candidate_detail_info.xhtml?electionId=0020260603&huboId=100159406,1건,공무집행방해,,1,공무집행방해:공무집행방해
100159577,이창호,조국혁신당,기초단체장,전라남도 구례군,전라남도,구례군,https://info.nec.go.kr/electioninfo/candidate_detail_info.xhtml?electionId=0020260603&huboId=100159577,1건,음주·위험운전; 도로교통,음주·위험운전,1,음주·위험운전:음주운전; 도로교통:도로교통법
100162855,이현창,무소속,기초단체장,전라남도 구례군,전라남도,구례군,https://info.nec.go.kr/electioninfo/candidate_detail_info.xhtml?electionId=0020260603&huboId=100162855,3건,음주·위험운전; 도로교통; 식품·보건,음주·위험운전,1,음주·위험운전:음주운전; 도로교통:도로교통법; 식품·보건:식품위생법
100163552,전경태,무소속,기초단체장,전라남도 구례군,전라남도,구례군,https://info.nec.go.kr/electioninfo/candidate_detail_info.xhtml?electionId=0020260603&huboId=100163552,3건,횡령; 허위공문서·문서위조·공용서류; 폭력,횡령; 허위공문서·문서위조·공용서류,1,횡령:횡령; 허위공문서·문서위조·공용서류:허위공문서작성; 폭력:폭력행위
100158655,정현택,무소속,기초단체장,전라남도 구례군,전라남도,구례군,https://info.nec.go.kr/electioninfo/candidate_detail_info.xhtml?electionId=0020260603&huboId=100158655,1건,특가법; 범인도피; 도로교통,특가법,1,특가법:특정범죄가중처벌; 범인도피:범인도피; 도로교통:도로교통법
100163115,류봉진,무소속,기초단체장,전라남도 고흥군,전라남도,고흥군,https://info.nec.go.kr/electioninfo/candidate_detail_info.xhtml?electionId=0020260603&huboId=100163115,1건,음주·위험운전; 도로교통,음주·위험운전,0,음주·위험운전:음주운전; 도로교통:도로교통법
100164445,최진열,무소속,기초단체장,전라남도 고흥군,전라남도,고흥군,https://info.nec.go.kr/electioninfo/candidate_detail_info.xhtml?electionId=0020260603&huboId=100164445,7건,보험·금융; 도로교통; 식품·보건; 노동; 건축·건설·부동산,,1,보험·금융:자동차손해배상보장법; 도로교통:일반교통방해; 식품·보건:식품위생법; 노동:근로기준법; 건축·건설·부동산:산지관리
100159879,김철우,더불어민주당,기초단체장,전라남도 보성군,전라남도,보성군,https://info.nec.go.kr/electioninfo/candidate_detail_info.xhtml?electionId=0020260603&huboId=100159879,2건,공무집행방해; 건축·건설·부동산,,1,공무집행방해:공무집행방해; 건축·건설·부동산:건설산업기본법
100159651,김회수,무소속,기초단체장,전라남도 화순군,전라남도,화순군,https://info.nec.go.kr/electioninfo/candidate_detail_info.xhtml?electionId=0020260603&huboId=100159651,1건,,,1,
100159211,김성,더불어민주당,기초단체장,전라남도 장흥군,전라남도,장흥군,https://info.nec.go.kr/electioninfo/candidate_detail_info.xhtml?electionId=0020260603&huboId=100159211,1건,폭력,,1,폭력:폭력행위
100159466,차영수,더불어민주당,기초단체장,전라남도 강진군,전라남도,강진군,https://info.nec.go.kr/electioninfo/candidate_detail_info.xhtml?electionId=0020260603&huboId=100159466,3건,사기; 업무방해; 건축·건설·부동산,사기,1,사기:사기; 업무방해:업무방해; 건축·건설·부동산:건설업법
100162681,박지원,무소속,기초단체장,전라남도 해남군,전라남도,해남군,https://info.nec.go.kr/electioninfo/candidate_detail_info.xhtml?electionId=0020260603&huboId=100162681,4건,허위공문서·문서위조·공용서류; 교통사고; 폭력,허위공문서·문서위조·공용서류,1,허위공문서·문서위조·공용서류:사문서|변조; 교통사고:교통사고처리특례법|교통사고처리특례; 폭력:폭력행위
100159607,우승희,더불어민주당,기초단체장,전라남도 영암군,전라남도,영암군,https://info.nec.go.kr/electioninfo/candidate_detail_info.xhtml?electionId=0020260603&huboId=100159607,1건,공무집행방해; 국가보안법; 집시법,,1,공무집행방해:공무집행방해; 국가보안법:국가보안법; 집시법:집회및시위|집회 및 시위
100161488,최영열,조국혁신당,기초단체장,전라남도 영암군,전라남도,영암군,https://info.nec.go.kr/electioninfo/candidate_detail_info.xhtml?electionId=0020260603&huboId=100161488,1건,정치자금법; 공직선거법,정치자금법; 공직선거법,1,정치자금법:정치자금법; 공직선거법:공직선거법
100161183,김산,더불어민주당,기초단체장,전라남도 무안군,전라남도,무안군,https://info.nec.go.kr/electioninfo/candidate_detail_info.xhtml?electionId=0020260603&huboId=100161183,2건,음주·위험운전; 교통사고; 도로교통,음주·위험운전,1,음주·위험운전:음주운전; 교통사고:교통사고처리특례법|교통사고처리특례; 도로교통:도로교통법
100165742,정영덕,무소속,기초단체장,전라남도 무안군,전라남도,무안군,https://info.nec.go.kr/electioninfo/candidate_detail_info.xhtml?electionId=0020260603&huboId=100165742,1건,명예훼손,,1,명예훼손:명예훼손
100159559,이남오,더불어민주당,기초단체장,전라남도 함평군,전라남도,함평군,https://info.nec.go.kr/electioninfo/candidate_detail_info.xhtml?electionId=0020260603&huboId=100159559,1건,도박,,1,도박:도박
100159120,이윤행,조국혁신당,기초단체장,전라남도 함평군,전라남도,함평군,https://info.nec.go.kr/electioninfo/candidate_detail_info.xhtml?electionId=0020260603&huboId=100159120,1건,공직선거법,공직선거법,1,공직선거법:공직선거법
100159972,이행섭,무소속,기초단체장,전라남도 함평군,전라남도,함평군,https://info.nec.go.kr/electioninfo/candidate_detail_info.xhtml?electionId=0020260603&huboId=100159972,6건,폭력; 공무집행방해; 업무방해; 도로교통; 국가보안법; 집시법,,1,폭력:폭력행위|상해; 공무집행방해:공무집행방해; 업무방해:업무방해; 도로교통:일반교통방해; 국가보안법:국가보안법; 집시법:집회및시위|집회 및 시위
100160676,장세일,더불어민주당,기초단체장,전라남도 영광군,전라남도,영광군,https://info.nec.go.kr/electioninfo/candidate_detail_info.xhtml?electionId=0020260603&huboId=100160676,2건,사기; 보조금,사기; 보조금,1,사기:사기; 보조금:보조금관리에관한법률|보조금
100159982,이석하,진보당,기초단체장,전라남도 영광군,전라남도,영광군,https://info.nec.go.kr/electioninfo/candidate_detail_info.xhtml?electionId=0020260603&huboId=100159982,7건,음주·위험운전; 교통사고; 폭력; 공무집행방해; 재물손괴; 주거침입; 도로교통; 집시법,음주·위험운전,1,음주·위험운전:음주운전; 교통사고:교통사고처리특례법|교통사고처리특례; 폭력:폭력행위; 공무집행방해:공무집행방해; 재물손괴:재물손괴; 주거침입:주거침입; 도로교통:도로교통법|일반교통방해; 집시법:집회및시위|집회 및 시위
100160571,김한균,무소속,기초단체장,전라남도 영광군,전라남도,영광군,https://info.nec.go.kr/electioninfo/candidate_detail_info.xhtml?electionId=0020260603&huboId=100160571,5건,폭력; 명예훼손,,1,폭력:폭력행위; 명예훼손:명예훼손
100159900,김한종,더불어민주당,기초단체장,전라남도 장성군,전라남도,장성군,https://info.nec.go.kr/electioninfo/candidate_detail_info.xhtml?electionId=0020260603&huboId=100159900,2건,공직선거법; 특가법; 환경,공직선거법; 특가법,1,공직선거법:공직선거법; 특가법:특정범죄가중처벌; 환경:폐기물관리법
100159790,박우량,더불어민주당,기초단체장,전라남도 신안군,전라남도,신안군,https://info.nec.go.kr/electioninfo/candidate_detail_info.xhtml?electionId=0020260603&huboId=100159790,2건,청탁금지법; 직권남용; 허위공문서·문서위조·공용서류,청탁금지법; 직권남용; 허위공문서·문서위조·공용서류,1,청탁금지법:부정청탁|금품등수수; 직권남용:직권남용; 허위공문서·문서위조·공용서류:허위공문서작성|허위작성공문서행사|공용서류손상|공용서류은닉
100163931,조양덕,국민의힘,기초단체장,전북특별자치도 전주시,전북특별자치도,전주시,https://info.nec.go.kr/electioninfo/candidate_detail_info.xhtml?electionId=0020260603&huboId=100163931,2건,사기; 허위공문서·문서위조·공용서류; 교통사고; 절도,사기; 허위공문서·문서위조·공용서류; 절도,1,사기:사기; 허위공문서·문서위조·공용서류:사문서|위조; 교통사고:교통사고처리특례법|교통사고처리특례; 절도:절도
100154492,강성희,진보당,기초단체장,전북특별자치도 전주시,전북특별자치도,전주시,https://info.nec.go.kr/electioninfo/candidate_detail_info.xhtml?electionId=0020260603&huboId=100154492,5건,폭력; 공무집행방해; 업무방해; 주거침입,,1,폭력:폭력행위|상해; 공무집행방해:공무집행방해; 업무방해:업무방해; 주거침입:주거침입
100155689,임형택,조국혁신당,기초단체장,전북특별자치도 익산시,전북특별자치도,익산시,https://info.nec.go.kr/electioninfo/candidate_detail_info.xhtml?electionId=0020260603&huboId=100155689,1건,음주·위험운전; 도로교통,음주·위험운전,1,음주·위험운전:음주운전; 도로교통:도로교통법
100153831,박경철,무소속,기초단체장,전북특별자치도 익산시,전북특별자치도,익산시,https://info.nec.go.kr/electioninfo/candidate_detail_info.xhtml?electionId=0020260603&huboId=100153831,3건,공직선거법; 보조금; 폭력,공직선거법; 보조금,1,공직선거법:공직선거법; 보조금:보조금관리에관한법률|보조금; 폭력:폭력행위
100163020,황세연,무소속,기초단체장,전북특별자치도 익산시,전북특별자치도,익산시,https://info.nec.go.kr/electioninfo/candidate_detail_info.xhtml?electionId=0020260603&huboId=100163020,6건,폭력,,1,폭력:폭력행위|상해
100154602,김재선,무소속,기초단체장,전북특별자치도 정읍시,전북특별자치도,정읍시,https://info.nec.go.kr/electioninfo/candidate_detail_info.xhtml?electionId=0020260603&huboId=100154602,12건,횡령; 배임; 공직선거법; 음주·위험운전; 폭력; 업무방해; 사법방해; 도로교통; 노동; 건축·건설·부동산,횡령; 배임; 공직선거법; 음주·위험운전,2,횡령:횡령; 배임:배임; 공직선거법:공직선거법; 음주·위험운전:음주운전; 폭력:상해; 업무방해:업무방해; 사법방해:무고; 도로교통:도로교통법; 노동:근로기준법; 건축·건설·부동산:산지관리
100158759,강동원,조국혁신당,기초단체장,전북특별자치도 남원시,전북특별자치도,남원시,https://info.nec.go.kr/electioninfo/candidate_detail_info.xhtml?electionId=0020260603&huboId=100158759,3건,음주·위험운전; 도로교통; 명예훼손,음주·위험운전,3,음주·위험운전:음주운전; 도로교통:도로교통법; 명예훼손:명예훼손
100162400,황의돈,무소속,기초단체장,전북특별자치도 남원시,전북특별자치도,남원시,https://info.nec.go.kr/electioninfo/candidate_detail_info.xhtml?electionId=0020260603&huboId=100162400,1건,,,1,
100163513,정성주,더불어민주당,기초단체장,전북특별자치도 김제시,전북특별자치도,김제시,https://info.nec.go.kr/electioninfo/candidate_detail_info.xhtml?electionId=0020260603&huboId=100163513,2건,폭력,,1,폭력:폭력행위
100165590,이병철,무소속,기초단체장,전북특별자치도 김제시,전북특별자치도,김제시,https://info.nec.go.kr/electioninfo/candidate_detail_info.xhtml?electionId=0020260603&huboId=100165590,2건,자동차관리,,1,자동차관리:자동차관리법
100165284,국영석,무소속,기초단체장,전북특별자치도 완주군,전북특별자치도,완주군,https://info.nec.go.kr/electioninfo/candidate_detail_info.xhtml?electionId=0020260603&huboId=100165284,2건,음주·위험운전; 교통사고; 도로교통,음주·위험운전,1,음주·위험운전:음주운전; 교통사고:교통사고처리특례법|교통사고처리특례; 도로교통:도로교통법
100161906,고준식,무소속,기초단체장,전북특별자치도 진안군,전북특별자치도,진안군,https://info.nec.go.kr/electioninfo/candidate_detail_info.xhtml?electionId=0020260603&huboId=100161906,3건,식품·보건,,1,식품·보건:식품위생법
100161544,황인홍,더불어민주당,기초단체장,전북특별자치도 무주군,전북특별자치도,무주군,https://info.nec.go.kr/electioninfo/candidate_detail_info.xhtml?electionId=0020260603&huboId=100161544,1건,배임,배임,1,배임:배임
100159912,장영수,조국혁신당,기초단체장,전북특별자치도 장수군,전북특별자치도,장수군,https://info.nec.go.kr/electioninfo/candidate_detail_info.xhtml?electionId=0020260603&huboId=100159912,1건,사기,사기,1,사기:사기
100160282,한득수,더불어민주당,기초단체장,전북특별자치도 임실군,전북특별자치도,임실군,https://info.nec.go.kr/electioninfo/candidate_detail_info.xhtml?electionId=0020260603&huboId=100160282,1건,음주·위험운전; 도로교통,음주·위험운전,1,음주·위험운전:음주운전; 도로교통:도로교통법
100159563,정인준,무소속,기초단체장,전북특별자치도 임실군,전북특별자치도,임실군,https://info.nec.go.kr/electioninfo/candidate_detail_info.xhtml?electionId=0020260603&huboId=100159563,1건,공직선거법,공직선거법,1,공직선거법:공직선거법
100163638,최영일,더불어민주당,기초단체장,전북특별자치도 순창군,전북특별자치도,순창군,https://info.nec.go.kr/electioninfo/candidate_detail_info.xhtml?electionId=0020260603&huboId=100163638,1건,공직선거법; 범인도피,공직선거법,1,공직선거법:공직선거법; 범인도피:범인도피
100159114,유기상,조국혁신당,기초단체장,전북특별자치도 고창군,전북특별자치도,고창군,https://info.nec.go.kr/electioninfo/candidate_detail_info.xhtml?electionId=0020260603&huboId=100159114,1건,교통사고,,1,교통사고:교통사고처리특례법|교통사고처리특례
100159173,장명식,무소속,기초단체장,전북특별자치도 고창군,전북특별자치도,고창군,https://info.nec.go.kr/electioninfo/candidate_detail_info.xhtml?electionId=0020260603&huboId=100159173,2건,,,0,
100164732,정원환,무소속,기초단체장,전북특별자치도 고창군,전북특별자치도,고창군,https://info.nec.go.kr/electioninfo/candidate_detail_info.xhtml?electionId=0020260603&huboId=100164732,7건,,,1,
100159745,김성태,국민의힘,기초단체장,전북특별자치도 부안군,전북특별자치도,부안군,https://info.nec.go.kr/electioninfo/candidate_detail_info.xhtml?electionId=0020260603&huboId=100159745,2건,사기,사기,1,사기:사기
100159592,김성수,조국혁신당,기초단체장,전북특별자치도 부안군,전북특별자치도,부안군,https://info.nec.go.kr/electioninfo/candidate_detail_info.xhtml?electionId=0020260603&huboId=100159592,2건,건축·건설·부동산,,1,건축·건설·부동산:건축법
100163535,김종규,무소속,기초단체장,전북특별자치도 부안군,전북특별자치도,부안군,https://info.nec.go.kr/electioninfo/candidate_detail_info.xhtml?electionId=0020260603&huboId=100163535,1건,건축·건설·부동산,,1,건축·건설·부동산:주택건설촉진법
100155038,장기수,더불어민주당,기초단체장,충청남도 천안시,충청남도,천안시,https://info.nec.go.kr/electioninfo/candidate_detail_info.xhtml?electionId=0020260603&huboId=100155038,1건,집시법,,1,집시법:집회및시위|집회 및 시위
100155104,박찬우,국민의힘,기초단체장,충청남도 천안시,충청남도,천안시,https://info.nec.go.kr/electioninfo/candidate_detail_info.xhtml?electionId=0020260603&huboId=100155104,1건,공직선거법,공직선거법,1,공직선거법:공직선거법
100163395,이성진,개혁신당,기초단체장,충청남도 천안시,충청남도,천안시,https://info.nec.go.kr/electioninfo/candidate_detail_info.xhtml?electionId=0020260603&huboId=100163395,1건,도로교통; 집시법,,1,도로교통:일반교통방해; 집시법:집회및시위|집회 및 시위
100161314,최원철,국민의힘,기초단체장,충청남도 공주시,충청남도,공주시,https://info.nec.go.kr/electioninfo/candidate_detail_info.xhtml?electionId=0020260603&huboId=100161314,1건,,,1,
100153989,이영우,더불어민주당,기초단체장,충청남도 보령시,충청남도,보령시,https://info.nec.go.kr/electioninfo/candidate_detail_info.xhtml?electionId=0020260603&huboId=100153989,1건,교통사고,,1,교통사고:교통사고처리특례법|교통사고처리특례
100157659,김흥식,무소속,기초단체장,충청남도 보령시,충청남도,보령시,https://info.nec.go.kr/electioninfo/candidate_detail_info.xhtml?electionId=0020260603&huboId=100157659,2건,건축·건설·부동산; 명예훼손,,0,건축·건설·부동산:건설산업기본법; 명예훼손:명예훼손
100154484,맹정호,더불어민주당,기초단체장,충청남도 서산시,충청남도,서산시,https://info.nec.go.kr/electioninfo/candidate_detail_info.xhtml?electionId=0020260603&huboId=100154484,1건,폭력; 집시법,,1,폭력:폭력행위; 집시법:집회및시위|집회 및 시위
100159108,오인환,더불어민주당,기초단체장,충청남도 논산시,충청남도,논산시,https://info.nec.go.kr/electioninfo/candidate_detail_info.xhtml?electionId=0020260603&huboId=100159108,1건,폭력,,1,폭력:폭력행위
100153959,정준영,더불어민주당,기초단체장,충청남도 계룡시,충청남도,계룡시,https://info.nec.go.kr/electioninfo/candidate_detail_info.xhtml?electionId=0020260603&huboId=100153959,2건,음주·위험운전; 도로교통,음주·위험운전,1,음주·위험운전:음주운전; 도로교통:도로교통법
100159379,문정우,더불어민주당,기초단체장,충청남도 금산군,충청남도,금산군,https://info.nec.go.kr/electioninfo/candidate_detail_info.xhtml?electionId=0020260603&huboId=100159379,3건,,,0,
100159359,김민수,더불어민주당,기초단체장,충청남도 부여군,충청남도,부여군,https://info.nec.go.kr/electioninfo/candidate_detail_info.xhtml?electionId=0020260603&huboId=100159359,2건,교통사고; 명예훼손,,1,교통사고:교통사고처리특례법|교통사고처리특례; 명예훼손:명예훼손
100160810,김기서,무소속,기초단체장,충청남도 부여군,충청남도,부여군,https://info.nec.go.kr/electioninfo/candidate_detail_info.xhtml?electionId=0020260603&huboId=100160810,1건,,,0,
100163271,조중연,개혁신당,기초단체장,충청남도 서천군,충청남도,서천군,https://info.nec.go.kr/electioninfo/candidate_detail_info.xhtml?electionId=0020260603&huboId=100163271,1건,도로교통,,1,도로교통:도로교통법
100162513,김돈곤,더불어민주당,기초단체장,충청남도 청양군,충청남도,청양군,https://info.nec.go.kr/electioninfo/candidate_detail_info.xhtml?electionId=0020260603&huboId=100162513,1건,교통사고,,1,교통사고:교통사고처리특례법|교통사고처리특례
100157966,손세희,더불어민주당,기초단체장,충청남도 홍성군,충청남도,홍성군,https://info.nec.go.kr/electioninfo/candidate_detail_info.xhtml?electionId=0020260603&huboId=100157966,2건,음주·위험운전; 도로교통,음주·위험운전,1,음주·위험운전:음주운전; 도로교통:도로교통법
100158881,박정주,국민의힘,기초단체장,충청남도 홍성군,충청남도,홍성군,https://info.nec.go.kr/electioninfo/candidate_detail_info.xhtml?electionId=0020260603&huboId=100158881,1건,교통사고,,1,교통사고:교통사고처리특례법|교통사고처리특례
100159999,이두원,무소속,기초단체장,충청남도 홍성군,충청남도,홍성군,https://info.nec.go.kr/electioninfo/candidate_detail_info.xhtml?electionId=0020260603&huboId=100159999,2건,업무방해; 도로교통,,1,업무방해:업무방해; 도로교통:도로교통법
100162827,최재구,국민의힘,기초단체장,충청남도 예산군,충청남도,예산군,https://info.nec.go.kr/electioninfo/candidate_detail_info.xhtml?electionId=0020260603&huboId=100162827,2건,사기; 횡령; 음주·위험운전; 도로교통,사기; 횡령; 음주·위험운전,1,사기:사기; 횡령:횡령; 음주·위험운전:음주운전; 도로교통:도로교통법
100159899,맹정섭,더불어민주당,기초단체장,충청북도 충주시,충청북도,충주시,https://info.nec.go.kr/electioninfo/candidate_detail_info.xhtml?electionId=0020260603&huboId=100159899,3건,공직선거법; 폭력; 사법방해; 도로교통; 모욕,공직선거법,3,공직선거법:공직선거법; 폭력:폭행; 사법방해:무고; 도로교통:도로교통법; 모욕:모욕
100158573,하유정,더불어민주당,기초단체장,충청북도 보은군,충청북도,보은군,https://info.nec.go.kr/electioninfo/candidate_detail_info.xhtml?electionId=0020260603&huboId=100158573,1건,공직선거법,공직선거법,1,공직선거법:공직선거법
100158946,전상인,국민의힘,기초단체장,충청북도 옥천군,충청북도,옥천군,https://info.nec.go.kr/electioninfo/candidate_detail_info.xhtml?electionId=0020260603&huboId=100158946,1건,공직선거법,공직선거법,1,공직선거법:공직선거법
100158594,이양섭,국민의힘,기초단체장,충청북도 진천군,충청북도,진천군,https://info.nec.go.kr/electioninfo/candidate_detail_info.xhtml?electionId=0020260603&huboId=100158594,1건,,,0,
100158742,이차영,더불어민주당,기초단체장,충청북도 괴산군,충청북도,괴산군,https://info.nec.go.kr/electioninfo/candidate_detail_info.xhtml?electionId=0020260603&huboId=100158742,1건,음주·위험운전; 도로교통,음주·위험운전,1,음주·위험운전:음주운전; 도로교통:도로교통법
100163296,한중일,국민의힘,시도의원,강원특별자치도 춘천시제1선거구,강원특별자치도,춘천시제1선거구,https://info.nec.go.kr/electioninfo/candidate_detail_info.xhtml?electionId=0020260603&huboId=100163296,2건,음주·위험운전; 도로교통,음주·위험운전,1,음주·위험운전:음주운전; 도로교통:도로교통법
100153893,이교선,더불어민주당,시도의원,강원특별자치도 춘천시제2선거구,강원특별자치도,춘천시제2선거구,https://info.nec.go.kr/electioninfo/candidate_detail_info.xhtml?electionId=0020260603&huboId=100153893,2건,음주·위험운전; 교통사고; 도로교통,음주·위험운전,1,음주·위험운전:음주운전; 교통사고:교통사고처리특례법|교통사고처리특례; 도로교통:도로교통법
100153928,박기영,국민의힘,시도의원,강원특별자치도 춘천시제3선거구,강원특별자치도,춘천시제3선거구,https://info.nec.go.kr/electioninfo/candidate_detail_info.xhtml?electionId=0020260603&huboId=100153928,1건,식품·보건,,1,식품·보건:학교보건법
100157105,이승진,더불어민주당,시도의원,강원특별자치도 춘천시제4선거구,강원특별자치도,춘천시제4선거구,https://info.nec.go.kr/electioninfo/candidate_detail_info.xhtml?electionId=0020260603&huboId=100157105,2건,음주·위험운전; 도로교통,음주·위험운전,1,음주·위험운전:음주운전; 도로교통:도로교통법
100153930,정재웅,더불어민주당,시도의원,강원특별자치도 춘천시제5선거구,강원특별자치도,춘천시제5선거구,https://info.nec.go.kr/electioninfo/candidate_detail_info.xhtml?electionId=0020260603&huboId=100153930,3건,음주·위험운전; 무면허운전; 도로교통; 국가보안법; 집시법,음주·위험운전; 무면허운전,1,음주·위험운전:음주운전; 무면허운전:무면허운전; 도로교통:도로교통법; 국가보안법:국가보안법; 집시법:집회및시위|집회 및 시위
100156178,남상규,더불어민주당,시도의원,강원특별자치도 춘천시제7선거구,강원특별자치도,춘천시제7선거구,https://info.nec.go.kr/electioninfo/candidate_detail_info.xhtml?electionId=0020260603&huboId=100156178,1건,보험·금융,,1,보험·금융:부정수표단속법
100155583,박찬흥,국민의힘,시도의원,강원특별자치도 춘천시제7선거구,강원특별자치도,춘천시제7선거구,https://info.nec.go.kr/electioninfo/candidate_detail_info.xhtml?electionId=0020260603&huboId=100155583,1건,음주·위험운전; 도로교통,음주·위험운전,1,음주·위험운전:음주운전; 도로교통:도로교통법
100162703,박관희,국민의힘,시도의원,강원특별자치도 춘천시제8선거구,강원특별자치도,춘천시제8선거구,https://info.nec.go.kr/electioninfo/candidate_detail_info.xhtml?electionId=0020260603&huboId=100162703,1건,음주·위험운전; 도로교통,음주·위험운전,1,음주·위험운전:음주운전; 도로교통:도로교통법
100157306,정재선,더불어민주당,시도의원,강원특별자치도 원주시제1선거구,강원특별자치도,원주시제1선거구,https://info.nec.go.kr/electioninfo/candidate_detail_info.xhtml?electionId=0020260603&huboId=100157306,2건,도로교통; 건축·건설·부동산,,1,도로교통:도로교통법; 건축·건설·부동산:건축법
100161988,박길선,국민의힘,시도의원,강원특별자치도 원주시제1선거구,강원특별자치도,원주시제1선거구,https://info.nec.go.kr/electioninfo/candidate_detail_info.xhtml?electionId=0020260603&huboId=100161988,1건,교통사고,,1,교통사고:교통사고처리특례법|교통사고처리특례
100158385,최원병,국민의힘,시도의원,강원특별자치도 원주시제5선거구,강원특별자치도,원주시제5선거구,https://info.nec.go.kr/electioninfo/candidate_detail_info.xhtml?electionId=0020260603&huboId=100158385,1건,교통사고; 도로교통,,1,교통사고:교통사고처리특례법|교통사고처리특례; 도로교통:도로교통법
100155531,신재섭,더불어민주당,시도의원,강원특별자치도 원주시제6선거구,강원특별자치도,원주시제6선거구,https://info.nec.go.kr/electioninfo/candidate_detail_info.xhtml?electionId=0020260603&huboId=100155531,2건,음주·위험운전; 도로교통,음주·위험운전,1,음주·위험운전:음주운전; 도로교통:도로교통법
100153953,하석균,국민의힘,시도의원,강원특별자치도 원주시제6선거구,강원특별자치도,원주시제6선거구,https://info.nec.go.kr/electioninfo/candidate_detail_info.xhtml?electionId=0020260603&huboId=100153953,2건,음주·위험운전; 도로교통,음주·위험운전,1,음주·위험운전:음주운전; 도로교통:도로교통법
100162907,장민열,국민의힘,시도의원,강원특별자치도 원주시제7선거구,강원특별자치도,원주시제7선거구,https://info.nec.go.kr/electioninfo/candidate_detail_info.xhtml?electionId=0020260603&huboId=100162907,3건,음주·위험운전; 도로교통,음주·위험운전,1,음주·위험운전:음주운전; 도로교통:도로교통법
100155596,배근형,국민의힘,시도의원,강원특별자치도 원주시제8선거구,강원특별자치도,원주시제8선거구,https://info.nec.go.kr/electioninfo/candidate_detail_info.xhtml?electionId=0020260603&huboId=100155596,3건,음주·위험운전; 교통사고; 도로교통,음주·위험운전,1,음주·위험운전:음주운전; 교통사고:교통사고처리특례법|교통사고처리특례; 도로교통:도로교통법
100162779,류인출,무소속,시도의원,강원특별자치도 원주시제8선거구,강원특별자치도,원주시제8선거구,https://info.nec.go.kr/electioninfo/candidate_detail_info.xhtml?electionId=0020260603&huboId=100162779,1건,음주·위험운전; 도로교통,음주·위험운전,1,음주·위험운전:음주운전; 도로교통:도로교통법
100163169,전찬성,더불어민주당,시도의원,강원특별자치도 원주시제9선거구,강원특별자치도,원주시제9선거구,https://info.nec.go.kr/electioninfo/candidate_detail_info.xhtml?electionId=0020260603&huboId=100163169,3건,음주·위험운전; 무면허운전; 교통사고; 보험·금융; 도로교통,음주·위험운전; 무면허운전,1,음주·위험운전:음주운전; 무면허운전:무면허운전; 교통사고:교통사고처리특례법|교통사고처리특례; 보험·금융:자동차손해배상보장법; 도로교통:도로교통법
100163137,곽문근,더불어민주당,시도의원,강원특별자치도 원주시제10선거구,강원특별자치도,원주시제10선거구,https://info.nec.go.kr/electioninfo/candidate_detail_info.xhtml?electionId=0020260603&huboId=100163137,1건,건축·건설·부동산,,0,건축·건설·부동산:국토의계획
100162697,김용래,국민의힘,시도의원,강원특별자치도 강릉시제3선거구,강원특별자치도,강릉시제3선거구,https://info.nec.go.kr/electioninfo/candidate_detail_info.xhtml?electionId=0020260603&huboId=100162697,1건,음주·위험운전; 교통사고; 도로교통,음주·위험운전,1,음주·위험운전:음주운전; 교통사고:교동사고; 도로교통:도로교통법
100155133,차주철,국민의힘,시도의원,강원특별자치도 강릉시제4선거구,강원특별자치도,강릉시제4선거구,https://info.nec.go.kr/electioninfo/candidate_detail_info.xhtml?electionId=0020260603&huboId=100155133,4건,음주·위험운전; 무면허운전; 도로교통,음주·위험운전; 무면허운전,1,음주·위험운전:음주운전; 무면허운전:무면허운전; 도로교통:도로교통법|도로법
100154230,홍정현,무소속,시도의원,강원특별자치도 강릉시제4선거구,강원특별자치도,강릉시제4선거구,https://info.nec.go.kr/electioninfo/candidate_detail_info.xhtml?electionId=0020260603&huboId=100154230,1건,음주·위험운전; 도로교통,음주·위험운전,1,음주·위험운전:음주운전; 도로교통:도로교통법
100153937,김정래,더불어민주당,시도의원,강원특별자치도 강릉시제5선거구,강원특별자치도,강릉시제5선거구,https://info.nec.go.kr/electioninfo/candidate_detail_info.xhtml?electionId=0020260603&huboId=100153937,2건,폭력; 도로교통,,1,폭력:상해; 도로교통:도로교통법
100160082,안성준,국민의힘,시도의원,강원특별자치도 동해시제1선거구,강원특별자치도,동해시제1선거구,https://info.nec.go.kr/electioninfo/candidate_detail_info.xhtml?electionId=0020260603&huboId=100160082,1건,,,0,
100157409,김형원,더불어민주당,시도의원,강원특별자치도 동해시제2선거구,강원특별자치도,동해시제2선거구,https://info.nec.go.kr/electioninfo/candidate_detail_info.xhtml?electionId=0020260603&huboId=100157409,2건,사기; 음주·위험운전; 도로교통,사기; 음주·위험운전,0,사기:사기; 음주·위험운전:음주운전; 도로교통:도로교통법
100154620,최정섭,더불어민주당,시도의원,강원특별자치도 태백시제1선거구,강원특별자치도,태백시제1선거구,https://info.nec.go.kr/electioninfo/candidate_detail_info.xhtml?electionId=0020260603&huboId=100154620,2건,음주·위험운전; 교통사고; 도로교통,음주·위험운전,1,음주·위험운전:음주운전; 교통사고:교통사고처리특례법|교통사고처리특례; 도로교통:도로교통법
100161973,이한영,국민의힘,시도의원,강원특별자치도 태백시제1선거구,강원특별자치도,태백시제1선거구,https://info.nec.go.kr/electioninfo/candidate_detail_info.xhtml?electionId=0020260603&huboId=100161973,1건,사기,사기,1,사기:사기
100158882,정연철,국민의힘,시도의원,강원특별자치도 삼척시제2선거구,강원특별자치도,삼척시제2선거구,https://info.nec.go.kr/electioninfo/candidate_detail_info.xhtml?electionId=0020260603&huboId=100158882,2건,뇌물; 특가법,뇌물; 특가법,1,뇌물:알선수재; 특가법:특정범죄가중처벌
100161143,나기호,더불어민주당,시도의원,강원특별자치도 홍천군제2선거구,강원특별자치도,홍천군제2선거구,https://info.nec.go.kr/electioninfo/candidate_detail_info.xhtml?electionId=0020260603&huboId=100161143,1건,교통사고,,1,교통사고:교통사고처리특례법|교통사고처리특례
100155924,김세종,더불어민주당,시도의원,강원특별자치도 횡성군제1선거구,강원특별자치도,횡성군제1선거구,https://info.nec.go.kr/electioninfo/candidate_detail_info.xhtml?electionId=0020260603&huboId=100155924,2건,음주·위험운전; 도로교통,음주·위험운전,1,음주·위험운전:음주운전; 도로교통:도로교통법
100157219,남홍순,더불어민주당,시도의원,강원특별자치도 횡성군제2선거구,강원특별자치도,횡성군제2선거구,https://info.nec.go.kr/electioninfo/candidate_detail_info.xhtml?electionId=0020260603&huboId=100157219,2건,보조금; 폭력; 공무집행방해; 집시법,보조금,1,보조금:보조금; 폭력:폭력행위; 공무집행방해:공무집행방해; 집시법:집회및시위|집회 및 시위
100158024,김학조,국민의힘,시도의원,강원특별자치도 영월군제2선거구,강원특별자치도,영월군제2선거구,https://info.nec.go.kr/electioninfo/candidate_detail_info.xhtml?electionId=0020260603&huboId=100158024,3건,음주·위험운전; 교통사고; 보험·금융; 도로교통,음주·위험운전,1,음주·위험운전:음주운전; 교통사고:교통사고처리특례법|교통사고처리특례; 보험·금융:부정수표단속법; 도로교통:도로교통법
100155954,김동용,더불어민주당,시도의원,강원특별자치도 평창군제2선거구,강원특별자치도,평창군제2선거구,https://info.nec.go.kr/electioninfo/candidate_detail_info.xhtml?electionId=0020260603&huboId=100155954,1건,음주·위험운전; 도로교통,음주·위험운전,1,음주·위험운전:음주운전; 도로교통:도로교통법
100156581,나일주,더불어민주당,시도의원,강원특별자치도 정선군선거구,강원특별자치도,정선군선거구,https://info.nec.go.kr/electioninfo/candidate_detail_info.xhtml?electionId=0020260603&huboId=100156581,1건,교통사고,,1,교통사고:교통사고처리특례법|교통사고처리특례
100161779,김기철,국민의힘,시도의원,강원특별자치도 정선군선거구,강원특별자치도,정선군선거구,https://info.nec.go.kr/electioninfo/candidate_detail_info.xhtml?electionId=0020260603&huboId=100161779,2건,사기; 교통사고,사기,0,사기:사기; 교통사고:교통사고처리특례법|교통사고처리특례
100161216,한종문,국민의힘,시도의원,강원특별자치도 철원군제1선거구,강원특별자치도,철원군제1선거구,https://info.nec.go.kr/electioninfo/candidate_detail_info.xhtml?electionId=0020260603&huboId=100161216,1건,폭력,,1,폭력:상해
100157279,김호진,더불어민주당,시도의원,강원특별자치도 철원군제2선거구,강원특별자치도,철원군제2선거구,https://info.nec.go.kr/electioninfo/candidate_detail_info.xhtml?electionId=0020260603&huboId=100157279,1건,,,0,
100156829,김규호,무소속,시도의원,강원특별자치도 양구군선거구,강원특별자치도,양구군선거구,https://info.nec.go.kr/electioninfo/candidate_detail_info.xhtml?electionId=0020260603&huboId=100156829,2건,음주·위험운전; 도로교통; 지방공무원법,음주·위험운전,1,음주·위험운전:음주운전; 도로교통:도로교통법; 지방공무원법:지방공무원법
100156276,김영진,국민의힘,시도의원,강원특별자치도 인제군선거구,강원특별자치도,인제군선거구,https://info.nec.go.kr/electioninfo/candidate_detail_info.xhtml?electionId=0020260603&huboId=100156276,2건,허위공문서·문서위조·공용서류; 건축·건설·부동산,허위공문서·문서위조·공용서류,1,허위공문서·문서위조·공용서류:사문서|위조; 건축·건설·부동산:건설산업기본법
100161716,용광열,국민의힘,시도의원,강원특별자치도 고성군선거구,강원특별자치도,고성군선거구,https://info.nec.go.kr/electioninfo/candidate_detail_info.xhtml?electionId=0020260603&huboId=100161716,1건,음주·위험운전; 도로교통,음주·위험운전,1,음주·위험운전:음주운전; 도로교통:도로교통법
100158843,김용복,무소속,시도의원,강원특별자치도 고성군선거구,강원특별자치도,고성군선거구,https://info.nec.go.kr/electioninfo/candidate_detail_info.xhtml?electionId=0020260603&huboId=100158843,3건,음주·위험운전; 도로교통; 노동,음주·위험운전,1,음주·위험운전:음주운전; 도로교통:도로교통법; 노동:근로기준법
100162226,이종석,국민의힘,시도의원,강원특별자치도 양양군선거구,강원특별자치도,양양군선거구,https://info.nec.go.kr/electioninfo/candidate_detail_info.xhtml?electionId=0020260603&huboId=100162226,3건,음주·위험운전; 폭력; 도로교통,음주·위험운전,1,음주·위험운전:음주운전; 폭력:폭력행위; 도로교통:도로교통법
100155591,김영근,무소속,시도의원,강원특별자치도 양양군선거구,강원특별자치도,양양군선거구,https://info.nec.go.kr/electioninfo/candidate_detail_info.xhtml?electionId=0020260603&huboId=100155591,3건,횡령; 폭력; 도로교통,횡령,1,횡령:횡령; 폭력:폭력행위; 도로교통:도로교통법
100163351,남택호,국민의힘,시도의원,경기도 수원시제2선거구,경기도,수원시제2선거구,https://info.nec.go.kr/electioninfo/candidate_detail_info.xhtml?electionId=0020260603&huboId=100163351,2건,음주·위험운전; 도로교통,음주·위험운전,1,음주·위험운전:음주운전; 도로교통:도로교통법
100163385,조정근,국민의힘,시도의원,경기도 수원시제4선거구,경기도,수원시제4선거구,https://info.nec.go.kr/electioninfo/candidate_detail_info.xhtml?electionId=0020260603&huboId=100163385,1건,교통사고,,1,교통사고:교통사고처리특례법|교통사고처리특례
100154455,배득현,진보당,시도의원,경기도 수원시제4선거구,경기도,수원시제4선거구,https://info.nec.go.kr/electioninfo/candidate_detail_info.xhtml?electionId=0020260603&huboId=100154455,2건,도로교통; 집시법,,0,도로교통:일반교통방해; 집시법:집회및시위|집회 및 시위
100159009,김재은,국민의힘,시도의원,경기도 수원시제5선거구,경기도,수원시제5선거구,https://info.nec.go.kr/electioninfo/candidate_detail_info.xhtml?electionId=0020260603&huboId=100159009,2건,음주·위험운전; 무면허운전; 폭력; 도로교통,음주·위험운전; 무면허운전,1,음주·위험운전:음주운전; 무면허운전:무면허운전; 폭력:폭력행위|상해; 도로교통:도로교통법
100155806,최찬민,더불어민주당,시도의원,경기도 수원시제6선거구,경기도,수원시제6선거구,https://info.nec.go.kr/electioninfo/candidate_detail_info.xhtml?electionId=0020260603&huboId=100155806,3건,폭력; 국가보안법; 집시법,,1,폭력:폭력행위; 국가보안법:국가보안법; 집시법:집회및시위|집회 및 시위
100161823,한원찬,국민의힘,시도의원,경기도 수원시제6선거구,경기도,수원시제6선거구,https://info.nec.go.kr/electioninfo/candidate_detail_info.xhtml?electionId=0020260603&huboId=100161823,2건,교통사고; 건축·건설·부동산,,1,교통사고:교통사고처리특례법|교통사고처리특례; 건축·건설·부동산:부동산|국토의계획
100160197,채명기,더불어민주당,시도의원,경기도 수원시제8선거구,경기도,수원시제8선거구,https://info.nec.go.kr/electioninfo/candidate_detail_info.xhtml?electionId=0020260603&huboId=100160197,1건,음주·위험운전; 도로교통,음주·위험운전,1,음주·위험운전:음주운전; 도로교통:도로교통법
100156914,최영옥,더불어민주당,시도의원,경기도 수원시제9선거구,경기도,수원시제9선거구,https://info.nec.go.kr/electioninfo/candidate_detail_info.xhtml?electionId=0020260603&huboId=100156914,1건,,,0,
100160519,한광희,국민의힘,시도의원,경기도 수원시제11선거구,경기도,수원시제11선거구,https://info.nec.go.kr/electioninfo/candidate_detail_info.xhtml?electionId=0020260603&huboId=100160519,1건,,,0,
100163657,이영희,국민의힘,시도의원,경기도 용인시제1선거구,경기도,용인시제1선거구,https://info.nec.go.kr/electioninfo/candidate_detail_info.xhtml?electionId=0020260603&huboId=100163657,1건,음주·위험운전; 도로교통,음주·위험운전,1,음주·위험운전:음주운전; 도로교통:도로교통법
100162606,김영민,국민의힘,시도의원,경기도 용인시제2선거구,경기도,용인시제2선거구,https://info.nec.go.kr/electioninfo/candidate_detail_info.xhtml?electionId=0020260603&huboId=100162606,2건,건축·건설·부동산,,1,건축·건설·부동산:국토의계획
100162057,윤정희,국민의힘,시도의원,경기도 용인시제4선거구,경기도,용인시제4선거구,https://info.nec.go.kr/electioninfo/candidate_detail_info.xhtml?electionId=0020260603&huboId=100162057,1건,음주·위험운전; 도로교통,음주·위험운전,1,음주·위험운전:음주운전; 도로교통:도로교통법
100160721,정하용,국민의힘,시도의원,경기도 용인시제5선거구,경기도,용인시제5선거구,https://info.nec.go.kr/electioninfo/candidate_detail_info.xhtml?electionId=0020260603&huboId=100160721,1건,음주·위험운전; 도로교통,음주·위험운전,1,음주·위험운전:음주운전; 도로교통:도로교통법
100157414,김용찬,더불어민주당,시도의원,경기도 용인시제7선거구,경기도,용인시제7선거구,https://info.nec.go.kr/electioninfo/candidate_detail_info.xhtml?electionId=0020260603&huboId=100157414,1건,업무방해,,1,업무방해:업무방해
100163594,류기준,더불어민주당,시도의원,경기도 고양시제3선거구,경기도,고양시제3선거구,https://info.nec.go.kr/electioninfo/candidate_detail_info.xhtml?electionId=0020260603&huboId=100163594,2건,음주·위험운전; 도로교통,음주·위험운전,0,음주·위험운전:음주운전; 도로교통:도로교통법
100160702,강주내,국민의힘,시도의원,경기도 고양시제4선거구,경기도,고양시제4선거구,https://info.nec.go.kr/electioninfo/candidate_detail_info.xhtml?electionId=0020260603&huboId=100160702,1건,건축·건설·부동산,,1,건축·건설·부동산:건축법
100163210,정연일,더불어민주당,시도의원,경기도 고양시제5선거구,경기도,고양시제5선거구,https://info.nec.go.kr/electioninfo/candidate_detail_info.xhtml?electionId=0020260603&huboId=100163210,1건,음주·위험운전; 도로교통,음주·위험운전,0,음주·위험운전:음주운전; 도로교통:도로교통법
100162706,정형배,국민의힘,시도의원,경기도 고양시제8선거구,경기도,고양시제8선거구,https://info.nec.go.kr/electioninfo/candidate_detail_info.xhtml?electionId=0020260603&huboId=100162706,2건,음주·위험운전; 도로교통; 국가보안법,음주·위험운전,1,음주·위험운전:음주운전; 도로교통:도로교통법; 국가보안법:국가보안법
100161587,김수환,국민의힘,시도의원,경기도 고양시제9선거구,경기도,고양시제9선거구,https://info.nec.go.kr/electioninfo/candidate_detail_info.xhtml?electionId=0020260603&huboId=100161587,1건,음주·위험운전; 도로교통,음주·위험운전,1,음주·위험운전:음주운전; 도로교통:도로교통법
100161641,김완규,국민의힘,시도의원,경기도 고양시제12선거구,경기도,고양시제12선거구,https://info.nec.go.kr/electioninfo/candidate_detail_info.xhtml?electionId=0020260603&huboId=100161641,2건,음주·위험운전; 도로교통,음주·위험운전,1,음주·위험운전:음주운전; 도로교통:도로교통법
100161972,박연숙,국민의힘,시도의원,경기도 화성시제1선거구,경기도,화성시제1선거구,https://info.nec.go.kr/electioninfo/candidate_detail_info.xhtml?electionId=0020260603&huboId=100161972,1건,,,0,
100163084,심용진,국민의힘,시도의원,경기도 화성시제2선거구,경기도,화성시제2선거구,https://info.nec.go.kr/electioninfo/candidate_detail_info.xhtml?electionId=0020260603&huboId=100163084,2건,음주·위험운전; 도로교통,음주·위험운전,0,음주·위험운전:음주운전; 도로교통:도로교통법
100164637,신미숙,더불어민주당,시도의원,경기도 화성시제4선거구,경기도,화성시제4선거구,https://info.nec.go.kr/electioninfo/candidate_detail_info.xhtml?electionId=0020260603&huboId=100164637,1건,교통사고,,1,교통사고:교동사고
100163172,김태형,더불어민주당,시도의원,경기도 화성시제5선거구,경기도,화성시제5선거구,https://info.nec.go.kr/electioninfo/candidate_detail_info.xhtml?electionId=0020260603&huboId=100163172,1건,허위공문서·문서위조·공용서류; 업무방해,허위공문서·문서위조·공용서류,1,허위공문서·문서위조·공용서류:사문서|위조; 업무방해:업무방해
100163209,배춘봉,국민의힘,시도의원,경기도 화성시제5선거구,경기도,화성시제5선거구,https://info.nec.go.kr/electioninfo/candidate_detail_info.xhtml?electionId=0020260603&huboId=100163209,1건,음주·위험운전; 도로교통,음주·위험운전,1,음주·위험운전:음주운전; 도로교통:도로교통법
100163181,김영수,더불어민주당,시도의원,경기도 화성시제8선거구,경기도,화성시제8선거구,https://info.nec.go.kr/electioninfo/candidate_detail_info.xhtml?electionId=0020260603&huboId=100163181,1건,음주·위험운전; 도로교통,음주·위험운전,0,음주·위험운전:음주운전; 도로교통:도로교통법
100161874,정흥범,국민의힘,시도의원,경기도 화성시제9선거구,경기도,화성시제9선거구,https://info.nec.go.kr/electioninfo/candidate_detail_info.xhtml?electionId=0020260603&huboId=100161874,1건,,,0,
100158705,최만식,더불어민주당,시도의원,경기도 성남시제2선거구,경기도,성남시제2선거구,https://info.nec.go.kr/electioninfo/candidate_detail_info.xhtml?electionId=0020260603&huboId=100158705,2건,폭력; 도로교통; 집시법,,1,폭력:폭력행위; 도로교통:일반교통방해; 집시법:집회및시위|집회 및 시위
100158213,모성민,국민의힘,시도의원,경기도 성남시제3선거구,경기도,성남시제3선거구,https://info.nec.go.kr/electioninfo/candidate_detail_info.xhtml?electionId=0020260603&huboId=100158213,2건,폭력,,1,폭력:폭력행위|상해
100156105,국중범,더불어민주당,시도의원,경기도 성남시제4선거구,경기도,성남시제4선거구,https://info.nec.go.kr/electioninfo/candidate_detail_info.xhtml?electionId=0020260603&huboId=100156105,1건,음주·위험운전; 도로교통,음주·위험운전,1,음주·위험운전:음주운전; 도로교통:도로교통법
100158160,정종혁,더불어민주당,시도의원,경기도 성남시제7선거구,경기도,성남시제7선거구,https://info.nec.go.kr/electioninfo/candidate_detail_info.xhtml?electionId=0020260603&huboId=100158160,1건,음주·위험운전; 도로교통,음주·위험운전,0,음주·위험운전:음주운전; 도로교통:도로교통법
100160672,안계일,국민의힘,시도의원,경기도 성남시제7선거구,경기도,성남시제7선거구,https://info.nec.go.kr/electioninfo/candidate_detail_info.xhtml?electionId=0020260603&huboId=100160672,2건,음주·위험운전; 무면허운전; 도로교통,음주·위험운전; 무면허운전,1,음주·위험운전:음주운전; 무면허운전:무면허운전; 도로교통:도로교통법
100158833,정용한,국민의힘,시도의원,경기도 성남시제8선거구,경기도,성남시제8선거구,https://info.nec.go.kr/electioninfo/candidate_detail_info.xhtml?electionId=0020260603&huboId=100158833,2건,폭력,,1,폭력:상해
100162402,이선구,더불어민주당,시도의원,경기도 부천시제1선거구,경기도,부천시제1선거구,https://info.nec.go.kr/electioninfo/candidate_detail_info.xhtml?electionId=0020260603&huboId=100162402,1건,,,0,
100160217,최성운,더불어민주당,시도의원,경기도 부천시제5선거구,경기도,부천시제5선거구,https://info.nec.go.kr/electioninfo/candidate_detail_info.xhtml?electionId=0020260603&huboId=100160217,1건,,,0,
100161044,유경현,더불어민주당,시도의원,경기도 부천시제7선거구,경기도,부천시제7선거구,https://info.nec.go.kr/electioninfo/candidate_detail_info.xhtml?electionId=0020260603&huboId=100161044,1건,음주·위험운전; 도로교통,음주·위험운전,1,음주·위험운전:음주운전; 도로교통:도로교통법
100163204,황계호,국민의힘,시도의원,경기도 부천시제8선거구,경기도,부천시제8선거구,https://info.nec.go.kr/electioninfo/candidate_detail_info.xhtml?electionId=0020260603&huboId=100163204,3건,,,0,
100157863,이대한,더불어민주당,시도의원,경기도 남양주시제4선거구,경기도,남양주시제4선거구,https://info.nec.go.kr/electioninfo/candidate_detail_info.xhtml?electionId=0020260603&huboId=100157863,1건,도로교통,,1,도로교통:도로교통법
100161296,이재형,국민의힘,시도의원,경기도 남양주시제4선거구,경기도,남양주시제4선거구,https://info.nec.go.kr/electioninfo/candidate_detail_info.xhtml?electionId=0020260603&huboId=100161296,2건,보험·금융,,0,보험·금융:자동차손해배상보장법
100156254,류상근,국민의힘,시도의원,경기도 남양주시제5선거구,경기도,남양주시제5선거구,https://info.nec.go.kr/electioninfo/candidate_detail_info.xhtml?electionId=0020260603&huboId=100156254,1건,폭력,,1,폭력:폭력행위|폭행|상해
100161162,유호준,더불어민주당,시도의원,경기도 남양주시제6선거구,경기도,남양주시제6선거구,https://info.nec.go.kr/electioninfo/candidate_detail_info.xhtml?electionId=0020260603&huboId=100161162,1건,폭력; 도로교통; 집시법,,1,폭력:상해; 도로교통:일반교통방해; 집시법:집회및시위|집회 및 시위
100163660,나성주,국민의힘,시도의원,경기도 남양주시제6선거구,경기도,남양주시제6선거구,https://info.nec.go.kr/electioninfo/candidate_detail_info.xhtml?electionId=0020260603&huboId=100163660,1건,,,0,
100156614,장송회,더불어민주당,시도의원,경기도 남양주시제7선거구,경기도,남양주시제7선거구,https://info.nec.go.kr/electioninfo/candidate_detail_info.xhtml?electionId=0020260603&huboId=100156614,1건,폭력; 공무집행방해; 국가보안법; 집시법,,1,폭력:폭력행위|상해; 공무집행방해:공무집행방해; 국가보안법:국가보안법; 집시법:집회및시위|집회 및 시위
100163165,정현미,더불어민주당,시도의원,경기도 남양주시제8선거구,경기도,남양주시제8선거구,https://info.nec.go.kr/electioninfo/candidate_detail_info.xhtml?electionId=0020260603&huboId=100163165,1건,음주·위험운전; 도로교통,음주·위험운전,1,음주·위험운전:음주운전; 도로교통:도로교통법
100158055,김동규,더불어민주당,시도의원,경기도 안산시제1선거구,경기도,안산시제1선거구,https://info.nec.go.kr/electioninfo/candidate_detail_info.xhtml?electionId=0020260603&huboId=100158055,1건,폭력,,1,폭력:폭력행위
100165416,이옥례,국민의힘,시도의원,경기도 안산시제1선거구,경기도,안산시제1선거구,https://info.nec.go.kr/electioninfo/candidate_detail_info.xhtml?electionId=0020260603&huboId=100165416,1건,특가법; 도로교통,특가법,0,특가법:특정범죄가중처벌; 도로교통:도로교통법
100164101,구미숙,국민의힘,시도의원,경기도 안산시제3선거구,경기도,안산시제3선거구,https://info.nec.go.kr/electioninfo/candidate_detail_info.xhtml?electionId=0020260603&huboId=100164101,1건,보험·금융,,1,보험·금융:대부업
100163522,유재수,더불어민주당,시도의원,경기도 안산시제4선거구,경기도,안산시제4선거구,https://info.nec.go.kr/electioninfo/candidate_detail_info.xhtml?electionId=0020260603&huboId=100163522,3건,음주·위험운전; 도로교통; 환경,음주·위험운전,1,음주·위험운전:음주운전; 도로교통:도로교통법; 환경:대기환경보전법
100165640,김양우,국민의힘,시도의원,경기도 안산시제4선거구,경기도,안산시제4선거구,https://info.nec.go.kr/electioninfo/candidate_detail_info.xhtml?electionId=0020260603&huboId=100165640,4건,특가법; 음주·위험운전; 무면허운전; 도로교통,특가법; 음주·위험운전; 무면허운전,1,특가법:특정범죄가중처벌; 음주·위험운전:음주운전|위험운전치사상; 무면허운전:무면허운전; 도로교통:도로교통법
100163274,정택환,국민의힘,시도의원,경기도 안산시제6선거구,경기도,안산시제6선거구,https://info.nec.go.kr/electioninfo/candidate_detail_info.xhtml?electionId=0020260603&huboId=100163274,5건,사기; 특가법; 식품·보건,사기; 특가법,1,사기:사기; 특가법:특정범죄가중처벌; 식품·보건:식품위생법
100158115,방우성,진보당,시도의원,경기도 안산시제7선거구,경기도,안산시제7선거구,https://info.nec.go.kr/electioninfo/candidate_detail_info.xhtml?electionId=0020260603&huboId=100158115,2건,폭력; 공무집행방해; 집시법; 지방공무원법,,1,폭력:폭력행위; 공무집행방해:공무집행방해; 집시법:집회및시위|집회 및 시위; 지방공무원법:지방공무원법
100161212,양경석,더불어민주당,시도의원,경기도 평택시제1선거구,경기도,평택시제1선거구,https://info.nec.go.kr/electioninfo/candidate_detail_info.xhtml?electionId=0020260603&huboId=100161212,2건,음주·위험운전; 도로교통,음주·위험운전,0,음주·위험운전:음주운전; 도로교통:도로교통법
100155807,안계명,더불어민주당,시도의원,경기도 평택시제5선거구,경기도,평택시제5선거구,https://info.nec.go.kr/electioninfo/candidate_detail_info.xhtml?electionId=0020260603&huboId=100155807,1건,공직선거법,공직선거법,0,공직선거법:공직선거법
100158381,한승훈,더불어민주당,시도의원,경기도 평택시제6선거구,경기도,평택시제6선거구,https://info.nec.go.kr/electioninfo/candidate_detail_info.xhtml?electionId=0020260603&huboId=100158381,2건,교통사고; 도로교통; 식품·보건,,1,교통사고:교통사고처리특례법|교통사고처리특례; 도로교통:도로교통법; 식품·보건:식품위생법
100161600,김성수,더불어민주당,시도의원,경기도 안양시제1선거구,경기도,안양시제1선거구,https://info.nec.go.kr/electioninfo/candidate_detail_info.xhtml?electionId=0020260603&huboId=100161600,1건,자동차관리,,1,자동차관리:자동차관리법
100161661,정완기,국민의힘,시도의원,경기도 안양시제1선거구,경기도,안양시제1선거구,https://info.nec.go.kr/electioninfo/candidate_detail_info.xhtml?electionId=0020260603&huboId=100161661,2건,사기; 음주·위험운전; 도로교통,사기; 음주·위험운전,1,사기:사기; 음주·위험운전:음주운전; 도로교통:도로교통법
100154977,정영근,국민의힘,시도의원,경기도 안양시제2선거구,경기도,안양시제2선거구,https://info.nec.go.kr/electioninfo/candidate_detail_info.xhtml?electionId=0020260603&huboId=100154977,1건,음주·위험운전,음주·위험운전,1,음주·위험운전:위험운전치사상
100163185,박준모,더불어민주당,시도의원,경기도 안양시제4선거구,경기도,안양시제4선거구,https://info.nec.go.kr/electioninfo/candidate_detail_info.xhtml?electionId=0020260603&huboId=100163185,2건,무면허운전; 공무집행방해; 도로교통,무면허운전,1,무면허운전:무면허운전; 공무집행방해:공무집행방해; 도로교통:도로교통법
100161479,유영일,국민의힘,시도의원,경기도 안양시제5선거구,경기도,안양시제5선거구,https://info.nec.go.kr/electioninfo/candidate_detail_info.xhtml?electionId=0020260603&huboId=100161479,1건,폭력,,1,폭력:폭력행위
100162045,이채명,더불어민주당,시도의원,경기도 안양시제6선거구,경기도,안양시제6선거구,https://info.nec.go.kr/electioninfo/candidate_detail_info.xhtml?electionId=0020260603&huboId=100162045,1건,공무집행방해,,1,공무집행방해:공무집행방해
100161096,오인용,국민의힘,시도의원,경기도 안양시제6선거구,경기도,안양시제6선거구,https://info.nec.go.kr/electioninfo/candidate_detail_info.xhtml?electionId=0020260603&huboId=100161096,1건,사기,사기,1,사기:사기
100160675,김영훈,더불어민주당,시도의원,경기도 시흥시제3선거구,경기도,시흥시제3선거구,https://info.nec.go.kr/electioninfo/candidate_detail_info.xhtml?electionId=0020260603&huboId=100160675,1건,공직선거법; 명예훼손,공직선거법,1,공직선거법:공직선거법; 명예훼손:명예훼손
100157965,김종배,더불어민주당,시도의원,경기도 시흥시제4선거구,경기도,시흥시제4선거구,https://info.nec.go.kr/electioninfo/candidate_detail_info.xhtml?electionId=0020260603&huboId=100157965,1건,음주·위험운전; 도로교통,음주·위험운전,0,음주·위험운전:음주운전; 도로교통:도로교통법
100163706,최성열,국민의힘,시도의원,경기도 시흥시제4선거구,경기도,시흥시제4선거구,https://info.nec.go.kr/electioninfo/candidate_detail_info.xhtml?electionId=0020260603&huboId=100163706,1건,도로교통,,1,도로교통:도로교통법
100157123,김광선,국민의힘,시도의원,경기도 파주시제2선거구,경기도,파주시제2선거구,https://info.nec.go.kr/electioninfo/candidate_detail_info.xhtml?electionId=0020260603&huboId=100157123,1건,음주·위험운전; 도로교통,음주·위험운전,1,음주·위험운전:음주운전; 도로교통:도로교통법
100158168,김순현,더불어민주당,시도의원,경기도 파주시제4선거구,경기도,파주시제4선거구,https://info.nec.go.kr/electioninfo/candidate_detail_info.xhtml?electionId=0020260603&huboId=100158168,1건,,,0,
100158339,이한국,국민의힘,시도의원,경기도 파주시제4선거구,경기도,파주시제4선거구,https://info.nec.go.kr/electioninfo/candidate_detail_info.xhtml?electionId=0020260603&huboId=100158339,2건,음주·위험운전; 도로교통,음주·위험운전,1,음주·위험운전:음주운전; 도로교통:도로교통법
100160436,이종춘,더불어민주당,시도의원,경기도 파주시제5선거구,경기도,파주시제5선거구,https://info.nec.go.kr/electioninfo/candidate_detail_info.xhtml?electionId=0020260603&huboId=100160436,2건,음주·위험운전; 도로교통,음주·위험운전,1,음주·위험운전:음주운전; 도로교통:도로교통법
100155553,채신덕,더불어민주당,시도의원,경기도 김포시제2선거구,경기도,김포시제2선거구,https://info.nec.go.kr/electioninfo/candidate_detail_info.xhtml?electionId=0020260603&huboId=100155553,1건,,,0,
100158751,김시용,국민의힘,시도의원,경기도 김포시제3선거구,경기도,김포시제3선거구,https://info.nec.go.kr/electioninfo/candidate_detail_info.xhtml?electionId=0020260603&huboId=100158751,1건,보험·금융,,1,보험·금융:부정수표단속법
100155951,조병진,더불어민주당,시도의원,경기도 의정부시제4선거구,경기도,의정부시제4선거구,https://info.nec.go.kr/electioninfo/candidate_detail_info.xhtml?electionId=0020260603&huboId=100155951,1건,음주·위험운전; 도로교통,음주·위험운전,1,음주·위험운전:음주운전; 도로교통:도로교통법
100163557,박웅비,국민의힘,시도의원,경기도 의정부시제4선거구,경기도,의정부시제4선거구,https://info.nec.go.kr/electioninfo/candidate_detail_info.xhtml?electionId=0020260603&huboId=100163557,2건,음주·위험운전; 도로교통,음주·위험운전,1,음주·위험운전:음주운전; 도로교통:도로교통법
100162083,김동균,국민의힘,시도의원,경기도 광주시제1선거구,경기도,광주시제1선거구,https://info.nec.go.kr/electioninfo/candidate_detail_info.xhtml?electionId=0020260603&huboId=100162083,1건,음주·위험운전; 도로교통,음주·위험운전,1,음주·위험운전:음주운전; 도로교통:도로교통법
100160560,이주훈,국민의힘,시도의원,경기도 광주시제4선거구,경기도,광주시제4선거구,https://info.nec.go.kr/electioninfo/candidate_detail_info.xhtml?electionId=0020260603&huboId=100160560,1건,도로교통,,1,도로교통:도로교통법
100156085,김광석,무소속,시도의원,경기도 하남시제1선거구,경기도,하남시제1선거구,https://info.nec.go.kr/electioninfo/candidate_detail_info.xhtml?electionId=0020260603&huboId=100156085,1건,,,0,
100162553,김성수,국민의힘,시도의원,경기도 하남시제2선거구,경기도,하남시제2선거구,https://info.nec.go.kr/electioninfo/candidate_detail_info.xhtml?electionId=0020260603&huboId=100162553,2건,공직선거법; 업무방해; 도로교통,공직선거법,3,공직선거법:공직선거법; 업무방해:업무방해; 도로교통:일반교통방해
100163673,윤태길,국민의힘,시도의원,경기도 하남시제4선거구,경기도,하남시제4선거구,https://info.nec.go.kr/electioninfo/candidate_detail_info.xhtml?electionId=0020260603&huboId=100163673,3건,음주·위험운전; 도로교통; 건축·건설·부동산,음주·위험운전,1,음주·위험운전:음주운전; 도로교통:도로교통법; 건축·건설·부동산:건축법
100156242,심상록,더불어민주당,시도의원,경기도 광명시제1선거구,경기도,광명시제1선거구,https://info.nec.go.kr/electioninfo/candidate_detail_info.xhtml?electionId=0020260603&huboId=100156242,2건,폭력,,1,폭력:상해
100161338,백종진,국민의힘,시도의원,경기도 광명시제1선거구,경기도,광명시제1선거구,https://info.nec.go.kr/electioninfo/candidate_detail_info.xhtml?electionId=0020260603&huboId=100161338,1건,음주·위험운전; 도로교통,음주·위험운전,1,음주·위험운전:음주운전; 도로교통:도로교통법
100161131,이근우,국민의힘,시도의원,경기도 광명시제2선거구,경기도,광명시제2선거구,https://info.nec.go.kr/electioninfo/candidate_detail_info.xhtml?electionId=0020260603&huboId=100161131,4건,사기; 뇌물; 도로교통,사기; 뇌물,1,사기:사기; 뇌물:뇌물; 도로교통:도로교통법
100154585,유종상,더불어민주당,시도의원,경기도 광명시제3선거구,경기도,광명시제3선거구,https://info.nec.go.kr/electioninfo/candidate_detail_info.xhtml?electionId=0020260603&huboId=100154585,2건,음주·위험운전; 도로교통,음주·위험운전,0,음주·위험운전:음주운전; 도로교통:도로교통법
100162563,이지석,국민의힘,시도의원,경기도 광명시제3선거구,경기도,광명시제3선거구,https://info.nec.go.kr/electioninfo/candidate_detail_info.xhtml?electionId=0020260603&huboId=100162563,1건,폭력,,1,폭력:폭력행위
100162993,성기황,더불어민주당,시도의원,경기도 군포시제2선거구,경기도,군포시제2선거구,https://info.nec.go.kr/electioninfo/candidate_detail_info.xhtml?electionId=0020260603&huboId=100162993,2건,음주·위험운전; 무면허운전; 도로교통,음주·위험운전; 무면허운전,1,음주·위험운전:음주운전; 무면허운전:무면허운전; 도로교통:도로교통법
100163433,김귀근,더불어민주당,시도의원,경기도 군포시제4선거구,경기도,군포시제4선거구,https://info.nec.go.kr/electioninfo/candidate_detail_info.xhtml?electionId=0020260603&huboId=100163433,3건,음주·위험운전; 도로교통,음주·위험운전,1,음주·위험운전:음주운전; 도로교통:도로교통법
100157040,박현명,국민의힘,시도의원,경기도 오산시제1선거구,경기도,오산시제1선거구,https://info.nec.go.kr/electioninfo/candidate_detail_info.xhtml?electionId=0020260603&huboId=100157040,1건,건축·건설·부동산,,1,건축·건설·부동산:건축법
100155062,이상목,더불어민주당,시도의원,경기도 이천시제1선거구,경기도,이천시제1선거구,https://info.nec.go.kr/electioninfo/candidate_detail_info.xhtml?electionId=0020260603&huboId=100155062,1건,업무방해,,1,업무방해:업무방해
100161337,허원,국민의힘,시도의원,경기도 이천시제2선거구,경기도,이천시제2선거구,https://info.nec.go.kr/electioninfo/candidate_detail_info.xhtml?electionId=0020260603&huboId=100161337,1건,도로교통,,1,도로교통:도로교통법
100155704,이주현,더불어민주당,시도의원,경기도 안성시제1선거구,경기도,안성시제1선거구,https://info.nec.go.kr/electioninfo/candidate_detail_info.xhtml?electionId=0020260603&huboId=100155704,1건,집시법,,1,집시법:집회및시위|집회 및 시위
100154919,백승기,더불어민주당,시도의원,경기도 안성시제2선거구,경기도,안성시제2선거구,https://info.nec.go.kr/electioninfo/candidate_detail_info.xhtml?electionId=0020260603&huboId=100154919,1건,,,0,
100160926,백현종,국민의힘,시도의원,경기도 구리시제1선거구,경기도,구리시제1선거구,https://info.nec.go.kr/electioninfo/candidate_detail_info.xhtml?electionId=0020260603&huboId=100160926,1건,업무방해; 집시법,,1,업무방해:업무방해; 집시법:집회및시위|집회 및 시위
100156018,이원웅,더불어민주당,시도의원,경기도 포천시제2선거구,경기도,포천시제2선거구,https://info.nec.go.kr/electioninfo/candidate_detail_info.xhtml?electionId=0020260603&huboId=100156018,1건,자동차관리,,1,자동차관리:자동차관리법
100161229,김영기,국민의힘,시도의원,경기도 의왕시제1선거구,경기도,의왕시제1선거구,https://info.nec.go.kr/electioninfo/candidate_detail_info.xhtml?electionId=0020260603&huboId=100161229,1건,,,0,
100154865,정인봉,더불어민주당,시도의원,경기도 양평군제1선거구,경기도,양평군제1선거구,https://info.nec.go.kr/electioninfo/candidate_detail_info.xhtml?electionId=0020260603&huboId=100154865,1건,사법방해,,1,사법방해:증거은닉
100156755,김동현,더불어민주당,시도의원,경기도 여주시제1선거구,경기도,여주시제1선거구,https://info.nec.go.kr/electioninfo/candidate_detail_info.xhtml?electionId=0020260603&huboId=100156755,3건,음주·위험운전; 폭력; 도로교통,음주·위험운전,1,음주·위험운전:음주운전; 폭력:폭력행위; 도로교통:도로교통법
100162424,서광범,국민의힘,시도의원,경기도 여주시제1선거구,경기도,여주시제1선거구,https://info.nec.go.kr/electioninfo/candidate_detail_info.xhtml?electionId=0020260603&huboId=100162424,1건,음주·위험운전; 도로교통,음주·위험운전,1,음주·위험운전:음주운전; 도로교통:도로교통법
100160184,유필선,더불어민주당,시도의원,경기도 여주시제2선거구,경기도,여주시제2선거구,https://info.nec.go.kr/electioninfo/candidate_detail_info.xhtml?electionId=0020260603&huboId=100160184,2건,집시법,,1,집시법:집회및시위|집회 및 시위
100161387,심동용,더불어민주당,시도의원,경기도 동두천시제2선거구,경기도,동두천시제2선거구,https://info.nec.go.kr/electioninfo/candidate_detail_info.xhtml?electionId=0020260603&huboId=100161387,2건,음주·위험운전; 교통사고; 도로교통,음주·위험운전,0,음주·위험운전:음주운전; 교통사고:교통사고처리특례법|교통사고처리특례; 도로교통:도로교통법
100161340,임상오,국민의힘,시도의원,경기도 동두천시제2선거구,경기도,동두천시제2선거구,https://info.nec.go.kr/electioninfo/candidate_detail_info.xhtml?electionId=0020260603&huboId=100161340,1건,교통사고,,0,교통사고:교통사고처리특례법|교통사고처리특례
100161929,박재현,더불어민주당,시도의원,경기도 가평군선거구,경기도,가평군선거구,https://info.nec.go.kr/electioninfo/candidate_detail_info.xhtml?electionId=0020260603&huboId=100161929,1건,국가보안법; 집시법,,1,국가보안법:국가보안법; 집시법:집회및시위|집회 및 시위
100162278,강태만,무소속,시도의원,경기도 가평군선거구,경기도,가평군선거구,https://info.nec.go.kr/electioninfo/candidate_detail_info.xhtml?electionId=0020260603&huboId=100162278,3건,횡령; 교통사고,횡령,1,횡령:횡령; 교통사고:교통사고처리특례법|교통사고처리특례
100155864,김석규,더불어민주당,시도의원,경상남도 창원시제1선거구,경상남도,창원시제1선거구,https://info.nec.go.kr/electioninfo/candidate_detail_info.xhtml?electionId=0020260603&huboId=100155864,3건,음주·위험운전; 도로교통,음주·위험운전,1,음주·위험운전:음주운전; 도로교통:도로교통법
100160063,권성현,국민의힘,시도의원,경상남도 창원시제1선거구,경상남도,창원시제1선거구,https://info.nec.go.kr/electioninfo/candidate_detail_info.xhtml?electionId=0020260603&huboId=100160063,1건,음주·위험운전; 도로교통,음주·위험운전,1,음주·위험운전:음주운전; 도로교통:도로교통법
100163007,김장하,더불어민주당,시도의원,경상남도 창원시제2선거구,경상남도,창원시제2선거구,https://info.nec.go.kr/electioninfo/candidate_detail_info.xhtml?electionId=0020260603&huboId=100163007,3건,음주·위험운전; 폭력; 공무집행방해; 도로교통,음주·위험운전,1,음주·위험운전:음주운전; 폭력:폭력행위|상해; 공무집행방해:공무집행방해; 도로교통:도로교통법
100154318,승장권,더불어민주당,시도의원,경상남도 창원시제3선거구,경상남도,창원시제3선거구,https://info.nec.go.kr/electioninfo/candidate_detail_info.xhtml?electionId=0020260603&huboId=100154318,1건,교통사고,,1,교통사고:교통사고처리복례
100157800,박해영,국민의힘,시도의원,경상남도 창원시제3선거구,경상남도,창원시제3선거구,https://info.nec.go.kr/electioninfo/candidate_detail_info.xhtml?electionId=0020260603&huboId=100157800,1건,재물손괴; 모욕,,1,재물손괴:재물손괴; 모욕:모욕
100153899,김경영,더불어민주당,시도의원,경상남도 창원시제4선거구,경상남도,창원시제4선거구,https://info.nec.go.kr/electioninfo/candidate_detail_info.xhtml?electionId=0020260603&huboId=100153899,1건,허위공문서·문서위조·공용서류,허위공문서·문서위조·공용서류,1,허위공문서·문서위조·공용서류:사문서|위조
100157330,박준,국민의힘,시도의원,경상남도 창원시제4선거구,경상남도,창원시제4선거구,https://info.nec.go.kr/electioninfo/candidate_detail_info.xhtml?electionId=0020260603&huboId=100157330,1건,음주·위험운전; 도로교통,음주·위험운전,1,음주·위험운전:음주운전; 도로교통:도로교통법
100153941,이성배,더불어민주당,시도의원,경상남도 창원시제5선거구,경상남도,창원시제5선거구,https://info.nec.go.kr/electioninfo/candidate_detail_info.xhtml?electionId=0020260603&huboId=100153941,2건,음주·위험운전; 도로교통,음주·위험운전,1,음주·위험운전:음주운전; 도로교통:도로교통법
100157300,이찬호,국민의힘,시도의원,경상남도 창원시제5선거구,경상남도,창원시제5선거구,https://info.nec.go.kr/electioninfo/candidate_detail_info.xhtml?electionId=0020260603&huboId=100157300,6건,음주·위험운전; 무면허운전; 도로교통; 자동차관리,음주·위험운전; 무면허운전,2,음주·위험운전:음주운전; 무면허운전:무면허운전; 도로교통:도로교통법; 자동차관리:자동차관리법
100158253,이재두,국민의힘,시도의원,경상남도 창원시제6선거구,경상남도,창원시제6선거구,https://info.nec.go.kr/electioninfo/candidate_detail_info.xhtml?electionId=0020260603&huboId=100158253,3건,,,0,
100154006,문병선,더불어민주당,시도의원,경상남도 창원시제7선거구,경상남도,창원시제7선거구,https://info.nec.go.kr/electioninfo/candidate_detail_info.xhtml?electionId=0020260603&huboId=100154006,1건,도로교통,,1,도로교통:도로교통법
100161324,김이근,국민의힘,시도의원,경상남도 창원시제8선거구,경상남도,창원시제8선거구,https://info.nec.go.kr/electioninfo/candidate_detail_info.xhtml?electionId=0020260603&huboId=100161324,1건,공직선거법,공직선거법,1,공직선거법:공직선거법
100162129,강정중,더불어민주당,시도의원,경상남도 창원시제11선거구,경상남도,창원시제11선거구,https://info.nec.go.kr/electioninfo/candidate_detail_info.xhtml?electionId=0020260603&huboId=100162129,3건,폭력; 건축·건설·부동산,,1,폭력:폭력행위; 건축·건설·부동산:농지법|산지관리
100160692,진상락,국민의힘,시도의원,경상남도 창원시제11선거구,경상남도,창원시제11선거구,https://info.nec.go.kr/electioninfo/candidate_detail_info.xhtml?electionId=0020260603&huboId=100160692,1건,뇌물,뇌물,1,뇌물:뇌물
100155559,조광호,더불어민주당,시도의원,경상남도 창원시제15선거구,경상남도,창원시제15선거구,https://info.nec.go.kr/electioninfo/candidate_detail_info.xhtml?electionId=0020260603&huboId=100155559,1건,폭력,,1,폭력:상해
100161417,김순택,국민의힘,시도의원,경상남도 창원시제15선거구,경상남도,창원시제15선거구,https://info.nec.go.kr/electioninfo/candidate_detail_info.xhtml?electionId=0020260603&huboId=100161417,2건,음주·위험운전; 폭력; 도로교통,음주·위험운전,1,음주·위험운전:음주운전; 폭력:폭력행위; 도로교통:도로교통법
100159053,심영석,더불어민주당,시도의원,경상남도 창원시제16선거구,경상남도,창원시제16선거구,https://info.nec.go.kr/electioninfo/candidate_detail_info.xhtml?electionId=0020260603&huboId=100159053,1건,교통사고,,1,교통사고:교통사고처리특례법|교통사고처리특례
100161901,정재욱,국민의힘,시도의원,경상남도 진주시제1선거구,경상남도,진주시제1선거구,https://info.nec.go.kr/electioninfo/candidate_detail_info.xhtml?electionId=0020260603&huboId=100161901,2건,음주·위험운전; 도로교통,음주·위험운전,1,음주·위험운전:음주운전; 도로교통:도로교통법
100161649,양해영,국민의힘,시도의원,경상남도 진주시제2선거구,경상남도,진주시제2선거구,https://info.nec.go.kr/electioninfo/candidate_detail_info.xhtml?electionId=0020260603&huboId=100161649,1건,교통사고,,1,교통사고:교통사고처리특례법|교통사고처리특례
100161801,조현신,국민의힘,시도의원,경상남도 진주시제3선거구,경상남도,진주시제3선거구,https://info.nec.go.kr/electioninfo/candidate_detail_info.xhtml?electionId=0020260603&huboId=100161801,2건,환경; 건축·건설·부동산,,1,환경:폐기물관리법; 건축·건설·부동산:건설산업기본법
100163614,류재수,진보당,시도의원,경상남도 진주시제3선거구,경상남도,진주시제3선거구,https://info.nec.go.kr/electioninfo/candidate_detail_info.xhtml?electionId=0020260603&huboId=100163614,4건,음주·위험운전; 폭력; 주거침입; 도로교통,음주·위험운전,1,음주·위험운전:음주운전; 폭력:폭력행위; 주거침입:주거침입; 도로교통:도로교통법
100163545,김형석,무소속,시도의원,경상남도 진주시제3선거구,경상남도,진주시제3선거구,https://info.nec.go.kr/electioninfo/candidate_detail_info.xhtml?electionId=0020260603&huboId=100163545,1건,교통사고; 도로교통,,1,교통사고:교통사고처리특례법|교통사고처리특례; 도로교통:도로교통법
100162821,유계현,국민의힘,시도의원,경상남도 진주시제4선거구,경상남도,진주시제4선거구,https://info.nec.go.kr/electioninfo/candidate_detail_info.xhtml?electionId=0020260603&huboId=100162821,1건,건축·건설·부동산,,1,건축·건설·부동산:농지법
100160123,김규헌,국민의힘,시도의원,경상남도 사천시제1선거구,경상남도,사천시제1선거구,https://info.nec.go.kr/electioninfo/candidate_detail_info.xhtml?electionId=0020260603&huboId=100160123,2건,음주·위험운전; 폭력; 도로교통,음주·위험운전,1,음주·위험운전:음주운전; 폭력:상해; 도로교통:도로교통법
100154251,김동수,진보당,시도의원,경상남도 사천시제1선거구,경상남도,사천시제1선거구,https://info.nec.go.kr/electioninfo/candidate_detail_info.xhtml?electionId=0020260603&huboId=100154251,1건,음주·위험운전; 도로교통,음주·위험운전,1,음주·위험운전:음주운전; 도로교통:도로교통법
100162906,이상헌,진보당,시도의원,경상남도 사천시제2선거구,경상남도,사천시제2선거구,https://info.nec.go.kr/electioninfo/candidate_detail_info.xhtml?electionId=0020260603&huboId=100162906,2건,폭력; 도로교통; 집시법,,0,폭력:폭력행위; 도로교통:일반교통방해; 집시법:집회및시위|집회 및 시위
100154971,신영욱,더불어민주당,시도의원,경상남도 김해시제1선거구,경상남도,김해시제1선거구,https://info.nec.go.kr/electioninfo/candidate_detail_info.xhtml?electionId=0020260603&huboId=100154971,3건,교통사고; 건축·건설·부동산,,1,교통사고:교통사고처리특례법|교통사고처리특례; 건축·건설·부동산:건설산업기본법
100156374,엄정,국민의힘,시도의원,경상남도 김해시제1선거구,경상남도,김해시제1선거구,https://info.nec.go.kr/electioninfo/candidate_detail_info.xhtml?electionId=0020260603&huboId=100156374,1건,도로교통,,1,도로교통:도로교통법
100156182,이종호,더불어민주당,시도의원,경상남도 김해시제2선거구,경상남도,김해시제2선거구,https://info.nec.go.kr/electioninfo/candidate_detail_info.xhtml?electionId=0020260603&huboId=100156182,2건,음주·위험운전; 도로교통,음주·위험운전,1,음주·위험운전:음주운전; 도로교통:도로교통법
100154807,김진기,더불어민주당,시도의원,경상남도 김해시제3선거구,경상남도,김해시제3선거구,https://info.nec.go.kr/electioninfo/candidate_detail_info.xhtml?electionId=0020260603&huboId=100154807,5건,음주·위험운전; 도로교통; 환경,음주·위험운전,1,음주·위험운전:음주운전; 도로교통:도로교통법; 환경:폐기물관리법
100159283,류명열,국민의힘,시도의원,경상남도 김해시제4선거구,경상남도,김해시제4선거구,https://info.nec.go.kr/electioninfo/candidate_detail_info.xhtml?electionId=0020260603&huboId=100159283,2건,환경,,2,환경:폐기물관리법
100157816,주봉한,국민의힘,시도의원,경상남도 김해시제5선거구,경상남도,김해시제5선거구,https://info.nec.go.kr/electioninfo/candidate_detail_info.xhtml?electionId=0020260603&huboId=100157816,2건,건축·건설·부동산,,1,건축·건설·부동산:농지법|산지관리
100156772,김경수,더불어민주당,시도의원,경상남도 김해시제6선거구,경상남도,김해시제6선거구,https://info.nec.go.kr/electioninfo/candidate_detail_info.xhtml?electionId=0020260603&huboId=100156772,2건,음주·위험운전; 무면허운전; 도로교통,음주·위험운전; 무면허운전,0,음주·위험운전:음주운전; 무면허운전:무면허운전; 도로교통:도로교통법
100161522,박병영,국민의힘,시도의원,경상남도 김해시제6선거구,경상남도,김해시제6선거구,https://info.nec.go.kr/electioninfo/candidate_detail_info.xhtml?electionId=0020260603&huboId=100161522,2건,,,0,
100157570,박준호,더불어민주당,시도의원,경상남도 김해시제7선거구,경상남도,김해시제7선거구,https://info.nec.go.kr/electioninfo/candidate_detail_info.xhtml?electionId=0020260603&huboId=100157570,2건,음주·위험운전; 폭력; 도로교통,음주·위험운전,1,음주·위험운전:음주운전; 폭력:폭력행위; 도로교통:도로교통법
100158272,이시영,국민의힘,시도의원,경상남도 김해시제7선거구,경상남도,김해시제7선거구,https://info.nec.go.kr/electioninfo/candidate_detail_info.xhtml?electionId=0020260603&huboId=100158272,1건,허위공문서·문서위조·공용서류; 공무집행방해,허위공문서·문서위조·공용서류,1,허위공문서·문서위조·공용서류:사문서|위조; 공무집행방해:공무집행방해
100163223,진영호,국민의힘,시도의원,경상남도 김해시제8선거구,경상남도,김해시제8선거구,https://info.nec.go.kr/electioninfo/candidate_detail_info.xhtml?electionId=0020260603&huboId=100163223,1건,배임,배임,1,배임:배임
100162858,정무권,더불어민주당,시도의원,경상남도 밀양시제1선거구,경상남도,밀양시제1선거구,https://info.nec.go.kr/electioninfo/candidate_detail_info.xhtml?electionId=0020260603&huboId=100162858,2건,음주·위험운전; 폭력; 도로교통,음주·위험운전,1,음주·위험운전:음주운전; 폭력:상해; 도로교통:도로교통법
100160394,장병국,국민의힘,시도의원,경상남도 밀양시제1선거구,경상남도,밀양시제1선거구,https://info.nec.go.kr/electioninfo/candidate_detail_info.xhtml?electionId=0020260603&huboId=100160394,1건,교통사고,,1,교통사고:교통사고처리특례법|교통사고처리특례
100155298,민경우,국민의힘,시도의원,경상남도 밀양시제2선거구,경상남도,밀양시제2선거구,https://info.nec.go.kr/electioninfo/candidate_detail_info.xhtml?electionId=0020260603&huboId=100155298,7건,사기; 배임; 공직선거법; 폭력; 노동,사기; 배임; 공직선거법,1,사기:사기; 배임:배임; 공직선거법:공직선거법; 폭력:폭력행위; 노동:근로기준법
100154630,박봉휘,더불어민주당,시도의원,경상남도 거제시제2선거구,경상남도,거제시제2선거구,https://info.nec.go.kr/electioninfo/candidate_detail_info.xhtml?electionId=0020260603&huboId=100154630,2건,음주·위험운전; 폭력; 공무집행방해; 도로교통,음주·위험운전,1,음주·위험운전:음주운전; 폭력:폭력행위; 공무집행방해:공무집행방해; 도로교통:도로교통법
100158531,전기풍,국민의힘,시도의원,경상남도 거제시제2선거구,경상남도,거제시제2선거구,https://info.nec.go.kr/electioninfo/candidate_detail_info.xhtml?electionId=0020260603&huboId=100158531,1건,폭력,,1,폭력:폭행
100161188,이영수,국민의힘,시도의원,경상남도 양산시제2선거구,경상남도,양산시제2선거구,https://info.nec.go.kr/electioninfo/candidate_detail_info.xhtml?electionId=0020260603&huboId=100161188,1건,공직선거법,공직선거법,1,공직선거법:공직선거법
100160040,강명구,더불어민주당,시도의원,경상남도 양산시제3선거구,경상남도,양산시제3선거구,https://info.nec.go.kr/electioninfo/candidate_detail_info.xhtml?electionId=0020260603&huboId=100160040,1건,교육·청소년,,1,교육·청소년:학원의설립|과외교습
100161604,허용복,국민의힘,시도의원,경상남도 양산시제6선거구,경상남도,양산시제6선거구,https://info.nec.go.kr/electioninfo/candidate_detail_info.xhtml?electionId=0020260603&huboId=100161604,2건,도로교통,,1,도로교통:도로교통법
100154675,이경재,국민의힘,시도의원,경상남도 창녕군제1선거구,경상남도,창녕군제1선거구,https://info.nec.go.kr/electioninfo/candidate_detail_info.xhtml?electionId=0020260603&huboId=100154675,2건,음주·위험운전; 도로교통; 건축·건설·부동산,음주·위험운전,1,음주·위험운전:음주운전; 도로교통:도로교통법; 건축·건설·부동산:농지법
100157974,한현기,진보당,시도의원,경상남도 창녕군제1선거구,경상남도,창녕군제1선거구,https://info.nec.go.kr/electioninfo/candidate_detail_info.xhtml?electionId=0020260603&huboId=100157974,2건,폭력; 국가보안법; 집시법,,1,폭력:폭력행위; 국가보안법:국가보안법; 집시법:집회및시위|집회 및 시위
100158399,이상주,국민의힘,시도의원,경상남도 창녕군제2선거구,경상남도,창녕군제2선거구,https://info.nec.go.kr/electioninfo/candidate_detail_info.xhtml?electionId=0020260603&huboId=100158399,2건,뇌물; 특가법; 음주·위험운전; 도로교통,뇌물; 특가법; 음주·위험운전,1,뇌물:알선수재; 특가법:특정범죄가중처벌; 음주·위험운전:음주운전; 도로교통:도로교통법
100157049,김연숙,진보당,시도의원,경상남도 창녕군제2선거구,경상남도,창녕군제2선거구,https://info.nec.go.kr/electioninfo/candidate_detail_info.xhtml?electionId=0020260603&huboId=100157049,1건,허위공문서·문서위조·공용서류,허위공문서·문서위조·공용서류,1,허위공문서·문서위조·공용서류:사문서|위조
100159331,김봉남,국민의힘,시도의원,경상남도 의령군선거구,경상남도,의령군선거구,https://info.nec.go.kr/electioninfo/candidate_detail_info.xhtml?electionId=0020260603&huboId=100159331,1건,,,0,
100160059,김주석,더불어민주당,시도의원,경상남도 함안군제1선거구,경상남도,함안군제1선거구,https://info.nec.go.kr/electioninfo/candidate_detail_info.xhtml?electionId=0020260603&huboId=100160059,3건,폭력; 공무집행방해; 업무방해; 도로교통; 집시법,,1,폭력:폭력행위; 공무집행방해:공무집행방해; 업무방해:업무방해; 도로교통:일반교통방해; 집시법:집회및시위|집회 및 시위
100160555,윤상철,더불어민주당,시도의원,경상남도 함안군제2선거구,경상남도,함안군제2선거구,https://info.nec.go.kr/electioninfo/candidate_detail_info.xhtml?electionId=0020260603&huboId=100160555,2건,공직선거법,공직선거법,1,공직선거법:공직선거법
100162023,정현옥,더불어민주당,시도의원,경상남도 남해군선거구,경상남도,남해군선거구,https://info.nec.go.kr/electioninfo/candidate_detail_info.xhtml?electionId=0020260603&huboId=100162023,1건,,,0,
100155590,김창우,국민의힘,시도의원,경상남도 남해군선거구,경상남도,남해군선거구,https://info.nec.go.kr/electioninfo/candidate_detail_info.xhtml?electionId=0020260603&huboId=100155590,2건,폭력,,0,폭력:상해
100159956,정영섭,더불어민주당,시도의원,경상남도 하동군선거구,경상남도,하동군선거구,https://info.nec.go.kr/electioninfo/candidate_detail_info.xhtml?electionId=0020260603&huboId=100159956,1건,음주·위험운전; 도로교통,음주·위험운전,1,음주·위험운전:음주운전; 도로교통:도로교통법
100163047,신종철,국민의힘,시도의원,경상남도 산청군선거구,경상남도,산청군선거구,https://info.nec.go.kr/electioninfo/candidate_detail_info.xhtml?electionId=0020260603&huboId=100163047,1건,보험·금융,,1,보험·금융:부정수표단속법
100160548,김태경,더불어민주당,시도의원,경상남도 거창군제1선거구,경상남도,거창군제1선거구,https://info.nec.go.kr/electioninfo/candidate_detail_info.xhtml?electionId=0020260603&huboId=100160548,1건,공무집행방해,,1,공무집행방해:공무집행방해
100162071,박주언,국민의힘,시도의원,경상남도 거창군제1선거구,경상남도,거창군제1선거구,https://info.nec.go.kr/electioninfo/candidate_detail_info.xhtml?electionId=0020260603&huboId=100162071,1건,,,1,
100163438,김위성,더불어민주당,시도의원,경상남도 거창군제2선거구,경상남도,거창군제2선거구,https://info.nec.go.kr/electioninfo/candidate_detail_info.xhtml?electionId=0020260603&huboId=100163438,5건,,,0,
100163195,이만우,무소속,시도의원,경상남도 합천군선거구,경상남도,합천군선거구,https://info.nec.go.kr/electioninfo/candidate_detail_info.xhtml?electionId=0020260603&huboId=100163195,1건,음주·위험운전; 도로교통,음주·위험운전,1,음주·위험운전:음주운전; 도로교통:도로교통법
100163394,김상백,국민의힘,시도의원,경상북도 포항시제1선거구,경상북도,포항시제1선거구,https://info.nec.go.kr/electioninfo/candidate_detail_info.xhtml?electionId=0020260603&huboId=100163394,1건,음주·위험운전; 도로교통,음주·위험운전,1,음주·위험운전:음주운전; 도로교통:도로교통법
100163420,한창화,무소속,시도의원,경상북도 포항시제1선거구,경상북도,포항시제1선거구,https://info.nec.go.kr/electioninfo/candidate_detail_info.xhtml?electionId=0020260603&huboId=100163420,2건,음주·위험운전; 교통사고; 도로교통,음주·위험운전,1,음주·위험운전:음주운전; 교통사고:교통사고처리특례법|교통사고처리특례; 도로교통:도로교통법
100163656,김상일,국민의힘,시도의원,경상북도 포항시제3선거구,경상북도,포항시제3선거구,https://info.nec.go.kr/electioninfo/candidate_detail_info.xhtml?electionId=0020260603&huboId=100163656,1건,음주·위험운전; 도로교통,음주·위험운전,1,음주·위험운전:음주운전; 도로교통:도로교통법
100163587,정승곤,무소속,시도의원,경상북도 포항시제3선거구,경상북도,포항시제3선거구,https://info.nec.go.kr/electioninfo/candidate_detail_info.xhtml?electionId=0020260603&huboId=100163587,1건,건축·건설·부동산,,1,건축·건설·부동산:국토의계획
100163417,김희수,국민의힘,시도의원,경상북도 포항시제5선거구,경상북도,포항시제5선거구,https://info.nec.go.kr/electioninfo/candidate_detail_info.xhtml?electionId=0020260603&huboId=100163417,2건,음주·위험운전; 도로교통,음주·위험운전,1,음주·위험운전:음주운전; 도로교통:도로교통법
100162708,서재원,국민의힘,시도의원,경상북도 포항시제6선거구,경상북도,포항시제6선거구,https://info.nec.go.kr/electioninfo/candidate_detail_info.xhtml?electionId=0020260603&huboId=100162708,4건,횡령; 배임; 음주·위험운전; 교통사고; 업무방해; 도로교통; 건축·건설·부동산,횡령; 배임; 음주·위험운전,1,횡령:횡령; 배임:배임; 음주·위험운전:음주운전; 교통사고:교통사고처리특례법|교통사고처리특례; 업무방해:업무방해; 도로교통:도로교통법; 건축·건설·부동산:건설산업기본법
100161909,이동업,국민의힘,시도의원,경상북도 포항시제7선거구,경상북도,포항시제7선거구,https://info.nec.go.kr/electioninfo/candidate_detail_info.xhtml?electionId=0020260603&huboId=100161909,1건,,,0,
100157790,주해남,무소속,시도의원,경상북도 포항시제7선거구,경상북도,포항시제7선거구,https://info.nec.go.kr/electioninfo/candidate_detail_info.xhtml?electionId=0020260603&huboId=100157790,2건,,,0,
100161896,박성필,더불어민주당,시도의원,경상북도 포항시제8선거구,경상북도,포항시제8선거구,https://info.nec.go.kr/electioninfo/candidate_detail_info.xhtml?electionId=0020260603&huboId=100161896,1건,음주·위험운전; 도로교통,음주·위험운전,1,음주·위험운전:음주운전; 도로교통:도로교통법
100158353,박정호,국민의힘,시도의원,경상북도 포항시제8선거구,경상북도,포항시제8선거구,https://info.nec.go.kr/electioninfo/candidate_detail_info.xhtml?electionId=0020260603&huboId=100158353,3건,음주·위험운전; 도로교통; 노동,음주·위험운전,1,음주·위험운전:음주운전; 도로교통:도로교통법; 노동:근로기준법
100153874,김상헌,더불어민주당,시도의원,경상북도 포항시제9선거구,경상북도,포항시제9선거구,https://info.nec.go.kr/electioninfo/candidate_detail_info.xhtml?electionId=0020260603&huboId=100153874,2건,음주·위험운전; 폭력; 도로교통,음주·위험운전,1,음주·위험운전:음주운전; 폭력:상해; 도로교통:도로교통법
100159072,최덕규,국민의힘,시도의원,경상북도 경주시제2선거구,경상북도,경주시제2선거구,https://info.nec.go.kr/electioninfo/candidate_detail_info.xhtml?electionId=0020260603&huboId=100159072,1건,음주·위험운전; 도로교통,음주·위험운전,1,음주·위험운전:음주운전; 도로교통:도로교통법
100161382,최병준,국민의힘,시도의원,경상북도 경주시제3선거구,경상북도,경주시제3선거구,https://info.nec.go.kr/electioninfo/candidate_detail_info.xhtml?electionId=0020260603&huboId=100161382,2건,도로교통,,1,도로교통:도로교통법
100162802,이동협,국민의힘,시도의원,경상북도 경주시제4선거구,경상북도,경주시제4선거구,https://info.nec.go.kr/electioninfo/candidate_detail_info.xhtml?electionId=0020260603&huboId=100162802,3건,음주·위험운전; 무면허운전; 도로교통; 건축·건설·부동산,음주·위험운전; 무면허운전,1,음주·위험운전:음주운전; 무면허운전:무면허운전; 도로교통:도로교통법; 건축·건설·부동산:부동산
100158823,박승직,국민의힘,시도의원,경상북도 경주시제5선거구,경상북도,경주시제5선거구,https://info.nec.go.kr/electioninfo/candidate_detail_info.xhtml?electionId=0020260603&huboId=100158823,1건,폭력,,1,폭력:폭력행위
100162812,최병근,국민의힘,시도의원,경상북도 김천시제1선거구,경상북도,김천시제1선거구,https://info.nec.go.kr/electioninfo/candidate_detail_info.xhtml?electionId=0020260603&huboId=100162812,2건,특가법; 음주·위험운전; 도로교통,특가법; 음주·위험운전,1,특가법:특정범죄가중처벌; 음주·위험운전:음주운전|위험운전치사상; 도로교통:도로교통법
100161391,이우청,국민의힘,시도의원,경상북도 김천시제2선거구,경상북도,김천시제2선거구,https://info.nec.go.kr/electioninfo/candidate_detail_info.xhtml?electionId=0020260603&huboId=100161391,3건,뇌물; 폭력,뇌물,1,뇌물:뇌물; 폭력:폭력행위
100162015,박성현,더불어민주당,시도의원,경상북도 김천시제3선거구,경상북도,김천시제3선거구,https://info.nec.go.kr/electioninfo/candidate_detail_info.xhtml?electionId=0020260603&huboId=100162015,2건,,,0,
100163912,김대진,국민의힘,시도의원,경상북도 안동시제1선거구,경상북도,안동시제1선거구,https://info.nec.go.kr/electioninfo/candidate_detail_info.xhtml?electionId=0020260603&huboId=100163912,2건,음주·위험운전; 도로교통,음주·위험운전,1,음주·위험운전:음주운전; 도로교통:도로교통법
100163647,최미연,더불어민주당,시도의원,경상북도 안동시제2선거구,경상북도,안동시제2선거구,https://info.nec.go.kr/electioninfo/candidate_detail_info.xhtml?electionId=0020260603&huboId=100163647,1건,,,0,
100163691,권백신,국민의힘,시도의원,경상북도 안동시제2선거구,경상북도,안동시제2선거구,https://info.nec.go.kr/electioninfo/candidate_detail_info.xhtml?electionId=0020260603&huboId=100163691,1건,음주·위험운전; 도로교통,음주·위험운전,1,음주·위험운전:음주운전; 도로교통:도로교통법
100163493,손진걸,더불어민주당,시도의원,경상북도 안동시제3선거구,경상북도,안동시제3선거구,https://info.nec.go.kr/electioninfo/candidate_detail_info.xhtml?electionId=0020260603&huboId=100163493,2건,음주·위험운전; 교통사고; 도로교통,음주·위험운전,1,음주·위험운전:음주운전; 교통사고:교통사고처리특례법|교통사고처리특례; 도로교통:도로교통법
100163304,김대일,무소속,시도의원,경상북도 안동시제3선거구,경상북도,안동시제3선거구,https://info.nec.go.kr/electioninfo/candidate_detail_info.xhtml?electionId=0020260603&huboId=100163304,1건,식품·보건,,1,식품·보건:식품위생법
100162046,김용현,국민의힘,시도의원,경상북도 구미시제1선거구,경상북도,구미시제1선거구,https://info.nec.go.kr/electioninfo/candidate_detail_info.xhtml?electionId=0020260603&huboId=100162046,1건,,,0,
100165585,김경훈,무소속,시도의원,경상북도 구미시제1선거구,경상북도,구미시제1선거구,https://info.nec.go.kr/electioninfo/candidate_detail_info.xhtml?electionId=0020260603&huboId=100165585,1건,공직선거법,공직선거법,1,공직선거법:공직선거법
100163230,권성철,더불어민주당,시도의원,경상북도 구미시제2선거구,경상북도,구미시제2선거구,https://info.nec.go.kr/electioninfo/candidate_detail_info.xhtml?electionId=0020260603&huboId=100163230,2건,음주·위험운전; 도로교통,음주·위험운전,0,음주·위험운전:음주운전; 도로교통:도로교통법
100162281,정세현,국민의힘,시도의원,경상북도 구미시제2선거구,경상북도,구미시제2선거구,https://info.nec.go.kr/electioninfo/candidate_detail_info.xhtml?electionId=0020260603&huboId=100162281,2건,음주·위험운전; 도로교통,음주·위험운전,1,음주·위험운전:음주운전; 도로교통:도로교통법
100162247,황두영,무소속,시도의원,경상북도 구미시제2선거구,경상북도,구미시제2선거구,https://info.nec.go.kr/electioninfo/candidate_detail_info.xhtml?electionId=0020260603&huboId=100162247,1건,도로교통,,1,도로교통:도로교통법
100162123,허복,국민의힘,시도의원,경상북도 구미시제3선거구,경상북도,구미시제3선거구,https://info.nec.go.kr/electioninfo/candidate_detail_info.xhtml?electionId=0020260603&huboId=100162123,2건,도로교통; 환경,,0,도로교통:도로법; 환경:수질
100162304,김일수,국민의힘,시도의원,경상북도 구미시제4선거구,경상북도,구미시제4선거구,https://info.nec.go.kr/electioninfo/candidate_detail_info.xhtml?electionId=0020260603&huboId=100162304,1건,,,1,
100165178,이정태,더불어민주당,시도의원,경상북도 구미시제5선거구,경상북도,구미시제5선거구,https://info.nec.go.kr/electioninfo/candidate_detail_info.xhtml?electionId=0020260603&huboId=100165178,1건,교통사고,,1,교통사고:교통사고처리특례법|교통사고처리특례
100162230,김득환,더불어민주당,시도의원,경상북도 구미시제6선거구,경상북도,구미시제6선거구,https://info.nec.go.kr/electioninfo/candidate_detail_info.xhtml?electionId=0020260603&huboId=100162230,1건,,,0,
100162713,문창균,더불어민주당,시도의원,경상북도 구미시제7선거구,경상북도,구미시제7선거구,https://info.nec.go.kr/electioninfo/candidate_detail_info.xhtml?electionId=0020260603&huboId=100162713,1건,,,0,
100163894,최인식,더불어민주당,시도의원,경상북도 영주시제2선거구,경상북도,영주시제2선거구,https://info.nec.go.kr/electioninfo/candidate_detail_info.xhtml?electionId=0020260603&huboId=100163894,1건,,,0,
100163599,김덕환,무소속,시도의원,경상북도 영주시제2선거구,경상북도,영주시제2선거구,https://info.nec.go.kr/electioninfo/candidate_detail_info.xhtml?electionId=0020260603&huboId=100163599,1건,폭력; 공무집행방해,,0,폭력:폭력행위|상해; 공무집행방해:공무집행방해
100158151,윤승오,국민의힘,시도의원,경상북도 영천시제2선거구,경상북도,영천시제2선거구,https://info.nec.go.kr/electioninfo/candidate_detail_info.xhtml?electionId=0020260603&huboId=100158151,1건,음주·위험운전; 도로교통,음주·위험운전,1,음주·위험운전:음주운전; 도로교통:도로교통법
100154684,김태영,무소속,시도의원,경상북도 상주시제1선거구,경상북도,상주시제1선거구,https://info.nec.go.kr/electioninfo/candidate_detail_info.xhtml?electionId=0020260603&huboId=100154684,1건,노동,,1,노동:근로기준법
100162543,박영서,국민의힘,시도의원,경상북도 문경시제1선거구,경상북도,문경시제1선거구,https://info.nec.go.kr/electioninfo/candidate_detail_info.xhtml?electionId=0020260603&huboId=100162543,1건,뇌물,뇌물,1,뇌물:뇌물
100161959,신봉식,자유와혁신,시도의원,경상북도 문경시제1선거구,경상북도,문경시제1선거구,https://info.nec.go.kr/electioninfo/candidate_detail_info.xhtml?electionId=0020260603&huboId=100161959,9건,공무집행방해; 노동,,1,공무집행방해:공무집행방해; 노동:근로기준법
100162667,전봉근,더불어민주당,시도의원,경상북도 경산시제1선거구,경상북도,경산시제1선거구,https://info.nec.go.kr/electioninfo/candidate_detail_info.xhtml?electionId=0020260603&huboId=100162667,1건,교통사고,,1,교통사고:교통사고처리특례법|교통사고처리특례
100162669,백운성,국민의힘,시도의원,경상북도 경산시제1선거구,경상북도,경산시제1선거구,https://info.nec.go.kr/electioninfo/candidate_detail_info.xhtml?electionId=0020260603&huboId=100162669,1건,음주·위험운전; 도로교통,음주·위험운전,1,음주·위험운전:음주운전; 도로교통:도로교통법
100163550,김상호,무소속,시도의원,경상북도 경산시제1선거구,경상북도,경산시제1선거구,https://info.nec.go.kr/electioninfo/candidate_detail_info.xhtml?electionId=0020260603&huboId=100163550,2건,음주·위험운전; 교통사고; 도로교통,음주·위험운전,1,음주·위험운전:음주운전; 교통사고:교통사고처리특례법|교통사고처리특례; 도로교통:도로교통법
100160187,윤기현,국민의힘,시도의원,경상북도 경산시제2선거구,경상북도,경산시제2선거구,https://info.nec.go.kr/electioninfo/candidate_detail_info.xhtml?electionId=0020260603&huboId=100160187,1건,도박,,1,도박:도박
100162444,남희태,무소속,시도의원,경상북도 경산시제2선거구,경상북도,경산시제2선거구,https://info.nec.go.kr/electioninfo/candidate_detail_info.xhtml?electionId=0020260603&huboId=100162444,4건,,,0,
100160830,황동희,무소속,시도의원,경상북도 경산시제2선거구,경상북도,경산시제2선거구,https://info.nec.go.kr/electioninfo/candidate_detail_info.xhtml?electionId=0020260603&huboId=100160830,1건,,,0,
100163592,윤중호,더불어민주당,시도의원,경상북도 경산시제3선거구,경상북도,경산시제3선거구,https://info.nec.go.kr/electioninfo/candidate_detail_info.xhtml?electionId=0020260603&huboId=100163592,1건,,,0,
100163421,배향선,더불어민주당,시도의원,경상북도 경산시제5선거구,경상북도,경산시제5선거구,https://info.nec.go.kr/electioninfo/candidate_detail_info.xhtml?electionId=0020260603&huboId=100163421,1건,,,0,
100162919,이철식,국민의힘,시도의원,경상북도 경산시제5선거구,경상북도,경산시제5선거구,https://info.nec.go.kr/electioninfo/candidate_detail_info.xhtml?electionId=0020260603&huboId=100162919,2건,음주·위험운전; 도로교통,음주·위험운전,1,음주·위험운전:음주운전; 도로교통:도로교통법
100158156,박지혁,국민의힘,시도의원,경상북도 의성군제1선거구,경상북도,의성군제1선거구,https://info.nec.go.kr/electioninfo/candidate_detail_info.xhtml?electionId=0020260603&huboId=100158156,1건,,,1,
100158857,최태림,무소속,시도의원,경상북도 의성군제1선거구,경상북도,의성군제1선거구,https://info.nec.go.kr/electioninfo/candidate_detail_info.xhtml?electionId=0020260603&huboId=100158857,3건,폭력; 공무집행방해; 입찰방해; 도로교통; 집시법,,1,폭력:폭력행위|상해; 공무집행방해:공무집행방해; 입찰방해:입찰방해; 도로교통:일반교통방해; 집시법:집회및시위|집회 및 시위
100156763,김수문,국민의힘,시도의원,경상북도 의성군제2선거구,경상북도,의성군제2선거구,https://info.nec.go.kr/electioninfo/candidate_detail_info.xhtml?electionId=0020260603&huboId=100156763,2건,음주·위험운전; 공무집행방해; 도로교통,음주·위험운전,1,음주·위험운전:음주운전; 공무집행방해:공무집행방해; 도로교통:도로교통법
100156646,신효광,국민의힘,시도의원,경상북도 청송군선거구,경상북도,청송군선거구,https://info.nec.go.kr/electioninfo/candidate_detail_info.xhtml?electionId=0020260603&huboId=100156646,2건,공직선거법; 음주·위험운전; 도로교통,공직선거법; 음주·위험운전,1,공직선거법:공직선거법; 음주·위험운전:음주운전; 도로교통:도로교통법
100154133,황재철,국민의힘,시도의원,경상북도 영덕군선거구,경상북도,영덕군선거구,https://info.nec.go.kr/electioninfo/candidate_detail_info.xhtml?electionId=0020260603&huboId=100154133,1건,음주·위험운전; 도로교통,음주·위험운전,1,음주·위험운전:음주운전; 도로교통:도로교통법
100156764,이종평,국민의힘,시도의원,경상북도 청도군선거구,경상북도,청도군선거구,https://info.nec.go.kr/electioninfo/candidate_detail_info.xhtml?electionId=0020260603&huboId=100156764,1건,,,0,
100161819,노성환,국민의힘,시도의원,경상북도 고령군선거구,경상북도,고령군선거구,https://info.nec.go.kr/electioninfo/candidate_detail_info.xhtml?electionId=0020260603&huboId=100161819,1건,음주·위험운전; 도로교통,음주·위험운전,1,음주·위험운전:음주운전; 도로교통:도로교통법
100161815,도희재,국민의힘,시도의원,경상북도 성주군선거구,경상북도,성주군선거구,https://info.nec.go.kr/electioninfo/candidate_detail_info.xhtml?electionId=0020260603&huboId=100161815,3건,사기; 뇌물; 허위공문서·문서위조·공용서류,사기; 뇌물; 허위공문서·문서위조·공용서류,1,사기:사기; 뇌물:뇌물; 허위공문서·문서위조·공용서류:사문서|위조
100156670,김재환,국민의힘,시도의원,경상북도 예천군제1선거구,경상북도,예천군제1선거구,https://info.nec.go.kr/electioninfo/candidate_detail_info.xhtml?electionId=0020260603&huboId=100156670,1건,음주·위험운전,음주·위험운전,1,음주·위험운전:음주운전
100154425,권영만,국민의힘,시도의원,경상북도 봉화군선거구,경상북도,봉화군선거구,https://info.nec.go.kr/electioninfo/candidate_detail_info.xhtml?electionId=0020260603&huboId=100154425,2건,폭력; 건축·건설·부동산,,1,폭력:폭력행위; 건축·건설·부동산:건축위반법
100163973,고경애,더불어민주당,시도의원,전남광주통합특별시 서구제3선거구,전남광주통합특별시,서구제3선거구,https://info.nec.go.kr/electioninfo/candidate_detail_info.xhtml?electionId=0020260603&huboId=100163973,1건,,,0,
100158960,박상길,더불어민주당,시도의원,전남광주통합특별시 남구제2선거구,전남광주통합특별시,남구제2선거구,https://info.nec.go.kr/electioninfo/candidate_detail_info.xhtml?electionId=0020260603&huboId=100158960,2건,공직선거법; 음주·위험운전; 도로교통,공직선거법; 음주·위험운전,1,공직선거법:공직선거법; 음주·위험운전:음주운전; 도로교통:도로교통법
100162915,이재광,진보당,시도의원,전남광주통합특별시 북구제1선거구,전남광주통합특별시,북구제1선거구,https://info.nec.go.kr/electioninfo/candidate_detail_info.xhtml?electionId=0020260603&huboId=100162915,1건,지방공무원법,,1,지방공무원법:지방공무원법
100160209,주순일,더불어민주당,시도의원,전남광주통합특별시 북구제2선거구,전남광주통합특별시,북구제2선거구,https://info.nec.go.kr/electioninfo/candidate_detail_info.xhtml?electionId=0020260603&huboId=100160209,1건,사법방해,,1,사법방해:위증
100163270,윤민호,진보당,시도의원,전남광주통합특별시 북구제2선거구,전남광주통합특별시,북구제2선거구,https://info.nec.go.kr/electioninfo/candidate_detail_info.xhtml?electionId=0020260603&huboId=100163270,1건,폭력; 공무집행방해; 국가보안법,,1,폭력:폭력행위; 공무집행방해:공무집행방해; 국가보안법:국가보안법
100157372,조석호,더불어민주당,시도의원,전남광주통합특별시 북구제3선거구,전남광주통합특별시,북구제3선거구,https://info.nec.go.kr/electioninfo/candidate_detail_info.xhtml?electionId=0020260603&huboId=100157372,1건,보험·금융,,1,보험·금융:자동차손해배상보장법
100162501,김광란,더불어민주당,시도의원,전남광주통합특별시 광산구제3선거구,전남광주통합특별시,광산구제3선거구,https://info.nec.go.kr/electioninfo/candidate_detail_info.xhtml?electionId=0020260603&huboId=100162501,1건,음주·위험운전; 도로교통,음주·위험운전,1,음주·위험운전:음주운전; 도로교통:도로교통법
100165152,정승욱,조국혁신당,시도의원,전남광주통합특별시 목포시제2선거구,전남광주통합특별시,목포시제2선거구,https://info.nec.go.kr/electioninfo/candidate_detail_info.xhtml?electionId=0020260603&huboId=100165152,1건,음주·위험운전,음주·위험운전,1,음주·위험운전:음주운전
100154508,김우영,진보당,시도의원,전남광주통합특별시 목포시제5선거구,전남광주통합특별시,목포시제5선거구,https://info.nec.go.kr/electioninfo/candidate_detail_info.xhtml?electionId=0020260603&huboId=100154508,1건,음주·위험운전; 도로교통,음주·위험운전,0,음주·위험운전:음주운전; 도로교통:도로교통법
100160562,최동익,더불어민주당,시도의원,전남광주통합특별시 여수시제1선거구,전남광주통합특별시,여수시제1선거구,https://info.nec.go.kr/electioninfo/candidate_detail_info.xhtml?electionId=0020260603&huboId=100160562,1건,음주·위험운전; 도로교통,음주·위험운전,1,음주·위험운전:음주운전; 도로교통:도로교통법
100156282,배민우,조국혁신당,시도의원,전남광주통합특별시 여수시제1선거구,전남광주통합특별시,여수시제1선거구,https://info.nec.go.kr/electioninfo/candidate_detail_info.xhtml?electionId=0020260603&huboId=100156282,1건,음주·위험운전; 도로교통,음주·위험운전,1,음주·위험운전:음주운전; 도로교통:도로교통법
100157301,서대현,더불어민주당,시도의원,전남광주통합특별시 여수시제2선거구,전남광주통합특별시,여수시제2선거구,https://info.nec.go.kr/electioninfo/candidate_detail_info.xhtml?electionId=0020260603&huboId=100157301,2건,교통사고,,0,교통사고:교통사고처리특례법|교통사고처리특례
100162280,김점유,조국혁신당,시도의원,전남광주통합특별시 여수시제3선거구,전남광주통합특별시,여수시제3선거구,https://info.nec.go.kr/electioninfo/candidate_detail_info.xhtml?electionId=0020260603&huboId=100162280,3건,폭력; 국가보안법; 집시법,,1,폭력:폭력행위; 국가보안법:국가보안법; 집시법:집회및시위|집회 및 시위
100155687,주연창,더불어민주당,시도의원,전남광주통합특별시 여수시제4선거구,전남광주통합특별시,여수시제4선거구,https://info.nec.go.kr/electioninfo/candidate_detail_info.xhtml?electionId=0020260603&huboId=100155687,1건,음주·위험운전; 도로교통,음주·위험운전,1,음주·위험운전:음주운전; 도로교통:도로교통법
100158233,최무경,조국혁신당,시도의원,전남광주통합특별시 여수시제4선거구,전남광주통합특별시,여수시제4선거구,https://info.nec.go.kr/electioninfo/candidate_detail_info.xhtml?electionId=0020260603&huboId=100158233,2건,특가법; 교통사고,특가법,1,특가법:특정범죄가중처벌; 교통사고:교통사고처리특례법|교통사고처리특례
100162577,김춘식,무소속,시도의원,전남광주통합특별시 여수시제4선거구,전남광주통합특별시,여수시제4선거구,https://info.nec.go.kr/electioninfo/candidate_detail_info.xhtml?electionId=0020260603&huboId=100162577,4건,교육·청소년,,1,교육·청소년:청소년보호법
100159247,문갑태,더불어민주당,시도의원,전남광주통합특별시 여수시제5선거구,전남광주통합특별시,여수시제5선거구,https://info.nec.go.kr/electioninfo/candidate_detail_info.xhtml?electionId=0020260603&huboId=100159247,3건,음주·위험운전; 폭력; 도로교통; 국가보안법; 집시법,음주·위험운전,1,음주·위험운전:음주운전; 폭력:폭력행위; 도로교통:도로교통법|도로법|일반교통방해; 국가보안법:국가보안법; 집시법:집회및시위|집회 및 시위
100162865,김일중,무소속,시도의원,전남광주통합특별시 순천시제1선거구,전남광주통합특별시,순천시제1선거구,https://info.nec.go.kr/electioninfo/candidate_detail_info.xhtml?electionId=0020260603&huboId=100162865,4건,음주·위험운전; 교통사고; 폭력; 도로교통,음주·위험운전,1,음주·위험운전:음주운전; 교통사고:교통사고처리특례법|교통사고처리특례; 폭력:폭력행위|상해; 도로교통:도로교통법
100155804,김정희,더불어민주당,시도의원,전남광주통합특별시 순천시제3선거구,전남광주통합특별시,순천시제3선거구,https://info.nec.go.kr/electioninfo/candidate_detail_info.xhtml?electionId=0020260603&huboId=100155804,1건,공직선거법,공직선거법,1,공직선거법:공직선거법
100163665,조성완,무소속,시도의원,전남광주통합특별시 순천시제3선거구,전남광주통합특별시,순천시제3선거구,https://info.nec.go.kr/electioninfo/candidate_detail_info.xhtml?electionId=0020260603&huboId=100163665,2건,폭력; 도로교통,,1,폭력:폭력행위; 도로교통:도로교통법|일반교통방해
100164538,신민호,더불어민주당,시도의원,전남광주통합특별시 순천시제6선거구,전남광주통합특별시,순천시제6선거구,https://info.nec.go.kr/electioninfo/candidate_detail_info.xhtml?electionId=0020260603&huboId=100164538,1건,교통사고,,1,교통사고:교통사고처리특례법|교통사고처리특례
100158572,홍성훈,조국혁신당,시도의원,전남광주통합특별시 순천시제7선거구,전남광주통합특별시,순천시제7선거구,https://info.nec.go.kr/electioninfo/candidate_detail_info.xhtml?electionId=0020260603&huboId=100158572,1건,특가법; 도로교통,특가법,1,특가법:특정범죄가중처벌; 도로교통:도로교통법
100162212,임종기,무소속,시도의원,전남광주통합특별시 순천시제7선거구,전남광주통합특별시,순천시제7선거구,https://info.nec.go.kr/electioninfo/candidate_detail_info.xhtml?electionId=0020260603&huboId=100162212,3건,음주·위험운전; 교통사고; 업무방해; 도로교통,음주·위험운전,1,음주·위험운전:음주운전; 교통사고:교통사고처리특례법|교통사고처리특례; 업무방해:업무방해; 도로교통:도로교통법
100160651,김영진,더불어민주당,시도의원,전남광주통합특별시 순천시제8선거구,전남광주통합특별시,순천시제8선거구,https://info.nec.go.kr/electioninfo/candidate_detail_info.xhtml?electionId=0020260603&huboId=100160651,1건,,,0,
100155594,이재창,더불어민주당,시도의원,전남광주통합특별시 나주시제1선거구,전남광주통합특별시,나주시제1선거구,https://info.nec.go.kr/electioninfo/candidate_detail_info.xhtml?electionId=0020260603&huboId=100155594,1건,,,0,
100155727,양순봉,더불어민주당,시도의원,전남광주통합특별시 나주시제3선거구,전남광주통합특별시,나주시제3선거구,https://info.nec.go.kr/electioninfo/candidate_detail_info.xhtml?electionId=0020260603&huboId=100155727,1건,,,0,
100163140,최승현,조국혁신당,시도의원,전남광주통합특별시 나주시제3선거구,전남광주통합특별시,나주시제3선거구,https://info.nec.go.kr/electioninfo/candidate_detail_info.xhtml?electionId=0020260603&huboId=100163140,1건,횡령,횡령,1,횡령:횡령
100162704,이형선,무소속,시도의원,전남광주통합특별시 광양시제2선거구,전남광주통합특별시,광양시제2선거구,https://info.nec.go.kr/electioninfo/candidate_detail_info.xhtml?electionId=0020260603&huboId=100162704,1건,음주·위험운전; 도로교통,음주·위험운전,1,음주·위험운전:음주운전; 도로교통:도로교통법
100154901,박정철,진보당,시도의원,전남광주통합특별시 광양시제3선거구,전남광주통합특별시,광양시제3선거구,https://info.nec.go.kr/electioninfo/candidate_detail_info.xhtml?electionId=0020260603&huboId=100154901,5건,폭력; 도로교통; 집시법,,1,폭력:폭행; 도로교통:일반교통방해; 집시법:집회및시위|집회 및 시위
100155026,김장권,더불어민주당,시도의원,전남광주통합특별시 광양시제4선거구,전남광주통합특별시,광양시제4선거구,https://info.nec.go.kr/electioninfo/candidate_detail_info.xhtml?electionId=0020260603&huboId=100155026,2건,폭력; 도로교통,,1,폭력:상해; 도로교통:도로교통법
100154695,김명우,더불어민주당,시도의원,전남광주통합특별시 담양군제2선거구,전남광주통합특별시,담양군제2선거구,https://info.nec.go.kr/electioninfo/candidate_detail_info.xhtml?electionId=0020260603&huboId=100154695,1건,음주·위험운전; 교통사고; 도로교통,음주·위험운전,1,음주·위험운전:음주운전; 교통사고:교통사고처리특례법|교통사고처리특례; 도로교통:도로교통법
100160304,전정철,무소속,시도의원,전남광주통합특별시 담양군제2선거구,전남광주통합특별시,담양군제2선거구,https://info.nec.go.kr/electioninfo/candidate_detail_info.xhtml?electionId=0020260603&huboId=100160304,1건,성범죄,성범죄,1,성범죄:강제추행
100159115,임용민,더불어민주당,시도의원,전남광주통합특별시 보성군제1선거구,전남광주통합특별시,보성군제1선거구,https://info.nec.go.kr/electioninfo/candidate_detail_info.xhtml?electionId=0020260603&huboId=100159115,1건,,,0,
100159310,하성동,더불어민주당,시도의원,전남광주통합특별시 화순군제1선거구,전남광주통합특별시,화순군제1선거구,https://info.nec.go.kr/electioninfo/candidate_detail_info.xhtml?electionId=0020260603&huboId=100159310,3건,음주·위험운전; 도로교통,음주·위험운전,1,음주·위험운전:음주운전; 도로교통:도로교통법
100154096,박형대,진보당,시도의원,전남광주통합특별시 장흥군제1선거구,전남광주통합특별시,장흥군제1선거구,https://info.nec.go.kr/electioninfo/candidate_detail_info.xhtml?electionId=0020260603&huboId=100154096,3건,폭력; 공무집행방해; 재물손괴; 주거침입; 도로교통; 국가보안법; 집시법,,1,폭력:폭력행위; 공무집행방해:공무집행방해; 재물손괴:재물손괴; 주거침입:주거침입; 도로교통:일반교통방해; 국가보안법:국가보안법; 집시법:집회및시위|집회 및 시위
100164035,최기순,무소속,시도의원,전남광주통합특별시 장흥군제2선거구,전남광주통합특별시,장흥군제2선거구,https://info.nec.go.kr/electioninfo/candidate_detail_info.xhtml?electionId=0020260603&huboId=100164035,1건,공직선거법,공직선거법,1,공직선거법:공직선거법
100157743,강광석,진보당,시도의원,전남광주통합특별시 강진군선거구,전남광주통합특별시,강진군선거구,https://info.nec.go.kr/electioninfo/candidate_detail_info.xhtml?electionId=0020260603&huboId=100157743,6건,음주·위험운전; 무면허운전; 교통사고; 도로교통; 집시법,음주·위험운전; 무면허운전,1,음주·위험운전:음주운전; 무면허운전:무면허운전; 교통사고:교통사고처리특례법|교통사고처리특례; 도로교통:도로교통법|일반교통방해; 집시법:집회및시위|집회 및 시위
100157537,박성재,더불어민주당,시도의원,전남광주통합특별시 해남군제2선거구,전남광주통합특별시,해남군제2선거구,https://info.nec.go.kr/electioninfo/candidate_detail_info.xhtml?electionId=0020260603&huboId=100157537,1건,폭력,,0,폭력:폭력행위
100161459,손남일,더불어민주당,시도의원,전남광주통합특별시 영암군제2선거구,전남광주통합특별시,영암군제2선거구,https://info.nec.go.kr/electioninfo/candidate_detail_info.xhtml?electionId=0020260603&huboId=100161459,1건,교통사고,,0,교통사고:교통사고처리특례법|교통사고처리특례
100156458,이정운,더불어민주당,시도의원,전남광주통합특별시 무안군제2선거구,전남광주통합특별시,무안군제2선거구,https://info.nec.go.kr/electioninfo/candidate_detail_info.xhtml?electionId=0020260603&huboId=100156458,1건,배임; 허위공문서·문서위조·공용서류,배임; 허위공문서·문서위조·공용서류,1,배임:배임; 허위공문서·문서위조·공용서류:허위공문서작성|허위작성공문서행사
100164334,임용수,조국혁신당,시도의원,전남광주통합특별시 함평군선거구,전남광주통합특별시,함평군선거구,https://info.nec.go.kr/electioninfo/candidate_detail_info.xhtml?electionId=0020260603&huboId=100164334,1건,특가법; 도로교통,특가법,1,특가법:특정범죄가중처벌; 도로교통:도로교통법
100160860,정영남,무소속,시도의원,전남광주통합특별시 영광군제1선거구,전남광주통합특별시,영광군제1선거구,https://info.nec.go.kr/electioninfo/candidate_detail_info.xhtml?electionId=0020260603&huboId=100160860,1건,음주·위험운전; 도로교통,음주·위험운전,1,음주·위험운전:음주운전; 도로교통:도로교통법
100161554,김강헌,더불어민주당,시도의원,전남광주통합특별시 영광군제2선거구,전남광주통합특별시,영광군제2선거구,https://info.nec.go.kr/electioninfo/candidate_detail_info.xhtml?electionId=0020260603&huboId=100161554,2건,음주·위험운전; 도로교통,음주·위험운전,1,음주·위험운전:음주운전; 도로교통:도로교통법
100156530,김수권,더불어민주당,시도의원,전남광주통합특별시 장성군제1선거구,전남광주통합특별시,장성군제1선거구,https://info.nec.go.kr/electioninfo/candidate_detail_info.xhtml?electionId=0020260603&huboId=100156530,2건,폭력,,1,폭력:폭력행위
100163309,정철,무소속,시도의원,전남광주통합특별시 장성군제1선거구,전남광주통합특별시,장성군제1선거구,https://info.nec.go.kr/electioninfo/candidate_detail_info.xhtml?electionId=0020260603&huboId=100163309,2건,교통사고; 식품·보건,,1,교통사고:교통사고처리특례법|교통사고처리특례; 식품·보건:식품위생법
100156938,정기성,더불어민주당,시도의원,전남광주통합특별시 장성군제2선거구,전남광주통합특별시,장성군제2선거구,https://info.nec.go.kr/electioninfo/candidate_detail_info.xhtml?electionId=0020260603&huboId=100156938,1건,음주·위험운전; 도로교통,음주·위험운전,1,음주·위험운전:음주운전; 도로교통:도로교통법
100161092,김양훈,무소속,시도의원,전남광주통합특별시 완도군제2선거구,전남광주통합특별시,완도군제2선거구,https://info.nec.go.kr/electioninfo/candidate_detail_info.xhtml?electionId=0020260603&huboId=100161092,3건,음주·위험운전; 도로교통,음주·위험운전,1,음주·위험운전:음주운전; 도로교통:도로교통법
100160602,이현명,더불어민주당,시도의원,전남광주통합특별시 진도군선거구,전남광주통합특별시,진도군선거구,https://info.nec.go.kr/electioninfo/candidate_detail_info.xhtml?electionId=0020260603&huboId=100160602,1건,교통사고,,1,교통사고:교통사고처리특례법|교통사고처리특례
100156524,장일,조국혁신당,시도의원,전남광주통합특별시 진도군선거구,전남광주통합특별시,진도군선거구,https://info.nec.go.kr/electioninfo/candidate_detail_info.xhtml?electionId=0020260603&huboId=100156524,4건,사기; 허위공문서·문서위조·공용서류; 교통사고,사기; 허위공문서·문서위조·공용서류,1,사기:사기; 허위공문서·문서위조·공용서류:사문서|위조; 교통사고:교통사고처리특례법|교통사고처리특례
100159960,김문수,더불어민주당,시도의원,전남광주통합특별시 신안군제1선거구,전남광주통합특별시,신안군제1선거구,https://info.nec.go.kr/electioninfo/candidate_detail_info.xhtml?electionId=0020260603&huboId=100159960,1건,,,1,
100161197,고인철,조국혁신당,시도의원,전남광주통합특별시 신안군제2선거구,전남광주통합특별시,신안군제2선거구,https://info.nec.go.kr/electioninfo/candidate_detail_info.xhtml?electionId=0020260603&huboId=100161197,1건,음주·위험운전; 도로교통,음주·위험운전,1,음주·위험운전:음주운전; 도로교통:도로교통법
100156502,최신웅,무소속,시도의원,전남광주통합특별시 신안군제2선거구,전남광주통합특별시,신안군제2선거구,https://info.nec.go.kr/electioninfo/candidate_detail_info.xhtml?electionId=0020260603&huboId=100156502,1건,,,0,
100156535,김혜진,더불어민주당,시도의원,대구광역시 중구제2선거구,대구광역시,중구제2선거구,https://info.nec.go.kr/electioninfo/candidate_detail_info.xhtml?electionId=0020260603&huboId=100156535,1건,식품·보건,,1,식품·보건:감염병
100156026,이형원,국민의힘,시도의원,대구광역시 중구제2선거구,대구광역시,중구제2선거구,https://info.nec.go.kr/electioninfo/candidate_detail_info.xhtml?electionId=0020260603&huboId=100156026,1건,,,0,
100158802,이종현,더불어민주당,시도의원,대구광역시 동구제3선거구,대구광역시,동구제3선거구,https://info.nec.go.kr/electioninfo/candidate_detail_info.xhtml?electionId=0020260603&huboId=100158802,1건,,,1,
100162315,최일영,진보당,시도의원,대구광역시 동구제4선거구,대구광역시,동구제4선거구,https://info.nec.go.kr/electioninfo/candidate_detail_info.xhtml?electionId=0020260603&huboId=100162315,5건,음주·위험운전; 폭력; 공무집행방해; 도로교통; 국가보안법; 집시법,음주·위험운전,1,음주·위험운전:음주운전; 폭력:폭력행위; 공무집행방해:공무집행방해; 도로교통:도로교통법|일반교통방해; 국가보안법:국가보안법; 집시법:집회및시위|집회 및 시위
100162598,이동운,국민의힘,시도의원,대구광역시 서구제1선거구,대구광역시,서구제1선거구,https://info.nec.go.kr/electioninfo/candidate_detail_info.xhtml?electionId=0020260603&huboId=100162598,1건,음주·위험운전; 도로교통,음주·위험운전,1,음주·위험운전:음주운전; 도로교통:도로교통법
100162499,권오섭,국민의힘,시도의원,대구광역시 남구제1선거구,대구광역시,남구제1선거구,https://info.nec.go.kr/electioninfo/candidate_detail_info.xhtml?electionId=0020260603&huboId=100162499,6건,음주·위험운전; 조세; 도로교통; 식품·보건,음주·위험운전; 조세,1,음주·위험운전:음주운전; 조세:조세범; 도로교통:도로교통법; 식품·보건:식품위생법
100162088,이명복,더불어민주당,시도의원,대구광역시 북구제1선거구,대구광역시,북구제1선거구,https://info.nec.go.kr/electioninfo/candidate_detail_info.xhtml?electionId=0020260603&huboId=100162088,1건,폭력,,1,폭력:상해
100162121,류종우,국민의힘,시도의원,대구광역시 북구제1선거구,대구광역시,북구제1선거구,https://info.nec.go.kr/electioninfo/candidate_detail_info.xhtml?electionId=0020260603&huboId=100162121,2건,음주·위험운전; 폭력; 도로교통,음주·위험운전,1,음주·위험운전:음주운전; 폭력:폭력행위|상해; 도로교통:도로교통법
100164324,김태훈,더불어민주당,시도의원,대구광역시 북구제3선거구,대구광역시,북구제3선거구,https://info.nec.go.kr/electioninfo/candidate_detail_info.xhtml?electionId=0020260603&huboId=100164324,1건,정치자금법,정치자금법,1,정치자금법:정치자금법
100163005,김규학,더불어민주당,시도의원,대구광역시 북구제5선거구,대구광역시,북구제5선거구,https://info.nec.go.kr/electioninfo/candidate_detail_info.xhtml?electionId=0020260603&huboId=100163005,1건,식품·보건,,1,식품·보건:식품위생법
100160829,김용주,무소속,시도의원,대구광역시 북구제5선거구,대구광역시,북구제5선거구,https://info.nec.go.kr/electioninfo/candidate_detail_info.xhtml?electionId=0020260603&huboId=100160829,8건,횡령; 배임; 음주·위험운전; 무면허운전; 교통사고; 도로교통; 건축·건설·부동산,횡령; 배임; 음주·위험운전; 무면허운전,1,횡령:횡령; 배임:배임; 음주·위험운전:음주운전; 무면허운전:무면허운전; 교통사고:교통사고처리특례법|교통사고처리특례; 도로교통:도로교통법; 건축·건설·부동산:건설산업기본법
100161270,정일균,국민의힘,시도의원,대구광역시 수성구제1선거구,대구광역시,수성구제1선거구,https://info.nec.go.kr/electioninfo/candidate_detail_info.xhtml?electionId=0020260603&huboId=100161270,1건,,,0,
100160401,김중군,국민의힘,시도의원,대구광역시 수성구제2선거구,대구광역시,수성구제2선거구,https://info.nec.go.kr/electioninfo/candidate_detail_info.xhtml?electionId=0020260603&huboId=100160401,1건,음주·위험운전; 도로교통,음주·위험운전,1,음주·위험운전:음주운전; 도로교통:도로교통법
100161030,황기호,무소속,시도의원,대구광역시 수성구제2선거구,대구광역시,수성구제2선거구,https://info.nec.go.kr/electioninfo/candidate_detail_info.xhtml?electionId=0020260603&huboId=100161030,1건,음주·위험운전; 도로교통,음주·위험운전,1,음주·위험운전:음주운전; 도로교통:도로교통법
100160497,황혜진,더불어민주당,시도의원,대구광역시 수성구제3선거구,대구광역시,수성구제3선거구,https://info.nec.go.kr/electioninfo/candidate_detail_info.xhtml?electionId=0020260603&huboId=100160497,1건,교통사고,,1,교통사고:교통사고처리특례법|교통사고처리특례
100165420,김삼조,무소속,시도의원,대구광역시 수성구제3선거구,대구광역시,수성구제3선거구,https://info.nec.go.kr/electioninfo/candidate_detail_info.xhtml?electionId=0020260603&huboId=100165420,1건,음주·위험운전; 폭력; 도로교통,음주·위험운전,1,음주·위험운전:음주운전; 폭력:폭력행위; 도로교통:도로교통법
100163280,김태우,국민의힘,시도의원,대구광역시 수성구제5선거구,대구광역시,수성구제5선거구,https://info.nec.go.kr/electioninfo/candidate_detail_info.xhtml?electionId=0020260603&huboId=100163280,1건,음주·위험운전; 도로교통,음주·위험운전,1,음주·위험운전:음주운전; 도로교통:도로교통법
100164595,장갑호,더불어민주당,시도의원,대구광역시 달서구제2선거구,대구광역시,달서구제2선거구,https://info.nec.go.kr/electioninfo/candidate_detail_info.xhtml?electionId=0020260603&huboId=100164595,1건,공직선거법,공직선거법,1,공직선거법:공직선거법
100163459,오명환,국민의힘,시도의원,대구광역시 달서구제3선거구,대구광역시,달서구제3선거구,https://info.nec.go.kr/electioninfo/candidate_detail_info.xhtml?electionId=0020260603&huboId=100163459,1건,음주·위험운전; 도로교통,음주·위험운전,1,음주·위험운전:음주운전; 도로교통:도로교통법
100161670,최영오,진보당,시도의원,대구광역시 달서구제5선거구,대구광역시,달서구제5선거구,https://info.nec.go.kr/electioninfo/candidate_detail_info.xhtml?electionId=0020260603&huboId=100161670,3건,폭력; 재물손괴; 주거침입; 도로교통; 국가보안법; 집시법,,1,폭력:폭력행위; 재물손괴:재물손괴; 주거침입:주거침입; 도로교통:일반교통방해; 국가보안법:국가보안법; 집시법:집회및시위|집회 및 시위
100163627,황순자,무소속,시도의원,대구광역시 달서구제7선거구,대구광역시,달서구제7선거구,https://info.nec.go.kr/electioninfo/candidate_detail_info.xhtml?electionId=0020260603&huboId=100163627,1건,,,0,
100161866,이대곤,더불어민주당,시도의원,대구광역시 달성군제2선거구,대구광역시,달성군제2선거구,https://info.nec.go.kr/electioninfo/candidate_detail_info.xhtml?electionId=0020260603&huboId=100161866,1건,음주·위험운전; 도로교통,음주·위험운전,1,음주·위험운전:음주운전; 도로교통:도로교통법
100162336,배창규,국민의힘,시도의원,대구광역시 달성군제3선거구,대구광역시,달성군제3선거구,https://info.nec.go.kr/electioninfo/candidate_detail_info.xhtml?electionId=0020260603&huboId=100162336,1건,음주·위험운전; 도로교통,음주·위험운전,1,음주·위험운전:음주운전; 도로교통:도로교통법
100164450,박창석,국민의힘,시도의원,대구광역시 군위군선거구,대구광역시,군위군선거구,https://info.nec.go.kr/electioninfo/candidate_detail_info.xhtml?electionId=0020260603&huboId=100164450,7건,횡령; 음주·위험운전; 무면허운전; 도로교통; 건축·건설·부동산,횡령; 음주·위험운전; 무면허운전,1,횡령:횡령; 음주·위험운전:음주운전; 무면허운전:무면허운전; 도로교통:도로교통법; 건축·건설·부동산:건축법
100160136,박철용,국민의힘,시도의원,대전광역시 동구제2선거구,대전광역시,동구제2선거구,https://info.nec.go.kr/electioninfo/candidate_detail_info.xhtml?electionId=0020260603&huboId=100160136,2건,음주·위험운전; 폭력; 도로교통,음주·위험운전,1,음주·위험운전:음주운전; 폭력:폭력행위|상해; 도로교통:도로교통법
100153974,조성칠,더불어민주당,시도의원,대전광역시 중구제1선거구,대전광역시,중구제1선거구,https://info.nec.go.kr/electioninfo/candidate_detail_info.xhtml?electionId=0020260603&huboId=100153974,1건,도로교통,,1,도로교통:도로교통법
100154090,고제열,더불어민주당,시도의원,대전광역시 중구제3선거구,대전광역시,중구제3선거구,https://info.nec.go.kr/electioninfo/candidate_detail_info.xhtml?electionId=0020260603&huboId=100154090,1건,농수산,,1,농수산:농수산물의원산지표시|원산지표시
100159298,안형진,국민의힘,시도의원,대전광역시 중구제3선거구,대전광역시,중구제3선거구,https://info.nec.go.kr/electioninfo/candidate_detail_info.xhtml?electionId=0020260603&huboId=100159298,3건,,,0,
100162324,이재경,국민의힘,시도의원,대전광역시 서구제3선거구,대전광역시,서구제3선거구,https://info.nec.go.kr/electioninfo/candidate_detail_info.xhtml?electionId=0020260603&huboId=100162324,1건,도로교통,,1,도로교통:도로교통법
100158828,김동석,조국혁신당,시도의원,대전광역시 서구제4선거구,대전광역시,서구제4선거구,https://info.nec.go.kr/electioninfo/candidate_detail_info.xhtml?electionId=0020260603&huboId=100158828,2건,폭력; 공무집행방해; 도로교통; 총포·화약; 국가보안법; 집시법,,1,폭력:폭력행위; 공무집행방해:공무집행방해; 도로교통:일반교통방해; 총포·화약:총포|도검|화약류; 국가보안법:국가보안법; 집시법:집회및시위|집회 및 시위
100155654,여황현,국민의힘,시도의원,대전광역시 유성구제2선거구,대전광역시,유성구제2선거구,https://info.nec.go.kr/electioninfo/candidate_detail_info.xhtml?electionId=0020260603&huboId=100155654,1건,음주·위험운전; 도로교통,음주·위험운전,1,음주·위험운전:음주운전; 도로교통:도로교통법
100163099,한형신,국민의힘,시도의원,대전광역시 유성구제3선거구,대전광역시,유성구제3선거구,https://info.nec.go.kr/electioninfo/candidate_detail_info.xhtml?electionId=0020260603&huboId=100163099,2건,음주·위험운전; 도로교통,음주·위험운전,1,음주·위험운전:음주운전; 도로교통:도로교통법
100157841,이효성,국민의힘,시도의원,대전광역시 대덕구제1선거구,대전광역시,대덕구제1선거구,https://info.nec.go.kr/electioninfo/candidate_detail_info.xhtml?electionId=0020260603&huboId=100157841,1건,음주·위험운전; 도로교통,음주·위험운전,1,음주·위험운전:음주운전; 도로교통:도로교통법
100160288,송활섭,무소속,시도의원,대전광역시 대덕구제2선거구,대전광역시,대덕구제2선거구,https://info.nec.go.kr/electioninfo/candidate_detail_info.xhtml?electionId=0020260603&huboId=100160288,3건,음주·위험운전; 도로교통; 식품·보건; 교육·청소년,음주·위험운전,1,음주·위험운전:음주운전; 도로교통:도로교통법; 식품·보건:식품위생법; 교육·청소년:청소년보호법
100162393,김시형,더불어민주당,시도의원,부산광역시 중구선거구,부산광역시,중구선거구,https://info.nec.go.kr/electioninfo/candidate_detail_info.xhtml?electionId=0020260603&huboId=100162393,1건,음주·위험운전; 도로교통,음주·위험운전,1,음주·위험운전:음주운전; 도로교통:도로교통법
100163508,오경석,무소속,시도의원,부산광역시 중구선거구,부산광역시,중구선거구,https://info.nec.go.kr/electioninfo/candidate_detail_info.xhtml?electionId=0020260603&huboId=100163508,4건,사기; 보험·금융; 명예훼손,사기,2,사기:사기; 보험·금융:전자금융거래법; 명예훼손:명예훼손
100157776,윤지환,더불어민주당,시도의원,부산광역시 서구제1선거구,부산광역시,서구제1선거구,https://info.nec.go.kr/electioninfo/candidate_detail_info.xhtml?electionId=0020260603&huboId=100157776,2건,음주·위험운전; 교통사고; 도로교통,음주·위험운전,1,음주·위험운전:음주운전; 교통사고:교통사고처리특례법|교통사고처리특례; 도로교통:도로교통법
100161145,이용운,국민의힘,시도의원,부산광역시 서구제2선거구,부산광역시,서구제2선거구,https://info.nec.go.kr/electioninfo/candidate_detail_info.xhtml?electionId=0020260603&huboId=100161145,1건,교통사고,,1,교통사고:교통사고처리특례법|교통사고처리특례
100161056,김진오,더불어민주당,시도의원,부산광역시 동구제1선거구,부산광역시,동구제1선거구,https://info.nec.go.kr/electioninfo/candidate_detail_info.xhtml?electionId=0020260603&huboId=100161056,1건,음주·위험운전,음주·위험운전,1,음주·위험운전:음주운전
100162374,이상욱,국민의힘,시도의원,부산광역시 동구제1선거구,부산광역시,동구제1선거구,https://info.nec.go.kr/electioninfo/candidate_detail_info.xhtml?electionId=0020260603&huboId=100162374,1건,음주·위험운전; 도로교통,음주·위험운전,0,음주·위험운전:음주운전; 도로교통:도로교통법
100162556,임진권,더불어민주당,시도의원,부산광역시 동구제2선거구,부산광역시,동구제2선거구,https://info.nec.go.kr/electioninfo/candidate_detail_info.xhtml?electionId=0020260603&huboId=100162556,1건,음주·위험운전; 도로교통,음주·위험운전,1,음주·위험운전:음주운전; 도로교통:도로교통법
100161103,김은명,국민의힘,시도의원,부산광역시 영도구제1선거구,부산광역시,영도구제1선거구,https://info.nec.go.kr/electioninfo/candidate_detail_info.xhtml?electionId=0020260603&huboId=100161103,1건,도로교통,,1,도로교통:도로교통법
100154884,박상현,더불어민주당,시도의원,부산광역시 영도구제2선거구,부산광역시,영도구제2선거구,https://info.nec.go.kr/electioninfo/candidate_detail_info.xhtml?electionId=0020260603&huboId=100154884,2건,공직선거법; 음주·위험운전; 도로교통,공직선거법; 음주·위험운전,1,공직선거법:공직선거법; 음주·위험운전:음주운전; 도로교통:도로교통법
100165105,박석동,무소속,시도의원,부산광역시 부산진구제1선거구,부산광역시,부산진구제1선거구,https://info.nec.go.kr/electioninfo/candidate_detail_info.xhtml?electionId=0020260603&huboId=100165105,2건,공직선거법,공직선거법,0,공직선거법:공직선거법
100155694,강해복,무소속,시도의원,부산광역시 부산진구제2선거구,부산광역시,부산진구제2선거구,https://info.nec.go.kr/electioninfo/candidate_detail_info.xhtml?electionId=0020260603&huboId=100155694,14건,,,1,
100160834,김재운,국민의힘,시도의원,부산광역시 부산진구제3선거구,부산광역시,부산진구제3선거구,https://info.nec.go.kr/electioninfo/candidate_detail_info.xhtml?electionId=0020260603&huboId=100160834,1건,음주·위험운전; 도로교통,음주·위험운전,0,음주·위험운전:음주운전; 도로교통:도로교통법
100160932,김동하,국민의힘,시도의원,부산광역시 동래구제1선거구,부산광역시,동래구제1선거구,https://info.nec.go.kr/electioninfo/candidate_detail_info.xhtml?electionId=0020260603&huboId=100160932,1건,음주·위험운전; 도로교통,음주·위험운전,1,음주·위험운전:음주운전; 도로교통:도로교통법
100161535,서국보,국민의힘,시도의원,부산광역시 동래구제3선거구,부산광역시,동래구제3선거구,https://info.nec.go.kr/electioninfo/candidate_detail_info.xhtml?electionId=0020260603&huboId=100161535,1건,폭력; 재물손괴,,1,폭력:폭력행위|공동폭행|폭행|상해; 재물손괴:재물손괴
100158835,서성부,국민의힘,시도의원,부산광역시 남구제1선거구,부산광역시,남구제1선거구,https://info.nec.go.kr/electioninfo/candidate_detail_info.xhtml?electionId=0020260603&huboId=100158835,2건,도로교통,,1,도로교통:도로교통법
100157486,조상진,국민의힘,시도의원,부산광역시 남구제2선거구,부산광역시,남구제2선거구,https://info.nec.go.kr/electioninfo/candidate_detail_info.xhtml?electionId=0020260603&huboId=100157486,2건,음주·위험운전; 도로교통,음주·위험운전,1,음주·위험운전:음주운전; 도로교통:도로교통법
100159918,성현달,국민의힘,시도의원,부산광역시 남구제3선거구,부산광역시,남구제3선거구,https://info.nec.go.kr/electioninfo/candidate_detail_info.xhtml?electionId=0020260603&huboId=100159918,1건,,,0,
100156545,유정기,더불어민주당,시도의원,부산광역시 남구제4선거구,부산광역시,남구제4선거구,https://info.nec.go.kr/electioninfo/candidate_detail_info.xhtml?electionId=0020260603&huboId=100156545,2건,조세; 건축·건설·부동산,조세,1,조세:관세법; 건축·건설·부동산:건축법
100162130,정양훈,더불어민주당,시도의원,부산광역시 북구제3선거구,부산광역시,북구제3선거구,https://info.nec.go.kr/electioninfo/candidate_detail_info.xhtml?electionId=0020260603&huboId=100162130,1건,음주·위험운전; 도로교통,음주·위험운전,1,음주·위험운전:음주운전; 도로교통:도로교통법
100161457,박종율,국민의힘,시도의원,부산광역시 북구제4선거구,부산광역시,북구제4선거구,https://info.nec.go.kr/electioninfo/candidate_detail_info.xhtml?electionId=0020260603&huboId=100161457,5건,횡령; 교통사고; 노동,횡령,1,횡령:횡령; 교통사고:교통사고처리특례법|교통사고처리특례; 노동:근로기준법
100162258,김삼수,더불어민주당,시도의원,부산광역시 해운대구제1선거구,부산광역시,해운대구제1선거구,https://info.nec.go.kr/electioninfo/candidate_detail_info.xhtml?electionId=0020260603&huboId=100162258,1건,음주·위험운전; 교통사고; 도로교통,음주·위험운전,1,음주·위험운전:음주운전; 교통사고:교통사고처리특례법|교통사고처리특례; 도로교통:도로교통법
100162828,양기주,무소속,시도의원,부산광역시 사하구제1선거구,부산광역시,사하구제1선거구,https://info.nec.go.kr/electioninfo/candidate_detail_info.xhtml?electionId=0020260603&huboId=100162828,1건,음주·위험운전; 도로교통,음주·위험운전,1,음주·위험운전:음주운전; 도로교통:도로교통법
100164972,김장성,무소속,시도의원,부산광역시 사하구제2선거구,부산광역시,사하구제2선거구,https://info.nec.go.kr/electioninfo/candidate_detail_info.xhtml?electionId=0020260603&huboId=100164972,1건,음주·위험운전,음주·위험운전,1,음주·위험운전:음주운전
100159059,채창섭,국민의힘,시도의원,부산광역시 사하구제3선거구,부산광역시,사하구제3선거구,https://info.nec.go.kr/electioninfo/candidate_detail_info.xhtml?electionId=0020260603&huboId=100159059,1건,,,0,
100154775,이상은,국민의힘,시도의원,부산광역시 사하구제4선거구,부산광역시,사하구제4선거구,https://info.nec.go.kr/electioninfo/candidate_detail_info.xhtml?electionId=0020260603&huboId=100154775,1건,공직선거법,공직선거법,1,공직선거법:공직선거법
100154683,김지윤,더불어민주당,시도의원,부산광역시 금정구제1선거구,부산광역시,금정구제1선거구,https://info.nec.go.kr/electioninfo/candidate_detail_info.xhtml?electionId=0020260603&huboId=100154683,2건,폭력,,1,폭력:폭력행위|공동폭행|폭행
100160889,이종환,국민의힘,시도의원,부산광역시 강서구제1선거구,부산광역시,강서구제1선거구,https://info.nec.go.kr/electioninfo/candidate_detail_info.xhtml?electionId=0020260603&huboId=100160889,3건,,,0,
100160265,최홍찬,국민의힘,시도의원,부산광역시 연제구제1선거구,부산광역시,연제구제1선거구,https://info.nec.go.kr/electioninfo/candidate_detail_info.xhtml?electionId=0020260603&huboId=100160265,2건,,,0,
100162314,유주이,무소속,시도의원,부산광역시 연제구제1선거구,부산광역시,연제구제1선거구,https://info.nec.go.kr/electioninfo/candidate_detail_info.xhtml?electionId=0020260603&huboId=100162314,1건,식품·보건,,1,식품·보건:식품위생법
100156352,정성열,더불어민주당,시도의원,부산광역시 사상구제1선거구,부산광역시,사상구제1선거구,https://info.nec.go.kr/electioninfo/candidate_detail_info.xhtml?electionId=0020260603&huboId=100156352,1건,교통사고,,1,교통사고:교통사고처리특례법|교통사고처리특례
100156121,안준용,진보당,시도의원,부산광역시 기장군제2선거구,부산광역시,기장군제2선거구,https://info.nec.go.kr/electioninfo/candidate_detail_info.xhtml?electionId=0020260603&huboId=100156121,7건,공직선거법; 음주·위험운전; 폭력; 공무집행방해; 도로교통; 국가보안법; 집시법,공직선거법; 음주·위험운전,1,공직선거법:공직선거법; 음주·위험운전:음주운전; 폭력:폭력행위; 공무집행방해:공무집행방해; 도로교통:도로교통법|일반교통방해; 국가보안법:국가보안법; 집시법:집회및시위|집회 및 시위
100154944,선정환,더불어민주당,시도의원,서울특별시 종로구제2선거구,서울특별시,종로구제2선거구,https://info.nec.go.kr/electioninfo/candidate_detail_info.xhtml?electionId=0020260603&huboId=100154944,2건,음주·위험운전; 무면허운전; 도로교통,음주·위험운전; 무면허운전,1,음주·위험운전:음주운전; 무면허운전:무면허운전; 도로교통:도로교통법
100158390,박병철,국민의힘,시도의원,서울특별시 종로구제2선거구,서울특별시,종로구제2선거구,https://info.nec.go.kr/electioninfo/candidate_detail_info.xhtml?electionId=0020260603&huboId=100158390,1건,,,0,
100161770,박순규,더불어민주당,시도의원,서울특별시 중구제1선거구,서울특별시,중구제1선거구,https://info.nec.go.kr/electioninfo/candidate_detail_info.xhtml?electionId=0020260603&huboId=100161770,1건,,,0,
100159876,백준석,더불어민주당,시도의원,서울특별시 용산구제1선거구,서울특별시,용산구제1선거구,https://info.nec.go.kr/electioninfo/candidate_detail_info.xhtml?electionId=0020260603&huboId=100159876,1건,음주·위험운전; 도로교통,음주·위험운전,1,음주·위험운전:음주운전; 도로교통:도로교통법
100159015,오천진,국민의힘,시도의원,서울특별시 용산구제1선거구,서울특별시,용산구제1선거구,https://info.nec.go.kr/electioninfo/candidate_detail_info.xhtml?electionId=0020260603&huboId=100159015,2건,음주·위험운전; 도로교통,음주·위험운전,0,음주·위험운전:음주운전; 도로교통:도로교통법
100158694,안중현,진보당,시도의원,서울특별시 성동구제1선거구,서울특별시,성동구제1선거구,https://info.nec.go.kr/electioninfo/candidate_detail_info.xhtml?electionId=0020260603&huboId=100158694,2건,폭력; 주거침입,,1,폭력:폭력행위|폭행|상해; 주거침입:주거침입
100161367,신종훈,진보당,시도의원,서울특별시 성동구제2선거구,서울특별시,성동구제2선거구,https://info.nec.go.kr/electioninfo/candidate_detail_info.xhtml?electionId=0020260603&huboId=100161367,1건,공무집행방해,,1,공무집행방해:공무집행방해
100163206,이현숙,국민의힘,시도의원,서울특별시 성동구제3선거구,서울특별시,성동구제3선거구,https://info.nec.go.kr/electioninfo/candidate_detail_info.xhtml?electionId=0020260603&huboId=100163206,1건,,,0,
100163079,황철규,국민의힘,시도의원,서울특별시 성동구제4선거구,서울특별시,성동구제4선거구,https://info.nec.go.kr/electioninfo/candidate_detail_info.xhtml?electionId=0020260603&huboId=100163079,1건,교통사고,,1,교통사고:교통사고처리특례법|교통사고처리특례
100161629,강혜진,진보당,시도의원,서울특별시 성동구제4선거구,서울특별시,성동구제4선거구,https://info.nec.go.kr/electioninfo/candidate_detail_info.xhtml?electionId=0020260603&huboId=100161629,3건,폭력; 주거침입; 도로교통; 집시법,,1,폭력:폭력행위; 주거침입:주거침입; 도로교통:일반교통방해; 집시법:집회및시위|집회 및 시위
100158563,이상엽,더불어민주당,시도의원,서울특별시 광진구제3선거구,서울특별시,광진구제3선거구,https://info.nec.go.kr/electioninfo/candidate_detail_info.xhtml?electionId=0020260603&huboId=100158563,3건,음주·위험운전; 무면허운전; 도로교통,음주·위험운전; 무면허운전,0,음주·위험운전:음주운전; 무면허운전:무면허운전; 도로교통:도로교통법
100158022,김창현,더불어민주당,시도의원,서울특별시 광진구제4선거구,서울특별시,광진구제4선거구,https://info.nec.go.kr/electioninfo/candidate_detail_info.xhtml?electionId=0020260603&huboId=100158022,1건,보험·금융,,1,보험·금융:부정수표단속법
100158566,이영남,더불어민주당,시도의원,서울특별시 동대문구제1선거구,서울특별시,동대문구제1선거구,https://info.nec.go.kr/electioninfo/candidate_detail_info.xhtml?electionId=0020260603&huboId=100158566,2건,,,0,
100162340,김명희,더불어민주당,시도의원,서울특별시 강북구제1선거구,서울특별시,강북구제1선거구,https://info.nec.go.kr/electioninfo/candidate_detail_info.xhtml?electionId=0020260603&huboId=100162340,1건,국가보안법,,1,국가보안법:국가보안법
100162533,이종환,국민의힘,시도의원,서울특별시 강북구제1선거구,서울특별시,강북구제1선거구,https://info.nec.go.kr/electioninfo/candidate_detail_info.xhtml?electionId=0020260603&huboId=100162533,3건,음주·위험운전; 도로교통,음주·위험운전,1,음주·위험운전:음주운전; 도로교통:도로교통법
100163030,이상훈,더불어민주당,시도의원,서울특별시 강북구제2선거구,서울특별시,강북구제2선거구,https://info.nec.go.kr/electioninfo/candidate_detail_info.xhtml?electionId=0020260603&huboId=100163030,2건,국가보안법; 집시법,,1,국가보안법:국가보안법; 집시법:집회및시위|집회 및 시위
100156770,홍국표,국민의힘,시도의원,서울특별시 도봉구제2선거구,서울특별시,도봉구제2선거구,https://info.nec.go.kr/electioninfo/candidate_detail_info.xhtml?electionId=0020260603&huboId=100156770,1건,절도; 업무방해; 명예훼손,절도,1,절도:절도; 업무방해:업무방해; 명예훼손:명예훼손
100156438,박석,국민의힘,시도의원,서울특별시 도봉구제3선거구,서울특별시,도봉구제3선거구,https://info.nec.go.kr/electioninfo/candidate_detail_info.xhtml?electionId=0020260603&huboId=100156438,1건,,,0,
100160210,노연수,더불어민주당,시도의원,서울특별시 노원구제4선거구,서울특별시,노원구제4선거구,https://info.nec.go.kr/electioninfo/candidate_detail_info.xhtml?electionId=0020260603&huboId=100160210,1건,교통사고,,1,교통사고:교통사고처리특례법|교통사고처리특례
100156513,윤기섭,국민의힘,시도의원,서울특별시 노원구제5선거구,서울특별시,노원구제5선거구,https://info.nec.go.kr/electioninfo/candidate_detail_info.xhtml?electionId=0020260603&huboId=100156513,3건,음주·위험운전; 교통사고; 도로교통; 식품·보건,음주·위험운전,0,음주·위험운전:음주운전; 교통사고:교통사고처리특례법|교통사고처리특례; 도로교통:도로교통법; 식품·보건:의료법
100158397,용순옥,진보당,시도의원,서울특별시 노원구제5선거구,서울특별시,노원구제5선거구,https://info.nec.go.kr/electioninfo/candidate_detail_info.xhtml?electionId=0020260603&huboId=100158397,1건,공직선거법,공직선거법,1,공직선거법:공직선거법
100157366,이해지,진보당,시도의원,서울특별시 서대문구제1선거구,서울특별시,서대문구제1선거구,https://info.nec.go.kr/electioninfo/candidate_detail_info.xhtml?electionId=0020260603&huboId=100157366,1건,도로교통,,1,도로교통:일반교통방해
100159195,이현숙,진보당,시도의원,서울특별시 마포구제1선거구,서울특별시,마포구제1선거구,https://info.nec.go.kr/electioninfo/candidate_detail_info.xhtml?electionId=0020260603&huboId=100159195,2건,폭력; 업무방해; 주거침입; 집시법,,1,폭력:폭력행위|상해; 업무방해:업무방해; 주거침입:주거침입; 집시법:집회및시위|집회 및 시위
100159168,이상옥,진보당,시도의원,서울특별시 마포구제3선거구,서울특별시,마포구제3선거구,https://info.nec.go.kr/electioninfo/candidate_detail_info.xhtml?electionId=0020260603&huboId=100159168,1건,도로교통,,1,도로교통:도로교통법
100161000,장상기,더불어민주당,시도의원,서울특별시 강서구제2선거구,서울특별시,강서구제2선거구,https://info.nec.go.kr/electioninfo/candidate_detail_info.xhtml?electionId=0020260603&huboId=100161000,1건,도로교통,,1,도로교통:도로교통법
100156025,박계홍,더불어민주당,시도의원,서울특별시 강서구제3선거구,서울특별시,강서구제3선거구,https://info.nec.go.kr/electioninfo/candidate_detail_info.xhtml?electionId=0020260603&huboId=100156025,1건,국가보안법,,1,국가보안법:국가보안법
100160613,김춘곤,국민의힘,시도의원,서울특별시 강서구제4선거구,서울특별시,강서구제4선거구,https://info.nec.go.kr/electioninfo/candidate_detail_info.xhtml?electionId=0020260603&huboId=100160613,1건,,,0,
100161446,신찬호,국민의힘,시도의원,서울특별시 강서구제6선거구,서울특별시,강서구제6선거구,https://info.nec.go.kr/electioninfo/candidate_detail_info.xhtml?electionId=0020260603&huboId=100161446,1건,음주·위험운전; 도로교통,음주·위험운전,1,음주·위험운전:음주운전; 도로교통:도로교통법
100158540,서상열,국민의힘,시도의원,서울특별시 구로구제1선거구,서울특별시,구로구제1선거구,https://info.nec.go.kr/electioninfo/candidate_detail_info.xhtml?electionId=0020260603&huboId=100158540,1건,음주·위험운전; 도로교통,음주·위험운전,1,음주·위험운전:음주운전; 도로교통:도로교통법
100162597,박칠성,더불어민주당,시도의원,서울특별시 구로구제4선거구,서울특별시,구로구제4선거구,https://info.nec.go.kr/electioninfo/candidate_detail_info.xhtml?electionId=0020260603&huboId=100162597,2건,폭력; 도로교통,,1,폭력:폭력행위; 도로교통:도로교통법
100162450,정성호,국민의힘,시도의원,서울특별시 구로구제4선거구,서울특별시,구로구제4선거구,https://info.nec.go.kr/electioninfo/candidate_detail_info.xhtml?electionId=0020260603&huboId=100162450,1건,노동,,1,노동:근로기준법
100161306,김재진,국민의힘,시도의원,서울특별시 영등포구제1선거구,서울특별시,영등포구제1선거구,https://info.nec.go.kr/electioninfo/candidate_detail_info.xhtml?electionId=0020260603&huboId=100161306,1건,건축·건설·부동산,,1,건축·건설·부동산:건축법
100161865,김종길,국민의힘,시도의원,서울특별시 영등포구제2선거구,서울특별시,영등포구제2선거구,https://info.nec.go.kr/electioninfo/candidate_detail_info.xhtml?electionId=0020260603&huboId=100161865,1건,폭력; 공무집행방해,,0,폭력:폭력행위|상해; 공무집행방해:공무집행방해
100162874,도문열,무소속,시도의원,서울특별시 영등포구제3선거구,서울특별시,영등포구제3선거구,https://info.nec.go.kr/electioninfo/candidate_detail_info.xhtml?electionId=0020260603&huboId=100162874,1건,공직선거법,공직선거법,1,공직선거법:공직선거법
100160710,김정환,더불어민주당,시도의원,서울특별시 동작구제1선거구,서울특별시,동작구제1선거구,https://info.nec.go.kr/electioninfo/candidate_detail_info.xhtml?electionId=0020260603&huboId=100160710,1건,건축·건설·부동산,,1,건축·건설·부동산:건축법
100162410,장순욱,국민의힘,시도의원,서울특별시 동작구제1선거구,서울특별시,동작구제1선거구,https://info.nec.go.kr/electioninfo/candidate_detail_info.xhtml?electionId=0020260603&huboId=100162410,2건,음주·위험운전; 도로교통,음주·위험운전,1,음주·위험운전:음주운전; 도로교통:도로교통법
100162772,최민규,국민의힘,시도의원,서울특별시 동작구제2선거구,서울특별시,동작구제2선거구,https://info.nec.go.kr/electioninfo/candidate_detail_info.xhtml?electionId=0020260603&huboId=100162772,1건,음주·위험운전; 도로교통,음주·위험운전,1,음주·위험운전:음주운전; 도로교통:도로교통법
100162539,노성철,더불어민주당,시도의원,서울특별시 동작구제3선거구,서울특별시,동작구제3선거구,https://info.nec.go.kr/electioninfo/candidate_detail_info.xhtml?electionId=0020260603&huboId=100162539,2건,음주·위험운전; 도로교통,음주·위험운전,1,음주·위험운전:음주운전; 도로교통:도로교통법
100154677,공우석,더불어민주당,시도의원,서울특별시 관악구제1선거구,서울특별시,관악구제1선거구,https://info.nec.go.kr/electioninfo/candidate_detail_info.xhtml?electionId=0020260603&huboId=100154677,1건,도로교통,,1,도로교통:도로교통법
100162489,김호경,국민의힘,시도의원,서울특별시 관악구제4선거구,서울특별시,관악구제4선거구,https://info.nec.go.kr/electioninfo/candidate_detail_info.xhtml?electionId=0020260603&huboId=100162489,1건,,,0,
100165821,강여정,무소속,시도의원,서울특별시 서초구제3선거구,서울특별시,서초구제3선거구,https://info.nec.go.kr/electioninfo/candidate_detail_info.xhtml?electionId=0020260603&huboId=100165821,1건,음주·위험운전; 도로교통,음주·위험운전,1,음주·위험운전:음주운전; 도로교통:도로교통법
100160340,김선경,진보당,시도의원,서울특별시 강남구제1선거구,서울특별시,강남구제1선거구,https://info.nec.go.kr/electioninfo/candidate_detail_info.xhtml?electionId=0020260603&huboId=100160340,3건,도로교통; 국가보안법; 집시법,,0,도로교통:일반교통방해; 국가보안법:국가보안법; 집시법:집회및시위|집회 및 시위
100160336,정준모,진보당,시도의원,서울특별시 강남구제4선거구,서울특별시,강남구제4선거구,https://info.nec.go.kr/electioninfo/candidate_detail_info.xhtml?electionId=0020260603&huboId=100160336,4건,폭력; 공무집행방해; 업무방해; 도로교통,,1,폭력:폭력행위; 공무집행방해:공무집행방해; 업무방해:업무방해; 도로교통:일반교통방해
100156019,김숭선,더불어민주당,시도의원,서울특별시 강남구제5선거구,서울특별시,강남구제5선거구,https://info.nec.go.kr/electioninfo/candidate_detail_info.xhtml?electionId=0020260603&huboId=100156019,1건,,,0,
100162504,김영빈,더불어민주당,시도의원,서울특별시 강남구제6선거구,서울특별시,강남구제6선거구,https://info.nec.go.kr/electioninfo/candidate_detail_info.xhtml?electionId=0020260603&huboId=100162504,1건,도로교통,,1,도로교통:도로교통법
100162862,유정인,국민의힘,시도의원,서울특별시 송파구제5선거구,서울특별시,송파구제5선거구,https://info.nec.go.kr/electioninfo/candidate_detail_info.xhtml?electionId=0020260603&huboId=100162862,1건,,,0,
100160300,남효선,국민의힘,시도의원,서울특별시 강동구제1선거구,서울특별시,강동구제1선거구,https://info.nec.go.kr/electioninfo/candidate_detail_info.xhtml?electionId=0020260603&huboId=100160300,1건,,,0,
100159909,김남현,더불어민주당,시도의원,서울특별시 강동구제2선거구,서울특별시,강동구제2선거구,https://info.nec.go.kr/electioninfo/candidate_detail_info.xhtml?electionId=0020260603&huboId=100159909,1건,건축·건설·부동산,,0,건축·건설·부동산:개발제한구역
100157801,이준형,더불어민주당,시도의원,서울특별시 강동구제3선거구,서울특별시,강동구제3선거구,https://info.nec.go.kr/electioninfo/candidate_detail_info.xhtml?electionId=0020260603&huboId=100157801,1건,,,0,
100160133,양평호,더불어민주당,시도의원,서울특별시 강동구제4선거구,서울특별시,강동구제4선거구,https://info.nec.go.kr/electioninfo/candidate_detail_info.xhtml?electionId=0020260603&huboId=100160133,1건,환경,,1,환경:대기환경보전법
100162674,조동탁,국민의힘,시도의원,서울특별시 강동구제4선거구,서울특별시,강동구제4선거구,https://info.nec.go.kr/electioninfo/candidate_detail_info.xhtml?electionId=0020260603&huboId=100162674,1건,건축·건설·부동산,,0,건축·건설·부동산:건축법
100157857,황인구,더불어민주당,시도의원,서울특별시 강동구제5선거구,서울특별시,강동구제5선거구,https://info.nec.go.kr/electioninfo/candidate_detail_info.xhtml?electionId=0020260603&huboId=100157857,3건,폭력; 도로교통,,1,폭력:상해; 도로교통:도로교통법
100162859,장태용,국민의힘,시도의원,서울특별시 강동구제6선거구,서울특별시,강동구제6선거구,https://info.nec.go.kr/electioninfo/candidate_detail_info.xhtml?electionId=0020260603&huboId=100162859,1건,음주·위험운전; 도로교통,음주·위험운전,0,음주·위험운전:음주운전; 도로교통:도로교통법
100159007,김충식,국민의힘,시도의원,세종특별자치시 세종특별자치시제1선거구,세종특별자치시,세종특별자치시제1선거구,https://info.nec.go.kr/electioninfo/candidate_detail_info.xhtml?electionId=0020260603&huboId=100159007,1건,,,0,
100155983,윤성규,더불어민주당,시도의원,세종특별자치시 세종특별자치시제2선거구,세종특별자치시,세종특별자치시제2선거구,https://info.nec.go.kr/electioninfo/candidate_detail_info.xhtml?electionId=0020260603&huboId=100155983,1건,음주·위험운전; 도로교통,음주·위험운전,1,음주·위험운전:음주운전; 도로교통:도로교통법
100161805,김광운,국민의힘,시도의원,세종특별자치시 세종특별자치시제2선거구,세종특별자치시,세종특별자치시제2선거구,https://info.nec.go.kr/electioninfo/candidate_detail_info.xhtml?electionId=0020260603&huboId=100161805,2건,교통사고; 보험·금융,,1,교통사고:교통사고처리특례법|교통사고처리특례; 보험·금융:전자금융거래법
100154052,홍순기,조국혁신당,시도의원,세종특별자치시 세종특별자치시제2선거구,세종특별자치시,세종특별자치시제2선거구,https://info.nec.go.kr/electioninfo/candidate_detail_info.xhtml?electionId=0020260603&huboId=100154052,1건,도로교통,,1,도로교통:도로교통법
100161077,김동빈,국민의힘,시도의원,세종특별자치시 세종특별자치시제3선거구,세종특별자치시,세종특별자치시제3선거구,https://info.nec.go.kr/electioninfo/candidate_detail_info.xhtml?electionId=0020260603&huboId=100161077,1건,건축·건설·부동산,,1,건축·건설·부동산:부동산
100162838,노종용,더불어민주당,시도의원,세종특별자치시 세종특별자치시제4선거구,세종특별자치시,세종특별자치시제4선거구,https://info.nec.go.kr/electioninfo/candidate_detail_info.xhtml?electionId=0020260603&huboId=100162838,1건,음주·위험운전; 도로교통,음주·위험운전,0,음주·위험운전:음주운전; 도로교통:도로교통법
100154116,이재준,더불어민주당,시도의원,세종특별자치시 세종특별자치시제11선거구,세종특별자치시,세종특별자치시제11선거구,https://info.nec.go.kr/electioninfo/candidate_detail_info.xhtml?electionId=0020260603&huboId=100154116,1건,음주·위험운전; 도로교통,음주·위험운전,1,음주·위험운전:음주운전; 도로교통:도로교통법
100158768,이계호,자유와혁신,시도의원,세종특별자치시 세종특별자치시제13선거구,세종특별자치시,세종특별자치시제13선거구,https://info.nec.go.kr/electioninfo/candidate_detail_info.xhtml?electionId=0020260603&huboId=100158768,1건,교통사고,,1,교통사고:교통사고처리특례법|교통사고처리특례
100156966,김현미,더불어민주당,시도의원,세종특별자치시 세종특별자치시제14선거구,세종특별자치시,세종특별자치시제14선거구,https://info.nec.go.kr/electioninfo/candidate_detail_info.xhtml?electionId=0020260603&huboId=100156966,1건,음주·위험운전; 도로교통,음주·위험운전,1,음주·위험운전:음주운전; 도로교통:도로교통법
100161825,홍나영,국민의힘,시도의원,세종특별자치시 세종특별자치시제14선거구,세종특별자치시,세종특별자치시제14선거구,https://info.nec.go.kr/electioninfo/candidate_detail_info.xhtml?electionId=0020260603&huboId=100161825,2건,사법방해,,1,사법방해:무고
100160899,김동호,더불어민주당,시도의원,세종특별자치시 세종특별자치시제16선거구,세종특별자치시,세종특별자치시제16선거구,https://info.nec.go.kr/electioninfo/candidate_detail_info.xhtml?electionId=0020260603&huboId=100160899,1건,,,1,
100161579,손일홍,더불어민주당,시도의원,울산광역시 중구제1선거구,울산광역시,중구제1선거구,https://info.nec.go.kr/electioninfo/candidate_detail_info.xhtml?electionId=0020260603&huboId=100161579,1건,교통사고,,1,교통사고:교통사고처리특례법|교통사고처리특례
100161555,권태호,국민의힘,시도의원,울산광역시 중구제1선거구,울산광역시,중구제1선거구,https://info.nec.go.kr/electioninfo/candidate_detail_info.xhtml?electionId=0020260603&huboId=100161555,1건,도로교통,,1,도로교통:도로교통법
100161067,문희성,더불어민주당,시도의원,울산광역시 중구제2선거구,울산광역시,중구제2선거구,https://info.nec.go.kr/electioninfo/candidate_detail_info.xhtml?electionId=0020260603&huboId=100161067,3건,음주·위험운전; 교통사고; 도로교통,음주·위험운전,1,음주·위험운전:음주운전; 교통사고:교통사고처리특례법|교통사고처리특례; 도로교통:도로교통법
100161323,김기환,국민의힘,시도의원,울산광역시 중구제2선거구,울산광역시,중구제2선거구,https://info.nec.go.kr/electioninfo/candidate_detail_info.xhtml?electionId=0020260603&huboId=100161323,4건,공직선거법; 음주·위험운전; 교통사고; 도로교통; 건축·건설·부동산,공직선거법; 음주·위험운전,1,공직선거법:공직선거법; 음주·위험운전:음주운전; 교통사고:교통사고처리특례법|교통사고처리특례; 도로교통:도로교통법; 건축·건설·부동산:산지관리
100162124,천병태,진보당,시도의원,울산광역시 중구제2선거구,울산광역시,중구제2선거구,https://info.nec.go.kr/electioninfo/candidate_detail_info.xhtml?electionId=0020260603&huboId=100162124,2건,폭력; 공무집행방해; 집시법,,1,폭력:폭력행위; 공무집행방해:공무집행방해; 집시법:집회및시위|집회 및 시위
100162641,정재환,더불어민주당,시도의원,울산광역시 중구제3선거구,울산광역시,중구제3선거구,https://info.nec.go.kr/electioninfo/candidate_detail_info.xhtml?electionId=0020260603&huboId=100162641,1건,음주·위험운전; 도로교통,음주·위험운전,1,음주·위험운전:음주운전; 도로교통:도로교통법
100161816,서진수,더불어민주당,시도의원,울산광역시 남구제2선거구,울산광역시,남구제2선거구,https://info.nec.go.kr/electioninfo/candidate_detail_info.xhtml?electionId=0020260603&huboId=100161816,1건,음주·위험운전; 도로교통,음주·위험운전,0,음주·위험운전:음주운전; 도로교통:도로교통법
100161678,안대룡,국민의힘,시도의원,울산광역시 남구제3선거구,울산광역시,남구제3선거구,https://info.nec.go.kr/electioninfo/candidate_detail_info.xhtml?electionId=0020260603&huboId=100161678,1건,음주·위험운전; 도로교통,음주·위험운전,0,음주·위험운전:음주운전; 도로교통:도로교통법
100155095,권수찬,새미래민주당,시도의원,울산광역시 남구제3선거구,울산광역시,남구제3선거구,https://info.nec.go.kr/electioninfo/candidate_detail_info.xhtml?electionId=0020260603&huboId=100155095,1건,,,0,
100162933,김장호,개혁신당,시도의원,울산광역시 남구제4선거구,울산광역시,남구제4선거구,https://info.nec.go.kr/electioninfo/candidate_detail_info.xhtml?electionId=0020260603&huboId=100162933,1건,특가법; 폭력,특가법,1,특가법:특정범죄가중처벌; 폭력:폭행
100162007,김대영,국민의힘,시도의원,울산광역시 남구제5선거구,울산광역시,남구제5선거구,https://info.nec.go.kr/electioninfo/candidate_detail_info.xhtml?electionId=0020260603&huboId=100162007,1건,음주·위험운전; 도로교통,음주·위험운전,1,음주·위험운전:음주운전; 도로교통:도로교통법
100155430,권기백,진보당,시도의원,울산광역시 동구제1선거구,울산광역시,동구제1선거구,https://info.nec.go.kr/electioninfo/candidate_detail_info.xhtml?electionId=0020260603&huboId=100155430,2건,폭력; 공무집행방해; 업무방해; 재물손괴; 주거침입; 집시법,,1,폭력:폭력행위|상해; 공무집행방해:공무집행방해; 업무방해:업무방해; 재물손괴:재물손괴; 주거침입:주거침입; 집시법:집회및시위|집회 및 시위
100155679,노명환,더불어민주당,시도의원,울산광역시 동구제2선거구,울산광역시,동구제2선거구,https://info.nec.go.kr/electioninfo/candidate_detail_info.xhtml?electionId=0020260603&huboId=100155679,2건,음주·위험운전; 폭력; 재물손괴; 도로교통,음주·위험운전,1,음주·위험운전:음주운전; 폭력:상해; 재물손괴:재물손괴; 도로교통:도로교통법
100157289,김형근,더불어민주당,시도의원,울산광역시 동구제3선거구,울산광역시,동구제3선거구,https://info.nec.go.kr/electioninfo/candidate_detail_info.xhtml?electionId=0020260603&huboId=100157289,1건,폭력; 집시법,,1,폭력:폭력행위; 집시법:집회및시위|집회 및 시위
100155434,이은주,진보당,시도의원,울산광역시 동구제3선거구,울산광역시,동구제3선거구,https://info.nec.go.kr/electioninfo/candidate_detail_info.xhtml?electionId=0020260603&huboId=100155434,1건,업무방해,,1,업무방해:업무방해
100160850,김상태,국민의힘,시도의원,울산광역시 북구제1선거구,울산광역시,북구제1선거구,https://info.nec.go.kr/electioninfo/candidate_detail_info.xhtml?electionId=0020260603&huboId=100160850,1건,음주·위험운전; 도로교통,음주·위험운전,1,음주·위험운전:음주운전; 도로교통:도로교통법
100161002,백현조,국민의힘,시도의원,울산광역시 북구제3선거구,울산광역시,북구제3선거구,https://info.nec.go.kr/electioninfo/candidate_detail_info.xhtml?electionId=0020260603&huboId=100161002,1건,도로교통,,1,도로교통:도로교통법
100156280,강진희,진보당,시도의원,울산광역시 북구제3선거구,울산광역시,북구제3선거구,https://info.nec.go.kr/electioninfo/candidate_detail_info.xhtml?electionId=0020260603&huboId=100156280,1건,폭력,,1,폭력:폭행
100159753,서휘웅,더불어민주당,시도의원,울산광역시 울주군제1선거구,울산광역시,울주군제1선거구,https://info.nec.go.kr/electioninfo/candidate_detail_info.xhtml?electionId=0020260603&huboId=100159753,2건,교통사고; 도로교통,,1,교통사고:교통사고처리특례법|교통사고처리특례; 도로교통:도로교통법
100159380,공진혁,국민의힘,시도의원,울산광역시 울주군제1선거구,울산광역시,울주군제1선거구,https://info.nec.go.kr/electioninfo/candidate_detail_info.xhtml?electionId=0020260603&huboId=100159380,2건,폭력; 건축·건설·부동산,,1,폭력:폭력행위; 건축·건설·부동산:건축법
100160714,홍성우,국민의힘,시도의원,울산광역시 울주군제2선거구,울산광역시,울주군제2선거구,https://info.nec.go.kr/electioninfo/candidate_detail_info.xhtml?electionId=0020260603&huboId=100160714,2건,음주·위험운전; 무면허운전; 도로교통,음주·위험운전; 무면허운전,1,음주·위험운전:음주운전; 무면허운전:무면허운전; 도로교통:도로교통법
100155015,조성철,더불어민주당,시도의원,울산광역시 울주군제3선거구,울산광역시,울주군제3선거구,https://info.nec.go.kr/electioninfo/candidate_detail_info.xhtml?electionId=0020260603&huboId=100155015,1건,음주·위험운전; 도로교통,음주·위험운전,1,음주·위험운전:음주운전; 도로교통:도로교통법
100157817,김종훈,국민의힘,시도의원,울산광역시 울주군제3선거구,울산광역시,울주군제3선거구,https://info.nec.go.kr/electioninfo/candidate_detail_info.xhtml?electionId=0020260603&huboId=100157817,1건,음주·위험운전; 도로교통,음주·위험운전,1,음주·위험운전:음주운전; 도로교통:도로교통법
100158972,김광호,더불어민주당,시도의원,인천광역시 영종구제1선거구,인천광역시,영종구제1선거구,https://info.nec.go.kr/electioninfo/candidate_detail_info.xhtml?electionId=0020260603&huboId=100158972,1건,음주·위험운전; 도로교통,음주·위험운전,1,음주·위험운전:음주운전; 도로교통:도로교통법
100156273,김광훈,더불어민주당,시도의원,인천광역시 영종구제2선거구,인천광역시,영종구제2선거구,https://info.nec.go.kr/electioninfo/candidate_detail_info.xhtml?electionId=0020260603&huboId=100156273,1건,공직선거법; 음주·위험운전; 도로교통,공직선거법; 음주·위험운전,1,공직선거법:공직선거법; 음주·위험운전:음주운전; 도로교통:도로교통법
100157155,임옥주,국민의힘,시도의원,인천광역시 영종구제2선거구,인천광역시,영종구제2선거구,https://info.nec.go.kr/electioninfo/candidate_detail_info.xhtml?electionId=0020260603&huboId=100157155,1건,,,0,
100156960,최백규,국민의힘,시도의원,인천광역시 미추홀구제1선거구,인천광역시,미추홀구제1선거구,https://info.nec.go.kr/electioninfo/candidate_detail_info.xhtml?electionId=0020260603&huboId=100156960,2건,식품·보건,,1,식품·보건:의료법
100161424,김태계,국민의힘,시도의원,인천광역시 미추홀구제3선거구,인천광역시,미추홀구제3선거구,https://info.nec.go.kr/electioninfo/candidate_detail_info.xhtml?electionId=0020260603&huboId=100161424,3건,음주·위험운전; 업무방해; 도로교통,음주·위험운전,1,음주·위험운전:음주운전; 업무방해:업무방해; 도로교통:도로교통법
100163125,정해권,국민의힘,시도의원,인천광역시 연수구제1선거구,인천광역시,연수구제1선거구,https://info.nec.go.kr/electioninfo/candidate_detail_info.xhtml?electionId=0020260603&huboId=100163125,1건,,,0,
100154336,황규진,더불어민주당,시도의원,인천광역시 남동구제1선거구,인천광역시,남동구제1선거구,https://info.nec.go.kr/electioninfo/candidate_detail_info.xhtml?electionId=0020260603&huboId=100154336,1건,음주·위험운전; 도로교통,음주·위험운전,1,음주·위험운전:음주운전; 도로교통:도로교통법
100155090,노경진,진보당,시도의원,인천광역시 남동구제3선거구,인천광역시,남동구제3선거구,https://info.nec.go.kr/electioninfo/candidate_detail_info.xhtml?electionId=0020260603&huboId=100155090,2건,폭력; 공무집행방해; 도로교통; 국가보안법; 집시법; 명예훼손,,1,폭력:폭력행위; 공무집행방해:공무집행방해; 도로교통:도로교통법|도로법|일반교통방해; 국가보안법:국가보안법; 집시법:집회및시위|집회 및 시위; 명예훼손:명예훼손
100163347,신동섭,국민의힘,시도의원,인천광역시 남동구제4선거구,인천광역시,남동구제4선거구,https://info.nec.go.kr/electioninfo/candidate_detail_info.xhtml?electionId=0020260603&huboId=100163347,2건,도로교통,,1,도로교통:도로교통법
100162077,이명규,국민의힘,시도의원,인천광역시 부평구제1선거구,인천광역시,부평구제1선거구,https://info.nec.go.kr/electioninfo/candidate_detail_info.xhtml?electionId=0020260603&huboId=100162077,1건,도로교통,,1,도로교통:도로교통법
100160627,김일환,국민의힘,시도의원,인천광역시 부평구제2선거구,인천광역시,부평구제2선거구,https://info.nec.go.kr/electioninfo/candidate_detail_info.xhtml?electionId=0020260603&huboId=100160627,3건,음주·위험운전; 무면허운전; 도로교통,음주·위험운전; 무면허운전,1,음주·위험운전:음주운전; 무면허운전:무면허운전; 도로교통:도로교통법
100156489,노태손,더불어민주당,시도의원,인천광역시 부평구제3선거구,인천광역시,부평구제3선거구,https://info.nec.go.kr/electioninfo/candidate_detail_info.xhtml?electionId=0020260603&huboId=100156489,1건,음주·위험운전; 도로교통,음주·위험운전,1,음주·위험운전:음주운전; 도로교통:도로교통법
100161927,정지용,국민의힘,시도의원,인천광역시 부평구제3선거구,인천광역시,부평구제3선거구,https://info.nec.go.kr/electioninfo/candidate_detail_info.xhtml?electionId=0020260603&huboId=100161927,1건,음주·위험운전; 도로교통,음주·위험운전,1,음주·위험운전:음주운전; 도로교통:도로교통법
100158141,박종혁,더불어민주당,시도의원,인천광역시 부평구제6선거구,인천광역시,부평구제6선거구,https://info.nec.go.kr/electioninfo/candidate_detail_info.xhtml?electionId=0020260603&huboId=100158141,1건,음주·위험운전; 도로교통,음주·위험운전,1,음주·위험운전:음주운전; 도로교통:도로교통법
100156952,김보성,국민의힘,시도의원,인천광역시 계양구제1선거구,인천광역시,계양구제1선거구,https://info.nec.go.kr/electioninfo/candidate_detail_info.xhtml?electionId=0020260603&huboId=100156952,3건,폭력; 도로교통,,3,폭력:폭력행위; 도로교통:도로교통법
100163342,황순남,국민의힘,시도의원,인천광역시 계양구제2선거구,인천광역시,계양구제2선거구,https://info.nec.go.kr/electioninfo/candidate_detail_info.xhtml?electionId=0020260603&huboId=100163342,3건,음주·위험운전; 폭력; 도로교통,음주·위험운전,0,음주·위험운전:음주운전; 폭력:폭력행위; 도로교통:도로교통법
100162630,석정규,더불어민주당,시도의원,인천광역시 계양구제3선거구,인천광역시,계양구제3선거구,https://info.nec.go.kr/electioninfo/candidate_detail_info.xhtml?electionId=0020260603&huboId=100162630,1건,음주·위험운전; 도로교통,음주·위험운전,1,음주·위험운전:음주운전; 도로교통:도로교통법
100161357,이정호,국민의힘,시도의원,인천광역시 계양구제4선거구,인천광역시,계양구제4선거구,https://info.nec.go.kr/electioninfo/candidate_detail_info.xhtml?electionId=0020260603&huboId=100161357,1건,공무집행방해,,1,공무집행방해:공무집행방해
100161221,이용창,국민의힘,시도의원,인천광역시 서구제2선거구,인천광역시,서구제2선거구,https://info.nec.go.kr/electioninfo/candidate_detail_info.xhtml?electionId=0020260603&huboId=100161221,1건,음주·위험운전; 도로교통,음주·위험운전,0,음주·위험운전:음주운전; 도로교통:도로교통법
100155650,최병은,더불어민주당,시도의원,인천광역시 서구제3선거구,인천광역시,서구제3선거구,https://info.nec.go.kr/electioninfo/candidate_detail_info.xhtml?electionId=0020260603&huboId=100155650,1건,공무집행방해,,1,공무집행방해:공무집행방해
100161549,전재운,더불어민주당,시도의원,인천광역시 서구제4선거구,인천광역시,서구제4선거구,https://info.nec.go.kr/electioninfo/candidate_detail_info.xhtml?electionId=0020260603&huboId=100161549,3건,사기; 음주·위험운전; 도로교통,사기; 음주·위험운전,1,사기:사기; 음주·위험운전:음주운전; 도로교통:도로교통법
100162815,김명주,더불어민주당,시도의원,인천광역시 검단구제1선거구,인천광역시,검단구제1선거구,https://info.nec.go.kr/electioninfo/candidate_detail_info.xhtml?electionId=0020260603&huboId=100162815,2건,음주·위험운전; 도로교통,음주·위험운전,1,음주·위험운전:음주운전; 도로교통:도로교통법
100161542,원정식,국민의힘,시도의원,인천광역시 검단구제1선거구,인천광역시,검단구제1선거구,https://info.nec.go.kr/electioninfo/candidate_detail_info.xhtml?electionId=0020260603&huboId=100161542,1건,절도,절도,1,절도:절도
100162339,신충식,무소속,시도의원,인천광역시 검단구제2선거구,인천광역시,검단구제2선거구,https://info.nec.go.kr/electioninfo/candidate_detail_info.xhtml?electionId=0020260603&huboId=100162339,1건,폭력,,1,폭력:폭력행위
100157307,양인모,더불어민주당,시도의원,인천광역시 검단구제3선거구,인천광역시,검단구제3선거구,https://info.nec.go.kr/electioninfo/candidate_detail_info.xhtml?electionId=0020260603&huboId=100157307,1건,음주·위험운전; 도로교통,음주·위험운전,0,음주·위험운전:음주운전; 도로교통:도로교통법
100162019,주현석,국민의힘,시도의원,인천광역시 검단구제3선거구,인천광역시,검단구제3선거구,https://info.nec.go.kr/electioninfo/candidate_detail_info.xhtml?electionId=0020260603&huboId=100162019,3건,음주·위험운전; 교통사고; 도로교통,음주·위험운전,1,음주·위험운전:음주운전; 교통사고:교통사고처리특례법|교통사고처리특례; 도로교통:도로교통법
100161042,정성용,노동당,시도의원,인천광역시 검단구제3선거구,인천광역시,검단구제3선거구,https://info.nec.go.kr/electioninfo/candidate_detail_info.xhtml?electionId=0020260603&huboId=100161042,2건,도로교통; 집시법,,1,도로교통:일반교통방해; 집시법:집회및시위|집회 및 시위
100163520,이병도,더불어민주당,시도의원,전북특별자치도 전주시제1선거구,전북특별자치도,전주시제1선거구,https://info.nec.go.kr/electioninfo/candidate_detail_info.xhtml?electionId=0020260603&huboId=100163520,1건,폭력,,1,폭력:폭력행위
100164396,정종복,더불어민주당,시도의원,전북특별자치도 전주시제3선거구,전북특별자치도,전주시제3선거구,https://info.nec.go.kr/electioninfo/candidate_detail_info.xhtml?electionId=0020260603&huboId=100164396,1건,자동차관리,,1,자동차관리:자동차관리법
100156068,장연국,더불어민주당,시도의원,전북특별자치도 전주시제4선거구,전북특별자치도,전주시제4선거구,https://info.nec.go.kr/electioninfo/candidate_detail_info.xhtml?electionId=0020260603&huboId=100156068,1건,,,1,
100157496,박형배,더불어민주당,시도의원,전북특별자치도 전주시제7선거구,전북특별자치도,전주시제7선거구,https://info.nec.go.kr/electioninfo/candidate_detail_info.xhtml?electionId=0020260603&huboId=100157496,1건,식품·보건,,0,식품·보건:감염병
100162042,이명연,더불어민주당,시도의원,전북특별자치도 전주시제10선거구,전북특별자치도,전주시제10선거구,https://info.nec.go.kr/electioninfo/candidate_detail_info.xhtml?electionId=0020260603&huboId=100162042,2건,음주·위험운전; 도로교통,음주·위험운전,1,음주·위험운전:음주운전; 도로교통:도로교통법
100157972,김남규,더불어민주당,시도의원,전북특별자치도 전주시제11선거구,전북특별자치도,전주시제11선거구,https://info.nec.go.kr/electioninfo/candidate_detail_info.xhtml?electionId=0020260603&huboId=100157972,1건,도로교통,,1,도로교통:도로교통법
100154410,노경만,더불어민주당,시도의원,전북특별자치도 전주시제12선거구,전북특별자치도,전주시제12선거구,https://info.nec.go.kr/electioninfo/candidate_detail_info.xhtml?electionId=0020260603&huboId=100154410,1건,도로교통,,1,도로교통:도로교통법
100162312,강태창,더불어민주당,시도의원,전북특별자치도 군산시제1선거구,전북특별자치도,군산시제1선거구,https://info.nec.go.kr/electioninfo/candidate_detail_info.xhtml?electionId=0020260603&huboId=100162312,1건,명예훼손,,1,명예훼손:명예훼손
100159065,나기학,조국혁신당,시도의원,전북특별자치도 군산시제1선거구,전북특별자치도,군산시제1선거구,https://info.nec.go.kr/electioninfo/candidate_detail_info.xhtml?electionId=0020260603&huboId=100159065,2건,음주·위험운전; 도로교통,음주·위험운전,1,음주·위험운전:음주운전; 도로교통:도로교통법
100157378,안근,조국혁신당,시도의원,전북특별자치도 군산시제2선거구,전북특별자치도,군산시제2선거구,https://info.nec.go.kr/electioninfo/candidate_detail_info.xhtml?electionId=0020260603&huboId=100157378,1건,,,0,
100154283,한준희,더불어민주당,시도의원,전북특별자치도 군산시제4선거구,전북특별자치도,군산시제4선거구,https://info.nec.go.kr/electioninfo/candidate_detail_info.xhtml?electionId=0020260603&huboId=100154283,1건,교통사고,,1,교통사고:교통사고처리특례법|교통사고처리특례
100162867,최종오,더불어민주당,시도의원,전북특별자치도 익산시제1선거구,전북특별자치도,익산시제1선거구,https://info.nec.go.kr/electioninfo/candidate_detail_info.xhtml?electionId=0020260603&huboId=100162867,2건,음주·위험운전; 무면허운전; 도로교통,음주·위험운전; 무면허운전,1,음주·위험운전:음주운전; 무면허운전:무면허운전; 도로교통:도로교통법
100157639,조은희,더불어민주당,시도의원,전북특별자치도 익산시제2선거구,전북특별자치도,익산시제2선거구,https://info.nec.go.kr/electioninfo/candidate_detail_info.xhtml?electionId=0020260603&huboId=100157639,1건,교통사고,,1,교통사고:교통사고처리특례법|교통사고처리특례
100157420,김경진,더불어민주당,시도의원,전북특별자치도 익산시제3선거구,전북특별자치도,익산시제3선거구,https://info.nec.go.kr/electioninfo/candidate_detail_info.xhtml?electionId=0020260603&huboId=100157420,1건,음주·위험운전; 도로교통,음주·위험운전,1,음주·위험운전:음주운전; 도로교통:도로교통법
100154075,임승식,더불어민주당,시도의원,전북특별자치도 정읍시제1선거구,전북특별자치도,정읍시제1선거구,https://info.nec.go.kr/electioninfo/candidate_detail_info.xhtml?electionId=0020260603&huboId=100154075,1건,사기,사기,1,사기:사기
100156407,강용구,조국혁신당,시도의원,전북특별자치도 남원시제2선거구,전북특별자치도,남원시제2선거구,https://info.nec.go.kr/electioninfo/candidate_detail_info.xhtml?electionId=0020260603&huboId=100156407,2건,도로교통,,1,도로교통:도로교통법
100157704,권요안,더불어민주당,시도의원,전북특별자치도 완주군제2선거구,전북특별자치도,완주군제2선거구,https://info.nec.go.kr/electioninfo/candidate_detail_info.xhtml?electionId=0020260603&huboId=100157704,1건,음주·위험운전; 도로교통,음주·위험운전,1,음주·위험운전:음주운전; 도로교통:도로교통법
100157651,전용태,더불어민주당,시도의원,전북특별자치도 진안군선거구,전북특별자치도,진안군선거구,https://info.nec.go.kr/electioninfo/candidate_detail_info.xhtml?electionId=0020260603&huboId=100157651,1건,공직선거법,공직선거법,1,공직선거법:공직선거법
100163634,박석주,무소속,시도의원,전북특별자치도 진안군선거구,전북특별자치도,진안군선거구,https://info.nec.go.kr/electioninfo/candidate_detail_info.xhtml?electionId=0020260603&huboId=100163634,2건,보험·금융; 폭력,,0,보험·금융:부정수표단속법; 폭력:폭력행위
100154456,유송열,더불어민주당,시도의원,전북특별자치도 무주군선거구,전북특별자치도,무주군선거구,https://info.nec.go.kr/electioninfo/candidate_detail_info.xhtml?electionId=0020260603&huboId=100154456,1건,교통사고,,1,교통사고:교동사고
100160395,장정복,더불어민주당,시도의원,전북특별자치도 장수군선거구,전북특별자치도,장수군선거구,https://info.nec.go.kr/electioninfo/candidate_detail_info.xhtml?electionId=0020260603&huboId=100160395,1건,,,0,
100160475,박정규,더불어민주당,시도의원,전북특별자치도 임실군선거구,전북특별자치도,임실군선거구,https://info.nec.go.kr/electioninfo/candidate_detail_info.xhtml?electionId=0020260603&huboId=100160475,1건,교통사고,,1,교통사고:교통사고처리특례법|교통사고처리특례
100157487,김철호,기본소득당,시도의원,전북특별자치도 임실군선거구,전북특별자치도,임실군선거구,https://info.nec.go.kr/electioninfo/candidate_detail_info.xhtml?electionId=0020260603&huboId=100157487,1건,교통사고,,1,교통사고:교통사고처리특례법|교통사고처리특례
100155188,장승필,더불어민주당,시도의원,전북특별자치도 순창군선거구,전북특별자치도,순창군선거구,https://info.nec.go.kr/electioninfo/candidate_detail_info.xhtml?electionId=0020260603&huboId=100155188,1건,음주·위험운전; 도로교통,음주·위험운전,1,음주·위험운전:음주운전; 도로교통:도로교통법
100165631,강윤경,무소속,시도의원,전북특별자치도 순창군선거구,전북특별자치도,순창군선거구,https://info.nec.go.kr/electioninfo/candidate_detail_info.xhtml?electionId=0020260603&huboId=100165631,2건,공직선거법; 음주·위험운전; 도로교통,공직선거법; 음주·위험운전,1,공직선거법:공직선거법; 음주·위험운전:음주운전; 도로교통:도로교통법
100154144,김정강,더불어민주당,시도의원,전북특별자치도 고창군제2선거구,전북특별자치도,고창군제2선거구,https://info.nec.go.kr/electioninfo/candidate_detail_info.xhtml?electionId=0020260603&huboId=100154144,2건,도로교통,,1,도로교통:도로교통법
100163985,김동선,무소속,시도의원,전북특별자치도 부안군선거구,전북특별자치도,부안군선거구,https://info.nec.go.kr/electioninfo/candidate_detail_info.xhtml?electionId=0020260603&huboId=100163985,3건,배임; 음주·위험운전; 무면허운전; 도로교통,배임; 음주·위험운전; 무면허운전,2,배임:배임; 음주·위험운전:음주운전; 무면허운전:무면허운전; 도로교통:도로교통법
100156369,윤용팔,국민의힘,시도의원,제주특별자치도 제주특별자치도 제주시 삼도1동·삼도2동선거구,제주특별자치도,제주특별자치도 제주시 삼도1동·삼도2동선거구,https://info.nec.go.kr/electioninfo/candidate_detail_info.xhtml?electionId=0020260603&huboId=100156369,1건,도로교통,,1,도로교통:도로교통법
100155671,박안수,더불어민주당,시도의원,제주특별자치도 제주특별자치도 제주시 삼양동·봉개동선거구,제주특별자치도,제주특별자치도 제주시 삼양동·봉개동선거구,https://info.nec.go.kr/electioninfo/candidate_detail_info.xhtml?electionId=0020260603&huboId=100155671,2건,음주·위험운전; 도로교통,음주·위험운전,1,음주·위험운전:음주운전; 도로교통:도로교통법
100154766,김봉현,더불어민주당,시도의원,제주특별자치도 제주특별자치도 제주시 아라동갑선거구,제주특별자치도,제주특별자치도 제주시 아라동갑선거구,https://info.nec.go.kr/electioninfo/candidate_detail_info.xhtml?electionId=0020260603&huboId=100154766,1건,음주·위험운전; 도로교통,음주·위험운전,1,음주·위험운전:음주운전; 도로교통:도로교통법
100154851,정현철,더불어민주당,시도의원,제주특별자치도 제주특별자치도 제주시 아라동을선거구,제주특별자치도,제주특별자치도 제주시 아라동을선거구,https://info.nec.go.kr/electioninfo/candidate_detail_info.xhtml?electionId=0020260603&huboId=100154851,1건,음주·위험운전; 도로교통,음주·위험운전,1,음주·위험운전:음주운전; 도로교통:도로교통법
100161320,양영수,진보당,시도의원,제주특별자치도 제주특별자치도 제주시 아라동을선거구,제주특별자치도,제주특별자치도 제주시 아라동을선거구,https://info.nec.go.kr/electioninfo/candidate_detail_info.xhtml?electionId=0020260603&huboId=100161320,1건,음주·위험운전; 도로교통,음주·위험운전,1,음주·위험운전:음주운전; 도로교통:도로교통법
100154850,부람준,진보당,시도의원,제주특별자치도 제주특별자치도 제주시 오라동선거구,제주특별자치도,제주특별자치도 제주시 오라동선거구,https://info.nec.go.kr/electioninfo/candidate_detail_info.xhtml?electionId=0020260603&huboId=100154850,6건,허위공문서·문서위조·공용서류; 음주·위험운전; 폭력; 도로교통,허위공문서·문서위조·공용서류; 음주·위험운전,6,허위공문서·문서위조·공용서류:사문서|위조; 음주·위험운전:음주운전; 폭력:상해; 도로교통:도로교통법
100162383,양경호,더불어민주당,시도의원,제주특별자치도 제주특별자치도 제주시 노형동갑선거구,제주특별자치도,제주특별자치도 제주시 노형동갑선거구,https://info.nec.go.kr/electioninfo/candidate_detail_info.xhtml?electionId=0020260603&huboId=100162383,3건,공직선거법,공직선거법,2,공직선거법:공직선거법
100161354,김세훈,국민의힘,시도의원,제주특별자치도 제주특별자치도 제주시 노형동갑선거구,제주특별자치도,제주특별자치도 제주시 노형동갑선거구,https://info.nec.go.kr/electioninfo/candidate_detail_info.xhtml?electionId=0020260603&huboId=100161354,1건,,,0,
100154720,고민수,무소속,시도의원,제주특별자치도 제주특별자치도 제주시 노형동을선거구,제주특별자치도,제주특별자치도 제주시 노형동을선거구,https://info.nec.go.kr/electioninfo/candidate_detail_info.xhtml?electionId=0020260603&huboId=100154720,1건,,,0,
100156605,양해두,개혁신당,시도의원,제주특별자치도 제주특별자치도 제주시 외도동·이호동·도두동선거구,제주특별자치도,제주특별자치도 제주시 외도동·이호동·도두동선거구,https://info.nec.go.kr/electioninfo/candidate_detail_info.xhtml?electionId=0020260603&huboId=100156605,1건,사기,사기,1,사기:사기
100154788,김형미,진보당,시도의원,제주특별자치도 제주특별자치도 제주시 외도동·이호동·도두동선거구,제주특별자치도,제주특별자치도 제주시 외도동·이호동·도두동선거구,https://info.nec.go.kr/electioninfo/candidate_detail_info.xhtml?electionId=0020260603&huboId=100154788,1건,허위공문서·문서위조·공용서류,허위공문서·문서위조·공용서류,1,허위공문서·문서위조·공용서류:사문서|위조
100161045,강봉직,더불어민주당,시도의원,제주특별자치도 제주특별자치도 제주시 애월읍을선거구,제주특별자치도,제주특별자치도 제주시 애월읍을선거구,https://info.nec.go.kr/electioninfo/candidate_detail_info.xhtml?electionId=0020260603&huboId=100161045,1건,,,0,
100155623,부지성,무소속,시도의원,제주특별자치도 제주특별자치도 제주시 구좌읍·우도면선거구,제주특별자치도,제주특별자치도 제주시 구좌읍·우도면선거구,https://info.nec.go.kr/electioninfo/candidate_detail_info.xhtml?electionId=0020260603&huboId=100155623,3건,폭력; 건축·건설·부동산,,1,폭력:폭력행위; 건축·건설·부동산:산지관리
100161799,김승준,더불어민주당,시도의원,제주특별자치도 제주특별자치도 제주시 한경면·추자면선거구,제주특별자치도,제주특별자치도 제주시 한경면·추자면선거구,https://info.nec.go.kr/electioninfo/candidate_detail_info.xhtml?electionId=0020260603&huboId=100161799,1건,폭력,,1,폭력:상해
100156123,오정훈,더불어민주당,시도의원,제주특별자치도 제주특별자치도 서귀포시 송산동·효돈동·영천동선거구,제주특별자치도,제주특별자치도 서귀포시 송산동·효돈동·영천동선거구,https://info.nec.go.kr/electioninfo/candidate_detail_info.xhtml?electionId=0020260603&huboId=100156123,4건,음주·위험운전; 폭력; 재물손괴; 도로교통,음주·위험운전,1,음주·위험운전:음주운전; 폭력:폭력행위|폭행|상해; 재물손괴:재물손괴; 도로교통:도로교통법
100160280,강충룡,국민의힘,시도의원,제주특별자치도 제주특별자치도 서귀포시 송산동·효돈동·영천동선거구,제주특별자치도,제주특별자치도 서귀포시 송산동·효돈동·영천동선거구,https://info.nec.go.kr/electioninfo/candidate_detail_info.xhtml?electionId=0020260603&huboId=100160280,1건,,,0,
100155923,오현승,국민의힘,시도의원,제주특별자치도 제주특별자치도 서귀포시 동홍동선거구,제주특별자치도,제주특별자치도 서귀포시 동홍동선거구,https://info.nec.go.kr/electioninfo/candidate_detail_info.xhtml?electionId=0020260603&huboId=100155923,1건,,,0,
100159022,이정엽,국민의힘,시도의원,제주특별자치도 제주특별자치도 서귀포시 대륜동선거구,제주특별자치도,제주특별자치도 서귀포시 대륜동선거구,https://info.nec.go.kr/electioninfo/candidate_detail_info.xhtml?electionId=0020260603&huboId=100159022,1건,,,0,
100156351,이경철,더불어민주당,시도의원,제주특별자치도 제주특별자치도 서귀포시 대정읍선거구,제주특별자치도,제주특별자치도 서귀포시 대정읍선거구,https://info.nec.go.kr/electioninfo/candidate_detail_info.xhtml?electionId=0020260603&huboId=100156351,4건,음주·위험운전; 무면허운전; 도로교통,음주·위험운전; 무면허운전,1,음주·위험운전:음주운전; 무면허운전:무면허운전; 도로교통:도로교통법
100162938,이향,국민의힘,시도의원,제주특별자치도 제주특별자치도 서귀포시 대정읍선거구,제주특별자치도,제주특별자치도 서귀포시 대정읍선거구,https://info.nec.go.kr/electioninfo/candidate_detail_info.xhtml?electionId=0020260603&huboId=100162938,1건,,,0,
100161116,하성용,더불어민주당,시도의원,제주특별자치도 제주특별자치도 서귀포시 안덕면선거구,제주특별자치도,제주특별자치도 서귀포시 안덕면선거구,https://info.nec.go.kr/electioninfo/candidate_detail_info.xhtml?electionId=0020260603&huboId=100161116,1건,폭력,,1,폭력:상해
100158546,조훈배,국민의힘,시도의원,제주특별자치도 제주특별자치도 서귀포시 안덕면선거구,제주특별자치도,제주특별자치도 서귀포시 안덕면선거구,https://info.nec.go.kr/electioninfo/candidate_detail_info.xhtml?electionId=0020260603&huboId=100158546,3건,공직선거법; 교통사고; 도로교통; 건축·건설·부동산,공직선거법,1,공직선거법:공직선거법; 교통사고:교통사고처리특례법|교통사고처리특례; 도로교통:도로교통법; 건축·건설·부동산:산지관리
100157777,현경주,국민의힘,시도의원,제주특별자치도 제주특별자치도 서귀포시 표선면선거구,제주특별자치도,제주특별자치도 서귀포시 표선면선거구,https://info.nec.go.kr/electioninfo/candidate_detail_info.xhtml?electionId=0020260603&huboId=100157777,1건,도로교통,,0,도로교통:도로교통법
100161821,이병하,더불어민주당,시도의원,충청남도 천안시제2선거구,충청남도,천안시제2선거구,https://info.nec.go.kr/electioninfo/candidate_detail_info.xhtml?electionId=0020260603&huboId=100161821,1건,폭력,,1,폭력:상해
100154324,정병기,더불어민주당,시도의원,충청남도 천안시제3선거구,충청남도,천안시제3선거구,https://info.nec.go.kr/electioninfo/candidate_detail_info.xhtml?electionId=0020260603&huboId=100154324,2건,보험·금융,,1,보험·금융:부정수표단속법
100161163,김은주,국민의힘,시도의원,충청남도 천안시제4선거구,충청남도,천안시제4선거구,https://info.nec.go.kr/electioninfo/candidate_detail_info.xhtml?electionId=0020260603&huboId=100161163,1건,식품·보건,,1,식품·보건:공중위생관리법
100161735,이상구,국민의힘,시도의원,충청남도 천안시제6선거구,충청남도,천안시제6선거구,https://info.nec.go.kr/electioninfo/candidate_detail_info.xhtml?electionId=0020260603&huboId=100161735,2건,음주·위험운전; 무면허운전; 도로교통,음주·위험운전; 무면허운전,0,음주·위험운전:음주운전; 무면허운전:무면허운전; 도로교통:도로교통법
100163397,강문식,국민의힘,시도의원,충청남도 천안시제8선거구,충청남도,천안시제8선거구,https://info.nec.go.kr/electioninfo/candidate_detail_info.xhtml?electionId=0020260603&huboId=100163397,1건,,,0,
100156927,김은나,더불어민주당,시도의원,충청남도 천안시제11선거구,충청남도,천안시제11선거구,https://info.nec.go.kr/electioninfo/candidate_detail_info.xhtml?electionId=0020260603&huboId=100156927,1건,,,0,
100155328,최훈,더불어민주당,시도의원,충청남도 공주시제1선거구,충청남도,공주시제1선거구,https://info.nec.go.kr/electioninfo/candidate_detail_info.xhtml?electionId=0020260603&huboId=100155328,3건,무면허운전; 도로교통; 교육·청소년,무면허운전,0,무면허운전:무면허운전; 도로교통:도로교통법; 교육·청소년:청소년보호법
100155229,권흥길,더불어민주당,시도의원,충청남도 공주시제2선거구,충청남도,공주시제2선거구,https://info.nec.go.kr/electioninfo/candidate_detail_info.xhtml?electionId=0020260603&huboId=100155229,1건,교통사고,,1,교통사고:교통사고처리특례법|교통사고처리특례
100160513,박기영,국민의힘,시도의원,충청남도 공주시제2선거구,충청남도,공주시제2선거구,https://info.nec.go.kr/electioninfo/candidate_detail_info.xhtml?electionId=0020260603&huboId=100160513,1건,도로교통,,0,도로교통:도로교통법
100155149,김영권,더불어민주당,시도의원,충청남도 아산시제1선거구,충청남도,아산시제1선거구,https://info.nec.go.kr/electioninfo/candidate_detail_info.xhtml?electionId=0020260603&huboId=100155149,1건,보험·금융,,1,보험·금융:자동차손해배상보장법
100158063,박정식,국민의힘,시도의원,충청남도 아산시제1선거구,충청남도,아산시제1선거구,https://info.nec.go.kr/electioninfo/candidate_detail_info.xhtml?electionId=0020260603&huboId=100158063,2건,음주·위험운전; 교통사고; 도로교통,음주·위험운전,1,음주·위험운전:음주운전; 교통사고:교통사고처리특례법|교통사고처리특례; 도로교통:도로교통법
100162122,김응규,국민의힘,시도의원,충청남도 아산시제2선거구,충청남도,아산시제2선거구,https://info.nec.go.kr/electioninfo/candidate_detail_info.xhtml?electionId=0020260603&huboId=100162122,1건,음주·위험운전; 도로교통,음주·위험운전,1,음주·위험운전:음주운전; 도로교통:도로교통법
100154802,이의상,국민의힘,시도의원,충청남도 아산시제3선거구,충청남도,아산시제3선거구,https://info.nec.go.kr/electioninfo/candidate_detail_info.xhtml?electionId=0020260603&huboId=100154802,2건,교통사고; 도로교통; 식품·보건,,1,교통사고:교통사고처리특례; 도로교통:도로교통법; 식품·보건:식품위생법
100162117,손도신,국민의힘,시도의원,충청남도 아산시제4선거구,충청남도,아산시제4선거구,https://info.nec.go.kr/electioninfo/candidate_detail_info.xhtml?electionId=0020260603&huboId=100162117,2건,도로교통,,1,도로교통:도로교통법
100161159,김옥수,국민의힘,시도의원,충청남도 서산시제1선거구,충청남도,서산시제1선거구,https://info.nec.go.kr/electioninfo/candidate_detail_info.xhtml?electionId=0020260603&huboId=100161159,3건,환경; 농수산,,1,환경:수질; 농수산:농수산물의원산지표시|원산지표시
100162792,김일환,무소속,시도의원,충청남도 서산시제1선거구,충청남도,서산시제1선거구,https://info.nec.go.kr/electioninfo/candidate_detail_info.xhtml?electionId=0020260603&huboId=100162792,1건,사기,사기,1,사기:사기
100157257,장승재,더불어민주당,시도의원,충청남도 서산시제2선거구,충청남도,서산시제2선거구,https://info.nec.go.kr/electioninfo/candidate_detail_info.xhtml?electionId=0020260603&huboId=100157257,1건,도로교통,,1,도로교통:도로교통법
100156187,김영수,더불어민주당,시도의원,충청남도 서산시제3선거구,충청남도,서산시제3선거구,https://info.nec.go.kr/electioninfo/candidate_detail_info.xhtml?electionId=0020260603&huboId=100156187,2건,허위공문서·문서위조·공용서류; 폭력,허위공문서·문서위조·공용서류,0,허위공문서·문서위조·공용서류:공무상표시무효; 폭력:폭력행위|상해
100156216,이재운,국민의힘,시도의원,충청남도 계룡시선거구,충청남도,계룡시선거구,https://info.nec.go.kr/electioninfo/candidate_detail_info.xhtml?electionId=0020260603&huboId=100156216,2건,,,0,
100161657,김봉균,더불어민주당,시도의원,충청남도 당진시제1선거구,충청남도,당진시제1선거구,https://info.nec.go.kr/electioninfo/candidate_detail_info.xhtml?electionId=0020260603&huboId=100161657,1건,음주·위험운전; 도로교통,음주·위험운전,1,음주·위험운전:음주운전; 도로교통:도로교통법
100161835,이철수,국민의힘,시도의원,충청남도 당진시제1선거구,충청남도,당진시제1선거구,https://info.nec.go.kr/electioninfo/candidate_detail_info.xhtml?electionId=0020260603&huboId=100161835,1건,공직선거법,공직선거법,1,공직선거법:공직선거법
100158121,이해선,국민의힘,시도의원,충청남도 당진시제2선거구,충청남도,당진시제2선거구,https://info.nec.go.kr/electioninfo/candidate_detail_info.xhtml?electionId=0020260603&huboId=100158121,1건,도로교통,,1,도로교통:도로교통법
100155455,조재환,국민의힘,시도의원,충청남도 금산군제1선거구,충청남도,금산군제1선거구,https://info.nec.go.kr/electioninfo/candidate_detail_info.xhtml?electionId=0020260603&huboId=100155455,1건,횡령,횡령,1,횡령:횡령
100162589,정옥균,더불어민주당,시도의원,충청남도 금산군제2선거구,충청남도,금산군제2선거구,https://info.nec.go.kr/electioninfo/candidate_detail_info.xhtml?electionId=0020260603&huboId=100162589,1건,음주·위험운전; 도로교통,음주·위험운전,1,음주·위험운전:음주운전; 도로교통:도로교통법
100155182,김의현,더불어민주당,시도의원,충청남도 부여군제2선거구,충청남도,부여군제2선거구,https://info.nec.go.kr/electioninfo/candidate_detail_info.xhtml?electionId=0020260603&huboId=100155182,2건,교통사고; 교육·청소년,,1,교통사고:교통사고처리특례법|교통사고처리특례; 교육·청소년:청소년보호법
100159981,김영춘,국민의힘,시도의원,충청남도 부여군제2선거구,충청남도,부여군제2선거구,https://info.nec.go.kr/electioninfo/candidate_detail_info.xhtml?electionId=0020260603&huboId=100159981,1건,,,1,
100158217,나주하,국민의힘,시도의원,충청남도 서천군제2선거구,충청남도,서천군제2선거구,https://info.nec.go.kr/electioninfo/candidate_detail_info.xhtml?electionId=0020260603&huboId=100158217,1건,,,0,
100154093,심우성,국민의힘,시도의원,충청남도 청양군선거구,충청남도,청양군선거구,https://info.nec.go.kr/electioninfo/candidate_detail_info.xhtml?electionId=0020260603&huboId=100154093,1건,교통사고,,1,교통사고:교통사고처리특례법|교통사고처리특례
100162570,장재석,국민의힘,시도의원,충청남도 홍성군제2선거구,충청남도,홍성군제2선거구,https://info.nec.go.kr/electioninfo/candidate_detail_info.xhtml?electionId=0020260603&huboId=100162570,3건,음주·위험운전,음주·위험운전,0,음주·위험운전:음주운전
100162515,이용도,더불어민주당,시도의원,충청남도 예산군제1선거구,충청남도,예산군제1선거구,https://info.nec.go.kr/electioninfo/candidate_detail_info.xhtml?electionId=0020260603&huboId=100162515,1건,폭력,,1,폭력:상해
100158887,김영춘,더불어민주당,시도의원,충청남도 예산군제2선거구,충청남도,예산군제2선거구,https://info.nec.go.kr/electioninfo/candidate_detail_info.xhtml?electionId=0020260603&huboId=100158887,2건,폭력,,1,폭력:폭력행위
100154526,최경환,국민의힘,시도의원,충청남도 태안군제1선거구,충청남도,태안군제1선거구,https://info.nec.go.kr/electioninfo/candidate_detail_info.xhtml?electionId=0020260603&huboId=100154526,1건,보험·금융,,1,보험·금융:이자제한법
100156023,강종국,더불어민주당,시도의원,충청남도 태안군제2선거구,충청남도,태안군제2선거구,https://info.nec.go.kr/electioninfo/candidate_detail_info.xhtml?electionId=0020260603&huboId=100156023,1건,,,0,
100157269,정광섭,국민의힘,시도의원,충청남도 태안군제2선거구,충청남도,태안군제2선거구,https://info.nec.go.kr/electioninfo/candidate_detail_info.xhtml?electionId=0020260603&huboId=100157269,1건,,,1,
100159374,이동우,국민의힘,시도의원,충청북도 청주시제1선거구,충청북도,청주시제1선거구,https://info.nec.go.kr/electioninfo/candidate_detail_info.xhtml?electionId=0020260603&huboId=100159374,2건,,,0,
100158923,안성현,국민의힘,시도의원,충청북도 청주시제4선거구,충청북도,청주시제4선거구,https://info.nec.go.kr/electioninfo/candidate_detail_info.xhtml?electionId=0020260603&huboId=100158923,1건,,,0,
100153939,이정태,더불어민주당,시도의원,충청북도 청주시제5선거구,충청북도,청주시제5선거구,https://info.nec.go.kr/electioninfo/candidate_detail_info.xhtml?electionId=0020260603&huboId=100153939,1건,음주·위험운전; 도로교통,음주·위험운전,1,음주·위험운전:음주운전; 도로교통:도로교통법
100157424,채수민,국민의힘,시도의원,충청북도 청주시제5선거구,충청북도,청주시제5선거구,https://info.nec.go.kr/electioninfo/candidate_detail_info.xhtml?electionId=0020260603&huboId=100157424,1건,음주·위험운전; 도로교통,음주·위험운전,1,음주·위험운전:음주운전; 도로교통:도로교통법
100160814,김영근,더불어민주당,시도의원,충청북도 청주시제6선거구,충청북도,청주시제6선거구,https://info.nec.go.kr/electioninfo/candidate_detail_info.xhtml?electionId=0020260603&huboId=100160814,2건,음주·위험운전; 도로교통,음주·위험운전,1,음주·위험운전:음주운전; 도로교통:도로교통법
100156498,임병운,국민의힘,시도의원,충청북도 청주시제8선거구,충청북도,청주시제8선거구,https://info.nec.go.kr/electioninfo/candidate_detail_info.xhtml?electionId=0020260603&huboId=100156498,2건,음주·위험운전; 도로교통,음주·위험운전,1,음주·위험운전:음주운전; 도로교통:도로교통법
100161780,김성대,국민의힘,시도의원,충청북도 청주시제9선거구,충청북도,청주시제9선거구,https://info.nec.go.kr/electioninfo/candidate_detail_info.xhtml?electionId=0020260603&huboId=100161780,2건,음주·위험운전; 도로교통,음주·위험운전,1,음주·위험운전:음주운전; 도로교통:도로교통법
100158620,이상식,더불어민주당,시도의원,충청북도 청주시제10선거구,충청북도,청주시제10선거구,https://info.nec.go.kr/electioninfo/candidate_detail_info.xhtml?electionId=0020260603&huboId=100158620,3건,음주·위험운전; 도로교통; 집시법,음주·위험운전,0,음주·위험운전:음주운전; 도로교통:도로교통법; 집시법:집회및시위|집회 및 시위
100161392,최재호,더불어민주당,시도의원,충청북도 청주시제11선거구,충청북도,청주시제11선거구,https://info.nec.go.kr/electioninfo/candidate_detail_info.xhtml?electionId=0020260603&huboId=100161392,1건,도로교통,,1,도로교통:도로교통법
100155271,최진현,국민의힘,시도의원,충청북도 청주시제12선거구,충청북도,청주시제12선거구,https://info.nec.go.kr/electioninfo/candidate_detail_info.xhtml?electionId=0020260603&huboId=100155271,1건,음주·위험운전; 도로교통,음주·위험운전,1,음주·위험운전:음주운전; 도로교통:도로교통법
100156284,임동현,더불어민주당,시도의원,충청북도 청주시제14선거구,충청북도,청주시제14선거구,https://info.nec.go.kr/electioninfo/candidate_detail_info.xhtml?electionId=0020260603&huboId=100156284,1건,도로교통,,0,도로교통:도로교통법
100155625,박봉순,국민의힘,시도의원,충청북도 청주시제15선거구,충청북도,청주시제15선거구,https://info.nec.go.kr/electioninfo/candidate_detail_info.xhtml?electionId=0020260603&huboId=100155625,2건,음주·위험운전; 도로교통,음주·위험운전,1,음주·위험운전:음주운전; 도로교통:도로교통법
100156774,강진권,더불어민주당,시도의원,충청북도 충주시제1선거구,충청북도,충주시제1선거구,https://info.nec.go.kr/electioninfo/candidate_detail_info.xhtml?electionId=0020260603&huboId=100156774,1건,교통사고,,1,교통사고:교통사고처리특례법|교통사고처리특례
100155174,심기보,더불어민주당,시도의원,충청북도 충주시제2선거구,충청북도,충주시제2선거구,https://info.nec.go.kr/electioninfo/candidate_detail_info.xhtml?electionId=0020260603&huboId=100155174,2건,폭력; 도로교통,,1,폭력:폭력행위; 도로교통:도로교통법
100155239,서동학,더불어민주당,시도의원,충청북도 충주시제4선거구,충청북도,충주시제4선거구,https://info.nec.go.kr/electioninfo/candidate_detail_info.xhtml?electionId=0020260603&huboId=100155239,1건,총포·화약,,1,총포·화약:총포|도검|화약류
100158150,김종필,국민의힘,시도의원,충청북도 충주시제4선거구,충청북도,충주시제4선거구,https://info.nec.go.kr/electioninfo/candidate_detail_info.xhtml?electionId=0020260603&huboId=100158150,2건,음주·위험운전; 도로교통,음주·위험운전,2,음주·위험운전:음주운전; 도로교통:도로교통법
100161886,김외식,더불어민주당,시도의원,충청북도 옥천군제2선거구,충청북도,옥천군제2선거구,https://info.nec.go.kr/electioninfo/candidate_detail_info.xhtml?electionId=0020260603&huboId=100161886,5건,무면허운전; 보험·금융; 도로교통,무면허운전,1,무면허운전:무면허운전; 보험·금융:자동차손해배상보장법; 도로교통:도로교통법
100158858,신현광,국민의힘,시도의원,충청북도 영동군선거구,충청북도,영동군선거구,https://info.nec.go.kr/electioninfo/candidate_detail_info.xhtml?electionId=0020260603&huboId=100158858,1건,도로교통,,1,도로교통:도로법
100157294,안치영,더불어민주당,시도의원,충청북도 진천군제1선거구,충청북도,진천군제1선거구,https://info.nec.go.kr/electioninfo/candidate_detail_info.xhtml?electionId=0020260603&huboId=100157294,1건,도로교통,,1,도로교통:도로교통법
100160115,이재명,국민의힘,시도의원,충청북도 진천군제1선거구,충청북도,진천군제1선거구,https://info.nec.go.kr/electioninfo/candidate_detail_info.xhtml?electionId=0020260603&huboId=100160115,1건,폭력; 도박,,1,폭력:폭력행위; 도박:도박
100158702,이완철,더불어민주당,시도의원,충청북도 괴산군선거구,충청북도,괴산군선거구,https://info.nec.go.kr/electioninfo/candidate_detail_info.xhtml?electionId=0020260603&huboId=100158702,1건,사기,사기,1,사기:사기
100158681,곽상선,더불어민주당,시도의원,충청북도 음성군제1선거구,충청북도,음성군제1선거구,https://info.nec.go.kr/electioninfo/candidate_detail_info.xhtml?electionId=0020260603&huboId=100158681,2건,폭력; 공무집행방해; 재물손괴; 도로교통,,1,폭력:폭력행위; 공무집행방해:공무집행방해; 재물손괴:재물손괴; 도로교통:도로교통법
100154166,김기창,더불어민주당,시도의원,충청북도 음성군제2선거구,충청북도,음성군제2선거구,https://info.nec.go.kr/electioninfo/candidate_detail_info.xhtml?electionId=0020260603&huboId=100154166,1건,도로교통,,1,도로교통:도로법
100162571,정상례,더불어민주당,시도의원,충청북도 단양군선거구,충청북도,단양군선거구,https://info.nec.go.kr/electioninfo/candidate_detail_info.xhtml?electionId=0020260603&huboId=100162571,1건,음주·위험운전; 도로교통,음주·위험운전,1,음주·위험운전:음주운전; 도로교통:도로교통법
100157359,박남수,더불어민주당,구시군의회의원,강원특별자치도 춘천시가선거구,강원특별자치도,춘천시가선거구,https://info.nec.go.kr/electioninfo/candidate_detail_info.xhtml?electionId=0020260603&huboId=100157359,1건,음주·위험운전; 교통사고,음주·위험운전,1,음주·위험운전:음주운전; 교통사고:교통사고처리특례법|교통사고처리특례
100154204,유환규,국민의힘,구시군의회의원,강원특별자치도 춘천시다선거구,강원특별자치도,춘천시다선거구,https://info.nec.go.kr/electioninfo/candidate_detail_info.xhtml?electionId=0020260603&huboId=100154204,1건,음주·위험운전; 도로교통,음주·위험운전,1,음주·위험운전:음주운전; 도로교통:도로교통법
100153920,윤민섭,정의당,구시군의회의원,강원특별자치도 춘천시라선거구,강원특별자치도,춘천시라선거구,https://info.nec.go.kr/electioninfo/candidate_detail_info.xhtml?electionId=0020260603&huboId=100153920,3건,폭력; 공무집행방해; 집시법,,1,폭력:폭력행위; 공무집행방해:공무집행방해; 집시법:집회및시위|집회 및 시위
100157756,김병혁,진보당,구시군의회의원,강원특별자치도 춘천시마선거구,강원특별자치도,춘천시마선거구,https://info.nec.go.kr/electioninfo/candidate_detail_info.xhtml?electionId=0020260603&huboId=100157756,2건,공무집행방해; 도로교통,,1,공무집행방해:공무집행방해; 도로교통:일반교통방해
100154638,권주상,더불어민주당,구시군의회의원,강원특별자치도 춘천시바선거구,강원특별자치도,춘천시바선거구,https://info.nec.go.kr/electioninfo/candidate_detail_info.xhtml?electionId=0020260603&huboId=100154638,1건,도로교통,,1,도로교통:도로교통법
100157149,박제철,국민의힘,구시군의회의원,강원특별자치도 춘천시바선거구,강원특별자치도,춘천시바선거구,https://info.nec.go.kr/electioninfo/candidate_detail_info.xhtml?electionId=0020260603&huboId=100157149,1건,음주·위험운전; 도로교통,음주·위험운전,0,음주·위험운전:음주운전; 도로교통:도로교통법
100155764,김용갑,국민의힘,구시군의회의원,강원특별자치도 춘천시사선거구,강원특별자치도,춘천시사선거구,https://info.nec.go.kr/electioninfo/candidate_detail_info.xhtml?electionId=0020260603&huboId=100155764,1건,음주·위험운전; 도로교통,음주·위험운전,1,음주·위험운전:음주운전; 도로교통:도로교통법
100157762,곽희운,더불어민주당,구시군의회의원,강원특별자치도 원주시가선거구,강원특별자치도,원주시가선거구,https://info.nec.go.kr/electioninfo/candidate_detail_info.xhtml?electionId=0020260603&huboId=100157762,2건,음주·위험운전; 도로교통,음주·위험운전,1,음주·위험운전:음주운전; 도로교통:도로교통법
100156017,안경호,더불어민주당,구시군의회의원,강원특별자치도 원주시나선거구,강원특별자치도,원주시나선거구,https://info.nec.go.kr/electioninfo/candidate_detail_info.xhtml?electionId=0020260603&huboId=100156017,1건,업무방해,,1,업무방해:업무방해
100154140,김선동,국민의힘,구시군의회의원,강원특별자치도 원주시나선거구,강원특별자치도,원주시나선거구,https://info.nec.go.kr/electioninfo/candidate_detail_info.xhtml?electionId=0020260603&huboId=100154140,1건,교통사고; 도로교통,,1,교통사고:교통사고처리특례; 도로교통:도로교통법
100162712,손준기,더불어민주당,구시군의회의원,강원특별자치도 원주시다선거구,강원특별자치도,원주시다선거구,https://info.nec.go.kr/electioninfo/candidate_detail_info.xhtml?electionId=0020260603&huboId=100162712,1건,허위공문서·문서위조·공용서류,허위공문서·문서위조·공용서류,1,허위공문서·문서위조·공용서류:공무상표시무효
100157703,황정순,국민의힘,구시군의회의원,강원특별자치도 원주시다선거구,강원특별자치도,원주시다선거구,https://info.nec.go.kr/electioninfo/candidate_detail_info.xhtml?electionId=0020260603&huboId=100157703,1건,교통사고,,1,교통사고:교통사고처리특례법|교통사고처리특례
100161527,최재석,국민의힘,구시군의회의원,강원특별자치도 원주시다선거구,강원특별자치도,원주시다선거구,https://info.nec.go.kr/electioninfo/candidate_detail_info.xhtml?electionId=0020260603&huboId=100161527,1건,보험·금융; 자동차관리,,1,보험·금융:자동차손해배상보장법; 자동차관리:자동차관리법
100155511,문덕환,더불어민주당,구시군의회의원,강원특별자치도 원주시마선거구,강원특별자치도,원주시마선거구,https://info.nec.go.kr/electioninfo/candidate_detail_info.xhtml?electionId=0020260603&huboId=100155511,1건,,,0,
100157186,박웅,국민의힘,구시군의회의원,강원특별자치도 원주시마선거구,강원특별자치도,원주시마선거구,https://info.nec.go.kr/electioninfo/candidate_detail_info.xhtml?electionId=0020260603&huboId=100157186,1건,무면허운전,무면허운전,1,무면허운전:무면허운전
100155000,이숙은,더불어민주당,구시군의회의원,강원특별자치도 원주시바선거구,강원특별자치도,원주시바선거구,https://info.nec.go.kr/electioninfo/candidate_detail_info.xhtml?electionId=0020260603&huboId=100155000,1건,교육·청소년,,1,교육·청소년:학원의설립|과외교습
100155875,이경민,더불어민주당,구시군의회의원,강원특별자치도 원주시아선거구,강원특별자치도,원주시아선거구,https://info.nec.go.kr/electioninfo/candidate_detail_info.xhtml?electionId=0020260603&huboId=100155875,1건,음주·위험운전; 도로교통,음주·위험운전,1,음주·위험운전:음주운전; 도로교통:도로교통법
100161691,문정환,더불어민주당,구시군의회의원,강원특별자치도 원주시자선거구,강원특별자치도,원주시자선거구,https://info.nec.go.kr/electioninfo/candidate_detail_info.xhtml?electionId=0020260603&huboId=100161691,2건,음주·위험운전; 도로교통,음주·위험운전,1,음주·위험운전:음주운전; 도로교통:도로교통법
100163612,유오현,국민의힘,구시군의회의원,강원특별자치도 원주시자선거구,강원특별자치도,원주시자선거구,https://info.nec.go.kr/electioninfo/candidate_detail_info.xhtml?electionId=0020260603&huboId=100163612,1건,,,0,
100155677,김일기,더불어민주당,구시군의회의원,강원특별자치도 원주시차선거구,강원특별자치도,원주시차선거구,https://info.nec.go.kr/electioninfo/candidate_detail_info.xhtml?electionId=0020260603&huboId=100155677,1건,보험·금융,,1,보험·금융:대부업
100156302,최종혁,국민의힘,구시군의회의원,강원특별자치도 강릉시가선거구,강원특별자치도,강릉시가선거구,https://info.nec.go.kr/electioninfo/candidate_detail_info.xhtml?electionId=0020260603&huboId=100156302,1건,음주·위험운전; 도로교통,음주·위험운전,1,음주·위험운전:음주운전; 도로교통:도로교통법
100153936,김태형,무소속,구시군의회의원,강원특별자치도 강릉시나선거구,강원특별자치도,강릉시나선거구,https://info.nec.go.kr/electioninfo/candidate_detail_info.xhtml?electionId=0020260603&huboId=100153936,1건,음주·위험운전; 교통사고; 도로교통,음주·위험운전,1,음주·위험운전:음주운전; 교통사고:교통사고처리특례법|교통사고처리특례; 도로교통:도로교통법
100155460,박주연,더불어민주당,구시군의회의원,강원특별자치도 강릉시다선거구,강원특별자치도,강릉시다선거구,https://info.nec.go.kr/electioninfo/candidate_detail_info.xhtml?electionId=0020260603&huboId=100155460,1건,교통사고,,1,교통사고:교통사고처리특례법|교통사고처리특례
100153955,유현민,더불어민주당,구시군의회의원,강원특별자치도 강릉시다선거구,강원특별자치도,강릉시다선거구,https://info.nec.go.kr/electioninfo/candidate_detail_info.xhtml?electionId=0020260603&huboId=100153955,2건,특가법; 보험·금융,특가법,1,특가법:특정범죄가중처벌; 보험·금융:보험업법
100154354,김학래,국민의힘,구시군의회의원,강원특별자치도 강릉시다선거구,강원특별자치도,강릉시다선거구,https://info.nec.go.kr/electioninfo/candidate_detail_info.xhtml?electionId=0020260603&huboId=100154354,1건,교통사고,,1,교통사고:교통사고처리특례법|교통사고처리특례
100157190,이문선,무소속,구시군의회의원,강원특별자치도 강릉시다선거구,강원특별자치도,강릉시다선거구,https://info.nec.go.kr/electioninfo/candidate_detail_info.xhtml?electionId=0020260603&huboId=100157190,2건,도로교통; 식품·보건,,1,도로교통:도로교통법; 식품·보건:식품위생법
100163288,최현선,더불어민주당,구시군의회의원,강원특별자치도 강릉시라선거구,강원특별자치도,강릉시라선거구,https://info.nec.go.kr/electioninfo/candidate_detail_info.xhtml?electionId=0020260603&huboId=100163288,1건,음주·위험운전; 도로교통,음주·위험운전,1,음주·위험운전:음주운전; 도로교통:도로교통법
100159975,김홍수,국민의힘,구시군의회의원,강원특별자치도 강릉시라선거구,강원특별자치도,강릉시라선거구,https://info.nec.go.kr/electioninfo/candidate_detail_info.xhtml?electionId=0020260603&huboId=100159975,1건,음주·위험운전; 도로교통,음주·위험운전,1,음주·위험운전:음주운전; 도로교통:도로교통법
100157248,정규민,국민의힘,구시군의회의원,강원특별자치도 강릉시마선거구,강원특별자치도,강릉시마선거구,https://info.nec.go.kr/electioninfo/candidate_detail_info.xhtml?electionId=0020260603&huboId=100157248,2건,도로교통,,1,도로교통:도로교통법
100154174,김태완,더불어민주당,구시군의회의원,강원특별자치도 강릉시바선거구,강원특별자치도,강릉시바선거구,https://info.nec.go.kr/electioninfo/candidate_detail_info.xhtml?electionId=0020260603&huboId=100154174,4건,식품·보건,,1,식품·보건:공중위생관리법
100158478,김문섭,더불어민주당,구시군의회의원,강원특별자치도 강릉시바선거구,강원특별자치도,강릉시바선거구,https://info.nec.go.kr/electioninfo/candidate_detail_info.xhtml?electionId=0020260603&huboId=100158478,2건,폭력,,1,폭력:폭력행위
100163537,최인규,국민의힘,구시군의회의원,강원특별자치도 강릉시바선거구,강원특별자치도,강릉시바선거구,https://info.nec.go.kr/electioninfo/candidate_detail_info.xhtml?electionId=0020260603&huboId=100163537,3건,폭력,,0,폭력:폭력행위|상해
100155554,김학진,국민의힘,구시군의회의원,강원특별자치도 강릉시사선거구,강원특별자치도,강릉시사선거구,https://info.nec.go.kr/electioninfo/candidate_detail_info.xhtml?electionId=0020260603&huboId=100155554,1건,음주·위험운전; 도로교통,음주·위험운전,1,음주·위험운전:음주운전; 도로교통:도로교통법
100157265,김지은,더불어민주당,구시군의회의원,강원특별자치도 동해시가선거구,강원특별자치도,동해시가선거구,https://info.nec.go.kr/electioninfo/candidate_detail_info.xhtml?electionId=0020260603&huboId=100157265,2건,무면허운전; 업무방해; 도로교통,무면허운전,1,무면허운전:무면허운전; 업무방해:업무방해; 도로교통:도로교통법
100158170,손득호,개혁신당,구시군의회의원,강원특별자치도 동해시가선거구,강원특별자치도,동해시가선거구,https://info.nec.go.kr/electioninfo/candidate_detail_info.xhtml?electionId=0020260603&huboId=100158170,1건,노동,,1,노동:근로기준법
100153938,이창수,더불어민주당,구시군의회의원,강원특별자치도 동해시나선거구,강원특별자치도,동해시나선거구,https://info.nec.go.kr/electioninfo/candidate_detail_info.xhtml?electionId=0020260603&huboId=100153938,1건,사기; 보조금,사기; 보조금,1,사기:사기; 보조금:보조금
100157245,전종규,국민의힘,구시군의회의원,강원특별자치도 동해시나선거구,강원특별자치도,동해시나선거구,https://info.nec.go.kr/electioninfo/candidate_detail_info.xhtml?electionId=0020260603&huboId=100157245,2건,음주·위험운전; 도로교통,음주·위험운전,1,음주·위험운전:음주운전; 도로교통:도로교통법
100154393,길찬우,더불어민주당,구시군의회의원,강원특별자치도 태백시가선거구,강원특별자치도,태백시가선거구,https://info.nec.go.kr/electioninfo/candidate_detail_info.xhtml?electionId=0020260603&huboId=100154393,2건,교통사고; 자동차관리,,1,교통사고:교통사고처리특례법|교통사고처리특례; 자동차관리:자동차관리법
100162010,고재창,국민의힘,구시군의회의원,강원특별자치도 태백시가선거구,강원특별자치도,태백시가선거구,https://info.nec.go.kr/electioninfo/candidate_detail_info.xhtml?electionId=0020260603&huboId=100162010,9건,사기; 폭력; 주거침입; 노동,사기,1,사기:사기; 폭력:폭력행위|폭행|상해; 주거침입:주거침입; 노동:근로기준법
100161225,박무봉,무소속,구시군의회의원,강원특별자치도 태백시가선거구,강원특별자치도,태백시가선거구,https://info.nec.go.kr/electioninfo/candidate_detail_info.xhtml?electionId=0020260603&huboId=100161225,11건,,,0,
100156429,김동수,무소속,구시군의회의원,강원특별자치도 태백시가선거구,강원특별자치도,태백시가선거구,https://info.nec.go.kr/electioninfo/candidate_detail_info.xhtml?electionId=0020260603&huboId=100156429,1건,,,0,
100154516,김상수,더불어민주당,구시군의회의원,강원특별자치도 태백시나선거구,강원특별자치도,태백시나선거구,https://info.nec.go.kr/electioninfo/candidate_detail_info.xhtml?electionId=0020260603&huboId=100154516,1건,명예훼손,,1,명예훼손:명예훼손
100157079,박영식,국민의힘,구시군의회의원,강원특별자치도 태백시나선거구,강원특별자치도,태백시나선거구,https://info.nec.go.kr/electioninfo/candidate_detail_info.xhtml?electionId=0020260603&huboId=100157079,4건,폭력; 도로교통,,1,폭력:폭력행위; 도로교통:도로교통법
100161829,심창보,무소속,구시군의회의원,강원특별자치도 태백시나선거구,강원특별자치도,태백시나선거구,https://info.nec.go.kr/electioninfo/candidate_detail_info.xhtml?electionId=0020260603&huboId=100161829,2건,공직선거법,공직선거법,1,공직선거법:공직선거법
100154293,남인영,더불어민주당,구시군의회의원,강원특별자치도 속초시가선거구,강원특별자치도,속초시가선거구,https://info.nec.go.kr/electioninfo/candidate_detail_info.xhtml?electionId=0020260603&huboId=100154293,1건,음주·위험운전; 도로교통,음주·위험운전,1,음주·위험운전:음주운전; 도로교통:도로교통법
100157328,권덕수,국민의힘,구시군의회의원,강원특별자치도 속초시가선거구,강원특별자치도,속초시가선거구,https://info.nec.go.kr/electioninfo/candidate_detail_info.xhtml?electionId=0020260603&huboId=100157328,1건,정치자금법; 공직선거법,정치자금법; 공직선거법,1,정치자금법:정치자금법; 공직선거법:공직선거법
100158394,김명길,국민의힘,구시군의회의원,강원특별자치도 속초시가선거구,강원특별자치도,속초시가선거구,https://info.nec.go.kr/electioninfo/candidate_detail_info.xhtml?electionId=0020260603&huboId=100158394,1건,폭력,,1,폭력:상해
100154290,최재문,더불어민주당,구시군의회의원,강원특별자치도 속초시나선거구,강원특별자치도,속초시나선거구,https://info.nec.go.kr/electioninfo/candidate_detail_info.xhtml?electionId=0020260603&huboId=100154290,2건,무면허운전; 도로교통,무면허운전,0,무면허운전:무면허운전; 도로교통:도로교통법
100156625,정인교,국민의힘,구시군의회의원,강원특별자치도 속초시나선거구,강원특별자치도,속초시나선거구,https://info.nec.go.kr/electioninfo/candidate_detail_info.xhtml?electionId=0020260603&huboId=100156625,1건,폭력,,1,폭력:상해
100154289,진장수,무소속,구시군의회의원,강원특별자치도 속초시나선거구,강원특별자치도,속초시나선거구,https://info.nec.go.kr/electioninfo/candidate_detail_info.xhtml?electionId=0020260603&huboId=100154289,5건,,,0,
100154201,김민철,더불어민주당,구시군의회의원,강원특별자치도 삼척시가선거구,강원특별자치도,삼척시가선거구,https://info.nec.go.kr/electioninfo/candidate_detail_info.xhtml?electionId=0020260603&huboId=100154201,1건,횡령,횡령,1,횡령:횡령
100155894,김재구,국민의힘,구시군의회의원,강원특별자치도 삼척시가선거구,강원특별자치도,삼척시가선거구,https://info.nec.go.kr/electioninfo/candidate_detail_info.xhtml?electionId=0020260603&huboId=100155894,1건,교통사고,,1,교통사고:교통사고처리특례법|교통사고처리특례
100161275,권용수,무소속,구시군의회의원,강원특별자치도 삼척시가선거구,강원특별자치도,삼척시가선거구,https://info.nec.go.kr/electioninfo/candidate_detail_info.xhtml?electionId=0020260603&huboId=100161275,8건,사기; 배임; 폭력; 공무집행방해; 업무방해,사기; 배임,1,사기:사기; 배임:배임; 폭력:폭력행위|상해; 공무집행방해:공무집행방해; 업무방해:업무방해
100158782,박치석,무소속,구시군의회의원,강원특별자치도 삼척시가선거구,강원특별자치도,삼척시가선거구,https://info.nec.go.kr/electioninfo/candidate_detail_info.xhtml?electionId=0020260603&huboId=100158782,3건,폭력; 도로교통; 집시법,,1,폭력:폭력행위; 도로교통:일반교통방해; 집시법:집회및시위|집회 및 시위
100154212,서종협,더불어민주당,구시군의회의원,강원특별자치도 삼척시나선거구,강원특별자치도,삼척시나선거구,https://info.nec.go.kr/electioninfo/candidate_detail_info.xhtml?electionId=0020260603&huboId=100154212,1건,절도,절도,1,절도:절도
100160635,김창수,국민의힘,구시군의회의원,강원특별자치도 삼척시나선거구,강원특별자치도,삼척시나선거구,https://info.nec.go.kr/electioninfo/candidate_detail_info.xhtml?electionId=0020260603&huboId=100160635,1건,음주·위험운전; 도로교통,음주·위험운전,1,음주·위험운전:음주운전; 도로교통:도로교통법
100154203,김원학,국민의힘,구시군의회의원,강원특별자치도 삼척시나선거구,강원특별자치도,삼척시나선거구,https://info.nec.go.kr/electioninfo/candidate_detail_info.xhtml?electionId=0020260603&huboId=100154203,1건,음주·위험운전; 도로교통,음주·위험운전,1,음주·위험운전:음주운전; 도로교통:도로교통법
100157636,김광수,조국혁신당,구시군의회의원,강원특별자치도 삼척시나선거구,강원특별자치도,삼척시나선거구,https://info.nec.go.kr/electioninfo/candidate_detail_info.xhtml?electionId=0020260603&huboId=100157636,4건,음주·위험운전; 폭력; 업무방해; 재물손괴; 도로교통,음주·위험운전,1,음주·위험운전:음주운전; 폭력:폭행|상해; 업무방해:업무방해; 재물손괴:재물손괴; 도로교통:도로교통법
100157984,이태진,무소속,구시군의회의원,강원특별자치도 삼척시나선거구,강원특별자치도,삼척시나선거구,https://info.nec.go.kr/electioninfo/candidate_detail_info.xhtml?electionId=0020260603&huboId=100157984,1건,업무방해; 집시법,,1,업무방해:업무방해; 집시법:집회및시위|집회 및 시위
100160898,황경화,국민의힘,구시군의회의원,강원특별자치도 홍천군가선거구,강원특별자치도,홍천군가선거구,https://info.nec.go.kr/electioninfo/candidate_detail_info.xhtml?electionId=0020260603&huboId=100160898,2건,음주·위험운전; 도로교통; 건축·건설·부동산,음주·위험운전,1,음주·위험운전:음주운전; 도로교통:도로교통법; 건축·건설·부동산:건축법
100163847,허성경,무소속,구시군의회의원,강원특별자치도 홍천군가선거구,강원특별자치도,홍천군가선거구,https://info.nec.go.kr/electioninfo/candidate_detail_info.xhtml?electionId=0020260603&huboId=100163847,2건,허위공문서·문서위조·공용서류,허위공문서·문서위조·공용서류,1,허위공문서·문서위조·공용서류:사문서|위조
100161097,최진현,국민의힘,구시군의회의원,강원특별자치도 홍천군나선거구,강원특별자치도,홍천군나선거구,https://info.nec.go.kr/electioninfo/candidate_detail_info.xhtml?electionId=0020260603&huboId=100161097,1건,,,0,
100159355,남궁석,진보당,구시군의회의원,강원특별자치도 홍천군나선거구,강원특별자치도,홍천군나선거구,https://info.nec.go.kr/electioninfo/candidate_detail_info.xhtml?electionId=0020260603&huboId=100159355,1건,식품·보건,,1,식품·보건:감염병
100161110,이수정,더불어민주당,구시군의회의원,강원특별자치도 횡성군가선거구,강원특별자치도,횡성군가선거구,https://info.nec.go.kr/electioninfo/candidate_detail_info.xhtml?electionId=0020260603&huboId=100161110,2건,교육·청소년,,1,교육·청소년:영유아보육법
100159669,성락,국민의힘,구시군의회의원,강원특별자치도 횡성군나선거구,강원특별자치도,횡성군나선거구,https://info.nec.go.kr/electioninfo/candidate_detail_info.xhtml?electionId=0020260603&huboId=100159669,3건,음주·위험운전; 도로교통,음주·위험운전,1,음주·위험운전:음주운전; 도로교통:도로교통법
100160182,손동수,국민의힘,구시군의회의원,강원특별자치도 횡성군나선거구,강원특별자치도,횡성군나선거구,https://info.nec.go.kr/electioninfo/candidate_detail_info.xhtml?electionId=0020260603&huboId=100160182,2건,음주·위험운전; 도로교통,음주·위험운전,1,음주·위험운전:음주운전; 도로교통:도로교통법
100159394,홍월표,무소속,구시군의회의원,강원특별자치도 횡성군나선거구,강원특별자치도,횡성군나선거구,https://info.nec.go.kr/electioninfo/candidate_detail_info.xhtml?electionId=0020260603&huboId=100159394,1건,도로교통,,1,도로교통:도로교통법
100160048,김상태,더불어민주당,구시군의회의원,강원특별자치도 영월군가선거구,강원특별자치도,영월군가선거구,https://info.nec.go.kr/electioninfo/candidate_detail_info.xhtml?electionId=0020260603&huboId=100160048,3건,음주·위험운전; 폭력; 도로교통,음주·위험운전,1,음주·위험운전:음주운전; 폭력:상해; 도로교통:도로교통법
100160986,엄병만,조국혁신당,구시군의회의원,강원특별자치도 영월군가선거구,강원특별자치도,영월군가선거구,https://info.nec.go.kr/electioninfo/candidate_detail_info.xhtml?electionId=0020260603&huboId=100160986,2건,음주·위험운전; 도로교통,음주·위험운전,1,음주·위험운전:음주운전; 도로교통:도로교통법
100159599,서봉운,무소속,구시군의회의원,강원특별자치도 영월군가선거구,강원특별자치도,영월군가선거구,https://info.nec.go.kr/electioninfo/candidate_detail_info.xhtml?electionId=0020260603&huboId=100159599,1건,음주·위험운전; 도로교통,음주·위험운전,1,음주·위험운전:음주운전; 도로교통:도로교통법
100159183,이정복,국민의힘,구시군의회의원,강원특별자치도 영월군나선거구,강원특별자치도,영월군나선거구,https://info.nec.go.kr/electioninfo/candidate_detail_info.xhtml?electionId=0020260603&huboId=100159183,2건,폭력; 도로교통,,1,폭력:폭력행위; 도로교통:도로교통법
100160989,김영숙,조국혁신당,구시군의회의원,강원특별자치도 영월군나선거구,강원특별자치도,영월군나선거구,https://info.nec.go.kr/electioninfo/candidate_detail_info.xhtml?electionId=0020260603&huboId=100160989,1건,음주·위험운전; 도로교통,음주·위험운전,1,음주·위험운전:음주운전; 도로교통:도로교통법
100161504,김성기,국민의힘,구시군의회의원,강원특별자치도 평창군가선거구,강원특별자치도,평창군가선거구,https://info.nec.go.kr/electioninfo/candidate_detail_info.xhtml?electionId=0020260603&huboId=100161504,1건,배임; 보조금,배임; 보조금,1,배임:배임; 보조금:보조금
100159968,이명순,더불어민주당,구시군의회의원,강원특별자치도 평창군나선거구,강원특별자치도,평창군나선거구,https://info.nec.go.kr/electioninfo/candidate_detail_info.xhtml?electionId=0020260603&huboId=100159968,1건,,,0,
100159162,박종부,국민의힘,구시군의회의원,강원특별자치도 정선군가선거구,강원특별자치도,정선군가선거구,https://info.nec.go.kr/electioninfo/candidate_detail_info.xhtml?electionId=0020260603&huboId=100159162,3건,음주·위험운전; 무면허운전; 도로교통,음주·위험운전; 무면허운전,1,음주·위험운전:음주운전; 무면허운전:무면허운전; 도로교통:도로교통법
100162366,배왕섭,더불어민주당,구시군의회의원,강원특별자치도 정선군나선거구,강원특별자치도,정선군나선거구,https://info.nec.go.kr/electioninfo/candidate_detail_info.xhtml?electionId=0020260603&huboId=100162366,3건,폭력; 범인도피,,2,폭력:폭력행위; 범인도피:범인도피
100161329,유재철,더불어민주당,구시군의회의원,강원특별자치도 정선군나선거구,강원특별자치도,정선군나선거구,https://info.nec.go.kr/electioninfo/candidate_detail_info.xhtml?electionId=0020260603&huboId=100161329,1건,음주·위험운전; 도로교통,음주·위험운전,1,음주·위험운전:음주운전; 도로교통:도로교통법
100159774,김종균,국민의힘,구시군의회의원,강원특별자치도 정선군나선거구,강원특별자치도,정선군나선거구,https://info.nec.go.kr/electioninfo/candidate_detail_info.xhtml?electionId=0020260603&huboId=100159774,1건,,,0,
100160084,전광표,국민의힘,구시군의회의원,강원특별자치도 정선군나선거구,강원특별자치도,정선군나선거구,https://info.nec.go.kr/electioninfo/candidate_detail_info.xhtml?electionId=0020260603&huboId=100160084,1건,보험·금융,,1,보험·금융:자동차손해배상보장법
100158617,이옥경,더불어민주당,구시군의회의원,강원특별자치도 철원군가선거구,강원특별자치도,철원군가선거구,https://info.nec.go.kr/electioninfo/candidate_detail_info.xhtml?electionId=0020260603&huboId=100158617,1건,음주·위험운전; 교통사고,음주·위험운전,1,음주·위험운전:음주운전; 교통사고:교통사고처리특례법|교통사고처리특례
100163532,김영보,무소속,구시군의회의원,강원특별자치도 철원군가선거구,강원특별자치도,철원군가선거구,https://info.nec.go.kr/electioninfo/candidate_detail_info.xhtml?electionId=0020260603&huboId=100163532,1건,음주·위험운전,음주·위험운전,1,음주·위험운전:음주운전
100159154,유민호,국민의힘,구시군의회의원,강원특별자치도 철원군나선거구,강원특별자치도,철원군나선거구,https://info.nec.go.kr/electioninfo/candidate_detail_info.xhtml?electionId=0020260603&huboId=100159154,2건,폭력; 도박,,1,폭력:상해; 도박:도박
100159847,박기준,국민의힘,구시군의회의원,강원특별자치도 철원군나선거구,강원특별자치도,철원군나선거구,https://info.nec.go.kr/electioninfo/candidate_detail_info.xhtml?electionId=0020260603&huboId=100159847,1건,범인도피; 도로교통,,1,범인도피:법인도피; 도로교통:도로교통법
100160510,노이업,국민의힘,구시군의회의원,강원특별자치도 화천군가선거구,강원특별자치도,화천군가선거구,https://info.nec.go.kr/electioninfo/candidate_detail_info.xhtml?electionId=0020260603&huboId=100160510,2건,,,0,
100162464,최승운,무소속,구시군의회의원,강원특별자치도 화천군가선거구,강원특별자치도,화천군가선거구,https://info.nec.go.kr/electioninfo/candidate_detail_info.xhtml?electionId=0020260603&huboId=100162464,1건,음주·위험운전,음주·위험운전,1,음주·위험운전:위험운전치사상
100157948,김명진,국민의힘,구시군의회의원,강원특별자치도 화천군나선거구,강원특별자치도,화천군나선거구,https://info.nec.go.kr/electioninfo/candidate_detail_info.xhtml?electionId=0020260603&huboId=100157948,1건,건축·건설·부동산,,1,건축·건설·부동산:건축법
100160427,김흥기,국민의힘,구시군의회의원,강원특별자치도 화천군나선거구,강원특별자치도,화천군나선거구,https://info.nec.go.kr/electioninfo/candidate_detail_info.xhtml?electionId=0020260603&huboId=100160427,2건,,,0,
100159768,김기철,더불어민주당,구시군의회의원,강원특별자치도 양구군가선거구,강원특별자치도,양구군가선거구,https://info.nec.go.kr/electioninfo/candidate_detail_info.xhtml?electionId=0020260603&huboId=100159768,1건,음주·위험운전; 도로교통,음주·위험운전,1,음주·위험운전:음주운전; 도로교통:도로교통법
100161534,김정미,국민의힘,구시군의회의원,강원특별자치도 양구군가선거구,강원특별자치도,양구군가선거구,https://info.nec.go.kr/electioninfo/candidate_detail_info.xhtml?electionId=0020260603&huboId=100161534,1건,음주·위험운전; 교통사고,음주·위험운전,1,음주·위험운전:음주운전; 교통사고:교통사고처리특례법|교통사고처리특례
100160910,이상철,국민의힘,구시군의회의원,강원특별자치도 양구군가선거구,강원특별자치도,양구군가선거구,https://info.nec.go.kr/electioninfo/candidate_detail_info.xhtml?electionId=0020260603&huboId=100160910,1건,음주·위험운전; 도로교통,음주·위험운전,1,음주·위험운전:음주운전; 도로교통:도로교통법
100160200,우동화,더불어민주당,구시군의회의원,강원특별자치도 양구군나선거구,강원특별자치도,양구군나선거구,https://info.nec.go.kr/electioninfo/candidate_detail_info.xhtml?electionId=0020260603&huboId=100160200,6건,사기; 음주·위험운전; 교통사고; 폭력; 공무집행방해; 도로교통,사기; 음주·위험운전,1,사기:사기; 음주·위험운전:음주운전; 교통사고:교통사고처리특례법|교통사고처리특례; 폭력:폭력행위; 공무집행방해:공무집행방해; 도로교통:도로교통법
100163013,조돈준,무소속,구시군의회의원,강원특별자치도 양구군나선거구,강원특별자치도,양구군나선거구,https://info.nec.go.kr/electioninfo/candidate_detail_info.xhtml?electionId=0020260603&huboId=100163013,2건,도로교통; 건축·건설·부동산,,1,도로교통:도로법; 건축·건설·부동산:산지관리
100159984,임문희,더불어민주당,구시군의회의원,강원특별자치도 인제군가선거구,강원특별자치도,인제군가선거구,https://info.nec.go.kr/electioninfo/candidate_detail_info.xhtml?electionId=0020260603&huboId=100159984,1건,공직선거법,공직선거법,1,공직선거법:공직선거법
100159480,신동성,무소속,구시군의회의원,강원특별자치도 인제군가선거구,강원특별자치도,인제군가선거구,https://info.nec.go.kr/electioninfo/candidate_detail_info.xhtml?electionId=0020260603&huboId=100159480,3건,폭력; 식품·보건; 교육·청소년,,1,폭력:폭력행위; 식품·보건:식품위생법; 교육·청소년:청소년보호법
100164339,김익규,무소속,구시군의회의원,강원특별자치도 인제군가선거구,강원특별자치도,인제군가선거구,https://info.nec.go.kr/electioninfo/candidate_detail_info.xhtml?electionId=0020260603&huboId=100164339,5건,음주·위험운전; 교통사고; 도로교통; 건축·건설·부동산; 도박,음주·위험운전,1,음주·위험운전:음주운전; 교통사고:교통사고처리특례법|교통사고처리특례; 도로교통:도로교통법; 건축·건설·부동산:산지관리; 도박:도박
100161410,김재규,국민의힘,구시군의회의원,강원특별자치도 인제군나선거구,강원특별자치도,인제군나선거구,https://info.nec.go.kr/electioninfo/candidate_detail_info.xhtml?electionId=0020260603&huboId=100161410,1건,폭력,,1,폭력:폭력행위
100159462,진혜련,더불어민주당,구시군의회의원,강원특별자치도 고성군가선거구,강원특별자치도,고성군가선거구,https://info.nec.go.kr/electioninfo/candidate_detail_info.xhtml?electionId=0020260603&huboId=100159462,1건,농수산,,1,농수산:농수산물의원산지표시|원산지표시
100159784,김봉룡,국민의힘,구시군의회의원,강원특별자치도 고성군가선거구,강원특별자치도,고성군가선거구,https://info.nec.go.kr/electioninfo/candidate_detail_info.xhtml?electionId=0020260603&huboId=100159784,1건,음주·위험운전; 도로교통,음주·위험운전,1,음주·위험운전:음주운전; 도로교통:도로교통법
100159483,김용학,무소속,구시군의회의원,강원특별자치도 고성군가선거구,강원특별자치도,고성군가선거구,https://info.nec.go.kr/electioninfo/candidate_detail_info.xhtml?electionId=0020260603&huboId=100159483,1건,음주·위험운전; 도로교통,음주·위험운전,0,음주·위험운전:음주운전; 도로교통:도로교통법
100159038,김일천,무소속,구시군의회의원,강원특별자치도 고성군가선거구,강원특별자치도,고성군가선거구,https://info.nec.go.kr/electioninfo/candidate_detail_info.xhtml?electionId=0020260603&huboId=100159038,2건,공직선거법,공직선거법,1,공직선거법:공직선거법
100162137,김진,무소속,구시군의회의원,강원특별자치도 고성군가선거구,강원특별자치도,고성군가선거구,https://info.nec.go.kr/electioninfo/candidate_detail_info.xhtml?electionId=0020260603&huboId=100162137,10건,사기; 음주·위험운전; 폭력; 공무집행방해; 업무방해; 도로교통; 식품·보건; 건축·건설·부동산; 모욕,사기; 음주·위험운전,1,사기:사기; 음주·위험운전:음주운전; 폭력:폭력행위; 공무집행방해:공무집행방해; 업무방해:업무방해; 도로교통:도로교통법; 식품·보건:식품위생법; 건축·건설·부동산:건축법; 모욕:모욕
100159047,함형완,무소속,구시군의회의원,강원특별자치도 고성군가선거구,강원특별자치도,고성군가선거구,https://info.nec.go.kr/electioninfo/candidate_detail_info.xhtml?electionId=0020260603&huboId=100159047,1건,,,1,
100157934,김용주,더불어민주당,구시군의회의원,강원특별자치도 고성군나선거구,강원특별자치도,고성군나선거구,https://info.nec.go.kr/electioninfo/candidate_detail_info.xhtml?electionId=0020260603&huboId=100157934,1건,음주·위험운전; 도로교통,음주·위험운전,0,음주·위험운전:음주운전; 도로교통:도로교통법
100160320,이태영,더불어민주당,구시군의회의원,강원특별자치도 고성군나선거구,강원특별자치도,고성군나선거구,https://info.nec.go.kr/electioninfo/candidate_detail_info.xhtml?electionId=0020260603&huboId=100160320,3건,사법방해; 환경,,1,사법방해:위증; 환경:폐기물관리법|수질
100159056,김형실,국민의힘,구시군의회의원,강원특별자치도 고성군나선거구,강원특별자치도,고성군나선거구,https://info.nec.go.kr/electioninfo/candidate_detail_info.xhtml?electionId=0020260603&huboId=100159056,1건,,,0,
100159040,최태욱,국민의힘,구시군의회의원,강원특별자치도 고성군나선거구,강원특별자치도,고성군나선거구,https://info.nec.go.kr/electioninfo/candidate_detail_info.xhtml?electionId=0020260603&huboId=100159040,4건,조세,조세,1,조세:관세법
100160778,함용빈,국민의힘,구시군의회의원,강원특별자치도 고성군나선거구,강원특별자치도,고성군나선거구,https://info.nec.go.kr/electioninfo/candidate_detail_info.xhtml?electionId=0020260603&huboId=100160778,2건,음주·위험운전; 도로교통,음주·위험운전,1,음주·위험운전:음주운전; 도로교통:도로교통법
100158377,고정순,국민의힘,구시군의회의원,강원특별자치도 양양군가선거구,강원특별자치도,양양군가선거구,https://info.nec.go.kr/electioninfo/candidate_detail_info.xhtml?electionId=0020260603&huboId=100158377,1건,음주·위험운전,음주·위험운전,1,음주·위험운전:음주운전
100158442,최선남,국민의힘,구시군의회의원,강원특별자치도 양양군가선거구,강원특별자치도,양양군가선거구,https://info.nec.go.kr/electioninfo/candidate_detail_info.xhtml?electionId=0020260603&huboId=100158442,1건,횡령; 보조금,횡령; 보조금,1,횡령:횡령; 보조금:보조금
100159356,전유성,국민의힘,구시군의회의원,강원특별자치도 양양군나선거구,강원특별자치도,양양군나선거구,https://info.nec.go.kr/electioninfo/candidate_detail_info.xhtml?electionId=0020260603&huboId=100159356,1건,폭력,,1,폭력:폭력행위|상해
100158384,고교연,국민의힘,구시군의회의원,강원특별자치도 양양군나선거구,강원특별자치도,양양군나선거구,https://info.nec.go.kr/electioninfo/candidate_detail_info.xhtml?electionId=0020260603&huboId=100158384,1건,허위공문서·문서위조·공용서류,허위공문서·문서위조·공용서류,1,허위공문서·문서위조·공용서류:허위공문서작성|허위작성공문서행사
100160391,오세만,무소속,구시군의회의원,강원특별자치도 양양군나선거구,강원특별자치도,양양군나선거구,https://info.nec.go.kr/electioninfo/candidate_detail_info.xhtml?electionId=0020260603&huboId=100160391,1건,,,1,
100161081,박광수,무소속,구시군의회의원,강원특별자치도 양양군나선거구,강원특별자치도,양양군나선거구,https://info.nec.go.kr/electioninfo/candidate_detail_info.xhtml?electionId=0020260603&huboId=100161081,2건,보험·금융,,1,보험·금융:부정수표단속법
100163242,정영모,무소속,구시군의회의원,경기도 수원시가선거구,경기도,수원시가선거구,https://info.nec.go.kr/electioninfo/candidate_detail_info.xhtml?electionId=0020260603&huboId=100163242,2건,뇌물; 음주·위험운전; 도로교통,뇌물; 음주·위험운전,0,뇌물:뇌물; 음주·위험운전:음주운전; 도로교통:도로교통법
100164900,오세철,더불어민주당,구시군의회의원,경기도 수원시나선거구,경기도,수원시나선거구,https://info.nec.go.kr/electioninfo/candidate_detail_info.xhtml?electionId=0020260603&huboId=100164900,2건,음주·위험운전; 도로교통,음주·위험운전,1,음주·위험운전:음주운전; 도로교통:도로교통법
100164821,노만래,개혁신당,구시군의회의원,경기도 수원시다선거구,경기도,수원시다선거구,https://info.nec.go.kr/electioninfo/candidate_detail_info.xhtml?electionId=0020260603&huboId=100164821,2건,특가법; 음주·위험운전; 도로교통,특가법; 음주·위험운전,1,특가법:특정범죄가중처벌; 음주·위험운전:음주운전; 도로교통:도로교통법
100154463,임은지,진보당,구시군의회의원,경기도 수원시다선거구,경기도,수원시다선거구,https://info.nec.go.kr/electioninfo/candidate_detail_info.xhtml?electionId=0020260603&huboId=100154463,1건,도로교통,,1,도로교통:도로교통법
100163388,이대선,더불어민주당,구시군의회의원,경기도 수원시라선거구,경기도,수원시라선거구,https://info.nec.go.kr/electioninfo/candidate_detail_info.xhtml?electionId=0020260603&huboId=100163388,2건,사기; 음주·위험운전; 도로교통,사기; 음주·위험운전,1,사기:사기; 음주·위험운전:음주운전; 도로교통:도로교통법
100158043,유재광,국민의힘,구시군의회의원,경기도 수원시라선거구,경기도,수원시라선거구,https://info.nec.go.kr/electioninfo/candidate_detail_info.xhtml?electionId=0020260603&huboId=100158043,1건,폭력,,1,폭력:폭력행위
100162291,조미옥,더불어민주당,구시군의회의원,경기도 수원시마선거구,경기도,수원시마선거구,https://info.nec.go.kr/electioninfo/candidate_detail_info.xhtml?electionId=0020260603&huboId=100162291,2건,사기; 노동,사기,1,사기:사기; 노동:근로기준법
100163334,박현수,국민의힘,구시군의회의원,경기도 수원시마선거구,경기도,수원시마선거구,https://info.nec.go.kr/electioninfo/candidate_detail_info.xhtml?electionId=0020260603&huboId=100163334,3건,음주·위험운전; 폭력; 도로교통,음주·위험운전,1,음주·위험운전:음주운전; 폭력:폭력행위; 도로교통:도로교통법
100155946,민경록,개혁신당,구시군의회의원,경기도 수원시바선거구,경기도,수원시바선거구,https://info.nec.go.kr/electioninfo/candidate_detail_info.xhtml?electionId=0020260603&huboId=100155946,1건,허위공문서·문서위조·공용서류; 도로교통,허위공문서·문서위조·공용서류,1,허위공문서·문서위조·공용서류:공용서류손상; 도로교통:도로교통법
100156999,최성호,더불어민주당,구시군의회의원,경기도 수원시사선거구,경기도,수원시사선거구,https://info.nec.go.kr/electioninfo/candidate_detail_info.xhtml?electionId=0020260603&huboId=100156999,2건,사기; 음주·위험운전; 절도; 도로교통,사기; 음주·위험운전; 절도,1,사기:사기; 음주·위험운전:음주운전; 절도:절도; 도로교통:도로교통법
100156165,이승협,더불어민주당,구시군의회의원,경기도 수원시사선거구,경기도,수원시사선거구,https://info.nec.go.kr/electioninfo/candidate_detail_info.xhtml?electionId=0020260603&huboId=100156165,1건,,,0,
100154744,홍은철,국민의힘,구시군의회의원,경기도 수원시사선거구,경기도,수원시사선거구,https://info.nec.go.kr/electioninfo/candidate_detail_info.xhtml?electionId=0020260603&huboId=100154744,1건,교통사고,,1,교통사고:교통사고처리특례법|교통사고처리특례
100157204,신학철,국민의힘,구시군의회의원,경기도 수원시아선거구,경기도,수원시아선거구,https://info.nec.go.kr/electioninfo/candidate_detail_info.xhtml?electionId=0020260603&huboId=100157204,2건,음주·위험운전; 교통사고; 도로교통,음주·위험운전,1,음주·위험운전:음주운전; 교통사고:교통사고처리특례법|교통사고처리특례; 도로교통:도로교통법
100158245,이재형,개혁신당,구시군의회의원,경기도 수원시자선거구,경기도,수원시자선거구,https://info.nec.go.kr/electioninfo/candidate_detail_info.xhtml?electionId=0020260603&huboId=100158245,2건,교통사고,,1,교통사고:교통사고처리특례법|교통사고처리특례
100157293,이다원,더불어민주당,구시군의회의원,경기도 수원시타선거구,경기도,수원시타선거구,https://info.nec.go.kr/electioninfo/candidate_detail_info.xhtml?electionId=0020260603&huboId=100157293,1건,공직선거법,공직선거법,1,공직선거법:공직선거법
100158754,배준서,국민의힘,구시군의회의원,경기도 수원시타선거구,경기도,수원시타선거구,https://info.nec.go.kr/electioninfo/candidate_detail_info.xhtml?electionId=0020260603&huboId=100158754,3건,음주·위험운전; 도로교통,음주·위험운전,1,음주·위험운전:음주운전; 도로교통:도로교통법
100157616,방광현,더불어민주당,구시군의회의원,경기도 수원시파선거구,경기도,수원시파선거구,https://info.nec.go.kr/electioninfo/candidate_detail_info.xhtml?electionId=0020260603&huboId=100157616,1건,음주·위험운전; 도로교통,음주·위험운전,1,음주·위험운전:음주운전; 도로교통:도로교통법
100163303,최원용,국민의힘,구시군의회의원,경기도 수원시파선거구,경기도,수원시파선거구,https://info.nec.go.kr/electioninfo/candidate_detail_info.xhtml?electionId=0020260603&huboId=100163303,2건,음주·위험운전; 도로교통,음주·위험운전,1,음주·위험운전:음주운전; 도로교통:도로교통법
100158247,심정은,더불어민주당,구시군의회의원,경기도 용인시가선거구,경기도,용인시가선거구,https://info.nec.go.kr/electioninfo/candidate_detail_info.xhtml?electionId=0020260603&huboId=100158247,1건,,,0,
100154892,임준교,더불어민주당,구시군의회의원,경기도 용인시다선거구,경기도,용인시다선거구,https://info.nec.go.kr/electioninfo/candidate_detail_info.xhtml?electionId=0020260603&huboId=100154892,1건,도로교통,,1,도로교통:도로교통법
100162701,김진석,더불어민주당,구시군의회의원,경기도 용인시다선거구,경기도,용인시다선거구,https://info.nec.go.kr/electioninfo/candidate_detail_info.xhtml?electionId=0020260603&huboId=100162701,2건,음주·위험운전; 도로교통; 건축·건설·부동산,음주·위험운전,1,음주·위험운전:음주운전; 도로교통:도로교통법; 건축·건설·부동산:국토의계획
100165841,송주현,국민의힘,구시군의회의원,경기도 용인시다선거구,경기도,용인시다선거구,https://info.nec.go.kr/electioninfo/candidate_detail_info.xhtml?electionId=0020260603&huboId=100165841,2건,음주·위험운전; 무면허운전; 도로교통,음주·위험운전; 무면허운전,1,음주·위험운전:음주운전; 무면허운전:무면허운전; 도로교통:도로교통법
100165687,정성규,개혁신당,구시군의회의원,경기도 용인시라선거구,경기도,용인시라선거구,https://info.nec.go.kr/electioninfo/candidate_detail_info.xhtml?electionId=0020260603&huboId=100165687,1건,노동,,1,노동:근로기준법
100155268,조병훈,진보당,구시군의회의원,경기도 용인시라선거구,경기도,용인시라선거구,https://info.nec.go.kr/electioninfo/candidate_detail_info.xhtml?electionId=0020260603&huboId=100155268,1건,음주·위험운전; 도로교통,음주·위험운전,1,음주·위험운전:음주운전; 도로교통:도로교통법
100162876,박희정,더불어민주당,구시군의회의원,경기도 용인시바선거구,경기도,용인시바선거구,https://info.nec.go.kr/electioninfo/candidate_detail_info.xhtml?electionId=0020260603&huboId=100162876,1건,업무방해,,1,업무방해:업무방해
100163615,이민희,국민의힘,구시군의회의원,경기도 용인시바선거구,경기도,용인시바선거구,https://info.nec.go.kr/electioninfo/candidate_detail_info.xhtml?electionId=0020260603&huboId=100163615,1건,사기; 보조금,사기; 보조금,1,사기:사기; 보조금:보조금관리에관한법률|보조금
100154933,박해규,더불어민주당,구시군의회의원,경기도 용인시사선거구,경기도,용인시사선거구,https://info.nec.go.kr/electioninfo/candidate_detail_info.xhtml?electionId=0020260603&huboId=100154933,1건,폭력; 집시법,,1,폭력:폭력행위; 집시법:집회및시위|집회 및 시위
100162125,조강현,국민의힘,구시군의회의원,경기도 용인시사선거구,경기도,용인시사선거구,https://info.nec.go.kr/electioninfo/candidate_detail_info.xhtml?electionId=0020260603&huboId=100162125,2건,음주·위험운전; 교통사고; 도로교통,음주·위험운전,1,음주·위험운전:음주운전; 교통사고:교통사고처리특례법|교통사고처리특례; 도로교통:도로교통법
100162981,이교우,더불어민주당,구시군의회의원,경기도 용인시자선거구,경기도,용인시자선거구,https://info.nec.go.kr/electioninfo/candidate_detail_info.xhtml?electionId=0020260603&huboId=100162981,1건,폭력; 집시법,,1,폭력:폭력행위; 집시법:집회및시위|집회 및 시위
100163631,황재욱,더불어민주당,구시군의회의원,경기도 용인시카선거구,경기도,용인시카선거구,https://info.nec.go.kr/electioninfo/candidate_detail_info.xhtml?electionId=0020260603&huboId=100163631,1건,음주·위험운전; 도로교통,음주·위험운전,1,음주·위험운전:음주운전; 도로교통:도로교통법
100160610,이정열,국민의힘,구시군의회의원,경기도 용인시카선거구,경기도,용인시카선거구,https://info.nec.go.kr/electioninfo/candidate_detail_info.xhtml?electionId=0020260603&huboId=100160610,2건,음주·위험운전; 교통사고; 도로교통,음주·위험운전,1,음주·위험운전:음주운전; 교통사고:교통사고처리특례법|교통사고처리특례; 도로교통:도로교통법
100163694,우태주,개혁신당,구시군의회의원,경기도 용인시카선거구,경기도,용인시카선거구,https://info.nec.go.kr/electioninfo/candidate_detail_info.xhtml?electionId=0020260603&huboId=100163694,1건,도로교통,,1,도로교통:도로교통법
100164957,이종덕,더불어민주당,구시군의회의원,경기도 고양시나선거구,경기도,고양시나선거구,https://info.nec.go.kr/electioninfo/candidate_detail_info.xhtml?electionId=0020260603&huboId=100164957,1건,도박,,1,도박:도박
100158560,황선경,국민의힘,구시군의회의원,경기도 고양시나선거구,경기도,고양시나선거구,https://info.nec.go.kr/electioninfo/candidate_detail_info.xhtml?electionId=0020260603&huboId=100158560,2건,노동; 건축·건설·부동산,,1,노동:근로기준법; 건축·건설·부동산:건설산업기본법
100161727,김효금,더불어민주당,구시군의회의원,경기도 고양시다선거구,경기도,고양시다선거구,https://info.nec.go.kr/electioninfo/candidate_detail_info.xhtml?electionId=0020260603&huboId=100161727,2건,음주·위험운전; 도로교통,음주·위험운전,1,음주·위험운전:음주운전; 도로교통:도로교통법
100161199,이종진,국민의힘,구시군의회의원,경기도 고양시마선거구,경기도,고양시마선거구,https://info.nec.go.kr/electioninfo/candidate_detail_info.xhtml?electionId=0020260603&huboId=100161199,1건,,,0,
100163510,고종국,국민의힘,구시군의회의원,경기도 고양시바선거구,경기도,고양시바선거구,https://info.nec.go.kr/electioninfo/candidate_detail_info.xhtml?electionId=0020260603&huboId=100163510,1건,건축·건설·부동산,,1,건축·건설·부동산:건축법
100163229,고덕희,국민의힘,구시군의회의원,경기도 고양시사선거구,경기도,고양시사선거구,https://info.nec.go.kr/electioninfo/candidate_detail_info.xhtml?electionId=0020260603&huboId=100163229,1건,,,0,
100155441,장윤정,더불어민주당,구시군의회의원,경기도 고양시아선거구,경기도,고양시아선거구,https://info.nec.go.kr/electioninfo/candidate_detail_info.xhtml?electionId=0020260603&huboId=100155441,1건,교통사고,,1,교통사고:교통사고처리특례법|교통사고처리특례
100163205,손동숙,국민의힘,구시군의회의원,경기도 고양시아선거구,경기도,고양시아선거구,https://info.nec.go.kr/electioninfo/candidate_detail_info.xhtml?electionId=0020260603&huboId=100163205,1건,음주·위험운전; 도로교통,음주·위험운전,1,음주·위험운전:음주운전; 도로교통:도로교통법
100161399,길종성,국민의힘,구시군의회의원,경기도 고양시차선거구,경기도,고양시차선거구,https://info.nec.go.kr/electioninfo/candidate_detail_info.xhtml?electionId=0020260603&huboId=100161399,1건,명예훼손,,1,명예훼손:명예훼손
100163494,김정희,더불어민주당,구시군의회의원,경기도 고양시타선거구,경기도,고양시타선거구,https://info.nec.go.kr/electioninfo/candidate_detail_info.xhtml?electionId=0020260603&huboId=100163494,1건,음주·위험운전,음주·위험운전,1,음주·위험운전:음주운전
100163567,김학영,더불어민주당,구시군의회의원,경기도 고양시파선거구,경기도,고양시파선거구,https://info.nec.go.kr/electioninfo/candidate_detail_info.xhtml?electionId=0020260603&huboId=100163567,1건,도로교통,,1,도로교통:도로교통법
100160881,이계철,더불어민주당,구시군의회의원,경기도 화성시가선거구,경기도,화성시가선거구,https://info.nec.go.kr/electioninfo/candidate_detail_info.xhtml?electionId=0020260603&huboId=100160881,1건,음주·위험운전; 도로교통,음주·위험운전,0,음주·위험운전:음주운전; 도로교통:도로교통법
100156891,최청환,국민의힘,구시군의회의원,경기도 화성시가선거구,경기도,화성시가선거구,https://info.nec.go.kr/electioninfo/candidate_detail_info.xhtml?electionId=0020260603&huboId=100156891,3건,폭력,,1,폭력:폭력행위
100161761,송선영,국민의힘,구시군의회의원,경기도 화성시가선거구,경기도,화성시가선거구,https://info.nec.go.kr/electioninfo/candidate_detail_info.xhtml?electionId=0020260603&huboId=100161761,2건,공직선거법; 음주·위험운전; 도로교통,공직선거법; 음주·위험운전,0,공직선거법:공직선거법; 음주·위험운전:음주운전; 도로교통:도로교통법
100162795,김정주,국민의힘,구시군의회의원,경기도 화성시나선거구,경기도,화성시나선거구,https://info.nec.go.kr/electioninfo/candidate_detail_info.xhtml?electionId=0020260603&huboId=100162795,2건,폭력; 도박,,1,폭력:폭력행위; 도박:도박
100164518,김상수,국민의힘,구시군의회의원,경기도 화성시마선거구,경기도,화성시마선거구,https://info.nec.go.kr/electioninfo/candidate_detail_info.xhtml?electionId=0020260603&huboId=100164518,4건,음주·위험운전; 무면허운전; 도로교통,음주·위험운전; 무면허운전,1,음주·위험운전:음주운전; 무면허운전:무면허운전; 도로교통:도로교통법
100158102,김식,진보당,구시군의회의원,경기도 화성시마선거구,경기도,화성시마선거구,https://info.nec.go.kr/electioninfo/candidate_detail_info.xhtml?electionId=0020260603&huboId=100158102,4건,폭력; 업무방해; 재물손괴; 주거침입; 도로교통; 집시법,,1,폭력:폭력행위|공동폭행|폭행|상해; 업무방해:업무방해; 재물손괴:재물손괴; 주거침입:주거침입; 도로교통:일반교통방해; 집시법:집회및시위|집회 및 시위
100161408,오문섭,국민의힘,구시군의회의원,경기도 화성시아선거구,경기도,화성시아선거구,https://info.nec.go.kr/electioninfo/candidate_detail_info.xhtml?electionId=0020260603&huboId=100161408,1건,교통사고,,1,교통사고:교통사고처리특례법|교통사고처리특례
100158677,이남근,더불어민주당,구시군의회의원,경기도 화성시자선거구,경기도,화성시자선거구,https://info.nec.go.kr/electioninfo/candidate_detail_info.xhtml?electionId=0020260603&huboId=100158677,2건,음주·위험운전; 폭력; 공무집행방해; 도로교통,음주·위험운전,0,음주·위험운전:음주운전; 폭력:폭력행위; 공무집행방해:공무집행방해; 도로교통:도로교통법
100157085,이민희,더불어민주당,구시군의회의원,경기도 화성시자선거구,경기도,화성시자선거구,https://info.nec.go.kr/electioninfo/candidate_detail_info.xhtml?electionId=0020260603&huboId=100157085,1건,폭력,,1,폭력:폭력행위
100156230,정덕범,국민의힘,구시군의회의원,경기도 화성시자선거구,경기도,화성시자선거구,https://info.nec.go.kr/electioninfo/candidate_detail_info.xhtml?electionId=0020260603&huboId=100156230,1건,음주·위험운전; 도로교통,음주·위험운전,1,음주·위험운전:음주운전; 도로교통:도로교통법
100157380,강상태,더불어민주당,구시군의회의원,경기도 성남시가선거구,경기도,성남시가선거구,https://info.nec.go.kr/electioninfo/candidate_detail_info.xhtml?electionId=0020260603&huboId=100157380,2건,공직선거법; 건축·건설·부동산; 명예훼손,공직선거법,1,공직선거법:공직선거법; 건축·건설·부동산:부동산; 명예훼손:명예훼손
100159023,이군수,더불어민주당,구시군의회의원,경기도 성남시가선거구,경기도,성남시가선거구,https://info.nec.go.kr/electioninfo/candidate_detail_info.xhtml?electionId=0020260603&huboId=100159023,1건,공직선거법,공직선거법,1,공직선거법:공직선거법
100158462,현지환,진보당,구시군의회의원,경기도 성남시가선거구,경기도,성남시가선거구,https://info.nec.go.kr/electioninfo/candidate_detail_info.xhtml?electionId=0020260603&huboId=100158462,1건,도로교통; 집시법,,1,도로교통:일반교통방해; 집시법:집회및시위|집회 및 시위
100156367,이상호,국민의힘,구시군의회의원,경기도 성남시나선거구,경기도,성남시나선거구,https://info.nec.go.kr/electioninfo/candidate_detail_info.xhtml?electionId=0020260603&huboId=100156367,2건,폭력; 건축·건설·부동산,,1,폭력:폭력행위|상해; 건축·건설·부동산:부동산
100154420,선창선,더불어민주당,구시군의회의원,경기도 성남시라선거구,경기도,성남시라선거구,https://info.nec.go.kr/electioninfo/candidate_detail_info.xhtml?electionId=0020260603&huboId=100154420,2건,공직선거법; 교통사고,공직선거법,1,공직선거법:공직선거법; 교통사고:교통사고처리특례법|교통사고처리특례
100155542,신옥희,진보당,구시군의회의원,경기도 성남시마선거구,경기도,성남시마선거구,https://info.nec.go.kr/electioninfo/candidate_detail_info.xhtml?electionId=0020260603&huboId=100155542,2건,공무집행방해; 업무방해; 집시법,,1,공무집행방해:공무집행방해; 업무방해:업무방해; 집시법:집회및시위|집회 및 시위
100159305,민영미,국민의힘,구시군의회의원,경기도 성남시바선거구,경기도,성남시바선거구,https://info.nec.go.kr/electioninfo/candidate_detail_info.xhtml?electionId=0020260603&huboId=100159305,1건,,,0,
100158450,정봉규,국민의힘,구시군의회의원,경기도 성남시카선거구,경기도,성남시카선거구,https://info.nec.go.kr/electioninfo/candidate_detail_info.xhtml?electionId=0020260603&huboId=100158450,4건,폭력; 재물손괴,,1,폭력:폭력행위|상해; 재물손괴:재물손괴
100157242,이철희,더불어민주당,구시군의회의원,경기도 부천시가선거구,경기도,부천시가선거구,https://info.nec.go.kr/electioninfo/candidate_detail_info.xhtml?electionId=0020260603&huboId=100157242,2건,음주·위험운전; 폭력; 도로교통; 집시법,음주·위험운전,1,음주·위험운전:음주운전; 폭력:폭력행위; 도로교통:도로교통법; 집시법:집회및시위|집회 및 시위
100157907,나슬기,더불어민주당,구시군의회의원,경기도 부천시가선거구,경기도,부천시가선거구,https://info.nec.go.kr/electioninfo/candidate_detail_info.xhtml?electionId=0020260603&huboId=100157907,1건,음주·위험운전; 도로교통,음주·위험운전,0,음주·위험운전:음주운전; 도로교통:도로교통법
100159945,임은분,더불어민주당,구시군의회의원,경기도 부천시다선거구,경기도,부천시다선거구,https://info.nec.go.kr/electioninfo/candidate_detail_info.xhtml?electionId=0020260603&huboId=100159945,3건,노동; 건축·건설·부동산,,1,노동:근로기준법; 건축·건설·부동산:건축법
100158935,김건,국민의힘,구시군의회의원,경기도 부천시라선거구,경기도,부천시라선거구,https://info.nec.go.kr/electioninfo/candidate_detail_info.xhtml?electionId=0020260603&huboId=100158935,1건,도로교통,,1,도로교통:도로교통법
100155848,박병권,더불어민주당,구시군의회의원,경기도 부천시마선거구,경기도,부천시마선거구,https://info.nec.go.kr/electioninfo/candidate_detail_info.xhtml?electionId=0020260603&huboId=100155848,1건,음주·위험운전; 도로교통,음주·위험운전,1,음주·위험운전:음주운전; 도로교통:도로교통법
100158105,이상윤,국민의힘,구시군의회의원,경기도 부천시마선거구,경기도,부천시마선거구,https://info.nec.go.kr/electioninfo/candidate_detail_info.xhtml?electionId=0020260603&huboId=100158105,3건,음주·위험운전; 도로교통,음주·위험운전,1,음주·위험운전:음주운전; 도로교통:도로교통법
100154641,이종문,진보당,구시군의회의원,경기도 부천시마선거구,경기도,부천시마선거구,https://info.nec.go.kr/electioninfo/candidate_detail_info.xhtml?electionId=0020260603&huboId=100154641,7건,공무집행방해; 도로교통; 집시법,,1,공무집행방해:공무집행방해; 도로교통:일반교통방해; 집시법:집회및시위|집회 및 시위
100154557,김영규,국민의힘,구시군의회의원,경기도 부천시바선거구,경기도,부천시바선거구,https://info.nec.go.kr/electioninfo/candidate_detail_info.xhtml?electionId=0020260603&huboId=100154557,1건,음주·위험운전; 교통사고; 도로교통,음주·위험운전,0,음주·위험운전:음주운전; 교통사고:교통사고처리특례법|교통사고처리특례; 도로교통:도로교통법
100161962,정창곤,무소속,구시군의회의원,경기도 부천시바선거구,경기도,부천시바선거구,https://info.nec.go.kr/electioninfo/candidate_detail_info.xhtml?electionId=0020260603&huboId=100161962,1건,음주·위험운전; 도로교통,음주·위험운전,1,음주·위험운전:음주운전; 도로교통:도로교통법
100160507,이준영,국민의힘,구시군의회의원,경기도 부천시사선거구,경기도,부천시사선거구,https://info.nec.go.kr/electioninfo/candidate_detail_info.xhtml?electionId=0020260603&huboId=100160507,2건,,,0,
100158465,조선미,국민의힘,구시군의회의원,경기도 부천시자선거구,경기도,부천시자선거구,https://info.nec.go.kr/electioninfo/candidate_detail_info.xhtml?electionId=0020260603&huboId=100158465,1건,음주·위험운전; 도로교통,음주·위험운전,1,음주·위험운전:음주운전; 도로교통:도로교통법
100163583,장재영,조국혁신당,구시군의회의원,경기도 부천시자선거구,경기도,부천시자선거구,https://info.nec.go.kr/electioninfo/candidate_detail_info.xhtml?electionId=0020260603&huboId=100163583,2건,음주·위험운전; 도로교통,음주·위험운전,1,음주·위험운전:음주운전; 도로교통:도로교통법
100155449,이영환,더불어민주당,구시군의회의원,경기도 남양주시가선거구,경기도,남양주시가선거구,https://info.nec.go.kr/electioninfo/candidate_detail_info.xhtml?electionId=0020260603&huboId=100155449,1건,교통사고; 도로교통,,1,교통사고:교통사고처리특례법|교통사고처리특례; 도로교통:도로교통법
100155144,윤영섭,국민의힘,구시군의회의원,경기도 남양주시가선거구,경기도,남양주시가선거구,https://info.nec.go.kr/electioninfo/candidate_detail_info.xhtml?electionId=0020260603&huboId=100155144,1건,건축·건설·부동산,,1,건축·건설·부동산:건설산업기본법
100163108,박윤옥,개혁신당,구시군의회의원,경기도 남양주시가선거구,경기도,남양주시가선거구,https://info.nec.go.kr/electioninfo/candidate_detail_info.xhtml?electionId=0020260603&huboId=100163108,1건,횡령,횡령,1,횡령:횡령
100163023,한근수,국민의힘,구시군의회의원,경기도 남양주시나선거구,경기도,남양주시나선거구,https://info.nec.go.kr/electioninfo/candidate_detail_info.xhtml?electionId=0020260603&huboId=100163023,1건,명예훼손,,1,명예훼손:명예훼손
100156858,최문광,더불어민주당,구시군의회의원,경기도 남양주시다선거구,경기도,남양주시다선거구,https://info.nec.go.kr/electioninfo/candidate_detail_info.xhtml?electionId=0020260603&huboId=100156858,1건,도로교통,,1,도로교통:도로교통법
100162811,이정애,더불어민주당,구시군의회의원,경기도 남양주시라선거구,경기도,남양주시라선거구,https://info.nec.go.kr/electioninfo/candidate_detail_info.xhtml?electionId=0020260603&huboId=100162811,2건,음주·위험운전; 도로교통; 식품·보건,음주·위험운전,1,음주·위험운전:음주운전; 도로교통:도로교통법; 식품·보건:식품위생법
100162481,백선아,국민의힘,구시군의회의원,경기도 남양주시라선거구,경기도,남양주시라선거구,https://info.nec.go.kr/electioninfo/candidate_detail_info.xhtml?electionId=0020260603&huboId=100162481,3건,음주·위험운전; 무면허운전; 도로교통,음주·위험운전; 무면허운전,0,음주·위험운전:음주운전; 무면허운전:무면허운전; 도로교통:도로교통법
100155845,김진희,더불어민주당,구시군의회의원,경기도 남양주시사선거구,경기도,남양주시사선거구,https://info.nec.go.kr/electioninfo/candidate_detail_info.xhtml?electionId=0020260603&huboId=100155845,3건,도로교통,,1,도로교통:도로교통법
100162782,박경원,국민의힘,구시군의회의원,경기도 남양주시사선거구,경기도,남양주시사선거구,https://info.nec.go.kr/electioninfo/candidate_detail_info.xhtml?electionId=0020260603&huboId=100162782,1건,건축·건설·부동산,,1,건축·건설·부동산:부동산
100156186,김유숙,국민의힘,구시군의회의원,경기도 안산시가선거구,경기도,안산시가선거구,https://info.nec.go.kr/electioninfo/candidate_detail_info.xhtml?electionId=0020260603&huboId=100156186,1건,교육·청소년,,1,교육·청소년:영유아보육법
100155675,박범수,진보당,구시군의회의원,경기도 안산시가선거구,경기도,안산시가선거구,https://info.nec.go.kr/electioninfo/candidate_detail_info.xhtml?electionId=0020260603&huboId=100155675,4건,폭력; 공무집행방해; 업무방해; 주거침입; 도로교통; 집시법,,0,폭력:폭력행위|상해; 공무집행방해:공무집행방해; 업무방해:업무방해; 주거침입:주거침입; 도로교통:일반교통방해; 집시법:집회및시위|집회 및 시위
100163880,윤오일,더불어민주당,구시군의회의원,경기도 안산시다선거구,경기도,안산시다선거구,https://info.nec.go.kr/electioninfo/candidate_detail_info.xhtml?electionId=0020260603&huboId=100163880,1건,폭력,,1,폭력:폭력행위
100156996,방운제,더불어민주당,구시군의회의원,경기도 안산시다선거구,경기도,안산시다선거구,https://info.nec.go.kr/electioninfo/candidate_detail_info.xhtml?electionId=0020260603&huboId=100156996,1건,폭력; 공무집행방해,,1,폭력:폭력행위; 공무집행방해:공무집행방해
100154062,서태성,기본소득당,구시군의회의원,경기도 안산시다선거구,경기도,안산시다선거구,https://info.nec.go.kr/electioninfo/candidate_detail_info.xhtml?electionId=0020260603&huboId=100154062,4건,폭력; 주거침입; 도로교통,,1,폭력:폭력행위; 주거침입:주거침입; 도로교통:일반교통방해
100162572,설호영,국민의힘,구시군의회의원,경기도 안산시라선거구,경기도,안산시라선거구,https://info.nec.go.kr/electioninfo/candidate_detail_info.xhtml?electionId=0020260603&huboId=100162572,2건,음주·위험운전; 폭력; 도로교통,음주·위험운전,1,음주·위험운전:음주운전; 폭력:폭력행위|상해; 도로교통:도로교통법
100158386,안두회,더불어민주당,구시군의회의원,경기도 안산시바선거구,경기도,안산시바선거구,https://info.nec.go.kr/electioninfo/candidate_detail_info.xhtml?electionId=0020260603&huboId=100158386,1건,음주·위험운전; 교통사고; 도로교통,음주·위험운전,1,음주·위험운전:음주운전; 교통사고:교통사고처리특례법|교통사고처리특례; 도로교통:도로교통법
100162220,김재국,국민의힘,구시군의회의원,경기도 안산시바선거구,경기도,안산시바선거구,https://info.nec.go.kr/electioninfo/candidate_detail_info.xhtml?electionId=0020260603&huboId=100162220,1건,공직선거법,공직선거법,1,공직선거법:공직선거법
100162655,빈호준,국민의힘,구시군의회의원,경기도 안산시사선거구,경기도,안산시사선거구,https://info.nec.go.kr/electioninfo/candidate_detail_info.xhtml?electionId=0020260603&huboId=100162655,3건,음주·위험운전; 도로교통,음주·위험운전,1,음주·위험운전:음주운전; 도로교통:도로교통법
100163604,선현우,더불어민주당,구시군의회의원,경기도 안산시아선거구,경기도,안산시아선거구,https://info.nec.go.kr/electioninfo/candidate_detail_info.xhtml?electionId=0020260603&huboId=100163604,2건,폭력; 도박,,1,폭력:폭력행위|상해; 도박:도박
100156832,김병철,조국혁신당,구시군의회의원,경기도 안산시아선거구,경기도,안산시아선거구,https://info.nec.go.kr/electioninfo/candidate_detail_info.xhtml?electionId=0020260603&huboId=100156832,1건,집시법,,1,집시법:집회및시위|집회 및 시위
100155137,백성권,더불어민주당,구시군의회의원,경기도 평택시가선거구,경기도,평택시가선거구,https://info.nec.go.kr/electioninfo/candidate_detail_info.xhtml?electionId=0020260603&huboId=100155137,1건,도로교통,,0,도로교통:도로교통법
100162319,우창곤,무소속,구시군의회의원,경기도 평택시가선거구,경기도,평택시가선거구,https://info.nec.go.kr/electioninfo/candidate_detail_info.xhtml?electionId=0020260603&huboId=100162319,3건,음주·위험운전; 도로교통,음주·위험운전,1,음주·위험운전:음주운전; 도로교통:도로교통법
100161639,최재영,더불어민주당,구시군의회의원,경기도 평택시나선거구,경기도,평택시나선거구,https://info.nec.go.kr/electioninfo/candidate_detail_info.xhtml?electionId=0020260603&huboId=100161639,1건,특가법; 음주·위험운전; 도로교통,특가법; 음주·위험운전,0,특가법:특정범죄가중처벌; 음주·위험운전:음주운전|위험운전치사상; 도로교통:도로교통법
100156128,이원희,더불어민주당,구시군의회의원,경기도 평택시나선거구,경기도,평택시나선거구,https://info.nec.go.kr/electioninfo/candidate_detail_info.xhtml?electionId=0020260603&huboId=100156128,1건,음주·위험운전; 도로교통,음주·위험운전,1,음주·위험운전:음주운전; 도로교통:도로교통법
100155878,최두성,국민의힘,구시군의회의원,경기도 평택시나선거구,경기도,평택시나선거구,https://info.nec.go.kr/electioninfo/candidate_detail_info.xhtml?electionId=0020260603&huboId=100155878,2건,도로교통; 노동,,1,도로교통:도로교통법; 노동:근로기준법
100155714,박은옥,더불어민주당,구시군의회의원,경기도 평택시라선거구,경기도,평택시라선거구,https://info.nec.go.kr/electioninfo/candidate_detail_info.xhtml?electionId=0020260603&huboId=100155714,1건,폭력,,1,폭력:폭력행위|상해
100161350,최준구,국민의힘,구시군의회의원,경기도 평택시라선거구,경기도,평택시라선거구,https://info.nec.go.kr/electioninfo/candidate_detail_info.xhtml?electionId=0020260603&huboId=100161350,1건,폭력; 주거침입; 도로교통; 국가보안법,,1,폭력:폭력행위; 주거침입:주거침입; 도로교통:일반교통방해; 국가보안법:국가보안법
100155514,최영갑,더불어민주당,구시군의회의원,경기도 평택시마선거구,경기도,평택시마선거구,https://info.nec.go.kr/electioninfo/candidate_detail_info.xhtml?electionId=0020260603&huboId=100155514,1건,음주·위험운전,음주·위험운전,1,음주·위험운전:음주운전
100155726,이학섭,더불어민주당,구시군의회의원,경기도 평택시바선거구,경기도,평택시바선거구,https://info.nec.go.kr/electioninfo/candidate_detail_info.xhtml?electionId=0020260603&huboId=100155726,1건,교통사고,,1,교통사고:교통사고처리특례법|교통사고처리특례
100157199,한윤섭,국민의힘,구시군의회의원,경기도 평택시바선거구,경기도,평택시바선거구,https://info.nec.go.kr/electioninfo/candidate_detail_info.xhtml?electionId=0020260603&huboId=100157199,2건,폭력,,0,폭력:폭력행위
100158324,오치성,국민의힘,구시군의회의원,경기도 평택시사선거구,경기도,평택시사선거구,https://info.nec.go.kr/electioninfo/candidate_detail_info.xhtml?electionId=0020260603&huboId=100158324,1건,,,0,
100154632,신미정,진보당,구시군의회의원,경기도 평택시사선거구,경기도,평택시사선거구,https://info.nec.go.kr/electioninfo/candidate_detail_info.xhtml?electionId=0020260603&huboId=100154632,1건,업무방해,,1,업무방해:업무방해
100161745,오세옥,자유와혁신,구시군의회의원,경기도 평택시사선거구,경기도,평택시사선거구,https://info.nec.go.kr/electioninfo/candidate_detail_info.xhtml?electionId=0020260603&huboId=100161745,1건,보험·금융,,1,보험·금융:자동차손해배상보장법
100155552,이호건,더불어민주당,구시군의회의원,경기도 안양시가선거구,경기도,안양시가선거구,https://info.nec.go.kr/electioninfo/candidate_detail_info.xhtml?electionId=0020260603&huboId=100155552,3건,음주·위험운전; 공무집행방해; 도로교통,음주·위험운전,0,음주·위험운전:음주운전; 공무집행방해:공무집행방해; 도로교통:도로교통법
100155929,허희준,더불어민주당,구시군의회의원,경기도 안양시다선거구,경기도,안양시다선거구,https://info.nec.go.kr/electioninfo/candidate_detail_info.xhtml?electionId=0020260603&huboId=100155929,1건,공무집행방해,,1,공무집행방해:공무집행방해
100165311,이광수,무소속,구시군의회의원,경기도 안양시다선거구,경기도,안양시다선거구,https://info.nec.go.kr/electioninfo/candidate_detail_info.xhtml?electionId=0020260603&huboId=100165311,5건,음주·위험운전; 도로교통; 건축·건설·부동산,음주·위험운전,1,음주·위험운전:음주운전; 도로교통:도로교통법; 건축·건설·부동산:건축법
100162429,윤경숙,더불어민주당,구시군의회의원,경기도 안양시라선거구,경기도,안양시라선거구,https://info.nec.go.kr/electioninfo/candidate_detail_info.xhtml?electionId=0020260603&huboId=100162429,1건,공무집행방해,,1,공무집행방해:공무집행방해
100156936,조은석,국민의힘,구시군의회의원,경기도 안양시라선거구,경기도,안양시라선거구,https://info.nec.go.kr/electioninfo/candidate_detail_info.xhtml?electionId=0020260603&huboId=100156936,2건,정치자금법; 공직선거법; 조세,정치자금법; 공직선거법; 조세,1,정치자금법:정치자금법; 공직선거법:공직선거법; 조세:조세범
100162009,김보영,국민의힘,구시군의회의원,경기도 안양시마선거구,경기도,안양시마선거구,https://info.nec.go.kr/electioninfo/candidate_detail_info.xhtml?electionId=0020260603&huboId=100162009,1건,음주·위험운전; 도로교통,음주·위험운전,1,음주·위험운전:음주운전; 도로교통:도로교통법
100160855,최병일,더불어민주당,구시군의회의원,경기도 안양시사선거구,경기도,안양시사선거구,https://info.nec.go.kr/electioninfo/candidate_detail_info.xhtml?electionId=0020260603&huboId=100160855,1건,공무집행방해,,1,공무집행방해:공무집행방해
100161376,이창성,국민의힘,구시군의회의원,경기도 안양시아선거구,경기도,안양시아선거구,https://info.nec.go.kr/electioninfo/candidate_detail_info.xhtml?electionId=0020260603&huboId=100161376,1건,무면허운전; 교통사고,무면허운전,1,무면허운전:무면허운전; 교통사고:교통사고처리특례법|교통사고처리특례
100161897,김선옥,더불어민주당,구시군의회의원,경기도 시흥시가선거구,경기도,시흥시가선거구,https://info.nec.go.kr/electioninfo/candidate_detail_info.xhtml?electionId=0020260603&huboId=100161897,3건,횡령; 공직선거법,횡령; 공직선거법,1,횡령:횡령; 공직선거법:공직선거법
100160364,김영훈,국민의힘,구시군의회의원,경기도 시흥시가선거구,경기도,시흥시가선거구,https://info.nec.go.kr/electioninfo/candidate_detail_info.xhtml?electionId=0020260603&huboId=100160364,2건,,,0,
100157879,양범진,더불어민주당,구시군의회의원,경기도 시흥시나선거구,경기도,시흥시나선거구,https://info.nec.go.kr/electioninfo/candidate_detail_info.xhtml?electionId=0020260603&huboId=100157879,1건,음주·위험운전; 도로교통,음주·위험운전,1,음주·위험운전:음주운전; 도로교통:도로교통법
100160655,송지혜,국민의힘,구시군의회의원,경기도 시흥시나선거구,경기도,시흥시나선거구,https://info.nec.go.kr/electioninfo/candidate_detail_info.xhtml?electionId=0020260603&huboId=100160655,1건,,,1,
100158466,남성현,국민의힘,구시군의회의원,경기도 시흥시나선거구,경기도,시흥시나선거구,https://info.nec.go.kr/electioninfo/candidate_detail_info.xhtml?electionId=0020260603&huboId=100158466,1건,음주·위험운전; 도로교통,음주·위험운전,1,음주·위험운전:음주운전; 도로교통:도로교통법
100154205,홍은숙,진보당,구시군의회의원,경기도 시흥시나선거구,경기도,시흥시나선거구,https://info.nec.go.kr/electioninfo/candidate_detail_info.xhtml?electionId=0020260603&huboId=100154205,2건,교통사고,,1,교통사고:교통사고처리특례법|교통사고처리특례
100163595,안돈의,국민의힘,구시군의회의원,경기도 시흥시다선거구,경기도,시흥시다선거구,https://info.nec.go.kr/electioninfo/candidate_detail_info.xhtml?electionId=0020260603&huboId=100163595,2건,무면허운전; 도로교통,무면허운전,1,무면허운전:무면허운전; 도로교통:도로교통법
100163678,안기호,국민의힘,구시군의회의원,경기도 시흥시라선거구,경기도,시흥시라선거구,https://info.nec.go.kr/electioninfo/candidate_detail_info.xhtml?electionId=0020260603&huboId=100163678,1건,교통사고,,1,교통사고:교통사고처리특례법|교통사고처리특례
100158012,서명범,더불어민주당,구시군의회의원,경기도 시흥시마선거구,경기도,시흥시마선거구,https://info.nec.go.kr/electioninfo/candidate_detail_info.xhtml?electionId=0020260603&huboId=100158012,4건,도로교통; 집시법; 지방공무원법,,1,도로교통:도로교통법; 집시법:집회및시위|집회 및 시위; 지방공무원법:지방공무원법|지방-공무원법
100156378,김만식,국민의힘,구시군의회의원,경기도 시흥시마선거구,경기도,시흥시마선거구,https://info.nec.go.kr/electioninfo/candidate_detail_info.xhtml?electionId=0020260603&huboId=100156378,6건,사기; 횡령; 보험·금융; 도로교통; 식품·보건,사기; 횡령,1,사기:사기; 횡령:횡령; 보험·금융:부정수표단속법; 도로교통:도로교통법; 식품·보건:식품위생법
100162765,이봉관,개혁신당,구시군의회의원,경기도 시흥시마선거구,경기도,시흥시마선거구,https://info.nec.go.kr/electioninfo/candidate_detail_info.xhtml?electionId=0020260603&huboId=100162765,2건,음주·위험운전; 도로교통,음주·위험운전,1,음주·위험운전:음주운전; 도로교통:도로교통법
100156045,방인혜,더불어민주당,구시군의회의원,경기도 파주시가선거구,경기도,파주시가선거구,https://info.nec.go.kr/electioninfo/candidate_detail_info.xhtml?electionId=0020260603&huboId=100156045,2건,음주·위험운전; 도로교통; 식품·보건,음주·위험운전,1,음주·위험운전:음주운전; 도로교통:도로교통법; 식품·보건:약사법
100154509,윤석일,더불어민주당,구시군의회의원,경기도 파주시가선거구,경기도,파주시가선거구,https://info.nec.go.kr/electioninfo/candidate_detail_info.xhtml?electionId=0020260603&huboId=100154509,3건,음주·위험운전; 도로교통,음주·위험운전,1,음주·위험운전:음주운전; 도로교통:도로교통법
100163103,김경옥,더불어민주당,구시군의회의원,경기도 파주시나선거구,경기도,파주시나선거구,https://info.nec.go.kr/electioninfo/candidate_detail_info.xhtml?electionId=0020260603&huboId=100163103,1건,음주·위험운전; 도로교통,음주·위험운전,1,음주·위험운전:음주운전; 도로교통:도로교통법
100155478,김환중,더불어민주당,구시군의회의원,경기도 파주시다선거구,경기도,파주시다선거구,https://info.nec.go.kr/electioninfo/candidate_detail_info.xhtml?electionId=0020260603&huboId=100155478,1건,노동,,1,노동:근로기준법
100157056,안소희,진보당,구시군의회의원,경기도 파주시다선거구,경기도,파주시다선거구,https://info.nec.go.kr/electioninfo/candidate_detail_info.xhtml?electionId=0020260603&huboId=100157056,2건,업무방해; 국가보안법,,1,업무방해:업무방해; 국가보안법:국가보안법
100155013,홍윤기,무소속,구시군의회의원,경기도 파주시라선거구,경기도,파주시라선거구,https://info.nec.go.kr/electioninfo/candidate_detail_info.xhtml?electionId=0020260603&huboId=100155013,2건,음주·위험운전; 폭력; 도로교통,음주·위험운전,1,음주·위험운전:음주운전; 폭력:폭력행위; 도로교통:도로교통법
100161656,이익선,국민의힘,구시군의회의원,경기도 파주시마선거구,경기도,파주시마선거구,https://info.nec.go.kr/electioninfo/candidate_detail_info.xhtml?electionId=0020260603&huboId=100161656,1건,폭력; 공무집행방해; 도로교통,,1,폭력:폭력행위; 공무집행방해:공무집행방해; 도로교통:도로교통법
100157163,황태진,국민의힘,구시군의회의원,경기도 김포시나선거구,경기도,김포시나선거구,https://info.nec.go.kr/electioninfo/candidate_detail_info.xhtml?electionId=0020260603&huboId=100157163,1건,음주·위험운전; 도로교통,음주·위험운전,1,음주·위험운전:음주운전; 도로교통:도로교통법
100157883,조한석,국민의힘,구시군의회의원,경기도 김포시다선거구,경기도,김포시다선거구,https://info.nec.go.kr/electioninfo/candidate_detail_info.xhtml?electionId=0020260603&huboId=100157883,2건,음주·위험운전; 도로교통,음주·위험운전,1,음주·위험운전:음주운전; 도로교통:도로교통법
100162452,한종우,국민의힘,구시군의회의원,경기도 김포시다선거구,경기도,김포시다선거구,https://info.nec.go.kr/electioninfo/candidate_detail_info.xhtml?electionId=0020260603&huboId=100162452,1건,,,0,
100162449,유영숙,국민의힘,구시군의회의원,경기도 김포시라선거구,경기도,김포시라선거구,https://info.nec.go.kr/electioninfo/candidate_detail_info.xhtml?electionId=0020260603&huboId=100162449,1건,음주·위험운전; 도로교통,음주·위험운전,0,음주·위험운전:음주운전; 도로교통:도로교통법
100156817,이광수,더불어민주당,구시군의회의원,경기도 의정부시나선거구,경기도,의정부시나선거구,https://info.nec.go.kr/electioninfo/candidate_detail_info.xhtml?electionId=0020260603&huboId=100156817,1건,교통사고,,1,교통사고:교통사고처리특례법|교통사고처리특례
100155099,정성교,더불어민주당,구시군의회의원,경기도 의정부시다선거구,경기도,의정부시다선거구,https://info.nec.go.kr/electioninfo/candidate_detail_info.xhtml?electionId=0020260603&huboId=100155099,3건,음주·위험운전; 폭력; 도로교통,음주·위험운전,1,음주·위험운전:음주운전; 폭력:폭력행위|상해; 도로교통:도로교통법
100155275,박윤희,진보당,구시군의회의원,경기도 의정부시다선거구,경기도,의정부시다선거구,https://info.nec.go.kr/electioninfo/candidate_detail_info.xhtml?electionId=0020260603&huboId=100155275,1건,업무방해,,1,업무방해:업무방해
100161709,김호경,국민의힘,구시군의회의원,경기도 의정부시라선거구,경기도,의정부시라선거구,https://info.nec.go.kr/electioninfo/candidate_detail_info.xhtml?electionId=0020260603&huboId=100161709,1건,건축·건설·부동산,,1,건축·건설·부동산:건축법
100156234,이은채,더불어민주당,구시군의회의원,경기도 광주시나선거구,경기도,광주시나선거구,https://info.nec.go.kr/electioninfo/candidate_detail_info.xhtml?electionId=0020260603&huboId=100156234,2건,음주·위험운전; 범인도피; 도로교통,음주·위험운전,1,음주·위험운전:음주운전; 범인도피:범인도피; 도로교통:도로교통법
100163139,한대희,국민의힘,구시군의회의원,경기도 광주시나선거구,경기도,광주시나선거구,https://info.nec.go.kr/electioninfo/candidate_detail_info.xhtml?electionId=0020260603&huboId=100163139,3건,폭력,,1,폭력:상해
100161499,박상영,더불어민주당,구시군의회의원,경기도 광주시라선거구,경기도,광주시라선거구,https://info.nec.go.kr/electioninfo/candidate_detail_info.xhtml?electionId=0020260603&huboId=100161499,3건,공무집행방해; 건축·건설·부동산,,1,공무집행방해:공무집행방해; 건축·건설·부동산:농지법
100156579,이경민,진보당,구시군의회의원,경기도 하남시다선거구,경기도,하남시다선거구,https://info.nec.go.kr/electioninfo/candidate_detail_info.xhtml?electionId=0020260603&huboId=100156579,2건,공무집행방해; 집시법,,1,공무집행방해:공무집행방해; 집시법:집회및시위|집회 및 시위
100163591,오승철,더불어민주당,구시군의회의원,경기도 하남시라선거구,경기도,하남시라선거구,https://info.nec.go.kr/electioninfo/candidate_detail_info.xhtml?electionId=0020260603&huboId=100163591,1건,음주·위험운전; 도로교통,음주·위험운전,1,음주·위험운전:음주운전; 도로교통:도로교통법
100163331,한상민,더불어민주당,구시군의회의원,경기도 양주시가선거구,경기도,양주시가선거구,https://info.nec.go.kr/electioninfo/candidate_detail_info.xhtml?electionId=0020260603&huboId=100163331,2건,음주·위험운전; 도로교통,음주·위험운전,1,음주·위험운전:음주운전; 도로교통:도로교통법
100163853,정현호,국민의힘,구시군의회의원,경기도 양주시가선거구,경기도,양주시가선거구,https://info.nec.go.kr/electioninfo/candidate_detail_info.xhtml?electionId=0020260603&huboId=100163853,5건,음주·위험운전; 무면허운전; 교통사고; 도로교통,음주·위험운전; 무면허운전,1,음주·위험운전:음주운전; 무면허운전:무면허운전; 교통사고:교통사고처리특례법|교통사고처리특례; 도로교통:도로교통법
100161936,임재근,국민의힘,구시군의회의원,경기도 양주시다선거구,경기도,양주시다선거구,https://info.nec.go.kr/electioninfo/candidate_detail_info.xhtml?electionId=0020260603&huboId=100161936,1건,정치자금법; 공직선거법,정치자금법; 공직선거법,1,정치자금법:정치자금법; 공직선거법:공직선거법
100162415,정희태,국민의힘,구시군의회의원,경기도 양주시다선거구,경기도,양주시다선거구,https://info.nec.go.kr/electioninfo/candidate_detail_info.xhtml?electionId=0020260603&huboId=100162415,3건,음주·위험운전; 무면허운전; 교통사고; 폭력; 도로교통,음주·위험운전; 무면허운전,0,음주·위험운전:음주운전; 무면허운전:무면허운전; 교통사고:교통사고처리특례법|교통사고처리특례; 폭력:폭력행위; 도로교통:도로교통법
100155280,한현호,진보당,구시군의회의원,경기도 양주시다선거구,경기도,양주시다선거구,https://info.nec.go.kr/electioninfo/candidate_detail_info.xhtml?electionId=0020260603&huboId=100155280,6건,횡령; 허위공문서·문서위조·공용서류; 폭력; 공무집행방해; 업무방해; 도로교통; 국가보안법; 집시법; 명예훼손,횡령; 허위공문서·문서위조·공용서류,1,횡령:횡령; 허위공문서·문서위조·공용서류:위조; 폭력:폭력행위|공동폭행|폭행|상해; 공무집행방해:공무집행방해; 업무방해:업무방해; 도로교통:일반교통방해; 국가보안법:국가보안법; 집시법:집회및시위|집회 및 시위; 명예훼손:명예훼손
100160803,김정미,더불어민주당,구시군의회의원,경기도 광명시가선거구,경기도,광명시가선거구,https://info.nec.go.kr/electioninfo/candidate_detail_info.xhtml?electionId=0020260603&huboId=100160803,2건,음주·위험운전; 도로교통,음주·위험운전,1,음주·위험운전:음주운전; 도로교통:도로교통법
100160249,김종오,국민의힘,구시군의회의원,경기도 광명시가선거구,경기도,광명시가선거구,https://info.nec.go.kr/electioninfo/candidate_detail_info.xhtml?electionId=0020260603&huboId=100160249,1건,교통사고,,1,교통사고:교통사고처리특례법|교통사고처리특례
100161364,최미정,더불어민주당,구시군의회의원,경기도 광명시다선거구,경기도,광명시다선거구,https://info.nec.go.kr/electioninfo/candidate_detail_info.xhtml?electionId=0020260603&huboId=100161364,1건,식품·보건,,1,식품·보건:식품위생법
100156537,김도연,국민의힘,구시군의회의원,경기도 광명시라선거구,경기도,광명시라선거구,https://info.nec.go.kr/electioninfo/candidate_detail_info.xhtml?electionId=0020260603&huboId=100156537,1건,음주·위험운전; 도로교통,음주·위험운전,1,음주·위험운전:음주운전; 도로교통:도로교통법
100162801,이우천,더불어민주당,구시군의회의원,경기도 군포시가선거구,경기도,군포시가선거구,https://info.nec.go.kr/electioninfo/candidate_detail_info.xhtml?electionId=0020260603&huboId=100162801,1건,음주·위험운전; 도로교통,음주·위험운전,1,음주·위험운전:음주운전; 도로교통:도로교통법
100158525,김용철,더불어민주당,구시군의회의원,경기도 군포시가선거구,경기도,군포시가선거구,https://info.nec.go.kr/electioninfo/candidate_detail_info.xhtml?electionId=0020260603&huboId=100158525,2건,횡령; 교통사고,횡령,1,횡령:횡령; 교통사고:교통사고처리특례법|교통사고처리특례
100163553,이동한,더불어민주당,구시군의회의원,경기도 군포시다선거구,경기도,군포시다선거구,https://info.nec.go.kr/electioninfo/candidate_detail_info.xhtml?electionId=0020260603&huboId=100163553,2건,음주·위험운전; 무면허운전; 교통사고; 도로교통,음주·위험운전; 무면허운전,1,음주·위험운전:음주운전; 무면허운전:무면허운전; 교통사고:교통사고처리특례법|교통사고처리특례; 도로교통:도로교통법
100163050,이호현,더불어민주당,구시군의회의원,경기도 군포시다선거구,경기도,군포시다선거구,https://info.nec.go.kr/electioninfo/candidate_detail_info.xhtml?electionId=0020260603&huboId=100163050,1건,음주·위험운전; 도로교통,음주·위험운전,1,음주·위험운전:음주운전; 도로교통:도로교통법
100158054,정해동,더불어민주당,구시군의회의원,경기도 군포시라선거구,경기도,군포시라선거구,https://info.nec.go.kr/electioninfo/candidate_detail_info.xhtml?electionId=0020260603&huboId=100158054,1건,도박,,1,도박:도박
100154592,김종욱,더불어민주당,구시군의회의원,경기도 오산시가선거구,경기도,오산시가선거구,https://info.nec.go.kr/electioninfo/candidate_detail_info.xhtml?electionId=0020260603&huboId=100154592,2건,음주·위험운전; 무면허운전; 도로교통,음주·위험운전; 무면허운전,1,음주·위험운전:음주운전; 무면허운전:무면허운전; 도로교통:도로교통법
100159364,유종대,더불어민주당,구시군의회의원,경기도 오산시가선거구,경기도,오산시가선거구,https://info.nec.go.kr/electioninfo/candidate_detail_info.xhtml?electionId=0020260603&huboId=100159364,2건,공직선거법; 음주·위험운전; 도로교통; 지방공무원법,공직선거법; 음주·위험운전,0,공직선거법:공직선거법; 음주·위험운전:음주운전; 도로교통:도로교통법; 지방공무원법:지방공무원법
100161496,이상복,국민의힘,구시군의회의원,경기도 오산시가선거구,경기도,오산시가선거구,https://info.nec.go.kr/electioninfo/candidate_detail_info.xhtml?electionId=0020260603&huboId=100161496,3건,도로교통,,1,도로교통:도로교통법
100154955,신정숙,진보당,구시군의회의원,경기도 오산시가선거구,경기도,오산시가선거구,https://info.nec.go.kr/electioninfo/candidate_detail_info.xhtml?electionId=0020260603&huboId=100154955,1건,국가보안법; 집시법,,1,국가보안법:국가보안법; 집시법:집회및시위|집회 및 시위
100163649,정윤영,더불어민주당,구시군의회의원,경기도 오산시나선거구,경기도,오산시나선거구,https://info.nec.go.kr/electioninfo/candidate_detail_info.xhtml?electionId=0020260603&huboId=100163649,1건,음주·위험운전; 도로교통,음주·위험운전,1,음주·위험운전:음주운전; 도로교통:도로교통법
100154421,조주환,더불어민주당,구시군의회의원,경기도 이천시가선거구,경기도,이천시가선거구,https://info.nec.go.kr/electioninfo/candidate_detail_info.xhtml?electionId=0020260603&huboId=100154421,1건,업무방해,,1,업무방해:업무방해
100163025,박명서,국민의힘,구시군의회의원,경기도 이천시가선거구,경기도,이천시가선거구,https://info.nec.go.kr/electioninfo/candidate_detail_info.xhtml?electionId=0020260603&huboId=100163025,1건,,,0,
100154853,강연희,진보당,구시군의회의원,경기도 이천시가선거구,경기도,이천시가선거구,https://info.nec.go.kr/electioninfo/candidate_detail_info.xhtml?electionId=0020260603&huboId=100154853,1건,보험·금융; 도로교통,,1,보험·금융:자동차손해배상보장법; 도로교통:도로교통법
100155642,최덕수,더불어민주당,구시군의회의원,경기도 이천시나선거구,경기도,이천시나선거구,https://info.nec.go.kr/electioninfo/candidate_detail_info.xhtml?electionId=0020260603&huboId=100155642,1건,음주·위험운전; 도로교통,음주·위험운전,1,음주·위험운전:음주운전; 도로교통:도로교통법
100155383,진재훈,더불어민주당,구시군의회의원,경기도 이천시다선거구,경기도,이천시다선거구,https://info.nec.go.kr/electioninfo/candidate_detail_info.xhtml?electionId=0020260603&huboId=100155383,1건,교통사고,,1,교통사고:교통사고처리특례법|교통사고처리특례
100163329,김하식,국민의힘,구시군의회의원,경기도 이천시다선거구,경기도,이천시다선거구,https://info.nec.go.kr/electioninfo/candidate_detail_info.xhtml?electionId=0020260603&huboId=100163329,2건,교통사고; 폭력,,1,교통사고:교통사고처리특례법|교통사고처리특례; 폭력:상해
100163616,임진모,국민의힘,구시군의회의원,경기도 이천시다선거구,경기도,이천시다선거구,https://info.nec.go.kr/electioninfo/candidate_detail_info.xhtml?electionId=0020260603&huboId=100163616,1건,,,1,
100156201,김승택,더불어민주당,구시군의회의원,경기도 안성시가선거구,경기도,안성시가선거구,https://info.nec.go.kr/electioninfo/candidate_detail_info.xhtml?electionId=0020260603&huboId=100156201,1건,음주·위험운전; 도로교통,음주·위험운전,1,음주·위험운전:음주운전; 도로교통:도로교통법
100154961,박만식,더불어민주당,구시군의회의원,경기도 안성시나선거구,경기도,안성시나선거구,https://info.nec.go.kr/electioninfo/candidate_detail_info.xhtml?electionId=0020260603&huboId=100154961,1건,건축·건설·부동산,,1,건축·건설·부동산:건설산업기본법
100155756,강충환,더불어민주당,구시군의회의원,경기도 안성시나선거구,경기도,안성시나선거구,https://info.nec.go.kr/electioninfo/candidate_detail_info.xhtml?electionId=0020260603&huboId=100155756,1건,음주·위험운전,음주·위험운전,1,음주·위험운전:음주운전
100156094,윤한웅,국민의힘,구시군의회의원,경기도 안성시나선거구,경기도,안성시나선거구,https://info.nec.go.kr/electioninfo/candidate_detail_info.xhtml?electionId=0020260603&huboId=100156094,1건,음주·위험운전; 도로교통,음주·위험운전,1,음주·위험운전:음주운전; 도로교통:도로교통법
100158110,정천식,국민의힘,구시군의회의원,경기도 안성시나선거구,경기도,안성시나선거구,https://info.nec.go.kr/electioninfo/candidate_detail_info.xhtml?electionId=0020260603&huboId=100158110,3건,음주·위험운전; 교통사고; 폭력; 도로교통,음주·위험운전,1,음주·위험운전:음주운전; 교통사고:교통사고처리특례법|교통사고처리특례; 폭력:폭력행위|상해; 도로교통:도로교통법
100154976,조민훈,더불어민주당,구시군의회의원,경기도 안성시다선거구,경기도,안성시다선거구,https://info.nec.go.kr/electioninfo/candidate_detail_info.xhtml?electionId=0020260603&huboId=100154976,1건,범인도피; 도로교통,,1,범인도피:범인도피; 도로교통:도로교통법
100155051,반인숙,더불어민주당,구시군의회의원,경기도 안성시다선거구,경기도,안성시다선거구,https://info.nec.go.kr/electioninfo/candidate_detail_info.xhtml?electionId=0020260603&huboId=100155051,1건,음주·위험운전; 도로교통,음주·위험운전,1,음주·위험운전:음주운전; 도로교통:도로교통법
100157771,최호섭,국민의힘,구시군의회의원,경기도 안성시다선거구,경기도,안성시다선거구,https://info.nec.go.kr/electioninfo/candidate_detail_info.xhtml?electionId=0020260603&huboId=100157771,1건,폭력; 주거침입,,1,폭력:폭력행위; 주거침입:주거침입
100155670,김지은,진보당,구시군의회의원,경기도 안성시다선거구,경기도,안성시다선거구,https://info.nec.go.kr/electioninfo/candidate_detail_info.xhtml?electionId=0020260603&huboId=100155670,2건,폭력; 공무집행방해; 업무방해; 국가보안법; 집시법,,1,폭력:폭력행위; 공무집행방해:공무집행방해; 업무방해:업무방해; 국가보안법:국가보안법; 집시법:집회및시위|집회 및 시위
100161794,조성대,무소속,구시군의회의원,경기도 안성시다선거구,경기도,안성시다선거구,https://info.nec.go.kr/electioninfo/candidate_detail_info.xhtml?electionId=0020260603&huboId=100161794,2건,음주·위험운전; 도로교통; 환경,음주·위험운전,1,음주·위험운전:음주운전; 도로교통:도로교통법; 환경:수질
100156722,정토근,무소속,구시군의회의원,경기도 안성시다선거구,경기도,안성시다선거구,https://info.nec.go.kr/electioninfo/candidate_detail_info.xhtml?electionId=0020260603&huboId=100156722,3건,사기; 횡령; 건축·건설·부동산,사기; 횡령,1,사기:사기; 횡령:횡령; 건축·건설·부동산:산지관리|국토의계획
100158027,정은철,더불어민주당,구시군의회의원,경기도 구리시가선거구,경기도,구리시가선거구,https://info.nec.go.kr/electioninfo/candidate_detail_info.xhtml?electionId=0020260603&huboId=100158027,1건,음주·위험운전; 도로교통,음주·위험운전,1,음주·위험운전:음주운전; 도로교통:도로교통법
100163142,이경희,국민의힘,구시군의회의원,경기도 구리시가선거구,경기도,구리시가선거구,https://info.nec.go.kr/electioninfo/candidate_detail_info.xhtml?electionId=0020260603&huboId=100163142,1건,,,0,
100162133,장향숙,국민의힘,구시군의회의원,경기도 구리시가선거구,경기도,구리시가선거구,https://info.nec.go.kr/electioninfo/candidate_detail_info.xhtml?electionId=0020260603&huboId=100162133,1건,,,0,
100162190,김보섭,진보당,구시군의회의원,경기도 구리시가선거구,경기도,구리시가선거구,https://info.nec.go.kr/electioninfo/candidate_detail_info.xhtml?electionId=0020260603&huboId=100162190,4건,허위공문서·문서위조·공용서류; 폭력; 공무집행방해; 국가보안법; 집시법,허위공문서·문서위조·공용서류,1,허위공문서·문서위조·공용서류:위조; 폭력:폭력행위|상해; 공무집행방해:공무집행방해; 국가보안법:국가보안법; 집시법:집회및시위|집회 및 시위
100155381,이정희,더불어민주당,구시군의회의원,경기도 구리시나선거구,경기도,구리시나선거구,https://info.nec.go.kr/electioninfo/candidate_detail_info.xhtml?electionId=0020260603&huboId=100155381,1건,음주·위험운전; 도로교통,음주·위험운전,1,음주·위험운전:음주운전; 도로교통:도로교통법
100158612,김성태,더불어민주당,구시군의회의원,경기도 구리시나선거구,경기도,구리시나선거구,https://info.nec.go.kr/electioninfo/candidate_detail_info.xhtml?electionId=0020260603&huboId=100158612,1건,,,0,
100156368,연주현,국민의힘,구시군의회의원,경기도 구리시나선거구,경기도,구리시나선거구,https://info.nec.go.kr/electioninfo/candidate_detail_info.xhtml?electionId=0020260603&huboId=100156368,2건,사기; 도로교통,사기,1,사기:사기; 도로교통:도로교통법
100161974,서과석,국민의힘,구시군의회의원,경기도 포천시가선거구,경기도,포천시가선거구,https://info.nec.go.kr/electioninfo/candidate_detail_info.xhtml?electionId=0020260603&huboId=100161974,4건,음주·위험운전; 도로교통,음주·위험운전,0,음주·위험운전:음주운전; 도로교통:도로교통법
100155612,김보성,진보당,구시군의회의원,경기도 포천시가선거구,경기도,포천시가선거구,https://info.nec.go.kr/electioninfo/candidate_detail_info.xhtml?electionId=0020260603&huboId=100155612,2건,무면허운전; 교통사고; 도로교통,무면허운전,1,무면허운전:무면허운전; 교통사고:교통사고처리특례법|교통사고처리특례; 도로교통:도로교통법
100161833,임종훈,무소속,구시군의회의원,경기도 포천시가선거구,경기도,포천시가선거구,https://info.nec.go.kr/electioninfo/candidate_detail_info.xhtml?electionId=0020260603&huboId=100161833,1건,음주·위험운전; 도로교통,음주·위험운전,1,음주·위험운전:음주운전; 도로교통:도로교통법
100158666,김현규,더불어민주당,구시군의회의원,경기도 포천시나선거구,경기도,포천시나선거구,https://info.nec.go.kr/electioninfo/candidate_detail_info.xhtml?electionId=0020260603&huboId=100158666,1건,폭력,,1,폭력:폭력행위|상해
100155908,최홍화,국민의힘,구시군의회의원,경기도 포천시나선거구,경기도,포천시나선거구,https://info.nec.go.kr/electioninfo/candidate_detail_info.xhtml?electionId=0020260603&huboId=100155908,1건,도로교통,,1,도로교통:도로교통법
100154713,김동국,더불어민주당,구시군의회의원,경기도 의왕시가선거구,경기도,의왕시가선거구,https://info.nec.go.kr/electioninfo/candidate_detail_info.xhtml?electionId=0020260603&huboId=100154713,1건,음주·위험운전; 도로교통,음주·위험운전,1,음주·위험운전:음주운전; 도로교통:도로교통법
100157734,서창수,더불어민주당,구시군의회의원,경기도 의왕시가선거구,경기도,의왕시가선거구,https://info.nec.go.kr/electioninfo/candidate_detail_info.xhtml?electionId=0020260603&huboId=100157734,2건,공직선거법; 무면허운전; 도로교통,공직선거법; 무면허운전,1,공직선거법:공직선거법; 무면허운전:무면허운전; 도로교통:도로교통법
100158260,김동구,국민의힘,구시군의회의원,경기도 의왕시가선거구,경기도,의왕시가선거구,https://info.nec.go.kr/electioninfo/candidate_detail_info.xhtml?electionId=0020260603&huboId=100158260,2건,폭력,,1,폭력:폭력행위
100157840,김태흥,더불어민주당,구시군의회의원,경기도 의왕시나선거구,경기도,의왕시나선거구,https://info.nec.go.kr/electioninfo/candidate_detail_info.xhtml?electionId=0020260603&huboId=100157840,3건,노동,,1,노동:근로기준법
100155729,이랑이,더불어민주당,구시군의회의원,경기도 의왕시나선거구,경기도,의왕시나선거구,https://info.nec.go.kr/electioninfo/candidate_detail_info.xhtml?electionId=0020260603&huboId=100155729,1건,교통사고,,1,교통사고:교통사고처리특례법|교통사고처리특례
100155589,박재영,국민의힘,구시군의회의원,경기도 의왕시나선거구,경기도,의왕시나선거구,https://info.nec.go.kr/electioninfo/candidate_detail_info.xhtml?electionId=0020260603&huboId=100155589,1건,보험·금융,,1,보험·금융:전자금융거래법
100157812,노선희,국민의힘,구시군의회의원,경기도 의왕시나선거구,경기도,의왕시나선거구,https://info.nec.go.kr/electioninfo/candidate_detail_info.xhtml?electionId=0020260603&huboId=100157812,1건,음주·위험운전; 도로교통,음주·위험운전,1,음주·위험운전:음주운전; 도로교통:도로교통법
100158811,오혜자,국민의힘,구시군의회의원,경기도 양평군가선거구,경기도,양평군가선거구,https://info.nec.go.kr/electioninfo/candidate_detail_info.xhtml?electionId=0020260603&huboId=100158811,1건,음주·위험운전; 도로교통,음주·위험운전,1,음주·위험운전:음주운전; 도로교통:도로교통법
100158306,조근수,국민의힘,구시군의회의원,경기도 양평군가선거구,경기도,양평군가선거구,https://info.nec.go.kr/electioninfo/candidate_detail_info.xhtml?electionId=0020260603&huboId=100158306,2건,음주·위험운전; 도로교통,음주·위험운전,1,음주·위험운전:음주운전; 도로교통:도로교통법
100161031,홍도찬,무소속,구시군의회의원,경기도 양평군가선거구,경기도,양평군가선거구,https://info.nec.go.kr/electioninfo/candidate_detail_info.xhtml?electionId=0020260603&huboId=100161031,1건,,,0,
100158634,지민희,국민의힘,구시군의회의원,경기도 양평군나선거구,경기도,양평군나선거구,https://info.nec.go.kr/electioninfo/candidate_detail_info.xhtml?electionId=0020260603&huboId=100158634,1건,교통사고,,1,교통사고:교통사고처리특례법|교통사고처리특례
100163286,이학표,무소속,구시군의회의원,경기도 양평군나선거구,경기도,양평군나선거구,https://info.nec.go.kr/electioninfo/candidate_detail_info.xhtml?electionId=0020260603&huboId=100163286,2건,음주·위험운전,음주·위험운전,1,음주·위험운전:음주운전
100154151,조장연,국민의힘,구시군의회의원,경기도 여주시가선거구,경기도,여주시가선거구,https://info.nec.go.kr/electioninfo/candidate_detail_info.xhtml?electionId=0020260603&huboId=100154151,1건,도로교통,,1,도로교통:도로교통법
100157887,박두형,국민의힘,구시군의회의원,경기도 여주시가선거구,경기도,여주시가선거구,https://info.nec.go.kr/electioninfo/candidate_detail_info.xhtml?electionId=0020260603&huboId=100157887,1건,폭력,,1,폭력:상해
100158428,이재덕,더불어민주당,구시군의회의원,경기도 여주시나선거구,경기도,여주시나선거구,https://info.nec.go.kr/electioninfo/candidate_detail_info.xhtml?electionId=0020260603&huboId=100158428,2건,보조금; 건축·건설·부동산,보조금,0,보조금:보조금관리에관한법률|보조금; 건축·건설·부동산:국토의계획
100160922,김승호,국민의힘,구시군의회의원,경기도 동두천시가선거구,경기도,동두천시가선거구,https://info.nec.go.kr/electioninfo/candidate_detail_info.xhtml?electionId=0020260603&huboId=100160922,2건,교통사고,,0,교통사고:교통사고처리특례법|교통사고처리특례
100161257,정진호,더불어민주당,구시군의회의원,경기도 동두천시나선거구,경기도,동두천시나선거구,https://info.nec.go.kr/electioninfo/candidate_detail_info.xhtml?electionId=0020260603&huboId=100161257,1건,보조금,보조금,1,보조금:보조금관리에관한법률|보조금
100157873,송흥석,국민의힘,구시군의회의원,경기도 동두천시나선거구,경기도,동두천시나선거구,https://info.nec.go.kr/electioninfo/candidate_detail_info.xhtml?electionId=0020260603&huboId=100157873,1건,업무방해,,1,업무방해:업무방해
100156994,권영기,국민의힘,구시군의회의원,경기도 동두천시나선거구,경기도,동두천시나선거구,https://info.nec.go.kr/electioninfo/candidate_detail_info.xhtml?electionId=0020260603&huboId=100156994,2건,폭력,,1,폭력:폭력행위
100160502,하재선,무소속,구시군의회의원,경기도 가평군가선거구,경기도,가평군가선거구,https://info.nec.go.kr/electioninfo/candidate_detail_info.xhtml?electionId=0020260603&huboId=100160502,3건,음주·위험운전; 교통사고; 도로교통; 건축·건설·부동산,음주·위험운전,1,음주·위험운전:음주운전; 교통사고:교통사고처리특례법|교통사고처리특례; 도로교통:도로교통법; 건축·건설·부동산:국토의계획
100160239,양명철,무소속,구시군의회의원,경기도 가평군가선거구,경기도,가평군가선거구,https://info.nec.go.kr/electioninfo/candidate_detail_info.xhtml?electionId=0020260603&huboId=100160239,1건,음주·위험운전; 도로교통,음주·위험운전,1,음주·위험운전:음주운전; 도로교통:도로교통법
100161853,이오남,더불어민주당,구시군의회의원,경기도 가평군나선거구,경기도,가평군나선거구,https://info.nec.go.kr/electioninfo/candidate_detail_info.xhtml?electionId=0020260603&huboId=100161853,1건,노동,,0,노동:근로기준법
100160216,김종성,국민의힘,구시군의회의원,경기도 가평군나선거구,경기도,가평군나선거구,https://info.nec.go.kr/electioninfo/candidate_detail_info.xhtml?electionId=0020260603&huboId=100160216,1건,교통사고,,1,교통사고:교통사고처리특례법|교통사고처리특례
100159854,조해승,국민의힘,구시군의회의원,경기도 가평군나선거구,경기도,가평군나선거구,https://info.nec.go.kr/electioninfo/candidate_detail_info.xhtml?electionId=0020260603&huboId=100159854,3건,음주·위험운전; 도로교통,음주·위험운전,1,음주·위험운전:음주운전; 도로교통:도로교통법|도로법
100160443,윤재구,더불어민주당,구시군의회의원,경기도 연천군가선거구,경기도,연천군가선거구,https://info.nec.go.kr/electioninfo/candidate_detail_info.xhtml?electionId=0020260603&huboId=100160443,2건,공직선거법; 식품·보건,공직선거법,2,공직선거법:공직선거법; 식품·보건:공중위생관리법
100160145,고원호,더불어민주당,구시군의회의원,경기도 연천군나선거구,경기도,연천군나선거구,https://info.nec.go.kr/electioninfo/candidate_detail_info.xhtml?electionId=0020260603&huboId=100160145,2건,음주·위험운전; 무면허운전; 도로교통,음주·위험운전; 무면허운전,1,음주·위험운전:음주운전; 무면허운전:무면허운전; 도로교통:도로교통법
100163555,이무식,국민의힘,구시군의회의원,경상남도 창원시가선거구,경상남도,창원시가선거구,https://info.nec.go.kr/electioninfo/candidate_detail_info.xhtml?electionId=0020260603&huboId=100163555,1건,음주·위험운전; 도로교통,음주·위험운전,1,음주·위험운전:음주운전; 도로교통:도로교통법
100154729,김지현,진보당,구시군의회의원,경상남도 창원시가선거구,경상남도,창원시가선거구,https://info.nec.go.kr/electioninfo/candidate_detail_info.xhtml?electionId=0020260603&huboId=100154729,1건,도로교통; 집시법,,1,도로교통:일반교통방해; 집시법:집회및시위|집회 및 시위
100157225,하경석,더불어민주당,구시군의회의원,경상남도 창원시나선거구,경상남도,창원시나선거구,https://info.nec.go.kr/electioninfo/candidate_detail_info.xhtml?electionId=0020260603&huboId=100157225,1건,음주·위험운전; 도로교통,음주·위험운전,1,음주·위험운전:음주운전; 도로교통:도로교통법
100161260,김혜란,국민의힘,구시군의회의원,경상남도 창원시나선거구,경상남도,창원시나선거구,https://info.nec.go.kr/electioninfo/candidate_detail_info.xhtml?electionId=0020260603&huboId=100161260,1건,음주·위험운전; 도로교통,음주·위험운전,1,음주·위험운전:음주운전; 도로교통:도로교통법
100154209,오춘근,국민의힘,구시군의회의원,경상남도 창원시다선거구,경상남도,창원시다선거구,https://info.nec.go.kr/electioninfo/candidate_detail_info.xhtml?electionId=0020260603&huboId=100154209,1건,건축·건설·부동산,,1,건축·건설·부동산:건축법
100155112,박해정,더불어민주당,구시군의회의원,경상남도 창원시라선거구,경상남도,창원시라선거구,https://info.nec.go.kr/electioninfo/candidate_detail_info.xhtml?electionId=0020260603&huboId=100155112,3건,폭력; 업무방해; 재물손괴; 주거침입; 도로교통; 집시법,,1,폭력:폭력행위|폭행; 업무방해:업무방해; 재물손괴:재물손괴; 주거침입:주거침입; 도로교통:도로교통법; 집시법:집회및시위|집회 및 시위
100160330,강창석,국민의힘,구시군의회의원,경상남도 창원시라선거구,경상남도,창원시라선거구,https://info.nec.go.kr/electioninfo/candidate_detail_info.xhtml?electionId=0020260603&huboId=100160330,1건,,,0,
100155523,박현재,더불어민주당,구시군의회의원,경상남도 창원시마선거구,경상남도,창원시마선거구,https://info.nec.go.kr/electioninfo/candidate_detail_info.xhtml?electionId=0020260603&huboId=100155523,3건,음주·위험운전,음주·위험운전,1,음주·위험운전:음주운전
100157884,김경희,더불어민주당,구시군의회의원,경상남도 창원시마선거구,경상남도,창원시마선거구,https://info.nec.go.kr/electioninfo/candidate_detail_info.xhtml?electionId=0020260603&huboId=100157884,1건,횡령,횡령,1,횡령:횡령
100162947,성보빈,국민의힘,구시군의회의원,경상남도 창원시바선거구,경상남도,창원시바선거구,https://info.nec.go.kr/electioninfo/candidate_detail_info.xhtml?electionId=0020260603&huboId=100162947,2건,음주·위험운전; 무면허운전; 도로교통,음주·위험운전; 무면허운전,1,음주·위험운전:음주운전; 무면허운전:무면허운전; 도로교통:도로교통법
100153969,이영곤,진보당,구시군의회의원,경상남도 창원시바선거구,경상남도,창원시바선거구,https://info.nec.go.kr/electioninfo/candidate_detail_info.xhtml?electionId=0020260603&huboId=100153969,1건,집시법,,1,집시법:집회및시위|집회 및 시위
100165350,백승규,더불어민주당,구시군의회의원,경상남도 창원시사선거구,경상남도,창원시사선거구,https://info.nec.go.kr/electioninfo/candidate_detail_info.xhtml?electionId=0020260603&huboId=100165350,5건,도로교통; 건축·건설·부동산,,1,도로교통:도로교통법; 건축·건설·부동산:개발제한구역
100156371,박강우,국민의힘,구시군의회의원,경상남도 창원시사선거구,경상남도,창원시사선거구,https://info.nec.go.kr/electioninfo/candidate_detail_info.xhtml?electionId=0020260603&huboId=100156371,2건,음주·위험운전; 무면허운전; 도로교통,음주·위험운전; 무면허운전,1,음주·위험운전:음주운전; 무면허운전:무면허운전; 도로교통:도로교통법
100156400,전태완,국민의힘,구시군의회의원,경상남도 창원시아선거구,경상남도,창원시아선거구,https://info.nec.go.kr/electioninfo/candidate_detail_info.xhtml?electionId=0020260603&huboId=100156400,1건,음주·위험운전; 도로교통,음주·위험운전,1,음주·위험운전:음주운전; 도로교통:도로교통법
100162686,홍용채,국민의힘,구시군의회의원,경상남도 창원시자선거구,경상남도,창원시자선거구,https://info.nec.go.kr/electioninfo/candidate_detail_info.xhtml?electionId=0020260603&huboId=100162686,1건,특가법; 도로교통,특가법,1,특가법:특정범죄가중처벌; 도로교통:도로교통법
100157311,전병호,국민의힘,구시군의회의원,경상남도 창원시자선거구,경상남도,창원시자선거구,https://info.nec.go.kr/electioninfo/candidate_detail_info.xhtml?electionId=0020260603&huboId=100157311,1건,음주·위험운전; 도로교통,음주·위험운전,1,음주·위험운전:음주운전; 도로교통:도로교통법
100156349,남호준,국민의힘,구시군의회의원,경상남도 창원시차선거구,경상남도,창원시차선거구,https://info.nec.go.kr/electioninfo/candidate_detail_info.xhtml?electionId=0020260603&huboId=100156349,1건,음주·위험운전; 도로교통,음주·위험운전,1,음주·위험운전:음주운전; 도로교통:도로교통법
100155274,노정현,국민의힘,구시군의회의원,경상남도 창원시차선거구,경상남도,창원시차선거구,https://info.nec.go.kr/electioninfo/candidate_detail_info.xhtml?electionId=0020260603&huboId=100155274,1건,음주·위험운전; 도로교통,음주·위험운전,1,음주·위험운전:음주운전; 도로교통:도로교통법
100158120,이우완,더불어민주당,구시군의회의원,경상남도 창원시카선거구,경상남도,창원시카선거구,https://info.nec.go.kr/electioninfo/candidate_detail_info.xhtml?electionId=0020260603&huboId=100158120,2건,폭력; 국가보안법; 집시법,,1,폭력:폭력행위; 국가보안법:국가보안법; 집시법:집회및시위|집회 및 시위
100160335,남재욱,국민의힘,구시군의회의원,경상남도 창원시카선거구,경상남도,창원시카선거구,https://info.nec.go.kr/electioninfo/candidate_detail_info.xhtml?electionId=0020260603&huboId=100160335,2건,음주·위험운전; 범인도피; 도로교통,음주·위험운전,1,음주·위험운전:음주운전; 범인도피:범인도피; 도로교통:도로교통법
100157021,안관호,국민의힘,구시군의회의원,경상남도 창원시카선거구,경상남도,창원시카선거구,https://info.nec.go.kr/electioninfo/candidate_detail_info.xhtml?electionId=0020260603&huboId=100157021,1건,음주·위험운전; 도로교통,음주·위험운전,1,음주·위험운전:음주운전; 도로교통:도로교통법
100154298,서명일,더불어민주당,구시군의회의원,경상남도 창원시타선거구,경상남도,창원시타선거구,https://info.nec.go.kr/electioninfo/candidate_detail_info.xhtml?electionId=0020260603&huboId=100154298,1건,허위공문서·문서위조·공용서류,허위공문서·문서위조·공용서류,1,허위공문서·문서위조·공용서류:공무상표시무효
100156504,문순규,더불어민주당,구시군의회의원,경상남도 창원시파선거구,경상남도,창원시파선거구,https://info.nec.go.kr/electioninfo/candidate_detail_info.xhtml?electionId=0020260603&huboId=100156504,1건,,,1,
100154302,김정한,국민의힘,구시군의회의원,경상남도 창원시파선거구,경상남도,창원시파선거구,https://info.nec.go.kr/electioninfo/candidate_detail_info.xhtml?electionId=0020260603&huboId=100154302,1건,음주·위험운전; 도로교통,음주·위험운전,1,음주·위험운전:음주운전; 도로교통:도로교통법
100155535,배정한,더불어민주당,구시군의회의원,경상남도 창원시너선거구,경상남도,창원시너선거구,https://info.nec.go.kr/electioninfo/candidate_detail_info.xhtml?electionId=0020260603&huboId=100155535,3건,음주·위험운전; 무면허운전; 교통사고; 도로교통,음주·위험운전; 무면허운전,1,음주·위험운전:음주운전; 무면허운전:무면허운전; 교통사고:교통사고처리특례법|교통사고처리특례; 도로교통:도로교통법
100157374,장병운,국민의힘,구시군의회의원,경상남도 창원시더선거구,경상남도,창원시더선거구,https://info.nec.go.kr/electioninfo/candidate_detail_info.xhtml?electionId=0020260603&huboId=100157374,2건,조세,조세,1,조세:조세범
100165120,오상문,국민의힘,구시군의회의원,경상남도 창원시더선거구,경상남도,창원시더선거구,https://info.nec.go.kr/electioninfo/candidate_detail_info.xhtml?electionId=0020260603&huboId=100165120,3건,교통사고,,1,교통사고:교통사고처리특례법|교통사고처리특례
100157715,안성황,국민의힘,구시군의회의원,경상남도 진주시가선거구,경상남도,진주시가선거구,https://info.nec.go.kr/electioninfo/candidate_detail_info.xhtml?electionId=0020260603&huboId=100157715,1건,음주·위험운전; 도로교통,음주·위험운전,1,음주·위험운전:음주운전; 도로교통:도로교통법
100156401,강진훈,국민의힘,구시군의회의원,경상남도 진주시라선거구,경상남도,진주시라선거구,https://info.nec.go.kr/electioninfo/candidate_detail_info.xhtml?electionId=0020260603&huboId=100156401,1건,음주·위험운전; 도로교통,음주·위험운전,1,음주·위험운전:음주운전; 도로교통:도로교통법
100162419,박미경,국민의힘,구시군의회의원,경상남도 진주시라선거구,경상남도,진주시라선거구,https://info.nec.go.kr/electioninfo/candidate_detail_info.xhtml?electionId=0020260603&huboId=100162419,1건,음주·위험운전; 도로교통,음주·위험운전,1,음주·위험운전:음주운전; 도로교통:도로교통법
100155984,정대원,더불어민주당,구시군의회의원,경상남도 진주시마선거구,경상남도,진주시마선거구,https://info.nec.go.kr/electioninfo/candidate_detail_info.xhtml?electionId=0020260603&huboId=100155984,1건,음주·위험운전; 도로교통,음주·위험운전,1,음주·위험운전:음주운전; 도로교통:도로교통법
100162351,정용학,국민의힘,구시군의회의원,경상남도 진주시마선거구,경상남도,진주시마선거구,https://info.nec.go.kr/electioninfo/candidate_detail_info.xhtml?electionId=0020260603&huboId=100162351,1건,음주·위험운전; 도로교통,음주·위험운전,1,음주·위험운전:음주운전; 도로교통:도로교통법
100154321,김재영,진보당,구시군의회의원,경상남도 진주시마선거구,경상남도,진주시마선거구,https://info.nec.go.kr/electioninfo/candidate_detail_info.xhtml?electionId=0020260603&huboId=100154321,1건,공무집행방해,,0,공무집행방해:공무집행방해
100157654,이태진,국민의힘,구시군의회의원,경상남도 진주시사선거구,경상남도,진주시사선거구,https://info.nec.go.kr/electioninfo/candidate_detail_info.xhtml?electionId=0020260603&huboId=100157654,2건,음주·위험운전; 도로교통,음주·위험운전,1,음주·위험운전:음주운전; 도로교통:도로교통법
100160590,전병웅,국민의힘,구시군의회의원,경상남도 진주시사선거구,경상남도,진주시사선거구,https://info.nec.go.kr/electioninfo/candidate_detail_info.xhtml?electionId=0020260603&huboId=100160590,2건,허위공문서·문서위조·공용서류; 음주·위험운전; 폭력; 공무집행방해; 도로교통,허위공문서·문서위조·공용서류; 음주·위험운전,1,허위공문서·문서위조·공용서류:공용서류손상; 음주·위험운전:음주운전; 폭력:폭력행위; 공무집행방해:공무집행방해; 도로교통:도로교통법
100162290,강진철,국민의힘,구시군의회의원,경상남도 진주시아선거구,경상남도,진주시아선거구,https://info.nec.go.kr/electioninfo/candidate_detail_info.xhtml?electionId=0020260603&huboId=100162290,3건,음주·위험운전; 도로교통,음주·위험운전,0,음주·위험운전:음주운전; 도로교통:도로교통법
100157124,박태양,무소속,구시군의회의원,경상남도 진주시아선거구,경상남도,진주시아선거구,https://info.nec.go.kr/electioninfo/candidate_detail_info.xhtml?electionId=0020260603&huboId=100157124,1건,폭력,,1,폭력:상해
100154936,박용수,더불어민주당,구시군의회의원,경상남도 통영시가선거구,경상남도,통영시가선거구,https://info.nec.go.kr/electioninfo/candidate_detail_info.xhtml?electionId=0020260603&huboId=100154936,1건,사기; 노동,사기,1,사기:사기; 노동:고용보험법
100155710,김신우,국민의힘,구시군의회의원,경상남도 통영시가선거구,경상남도,통영시가선거구,https://info.nec.go.kr/electioninfo/candidate_detail_info.xhtml?electionId=0020260603&huboId=100155710,1건,음주·위험운전; 도로교통,음주·위험운전,1,음주·위험운전:음주운전; 도로교통:도로교통법
100158210,박상준,국민의힘,구시군의회의원,경상남도 통영시가선거구,경상남도,통영시가선거구,https://info.nec.go.kr/electioninfo/candidate_detail_info.xhtml?electionId=0020260603&huboId=100158210,1건,도로교통,,1,도로교통:도로교통법
100160134,전병일,무소속,구시군의회의원,경상남도 통영시가선거구,경상남도,통영시가선거구,https://info.nec.go.kr/electioninfo/candidate_detail_info.xhtml?electionId=0020260603&huboId=100160134,1건,폭력,,1,폭력:상해
100157319,정광호,더불어민주당,구시군의회의원,경상남도 통영시나선거구,경상남도,통영시나선거구,https://info.nec.go.kr/electioninfo/candidate_detail_info.xhtml?electionId=0020260603&huboId=100157319,1건,교통사고; 도로교통,,1,교통사고:교통사고처리특례법|교통사고처리특례; 도로교통:도로교통법
100158747,신익화,국민의힘,구시군의회의원,경상남도 통영시나선거구,경상남도,통영시나선거구,https://info.nec.go.kr/electioninfo/candidate_detail_info.xhtml?electionId=0020260603&huboId=100158747,2건,음주·위험운전; 폭력; 도로교통,음주·위험운전,1,음주·위험운전:음주운전; 폭력:폭행; 도로교통:도로교통법
100159227,노성진,국민의힘,구시군의회의원,경상남도 통영시나선거구,경상남도,통영시나선거구,https://info.nec.go.kr/electioninfo/candidate_detail_info.xhtml?electionId=0020260603&huboId=100159227,3건,음주·위험운전; 도로교통; 노동,음주·위험운전,1,음주·위험운전:음주운전; 도로교통:도로교통법; 노동:근로기준법
100157071,김용안,더불어민주당,구시군의회의원,경상남도 통영시라선거구,경상남도,통영시라선거구,https://info.nec.go.kr/electioninfo/candidate_detail_info.xhtml?electionId=0020260603&huboId=100157071,1건,폭력,,1,폭력:폭력행위
100162905,정승욱,더불어민주당,구시군의회의원,경상남도 통영시라선거구,경상남도,통영시라선거구,https://info.nec.go.kr/electioninfo/candidate_detail_info.xhtml?electionId=0020260603&huboId=100162905,3건,음주·위험운전; 무면허운전; 도로교통,음주·위험운전; 무면허운전,3,음주·위험운전:음주운전; 무면허운전:무면허운전; 도로교통:도로교통법
100153830,김태균,국민의힘,구시군의회의원,경상남도 통영시라선거구,경상남도,통영시라선거구,https://info.nec.go.kr/electioninfo/candidate_detail_info.xhtml?electionId=0020260603&huboId=100153830,1건,음주·위험운전; 도로교통,음주·위험운전,1,음주·위험운전:음주운전; 도로교통:도로교통법
100163214,강석모,국민의힘,구시군의회의원,경상남도 사천시가선거구,경상남도,사천시가선거구,https://info.nec.go.kr/electioninfo/candidate_detail_info.xhtml?electionId=0020260603&huboId=100163214,1건,교통사고; 도로교통,,1,교통사고:교통사고처리특례법|교통사고처리특례; 도로교통:도로교통법
100158690,진배근,국민의힘,구시군의회의원,경상남도 사천시가선거구,경상남도,사천시가선거구,https://info.nec.go.kr/electioninfo/candidate_detail_info.xhtml?electionId=0020260603&huboId=100158690,2건,음주·위험운전,음주·위험운전,1,음주·위험운전:음주운전
100163490,신현근,무소속,구시군의회의원,경상남도 사천시가선거구,경상남도,사천시가선거구,https://info.nec.go.kr/electioninfo/candidate_detail_info.xhtml?electionId=0020260603&huboId=100163490,1건,공직선거법,공직선거법,1,공직선거법:공직선거법
100160368,임봉남,국민의힘,구시군의회의원,경상남도 사천시나선거구,경상남도,사천시나선거구,https://info.nec.go.kr/electioninfo/candidate_detail_info.xhtml?electionId=0020260603&huboId=100160368,1건,건축·건설·부동산,,1,건축·건설·부동산:건축법
100164541,최인생,무소속,구시군의회의원,경상남도 사천시나선거구,경상남도,사천시나선거구,https://info.nec.go.kr/electioninfo/candidate_detail_info.xhtml?electionId=0020260603&huboId=100164541,1건,음주·위험운전; 교통사고; 도로교통,음주·위험운전,1,음주·위험운전:음주운전; 교통사고:교통사고처리특례법|교통사고처리특례; 도로교통:도로교통법
100156153,최동환,더불어민주당,구시군의회의원,경상남도 사천시다선거구,경상남도,사천시다선거구,https://info.nec.go.kr/electioninfo/candidate_detail_info.xhtml?electionId=0020260603&huboId=100156153,1건,폭력; 국가보안법; 집시법,,1,폭력:폭력행위; 국가보안법:국가보안법; 집시법:집회및시위|집회 및 시위
100154909,여지훈,더불어민주당,구시군의회의원,경상남도 사천시라선거구,경상남도,사천시라선거구,https://info.nec.go.kr/electioninfo/candidate_detail_info.xhtml?electionId=0020260603&huboId=100154909,2건,음주·위험운전; 도로교통,음주·위험운전,1,음주·위험운전:음주운전; 도로교통:도로교통법
100156001,김명석,무소속,구시군의회의원,경상남도 사천시라선거구,경상남도,사천시라선거구,https://info.nec.go.kr/electioninfo/candidate_detail_info.xhtml?electionId=0020260603&huboId=100156001,2건,,,0,
100154400,김태호,더불어민주당,구시군의회의원,경상남도 김해시가선거구,경상남도,김해시가선거구,https://info.nec.go.kr/electioninfo/candidate_detail_info.xhtml?electionId=0020260603&huboId=100154400,1건,교통사고,,1,교통사고:교통사고처리특례법|교통사고처리특례
100155100,박상인,더불어민주당,구시군의회의원,경상남도 김해시나선거구,경상남도,김해시나선거구,https://info.nec.go.kr/electioninfo/candidate_detail_info.xhtml?electionId=0020260603&huboId=100155100,1건,교육·청소년,,0,교육·청소년:청소년보호법
100157958,이철훈,국민의힘,구시군의회의원,경상남도 김해시나선거구,경상남도,김해시나선거구,https://info.nec.go.kr/electioninfo/candidate_detail_info.xhtml?electionId=0020260603&huboId=100157958,1건,교통사고,,1,교통사고:교통사고처리특례법|교통사고처리특례
100158780,조종현,더불어민주당,구시군의회의원,경상남도 김해시다선거구,경상남도,김해시다선거구,https://info.nec.go.kr/electioninfo/candidate_detail_info.xhtml?electionId=0020260603&huboId=100158780,1건,도로교통,,1,도로교통:도로교통법
100158289,김유상,국민의힘,구시군의회의원,경상남도 김해시다선거구,경상남도,김해시다선거구,https://info.nec.go.kr/electioninfo/candidate_detail_info.xhtml?electionId=0020260603&huboId=100158289,1건,폭력,,1,폭력:상해
100159269,정준호,더불어민주당,구시군의회의원,경상남도 김해시라선거구,경상남도,김해시라선거구,https://info.nec.go.kr/electioninfo/candidate_detail_info.xhtml?electionId=0020260603&huboId=100159269,2건,음주·위험운전; 도로교통,음주·위험운전,1,음주·위험운전:음주운전; 도로교통:도로교통법
100158473,이미애,국민의힘,구시군의회의원,경상남도 김해시라선거구,경상남도,김해시라선거구,https://info.nec.go.kr/electioninfo/candidate_detail_info.xhtml?electionId=0020260603&huboId=100158473,1건,,,1,
100157596,정희열,더불어민주당,구시군의회의원,경상남도 김해시마선거구,경상남도,김해시마선거구,https://info.nec.go.kr/electioninfo/candidate_detail_info.xhtml?electionId=0020260603&huboId=100157596,2건,교통사고; 범인도피,,1,교통사고:교통사고처리특례법|교통사고처리특례; 범인도피:범인도피
100157781,김주섭,국민의힘,구시군의회의원,경상남도 김해시마선거구,경상남도,김해시마선거구,https://info.nec.go.kr/electioninfo/candidate_detail_info.xhtml?electionId=0020260603&huboId=100157781,3건,음주·위험운전; 도로교통; 식품·보건; 교육·청소년; 도박,음주·위험운전,1,음주·위험운전:음주운전; 도로교통:도로교통법; 식품·보건:식품위생법; 교육·청소년:청소년보호법; 도박:도박
100158638,안선환,국민의힘,구시군의회의원,경상남도 김해시바선거구,경상남도,김해시바선거구,https://info.nec.go.kr/electioninfo/candidate_detail_info.xhtml?electionId=0020260603&huboId=100158638,2건,건축·건설·부동산; 도박,,1,건축·건설·부동산:부동산; 도박:도박
100163312,이영철,무소속,구시군의회의원,경상남도 김해시바선거구,경상남도,김해시바선거구,https://info.nec.go.kr/electioninfo/candidate_detail_info.xhtml?electionId=0020260603&huboId=100163312,9건,음주·위험운전; 업무방해; 도로교통; 집시법,음주·위험운전,3,음주·위험운전:음주운전; 업무방해:업무방해; 도로교통:도로교통법; 집시법:집회및시위|집회 및 시위
100154751,이천기,진보당,구시군의회의원,경상남도 김해시사선거구,경상남도,김해시사선거구,https://info.nec.go.kr/electioninfo/candidate_detail_info.xhtml?electionId=0020260603&huboId=100154751,1건,집시법,,1,집시법:집회및시위|집회 및 시위
100160342,김진일,국민의힘,구시군의회의원,경상남도 김해시아선거구,경상남도,김해시아선거구,https://info.nec.go.kr/electioninfo/candidate_detail_info.xhtml?electionId=0020260603&huboId=100160342,1건,음주·위험운전; 도로교통,음주·위험운전,1,음주·위험운전:음주운전; 도로교통:도로교통법
100154957,김태복,진보당,구시군의회의원,경상남도 김해시아선거구,경상남도,김해시아선거구,https://info.nec.go.kr/electioninfo/candidate_detail_info.xhtml?electionId=0020260603&huboId=100154957,2건,폭력; 공무집행방해; 업무방해; 주거침입; 도로교통,,1,폭력:폭력행위; 공무집행방해:공무집행방해; 업무방해:업무방해; 주거침입:주거침입; 도로교통:일반교통방해
100158745,김상득,국민의힘,구시군의회의원,경상남도 밀양시가선거구,경상남도,밀양시가선거구,https://info.nec.go.kr/electioninfo/candidate_detail_info.xhtml?electionId=0020260603&huboId=100158745,1건,폭력,,1,폭력:상해
100160599,정희정,국민의힘,구시군의회의원,경상남도 밀양시나선거구,경상남도,밀양시나선거구,https://info.nec.go.kr/electioninfo/candidate_detail_info.xhtml?electionId=0020260603&huboId=100160599,1건,,,0,
100160799,박영배,국민의힘,구시군의회의원,경상남도 밀양시나선거구,경상남도,밀양시나선거구,https://info.nec.go.kr/electioninfo/candidate_detail_info.xhtml?electionId=0020260603&huboId=100160799,2건,공직선거법; 도로교통,공직선거법,1,공직선거법:공직선거법; 도로교통:도로교통법
100164438,정성원,무소속,구시군의회의원,경상남도 밀양시나선거구,경상남도,밀양시나선거구,https://info.nec.go.kr/electioninfo/candidate_detail_info.xhtml?electionId=0020260603&huboId=100164438,8건,사기; 교통사고; 폭력; 사법방해; 건축·건설·부동산,사기,2,사기:사기; 교통사고:교통사고처리특례법|교통사고처리특례; 폭력:상해; 사법방해:위증; 건축·건설·부동산:부동산
100155301,이준우,국민의힘,구시군의회의원,경상남도 밀양시다선거구,경상남도,밀양시다선거구,https://info.nec.go.kr/electioninfo/candidate_detail_info.xhtml?electionId=0020260603&huboId=100155301,2건,교통사고; 폭력,,1,교통사고:교통사고처리특례법|교통사고처리특례; 폭력:폭행|상해
100155284,하원호,더불어민주당,구시군의회의원,경상남도 밀양시라선거구,경상남도,밀양시라선거구,https://info.nec.go.kr/electioninfo/candidate_detail_info.xhtml?electionId=0020260603&huboId=100155284,2건,음주·위험운전; 도로교통,음주·위험운전,1,음주·위험운전:음주운전; 도로교통:도로교통법
100161903,허홍,국민의힘,구시군의회의원,경상남도 밀양시라선거구,경상남도,밀양시라선거구,https://info.nec.go.kr/electioninfo/candidate_detail_info.xhtml?electionId=0020260603&huboId=100161903,2건,도로교통,,1,도로교통:도로교통법
100154693,김성백,국민의힘,구시군의회의원,경상남도 밀양시라선거구,경상남도,밀양시라선거구,https://info.nec.go.kr/electioninfo/candidate_detail_info.xhtml?electionId=0020260603&huboId=100154693,2건,폭력,,1,폭력:상해
100161140,박수경,무소속,구시군의회의원,경상남도 밀양시라선거구,경상남도,밀양시라선거구,https://info.nec.go.kr/electioninfo/candidate_detail_info.xhtml?electionId=0020260603&huboId=100161140,1건,,,0,
100155391,박영일,무소속,구시군의회의원,경상남도 밀양시라선거구,경상남도,밀양시라선거구,https://info.nec.go.kr/electioninfo/candidate_detail_info.xhtml?electionId=0020260603&huboId=100155391,1건,,,0,
100160464,박진수,국민의힘,구시군의회의원,경상남도 밀양시마선거구,경상남도,밀양시마선거구,https://info.nec.go.kr/electioninfo/candidate_detail_info.xhtml?electionId=0020260603&huboId=100160464,2건,마약,,1,마약:마약
100161299,노재하,더불어민주당,구시군의회의원,경상남도 거제시가선거구,경상남도,거제시가선거구,https://info.nec.go.kr/electioninfo/candidate_detail_info.xhtml?electionId=0020260603&huboId=100161299,1건,,,0,
100156975,임수환,국민의힘,구시군의회의원,경상남도 거제시가선거구,경상남도,거제시가선거구,https://info.nec.go.kr/electioninfo/candidate_detail_info.xhtml?electionId=0020260603&huboId=100156975,5건,음주·위험운전; 무면허운전; 교통사고; 공무집행방해; 도로교통,음주·위험운전; 무면허운전,1,음주·위험운전:음주운전; 무면허운전:무면허운전; 교통사고:교통사고처리특례법|교통사고처리특례; 공무집행방해:공무집행방해; 도로교통:도로교통법
100158180,김동수,국민의힘,구시군의회의원,경상남도 거제시가선거구,경상남도,거제시가선거구,https://info.nec.go.kr/electioninfo/candidate_detail_info.xhtml?electionId=0020260603&huboId=100158180,4건,음주·위험운전; 무면허운전; 교통사고; 도로교통,음주·위험운전; 무면허운전,0,음주·위험운전:음주운전; 무면허운전:무면허운전; 교통사고:교통사고처리특례법|교통사고처리특례; 도로교통:도로교통법
100157494,양태석,무소속,구시군의회의원,경상남도 거제시가선거구,경상남도,거제시가선거구,https://info.nec.go.kr/electioninfo/candidate_detail_info.xhtml?electionId=0020260603&huboId=100157494,1건,사기,사기,1,사기:사기
100155435,옥은림,더불어민주당,구시군의회의원,경상남도 거제시나선거구,경상남도,거제시나선거구,https://info.nec.go.kr/electioninfo/candidate_detail_info.xhtml?electionId=0020260603&huboId=100155435,1건,교통사고,,1,교통사고:교통사고처리특례법|교통사고처리특례
100155197,권순옥,더불어민주당,구시군의회의원,경상남도 거제시나선거구,경상남도,거제시나선거구,https://info.nec.go.kr/electioninfo/candidate_detail_info.xhtml?electionId=0020260603&huboId=100155197,1건,,,0,
100156420,김영춘,조국혁신당,구시군의회의원,경상남도 거제시다선거구,경상남도,거제시다선거구,https://info.nec.go.kr/electioninfo/candidate_detail_info.xhtml?electionId=0020260603&huboId=100156420,1건,명예훼손,,1,명예훼손:명예훼손
100157864,이미숙,더불어민주당,구시군의회의원,경상남도 거제시마선거구,경상남도,거제시마선거구,https://info.nec.go.kr/electioninfo/candidate_detail_info.xhtml?electionId=0020260603&huboId=100157864,1건,,,0,
100156078,김경습,더불어민주당,구시군의회의원,경상남도 거제시마선거구,경상남도,거제시마선거구,https://info.nec.go.kr/electioninfo/candidate_detail_info.xhtml?electionId=0020260603&huboId=100156078,6건,폭력; 명예훼손,,1,폭력:폭행|상해; 명예훼손:명예훼손
100160463,신유현,국민의힘,구시군의회의원,경상남도 거제시마선거구,경상남도,거제시마선거구,https://info.nec.go.kr/electioninfo/candidate_detail_info.xhtml?electionId=0020260603&huboId=100160463,3건,노동,,1,노동:근로기준법
100155928,송태완,진보당,구시군의회의원,경상남도 거제시마선거구,경상남도,거제시마선거구,https://info.nec.go.kr/electioninfo/candidate_detail_info.xhtml?electionId=0020260603&huboId=100155928,1건,공직선거법,공직선거법,1,공직선거법:공직선거법
100157461,장성호,더불어민주당,구시군의회의원,경상남도 양산시가선거구,경상남도,양산시가선거구,https://info.nec.go.kr/electioninfo/candidate_detail_info.xhtml?electionId=0020260603&huboId=100157461,2건,음주·위험운전; 도로교통,음주·위험운전,1,음주·위험운전:음주운전; 도로교통:도로교통법
100156184,임정섭,더불어민주당,구시군의회의원,경상남도 양산시나선거구,경상남도,양산시나선거구,https://info.nec.go.kr/electioninfo/candidate_detail_info.xhtml?electionId=0020260603&huboId=100156184,2건,직권남용; 폭력,직권남용,1,직권남용:직권남용; 폭력:상해
100154842,이은영,진보당,구시군의회의원,경상남도 양산시나선거구,경상남도,양산시나선거구,https://info.nec.go.kr/electioninfo/candidate_detail_info.xhtml?electionId=0020260603&huboId=100154842,2건,공직선거법,공직선거법,1,공직선거법:공직선거법
100162560,김지원,더불어민주당,구시군의회의원,경상남도 양산시다선거구,경상남도,양산시다선거구,https://info.nec.go.kr/electioninfo/candidate_detail_info.xhtml?electionId=0020260603&huboId=100162560,1건,횡령,횡령,1,횡령:횡령
100154924,김교민,국민의힘,구시군의회의원,경상남도 양산시다선거구,경상남도,양산시다선거구,https://info.nec.go.kr/electioninfo/candidate_detail_info.xhtml?electionId=0020260603&huboId=100154924,1건,음주·위험운전; 도로교통,음주·위험운전,1,음주·위험운전:음주운전; 도로교통:도로교통법
100155990,문신우,더불어민주당,구시군의회의원,경상남도 양산시라선거구,경상남도,양산시라선거구,https://info.nec.go.kr/electioninfo/candidate_detail_info.xhtml?electionId=0020260603&huboId=100155990,1건,음주·위험운전; 도로교통,음주·위험운전,1,음주·위험운전:음주운전; 도로교통:도로교통법
100161762,공유신,국민의힘,구시군의회의원,경상남도 양산시라선거구,경상남도,양산시라선거구,https://info.nec.go.kr/electioninfo/candidate_detail_info.xhtml?electionId=0020260603&huboId=100161762,1건,,,0,
100156915,전해광,더불어민주당,구시군의회의원,경상남도 양산시바선거구,경상남도,양산시바선거구,https://info.nec.go.kr/electioninfo/candidate_detail_info.xhtml?electionId=0020260603&huboId=100156915,3건,음주·위험운전; 무면허운전; 도로교통,음주·위험운전; 무면허운전,1,음주·위험운전:음주운전; 무면허운전:무면허운전; 도로교통:도로교통법
100161160,성용근,국민의힘,구시군의회의원,경상남도 양산시바선거구,경상남도,양산시바선거구,https://info.nec.go.kr/electioninfo/candidate_detail_info.xhtml?electionId=0020260603&huboId=100161160,4건,음주·위험운전; 조세; 도로교통,음주·위험운전; 조세,1,음주·위험운전:음주운전; 조세:조세범; 도로교통:도로교통법
100160865,김석규,더불어민주당,구시군의회의원,경상남도 양산시사선거구,경상남도,양산시사선거구,https://info.nec.go.kr/electioninfo/candidate_detail_info.xhtml?electionId=0020260603&huboId=100160865,1건,음주·위험운전; 도로교통,음주·위험운전,0,음주·위험운전:음주운전; 도로교통:도로교통법
100161502,최복춘,국민의힘,구시군의회의원,경상남도 양산시아선거구,경상남도,양산시아선거구,https://info.nec.go.kr/electioninfo/candidate_detail_info.xhtml?electionId=0020260603&huboId=100161502,2건,폭력; 주거침입; 건축·건설·부동산,,1,폭력:폭행; 주거침입:주거침입; 건축·건설·부동산:건축법
100154967,이상걸,무소속,구시군의회의원,경상남도 양산시아선거구,경상남도,양산시아선거구,https://info.nec.go.kr/electioninfo/candidate_detail_info.xhtml?electionId=0020260603&huboId=100154967,2건,음주·위험운전; 공무집행방해; 도로교통,음주·위험운전,1,음주·위험운전:음주운전; 공무집행방해:공무집행방해; 도로교통:도로교통법
100159805,김영윤,국민의힘,구시군의회의원,경상남도 의령군가선거구,경상남도,의령군가선거구,https://info.nec.go.kr/electioninfo/candidate_detail_info.xhtml?electionId=0020260603&huboId=100159805,2건,폭력; 건축·건설·부동산,,1,폭력:상해; 건축·건설·부동산:건축법
100161788,김판곤,국민의힘,구시군의회의원,경상남도 의령군가선거구,경상남도,의령군가선거구,https://info.nec.go.kr/electioninfo/candidate_detail_info.xhtml?electionId=0020260603&huboId=100161788,2건,허위공문서·문서위조·공용서류; 도로교통,허위공문서·문서위조·공용서류,1,허위공문서·문서위조·공용서류:공용서류손상; 도로교통:도로교통법
100162830,주진규,무소속,구시군의회의원,경상남도 의령군가선거구,경상남도,의령군가선거구,https://info.nec.go.kr/electioninfo/candidate_detail_info.xhtml?electionId=0020260603&huboId=100162830,4건,음주·위험운전; 도로교통,음주·위험운전,1,음주·위험운전:음주운전; 도로교통:도로교통법
100161303,김행연,국민의힘,구시군의회의원,경상남도 의령군나선거구,경상남도,의령군나선거구,https://info.nec.go.kr/electioninfo/candidate_detail_info.xhtml?electionId=0020260603&huboId=100161303,1건,식품·보건,,1,식품·보건:식품위생법
100159731,손우기,무소속,구시군의회의원,경상남도 의령군나선거구,경상남도,의령군나선거구,https://info.nec.go.kr/electioninfo/candidate_detail_info.xhtml?electionId=0020260603&huboId=100159731,1건,도로교통,,1,도로교통:도로교통법
100161038,김규찬,무소속,구시군의회의원,경상남도 의령군라선거구,경상남도,의령군라선거구,https://info.nec.go.kr/electioninfo/candidate_detail_info.xhtml?electionId=0020260603&huboId=100161038,8건,절도; 보험·금융; 폭력; 공무집행방해,절도,1,절도:절도; 보험·금융:부정수표단속법; 폭력:폭력행위|상해; 공무집행방해:공무집행방해
100160151,김창호,무소속,구시군의회의원,경상남도 의령군라선거구,경상남도,의령군라선거구,https://info.nec.go.kr/electioninfo/candidate_detail_info.xhtml?electionId=0020260603&huboId=100160151,3건,폭력,,1,폭력:폭력행위|폭행
100159694,조경래,국민의힘,구시군의회의원,경상남도 함안군가선거구,경상남도,함안군가선거구,https://info.nec.go.kr/electioninfo/candidate_detail_info.xhtml?electionId=0020260603&huboId=100159694,1건,정치자금법,정치자금법,1,정치자금법:정치자금법
100158983,박성우,국민의힘,구시군의회의원,경상남도 함안군가선거구,경상남도,함안군가선거구,https://info.nec.go.kr/electioninfo/candidate_detail_info.xhtml?electionId=0020260603&huboId=100158983,1건,도로교통,,1,도로교통:도로교통법
100162685,성재기,무소속,구시군의회의원,경상남도 함안군가선거구,경상남도,함안군가선거구,https://info.nec.go.kr/electioninfo/candidate_detail_info.xhtml?electionId=0020260603&huboId=100162685,1건,음주·위험운전,음주·위험운전,1,음주·위험운전:음주운전
100160450,조만제,국민의힘,구시군의회의원,경상남도 함안군나선거구,경상남도,함안군나선거구,https://info.nec.go.kr/electioninfo/candidate_detail_info.xhtml?electionId=0020260603&huboId=100160450,1건,음주·위험운전; 도로교통,음주·위험운전,0,음주·위험운전:음주운전; 도로교통:도로교통법
100160588,문석주,국민의힘,구시군의회의원,경상남도 함안군나선거구,경상남도,함안군나선거구,https://info.nec.go.kr/electioninfo/candidate_detail_info.xhtml?electionId=0020260603&huboId=100160588,3건,폭력; 식품·보건,,1,폭력:폭력행위|상해; 식품·보건:식품위생법
100160142,윤광수,무소속,구시군의회의원,경상남도 함안군나선거구,경상남도,함안군나선거구,https://info.nec.go.kr/electioninfo/candidate_detail_info.xhtml?electionId=0020260603&huboId=100160142,1건,음주·위험운전; 도로교통,음주·위험운전,1,음주·위험운전:음주운전; 도로교통:도로교통법
100160293,김영동,더불어민주당,구시군의회의원,경상남도 함안군다선거구,경상남도,함안군다선거구,https://info.nec.go.kr/electioninfo/candidate_detail_info.xhtml?electionId=0020260603&huboId=100160293,1건,교통사고,,1,교통사고:교통사고처리특례법|교통사고처리특례
100160379,배재성,더불어민주당,구시군의회의원,경상남도 함안군다선거구,경상남도,함안군다선거구,https://info.nec.go.kr/electioninfo/candidate_detail_info.xhtml?electionId=0020260603&huboId=100160379,3건,공직선거법; 음주·위험운전; 도로교통,공직선거법; 음주·위험운전,1,공직선거법:공직선거법; 음주·위험운전:음주운전; 도로교통:도로교통법
100159807,곽세훈,국민의힘,구시군의회의원,경상남도 함안군다선거구,경상남도,함안군다선거구,https://info.nec.go.kr/electioninfo/candidate_detail_info.xhtml?electionId=0020260603&huboId=100159807,2건,음주·위험운전; 교통사고,음주·위험운전,1,음주·위험운전:음주운전; 교통사고:교통사고처리특례법|교통사고처리특례
100161326,권병철,국민의힘,구시군의회의원,경상남도 함안군다선거구,경상남도,함안군다선거구,https://info.nec.go.kr/electioninfo/candidate_detail_info.xhtml?electionId=0020260603&huboId=100161326,2건,무면허운전; 도로교통,무면허운전,1,무면허운전:무면허운전; 도로교통:도로교통법
100158795,이덕무,무소속,구시군의회의원,경상남도 함안군다선거구,경상남도,함안군다선거구,https://info.nec.go.kr/electioninfo/candidate_detail_info.xhtml?electionId=0020260603&huboId=100158795,1건,허위공문서·문서위조·공용서류,허위공문서·문서위조·공용서류,1,허위공문서·문서위조·공용서류:사문서|위조
100160231,박재홍,국민의힘,구시군의회의원,경상남도 창녕군가선거구,경상남도,창녕군가선거구,https://info.nec.go.kr/electioninfo/candidate_detail_info.xhtml?electionId=0020260603&huboId=100160231,3건,뇌물; 보조금,뇌물; 보조금,1,뇌물:뇌물; 보조금:보조금관리에관한법률|보조금
100162629,홍성두,국민의힘,구시군의회의원,경상남도 창녕군가선거구,경상남도,창녕군가선거구,https://info.nec.go.kr/electioninfo/candidate_detail_info.xhtml?electionId=0020260603&huboId=100162629,1건,음주·위험운전; 도로교통,음주·위험운전,1,음주·위험운전:음주운전; 도로교통:도로교통법
100160438,박종수,더불어민주당,구시군의회의원,경상남도 창녕군나선거구,경상남도,창녕군나선거구,https://info.nec.go.kr/electioninfo/candidate_detail_info.xhtml?electionId=0020260603&huboId=100160438,1건,,,0,
100163184,김종호,국민의힘,구시군의회의원,경상남도 창녕군다선거구,경상남도,창녕군다선거구,https://info.nec.go.kr/electioninfo/candidate_detail_info.xhtml?electionId=0020260603&huboId=100163184,2건,음주·위험운전; 도로교통,음주·위험운전,1,음주·위험운전:음주운전; 도로교통:도로교통법
100161765,박상재,국민의힘,구시군의회의원,경상남도 창녕군라선거구,경상남도,창녕군라선거구,https://info.nec.go.kr/electioninfo/candidate_detail_info.xhtml?electionId=0020260603&huboId=100161765,1건,음주·위험운전; 도로교통,음주·위험운전,1,음주·위험운전:음주운전; 도로교통:도로교통법
100162081,김석한,국민의힘,구시군의회의원,경상남도 고성군가선거구,경상남도,고성군가선거구,https://info.nec.go.kr/electioninfo/candidate_detail_info.xhtml?electionId=0020260603&huboId=100162081,1건,,,0,
100159122,김인근,무소속,구시군의회의원,경상남도 고성군가선거구,경상남도,고성군가선거구,https://info.nec.go.kr/electioninfo/candidate_detail_info.xhtml?electionId=0020260603&huboId=100159122,5건,사기; 폭력,사기,1,사기:사기; 폭력:상해
100159104,이우영,무소속,구시군의회의원,경상남도 고성군가선거구,경상남도,고성군가선거구,https://info.nec.go.kr/electioninfo/candidate_detail_info.xhtml?electionId=0020260603&huboId=100159104,1건,,,0,
100161808,김희태,더불어민주당,구시군의회의원,경상남도 고성군다선거구,경상남도,고성군다선거구,https://info.nec.go.kr/electioninfo/candidate_detail_info.xhtml?electionId=0020260603&huboId=100161808,4건,,,0,
100163897,최상림,무소속,구시군의회의원,경상남도 고성군다선거구,경상남도,고성군다선거구,https://info.nec.go.kr/electioninfo/candidate_detail_info.xhtml?electionId=0020260603&huboId=100163897,8건,공직선거법; 교통사고; 건축·건설·부동산,공직선거법,1,공직선거법:공직선거법; 교통사고:교통사고처리특례법|교통사고처리특례; 건축·건설·부동산:건축법
100159128,손상재,국민의힘,구시군의회의원,경상남도 고성군라선거구,경상남도,고성군라선거구,https://info.nec.go.kr/electioninfo/candidate_detail_info.xhtml?electionId=0020260603&huboId=100159128,1건,공무집행방해; 건축·건설·부동산,,1,공무집행방해:공무집행방해; 건축·건설·부동산:건설기계관리법
100159148,최두임,국민의힘,구시군의회의원,경상남도 고성군라선거구,경상남도,고성군라선거구,https://info.nec.go.kr/electioninfo/candidate_detail_info.xhtml?electionId=0020260603&huboId=100159148,1건,교통사고,,1,교통사고:교동사고
100160137,박환구,더불어민주당,구시군의회의원,경상남도 남해군가선거구,경상남도,남해군가선거구,https://info.nec.go.kr/electioninfo/candidate_detail_info.xhtml?electionId=0020260603&huboId=100160137,1건,교통사고,,0,교통사고:교통사고처리특례법|교통사고처리특례
100161883,하복만,더불어민주당,구시군의회의원,경상남도 남해군가선거구,경상남도,남해군가선거구,https://info.nec.go.kr/electioninfo/candidate_detail_info.xhtml?electionId=0020260603&huboId=100161883,2건,,,0,
100161682,박삼준,더불어민주당,구시군의회의원,경상남도 남해군나선거구,경상남도,남해군나선거구,https://info.nec.go.kr/electioninfo/candidate_detail_info.xhtml?electionId=0020260603&huboId=100161682,2건,보조금,보조금,1,보조금:보조금
100162548,정진규,국민의힘,구시군의회의원,경상남도 남해군나선거구,경상남도,남해군나선거구,https://info.nec.go.kr/electioninfo/candidate_detail_info.xhtml?electionId=0020260603&huboId=100162548,1건,,,0,
100162929,정영란,국민의힘,구시군의회의원,경상남도 남해군나선거구,경상남도,남해군나선거구,https://info.nec.go.kr/electioninfo/candidate_detail_info.xhtml?electionId=0020260603&huboId=100162929,1건,교통사고,,1,교통사고:교통사고처리특례법|교통사고처리특례
100163441,박종식,국민의힘,구시군의회의원,경상남도 남해군다선거구,경상남도,남해군다선거구,https://info.nec.go.kr/electioninfo/candidate_detail_info.xhtml?electionId=0020260603&huboId=100163441,1건,폭력,,1,폭력:폭력행위|상해
100162695,박종길,국민의힘,구시군의회의원,경상남도 남해군다선거구,경상남도,남해군다선거구,https://info.nec.go.kr/electioninfo/candidate_detail_info.xhtml?electionId=0020260603&huboId=100162695,1건,,,0,
100163501,정홍찬,국민의힘,구시군의회의원,경상남도 남해군라선거구,경상남도,남해군라선거구,https://info.nec.go.kr/electioninfo/candidate_detail_info.xhtml?electionId=0020260603&huboId=100163501,1건,,,0,
100164980,임태식,국민의힘,구시군의회의원,경상남도 남해군라선거구,경상남도,남해군라선거구,https://info.nec.go.kr/electioninfo/candidate_detail_info.xhtml?electionId=0020260603&huboId=100164980,2건,음주·위험운전; 도로교통,음주·위험운전,1,음주·위험운전:음주운전; 도로교통:도로교통법
100159169,김종환,더불어민주당,구시군의회의원,경상남도 하동군가선거구,경상남도,하동군가선거구,https://info.nec.go.kr/electioninfo/candidate_detail_info.xhtml?electionId=0020260603&huboId=100159169,1건,도로교통,,1,도로교통:도로교통법
100159548,김태종,국민의힘,구시군의회의원,경상남도 하동군가선거구,경상남도,하동군가선거구,https://info.nec.go.kr/electioninfo/candidate_detail_info.xhtml?electionId=0020260603&huboId=100159548,2건,건축·건설·부동산,,1,건축·건설·부동산:산지관리
100159579,김진태,무소속,구시군의회의원,경상남도 하동군나선거구,경상남도,하동군나선거구,https://info.nec.go.kr/electioninfo/candidate_detail_info.xhtml?electionId=0020260603&huboId=100159579,1건,횡령; 건축·건설·부동산,횡령,1,횡령:횡령; 건축·건설·부동산:건설산업기본법
100159667,양영수,국민의힘,구시군의회의원,경상남도 하동군라선거구,경상남도,하동군라선거구,https://info.nec.go.kr/electioninfo/candidate_detail_info.xhtml?electionId=0020260603&huboId=100159667,1건,음주·위험운전; 도로교통,음주·위험운전,1,음주·위험운전:음주운전; 도로교통:도로교통법
100163147,신재범,무소속,구시군의회의원,경상남도 하동군라선거구,경상남도,하동군라선거구,https://info.nec.go.kr/electioninfo/candidate_detail_info.xhtml?electionId=0020260603&huboId=100163147,2건,뇌물; 폭력,뇌물,1,뇌물:뇌물; 폭력:폭력행위
100159961,이종섭,국민의힘,구시군의회의원,경상남도 산청군나선거구,경상남도,산청군나선거구,https://info.nec.go.kr/electioninfo/candidate_detail_info.xhtml?electionId=0020260603&huboId=100159961,1건,건축·건설·부동산,,1,건축·건설·부동산:산지관리
100159967,임길택,국민의힘,구시군의회의원,경상남도 산청군나선거구,경상남도,산청군나선거구,https://info.nec.go.kr/electioninfo/candidate_detail_info.xhtml?electionId=0020260603&huboId=100159967,3건,음주·위험운전; 도로교통,음주·위험운전,1,음주·위험운전:음주운전; 도로교통:도로교통법
100160529,신동복,무소속,구시군의회의원,경상남도 산청군나선거구,경상남도,산청군나선거구,https://info.nec.go.kr/electioninfo/candidate_detail_info.xhtml?electionId=0020260603&huboId=100160529,1건,,,0,
100159351,이명환,무소속,구시군의회의원,경상남도 산청군나선거구,경상남도,산청군나선거구,https://info.nec.go.kr/electioninfo/candidate_detail_info.xhtml?electionId=0020260603&huboId=100159351,3건,음주·위험운전; 무면허운전; 도로교통,음주·위험운전; 무면허운전,1,음주·위험운전:음주운전; 무면허운전:무면허운전; 도로교통:도로교통법
100158864,서봉석,더불어민주당,구시군의회의원,경상남도 산청군다선거구,경상남도,산청군다선거구,https://info.nec.go.kr/electioninfo/candidate_detail_info.xhtml?electionId=0020260603&huboId=100158864,1건,폭력; 집시법,,1,폭력:폭력행위; 집시법:집회및시위|집회 및 시위
100159001,김성수,국민의힘,구시군의회의원,경상남도 산청군다선거구,경상남도,산청군다선거구,https://info.nec.go.kr/electioninfo/candidate_detail_info.xhtml?electionId=0020260603&huboId=100159001,1건,음주·위험운전; 도로교통,음주·위험운전,1,음주·위험운전:음주운전; 도로교통:도로교통법
100159003,이정호,무소속,구시군의회의원,경상남도 산청군다선거구,경상남도,산청군다선거구,https://info.nec.go.kr/electioninfo/candidate_detail_info.xhtml?electionId=0020260603&huboId=100159003,1건,,,1,
100158481,박경득,무소속,구시군의회의원,경상남도 산청군다선거구,경상남도,산청군다선거구,https://info.nec.go.kr/electioninfo/candidate_detail_info.xhtml?electionId=0020260603&huboId=100158481,1건,폭력,,1,폭력:폭행
100158905,김창도,무소속,구시군의회의원,경상남도 산청군다선거구,경상남도,산청군다선거구,https://info.nec.go.kr/electioninfo/candidate_detail_info.xhtml?electionId=0020260603&huboId=100158905,1건,음주·위험운전; 도로교통,음주·위험운전,1,음주·위험운전:음주운전; 도로교통:도로교통법
100157589,권순경,국민의힘,구시군의회의원,경상남도 산청군라선거구,경상남도,산청군라선거구,https://info.nec.go.kr/electioninfo/candidate_detail_info.xhtml?electionId=0020260603&huboId=100157589,3건,교통사고; 폭력,,0,교통사고:교통사고처리특례법|교통사고처리특례; 폭력:폭력행위|상해
100159542,이종혁,진보당,구시군의회의원,경상남도 산청군라선거구,경상남도,산청군라선거구,https://info.nec.go.kr/electioninfo/candidate_detail_info.xhtml?electionId=0020260603&huboId=100159542,4건,폭력; 공무집행방해; 업무방해; 주거침입; 도로교통; 집시법,,1,폭력:폭력행위; 공무집행방해:공무집행방해; 업무방해:업무방해; 주거침입:주거침입; 도로교통:일반교통방해; 집시법:집회및시위|집회 및 시위
100159340,안천원,무소속,구시군의회의원,경상남도 산청군라선거구,경상남도,산청군라선거구,https://info.nec.go.kr/electioninfo/candidate_detail_info.xhtml?electionId=0020260603&huboId=100159340,1건,폭력,,1,폭력:폭력행위
100165818,김구,무소속,구시군의회의원,경상남도 산청군라선거구,경상남도,산청군라선거구,https://info.nec.go.kr/electioninfo/candidate_detail_info.xhtml?electionId=0020260603&huboId=100165818,3건,음주·위험운전; 무면허운전; 절도; 도로교통,음주·위험운전; 무면허운전; 절도,1,음주·위험운전:음주운전; 무면허운전:무면허운전; 절도:절도; 도로교통:도로교통법
100160723,박해철,더불어민주당,구시군의회의원,경상남도 함양군가선거구,경상남도,함양군가선거구,https://info.nec.go.kr/electioninfo/candidate_detail_info.xhtml?electionId=0020260603&huboId=100160723,1건,음주·위험운전; 도로교통,음주·위험운전,1,음주·위험운전:음주운전; 도로교통:도로교통법
100159894,김창한,국민의힘,구시군의회의원,경상남도 함양군가선거구,경상남도,함양군가선거구,https://info.nec.go.kr/electioninfo/candidate_detail_info.xhtml?electionId=0020260603&huboId=100159894,1건,음주·위험운전; 도로교통,음주·위험운전,1,음주·위험운전:음주운전; 도로교통:도로교통법
100162693,정현철,국민의힘,구시군의회의원,경상남도 함양군가선거구,경상남도,함양군가선거구,https://info.nec.go.kr/electioninfo/candidate_detail_info.xhtml?electionId=0020260603&huboId=100162693,1건,음주·위험운전; 도로교통,음주·위험운전,1,음주·위험운전:음주운전; 도로교통:도로교통법
100160480,박만호,무소속,구시군의회의원,경상남도 함양군가선거구,경상남도,함양군가선거구,https://info.nec.go.kr/electioninfo/candidate_detail_info.xhtml?electionId=0020260603&huboId=100160480,5건,사기; 허위공문서·문서위조·공용서류; 폭력; 건축·건설·부동산,사기; 허위공문서·문서위조·공용서류,1,사기:사기; 허위공문서·문서위조·공용서류:사문서|위조; 폭력:상해; 건축·건설·부동산:부동산
100161497,조용수,더불어민주당,구시군의회의원,경상남도 함양군나선거구,경상남도,함양군나선거구,https://info.nec.go.kr/electioninfo/candidate_detail_info.xhtml?electionId=0020260603&huboId=100161497,1건,공무집행방해,,1,공무집행방해:공무집행방해
100161899,박동구,더불어민주당,구시군의회의원,경상남도 함양군다선거구,경상남도,함양군다선거구,https://info.nec.go.kr/electioninfo/candidate_detail_info.xhtml?electionId=0020260603&huboId=100161899,1건,사기,사기,1,사기:사기
100162729,양인호,무소속,구시군의회의원,경상남도 함양군다선거구,경상남도,함양군다선거구,https://info.nec.go.kr/electioninfo/candidate_detail_info.xhtml?electionId=0020260603&huboId=100162729,1건,,,0,
100160294,박병옥,무소속,구시군의회의원,경상남도 함양군다선거구,경상남도,함양군다선거구,https://info.nec.go.kr/electioninfo/candidate_detail_info.xhtml?electionId=0020260603&huboId=100160294,1건,,,0,
100163081,신중양,국민의힘,구시군의회의원,경상남도 거창군가선거구,경상남도,거창군가선거구,https://info.nec.go.kr/electioninfo/candidate_detail_info.xhtml?electionId=0020260603&huboId=100163081,1건,,,0,
100162943,김향란,무소속,구시군의회의원,경상남도 거창군가선거구,경상남도,거창군가선거구,https://info.nec.go.kr/electioninfo/candidate_detail_info.xhtml?electionId=0020260603&huboId=100162943,1건,,,0,
100161286,하병오,더불어민주당,구시군의회의원,경상남도 거창군나선거구,경상남도,거창군나선거구,https://info.nec.go.kr/electioninfo/candidate_detail_info.xhtml?electionId=0020260603&huboId=100161286,1건,폭력,,1,폭력:폭력행위
100159987,김봉석,국민의힘,구시군의회의원,경상남도 거창군나선거구,경상남도,거창군나선거구,https://info.nec.go.kr/electioninfo/candidate_detail_info.xhtml?electionId=0020260603&huboId=100159987,1건,,,0,
100162707,이홍희,무소속,구시군의회의원,경상남도 거창군나선거구,경상남도,거창군나선거구,https://info.nec.go.kr/electioninfo/candidate_detail_info.xhtml?electionId=0020260603&huboId=100162707,6건,사기; 공직선거법; 음주·위험운전; 무면허운전; 폭력; 공무집행방해; 도로교통,사기; 공직선거법; 음주·위험운전; 무면허운전,6,사기:사기; 공직선거법:공직선거법; 음주·위험운전:음주운전; 무면허운전:무면허운전; 폭력:상해; 공무집행방해:공무집행방해; 도로교통:도로교통법
100159650,김외향,국민의힘,구시군의회의원,경상남도 거창군다선거구,경상남도,거창군다선거구,https://info.nec.go.kr/electioninfo/candidate_detail_info.xhtml?electionId=0020260603&huboId=100159650,1건,,,0,
100159957,구교천,국민의힘,구시군의회의원,경상남도 거창군다선거구,경상남도,거창군다선거구,https://info.nec.go.kr/electioninfo/candidate_detail_info.xhtml?electionId=0020260603&huboId=100159957,1건,,,1,
100162940,박수자,무소속,구시군의회의원,경상남도 거창군다선거구,경상남도,거창군다선거구,https://info.nec.go.kr/electioninfo/candidate_detail_info.xhtml?electionId=0020260603&huboId=100162940,1건,,,1,
100160190,임채옥,무소속,구시군의회의원,경상남도 거창군다선거구,경상남도,거창군다선거구,https://info.nec.go.kr/electioninfo/candidate_detail_info.xhtml?electionId=0020260603&huboId=100160190,1건,,,0,
100162777,이한신,국민의힘,구시군의회의원,경상남도 합천군가선거구,경상남도,합천군가선거구,https://info.nec.go.kr/electioninfo/candidate_detail_info.xhtml?electionId=0020260603&huboId=100162777,5건,사기; 횡령; 보험·금융,사기; 횡령,2,사기:사기; 횡령:횡령; 보험·금융:부정수표단속법
100157992,박갑제,무소속,구시군의회의원,경상남도 합천군가선거구,경상남도,합천군가선거구,https://info.nec.go.kr/electioninfo/candidate_detail_info.xhtml?electionId=0020260603&huboId=100157992,1건,특가법; 음주·위험운전; 도로교통,특가법; 음주·위험운전,1,특가법:특정범죄가중처벌; 음주·위험운전:음주운전; 도로교통:도로교통법
100160031,권병윤,국민의힘,구시군의회의원,경상남도 합천군나선거구,경상남도,합천군나선거구,https://info.nec.go.kr/electioninfo/candidate_detail_info.xhtml?electionId=0020260603&huboId=100160031,3건,,,0,
100161492,신명기,국민의힘,구시군의회의원,경상남도 합천군나선거구,경상남도,합천군나선거구,https://info.nec.go.kr/electioninfo/candidate_detail_info.xhtml?electionId=0020260603&huboId=100161492,2건,음주·위험운전; 도로교통,음주·위험운전,1,음주·위험운전:음주운전; 도로교통:도로교통법
100159816,하만용,무소속,구시군의회의원,경상남도 합천군나선거구,경상남도,합천군나선거구,https://info.nec.go.kr/electioninfo/candidate_detail_info.xhtml?electionId=0020260603&huboId=100159816,2건,,,0,
100158551,한동기,무소속,구시군의회의원,경상남도 합천군나선거구,경상남도,합천군나선거구,https://info.nec.go.kr/electioninfo/candidate_detail_info.xhtml?electionId=0020260603&huboId=100158551,3건,,,0,
100162321,이종철,국민의힘,구시군의회의원,경상남도 합천군다선거구,경상남도,합천군다선거구,https://info.nec.go.kr/electioninfo/candidate_detail_info.xhtml?electionId=0020260603&huboId=100162321,1건,명예훼손,,0,명예훼손:명예훼손
100161126,노성용,무소속,구시군의회의원,경상남도 합천군다선거구,경상남도,합천군다선거구,https://info.nec.go.kr/electioninfo/candidate_detail_info.xhtml?electionId=0020260603&huboId=100161126,5건,,,0,
100156177,문성호,더불어민주당,구시군의회의원,경상북도 포항시나선거구,경상북도,포항시나선거구,https://info.nec.go.kr/electioninfo/candidate_detail_info.xhtml?electionId=0020260603&huboId=100156177,1건,폭력,,1,폭력:폭력행위|상해
100161980,김현옥,국민의힘,구시군의회의원,경상북도 포항시다선거구,경상북도,포항시다선거구,https://info.nec.go.kr/electioninfo/candidate_detail_info.xhtml?electionId=0020260603&huboId=100161980,1건,음주·위험운전; 도로교통,음주·위험운전,1,음주·위험운전:음주운전; 도로교통:도로교통법
100158607,안병국,무소속,구시군의회의원,경상북도 포항시라선거구,경상북도,포항시라선거구,https://info.nec.go.kr/electioninfo/candidate_detail_info.xhtml?electionId=0020260603&huboId=100158607,2건,공직선거법; 교통사고; 도로교통,공직선거법,1,공직선거법:공직선거법; 교통사고:교통사고처리특례법|교통사고처리특례; 도로교통:도로교통법
100158581,양아영,국민의힘,구시군의회의원,경상북도 포항시바선거구,경상북도,포항시바선거구,https://info.nec.go.kr/electioninfo/candidate_detail_info.xhtml?electionId=0020260603&huboId=100158581,1건,교통사고,,1,교통사고:교통사고처리특례법|교통사고처리특례
100160981,김정희,국민의힘,구시군의회의원,경상북도 포항시사선거구,경상북도,포항시사선거구,https://info.nec.go.kr/electioninfo/candidate_detail_info.xhtml?electionId=0020260603&huboId=100160981,3건,사기; 폭력,사기,1,사기:사기; 폭력:상해
100154397,박희진,진보당,구시군의회의원,경상북도 포항시사선거구,경상북도,포항시사선거구,https://info.nec.go.kr/electioninfo/candidate_detail_info.xhtml?electionId=0020260603&huboId=100154397,1건,도로교통; 집시법,,1,도로교통:일반교통방해; 집시법:집회및시위|집회 및 시위
100162558,김영헌,국민의힘,구시군의회의원,경상북도 포항시아선거구,경상북도,포항시아선거구,https://info.nec.go.kr/electioninfo/candidate_detail_info.xhtml?electionId=0020260603&huboId=100162558,2건,사기; 보험·금융,사기,1,사기:사기; 보험·금융:부정수표단속법
100154034,이준영,무소속,구시군의회의원,경상북도 포항시아선거구,경상북도,포항시아선거구,https://info.nec.go.kr/electioninfo/candidate_detail_info.xhtml?electionId=0020260603&huboId=100154034,3건,,,0,
100158038,이민규,더불어민주당,구시군의회의원,경상북도 포항시자선거구,경상북도,포항시자선거구,https://info.nec.go.kr/electioninfo/candidate_detail_info.xhtml?electionId=0020260603&huboId=100158038,3건,음주·위험운전; 교통사고; 폭력; 도로교통,음주·위험운전,1,음주·위험운전:음주운전; 교통사고:교통사고처리특례법|교통사고처리특례; 폭력:폭력행위; 도로교통:도로교통법
100157712,김창희,국민의힘,구시군의회의원,경상북도 포항시자선거구,경상북도,포항시자선거구,https://info.nec.go.kr/electioninfo/candidate_detail_info.xhtml?electionId=0020260603&huboId=100157712,1건,,,0,
100158314,조민성,국민의힘,구시군의회의원,경상북도 포항시자선거구,경상북도,포항시자선거구,https://info.nec.go.kr/electioninfo/candidate_detail_info.xhtml?electionId=0020260603&huboId=100158314,1건,교통사고,,1,교통사고:교통사고처리특례법|교통사고처리특례
100156771,최광열,더불어민주당,구시군의회의원,경상북도 포항시차선거구,경상북도,포항시차선거구,https://info.nec.go.kr/electioninfo/candidate_detail_info.xhtml?electionId=0020260603&huboId=100156771,1건,도로교통,,1,도로교통:도로교통법
100157230,최해곤,국민의힘,구시군의회의원,경상북도 포항시차선거구,경상북도,포항시차선거구,https://info.nec.go.kr/electioninfo/candidate_detail_info.xhtml?electionId=0020260603&huboId=100157230,2건,음주·위험운전; 무면허운전; 도로교통,음주·위험운전; 무면허운전,1,음주·위험운전:음주운전; 무면허운전:무면허운전; 도로교통:도로교통법
100154038,김홍열,국민의힘,구시군의회의원,경상북도 포항시차선거구,경상북도,포항시차선거구,https://info.nec.go.kr/electioninfo/candidate_detail_info.xhtml?electionId=0020260603&huboId=100154038,3건,특가법; 폭력; 공무집행방해; 도로교통,특가법,1,특가법:특정범죄가중처벌; 폭력:폭력행위; 공무집행방해:공무집행방해; 도로교통:도로교통법|도로법
100162749,박칠용,더불어민주당,구시군의회의원,경상북도 포항시카선거구,경상북도,포항시카선거구,https://info.nec.go.kr/electioninfo/candidate_detail_info.xhtml?electionId=0020260603&huboId=100162749,1건,음주·위험운전; 도로교통,음주·위험운전,1,음주·위험운전:음주운전; 도로교통:도로교통법
100156762,이진원,국민의힘,구시군의회의원,경상북도 포항시타선거구,경상북도,포항시타선거구,https://info.nec.go.kr/electioninfo/candidate_detail_info.xhtml?electionId=0020260603&huboId=100156762,2건,음주·위험운전; 도로교통,음주·위험운전,1,음주·위험운전:음주운전; 도로교통:도로교통법
100162165,이재진,국민의힘,구시군의회의원,경상북도 포항시타선거구,경상북도,포항시타선거구,https://info.nec.go.kr/electioninfo/candidate_detail_info.xhtml?electionId=0020260603&huboId=100162165,1건,음주·위험운전; 도로교통,음주·위험운전,1,음주·위험운전:음주운전; 도로교통:도로교통법
100161236,안재철,무소속,구시군의회의원,경상북도 경주시가선거구,경상북도,경주시가선거구,https://info.nec.go.kr/electioninfo/candidate_detail_info.xhtml?electionId=0020260603&huboId=100161236,4건,공직선거법,공직선거법,1,공직선거법:공직선거법
100155223,김영우,국민의힘,구시군의회의원,경상북도 경주시나선거구,경상북도,경주시나선거구,https://info.nec.go.kr/electioninfo/candidate_detail_info.xhtml?electionId=0020260603&huboId=100155223,5건,,,0,
100157369,최소동,무소속,구시군의회의원,경상북도 경주시나선거구,경상북도,경주시나선거구,https://info.nec.go.kr/electioninfo/candidate_detail_info.xhtml?electionId=0020260603&huboId=100157369,4건,폭력; 도박; 명예훼손,,2,폭력:상해; 도박:도박; 명예훼손:명예훼손
100162509,김호식,무소속,구시군의회의원,경상북도 경주시나선거구,경상북도,경주시나선거구,https://info.nec.go.kr/electioninfo/candidate_detail_info.xhtml?electionId=0020260603&huboId=100162509,2건,,,0,
100158849,김상희,국민의힘,구시군의회의원,경상북도 경주시다선거구,경상북도,경주시다선거구,https://info.nec.go.kr/electioninfo/candidate_detail_info.xhtml?electionId=0020260603&huboId=100158849,2건,폭력; 도로교통,,1,폭력:폭력행위|상해; 도로교통:도로교통법
100157410,주동열,국민의힘,구시군의회의원,경상북도 경주시다선거구,경상북도,경주시다선거구,https://info.nec.go.kr/electioninfo/candidate_detail_info.xhtml?electionId=0020260603&huboId=100157410,1건,건축·건설·부동산,,1,건축·건설·부동산:건설기계관리법
100160877,최재필,국민의힘,구시군의회의원,경상북도 경주시라선거구,경상북도,경주시라선거구,https://info.nec.go.kr/electioninfo/candidate_detail_info.xhtml?electionId=0020260603&huboId=100160877,1건,음주·위험운전; 도로교통,음주·위험운전,1,음주·위험운전:음주운전; 도로교통:도로교통법
100158218,최영기,국민의힘,구시군의회의원,경상북도 경주시라선거구,경상북도,경주시라선거구,https://info.nec.go.kr/electioninfo/candidate_detail_info.xhtml?electionId=0020260603&huboId=100158218,1건,음주·위험운전; 도로교통,음주·위험운전,1,음주·위험운전:음주운전; 도로교통:도로교통법
100154271,김철민,무소속,구시군의회의원,경상북도 경주시라선거구,경상북도,경주시라선거구,https://info.nec.go.kr/electioninfo/candidate_detail_info.xhtml?electionId=0020260603&huboId=100154271,2건,사기; 음주·위험운전; 도로교통,사기; 음주·위험운전,2,사기:사기; 음주·위험운전:음주운전; 도로교통:도로교통법
100155659,김영철,국민의힘,구시군의회의원,경상북도 경주시마선거구,경상북도,경주시마선거구,https://info.nec.go.kr/electioninfo/candidate_detail_info.xhtml?electionId=0020260603&huboId=100155659,2건,음주·위험운전; 도로교통,음주·위험운전,1,음주·위험운전:음주운전; 도로교통:도로교통법
100160219,정성룡,국민의힘,구시군의회의원,경상북도 경주시마선거구,경상북도,경주시마선거구,https://info.nec.go.kr/electioninfo/candidate_detail_info.xhtml?electionId=0020260603&huboId=100160219,1건,음주·위험운전; 교통사고; 도로교통,음주·위험운전,0,음주·위험운전:음주운전; 교통사고:교통사고처리특례법|교통사고처리특례; 도로교통:도로교통법
100158623,한영태,더불어민주당,구시군의회의원,경상북도 경주시사선거구,경상북도,경주시사선거구,https://info.nec.go.kr/electioninfo/candidate_detail_info.xhtml?electionId=0020260603&huboId=100158623,2건,절도; 명예훼손,절도,1,절도:절도; 명예훼손:명예훼손
100160570,임활,국민의힘,구시군의회의원,경상북도 경주시사선거구,경상북도,경주시사선거구,https://info.nec.go.kr/electioninfo/candidate_detail_info.xhtml?electionId=0020260603&huboId=100160570,2건,음주·위험운전; 무면허운전; 도로교통,음주·위험운전; 무면허운전,1,음주·위험운전:음주운전; 무면허운전:무면허운전; 도로교통:도로교통법
100161566,김동해,무소속,구시군의회의원,경상북도 경주시아선거구,경상북도,경주시아선거구,https://info.nec.go.kr/electioninfo/candidate_detail_info.xhtml?electionId=0020260603&huboId=100161566,3건,,,0,
100157745,권용덕,더불어민주당,구시군의회의원,경상북도 김천시가선거구,경상북도,김천시가선거구,https://info.nec.go.kr/electioninfo/candidate_detail_info.xhtml?electionId=0020260603&huboId=100157745,2건,음주·위험운전; 도로교통,음주·위험운전,1,음주·위험운전:음주운전; 도로교통:도로교통법
100154940,이상영,무소속,구시군의회의원,경상북도 김천시가선거구,경상북도,김천시가선거구,https://info.nec.go.kr/electioninfo/candidate_detail_info.xhtml?electionId=0020260603&huboId=100154940,3건,,,0,
100156344,박건우,무소속,구시군의회의원,경상북도 김천시가선거구,경상북도,김천시가선거구,https://info.nec.go.kr/electioninfo/candidate_detail_info.xhtml?electionId=0020260603&huboId=100156344,3건,공직선거법; 교통사고; 공무집행방해; 집시법; 모욕,공직선거법,1,공직선거법:공직선거법; 교통사고:교통사고처리특례법|교통사고처리특례; 공무집행방해:공무집행방해; 집시법:집회및시위|집회 및 시위; 모욕:모욕
100162024,김응숙,국민의힘,구시군의회의원,경상북도 김천시나선거구,경상북도,김천시나선거구,https://info.nec.go.kr/electioninfo/candidate_detail_info.xhtml?electionId=0020260603&huboId=100162024,1건,,,0,
100161194,이명기,무소속,구시군의회의원,경상북도 김천시나선거구,경상북도,김천시나선거구,https://info.nec.go.kr/electioninfo/candidate_detail_info.xhtml?electionId=0020260603&huboId=100161194,2건,음주·위험운전; 도로교통,음주·위험운전,1,음주·위험운전:음주운전; 도로교통:도로교통법
100158767,이기유,더불어민주당,구시군의회의원,경상북도 김천시다선거구,경상북도,김천시다선거구,https://info.nec.go.kr/electioninfo/candidate_detail_info.xhtml?electionId=0020260603&huboId=100158767,1건,,,0,
100155177,김상엽,국민의힘,구시군의회의원,경상북도 김천시다선거구,경상북도,김천시다선거구,https://info.nec.go.kr/electioninfo/candidate_detail_info.xhtml?electionId=0020260603&huboId=100155177,2건,,,0,
100160785,하동계,무소속,구시군의회의원,경상북도 김천시다선거구,경상북도,김천시다선거구,https://info.nec.go.kr/electioninfo/candidate_detail_info.xhtml?electionId=0020260603&huboId=100160785,2건,,,0,
100161695,정재정,무소속,구시군의회의원,경상북도 김천시다선거구,경상북도,김천시다선거구,https://info.nec.go.kr/electioninfo/candidate_detail_info.xhtml?electionId=0020260603&huboId=100161695,1건,횡령,횡령,1,횡령:횡령
100160015,최완열,국민의힘,구시군의회의원,경상북도 김천시라선거구,경상북도,김천시라선거구,https://info.nec.go.kr/electioninfo/candidate_detail_info.xhtml?electionId=0020260603&huboId=100160015,1건,음주·위험운전; 도로교통,음주·위험운전,1,음주·위험운전:음주운전; 도로교통:도로교통법
100154565,노하룡,국민의힘,구시군의회의원,경상북도 김천시바선거구,경상북도,김천시바선거구,https://info.nec.go.kr/electioninfo/candidate_detail_info.xhtml?electionId=0020260603&huboId=100154565,3건,,,1,
100157302,장재호,무소속,구시군의회의원,경상북도 김천시바선거구,경상북도,김천시바선거구,https://info.nec.go.kr/electioninfo/candidate_detail_info.xhtml?electionId=0020260603&huboId=100157302,10건,음주·위험운전; 무면허운전; 교통사고; 폭력; 도로교통; 노동,음주·위험운전; 무면허운전,1,음주·위험운전:음주운전; 무면허운전:무면허운전; 교통사고:교동사고; 폭력:폭력행위|상해; 도로교통:도로교통법; 노동:근로기준법
100161915,오세길,국민의힘,구시군의회의원,경상북도 김천시사선거구,경상북도,김천시사선거구,https://info.nec.go.kr/electioninfo/candidate_detail_info.xhtml?electionId=0020260603&huboId=100161915,1건,,,0,
100161751,윤영수,국민의힘,구시군의회의원,경상북도 김천시사선거구,경상북도,김천시사선거구,https://info.nec.go.kr/electioninfo/candidate_detail_info.xhtml?electionId=0020260603&huboId=100161751,2건,건축·건설·부동산,,1,건축·건설·부동산:산지관리
100154921,신형철,무소속,구시군의회의원,경상북도 김천시사선거구,경상북도,김천시사선거구,https://info.nec.go.kr/electioninfo/candidate_detail_info.xhtml?electionId=0020260603&huboId=100154921,1건,,,0,
100157555,조동민,무소속,구시군의회의원,경상북도 김천시사선거구,경상북도,김천시사선거구,https://info.nec.go.kr/electioninfo/candidate_detail_info.xhtml?electionId=0020260603&huboId=100157555,2건,음주·위험운전; 도로교통,음주·위험운전,1,음주·위험운전:음주운전; 도로교통:도로교통법
100163919,권기윤,국민의힘,구시군의회의원,경상북도 안동시나선거구,경상북도,안동시나선거구,https://info.nec.go.kr/electioninfo/candidate_detail_info.xhtml?electionId=0020260603&huboId=100163919,1건,건축·건설·부동산,,1,건축·건설·부동산:건축법
100156126,강석주,국민의힘,구시군의회의원,경상북도 안동시다선거구,경상북도,안동시다선거구,https://info.nec.go.kr/electioninfo/candidate_detail_info.xhtml?electionId=0020260603&huboId=100156126,7건,공직선거법; 음주·위험운전; 도로교통; 환경,공직선거법; 음주·위험운전,1,공직선거법:공직선거법; 음주·위험운전:음주운전; 도로교통:도로교통법; 환경:폐기물관리법|대기환경보전법
100157158,안병일,국민의힘,구시군의회의원,경상북도 안동시라선거구,경상북도,안동시라선거구,https://info.nec.go.kr/electioninfo/candidate_detail_info.xhtml?electionId=0020260603&huboId=100157158,4건,음주·위험운전; 교통사고; 도로교통,음주·위험운전,4,음주·위험운전:음주운전; 교통사고:교통사고처리특례법|교통사고처리특례; 도로교통:도로교통법
100163936,권기익,국민의힘,구시군의회의원,경상북도 안동시라선거구,경상북도,안동시라선거구,https://info.nec.go.kr/electioninfo/candidate_detail_info.xhtml?electionId=0020260603&huboId=100163936,2건,,,0,
100162408,김창현,국민의힘,구시군의회의원,경상북도 안동시마선거구,경상북도,안동시마선거구,https://info.nec.go.kr/electioninfo/candidate_detail_info.xhtml?electionId=0020260603&huboId=100162408,1건,음주·위험운전; 도로교통,음주·위험운전,1,음주·위험운전:음주운전; 도로교통:도로교통법
100156297,장원호,무소속,구시군의회의원,경상북도 안동시마선거구,경상북도,안동시마선거구,https://info.nec.go.kr/electioninfo/candidate_detail_info.xhtml?electionId=0020260603&huboId=100156297,6건,교통사고; 폭력; 자동차관리,,4,교통사고:교통사고처리특례법|교통사고처리특례; 폭력:폭력행위; 자동차관리:자동차관리법
100163060,김호석,더불어민주당,구시군의회의원,경상북도 안동시바선거구,경상북도,안동시바선거구,https://info.nec.go.kr/electioninfo/candidate_detail_info.xhtml?electionId=0020260603&huboId=100163060,1건,,,0,
100162809,박치선,국민의힘,구시군의회의원,경상북도 안동시바선거구,경상북도,안동시바선거구,https://info.nec.go.kr/electioninfo/candidate_detail_info.xhtml?electionId=0020260603&huboId=100162809,1건,도로교통,,1,도로교통:도로교통법
100158796,손경식,국민의힘,구시군의회의원,경상북도 안동시바선거구,경상북도,안동시바선거구,https://info.nec.go.kr/electioninfo/candidate_detail_info.xhtml?electionId=0020260603&huboId=100158796,1건,,,0,
100163056,김규일,무소속,구시군의회의원,경상북도 안동시바선거구,경상북도,안동시바선거구,https://info.nec.go.kr/electioninfo/candidate_detail_info.xhtml?electionId=0020260603&huboId=100163056,3건,식품·보건; 교육·청소년,,1,식품·보건:식품위생법; 교육·청소년:청소년보호법
100163472,김경도,무소속,구시군의회의원,경상북도 안동시아선거구,경상북도,안동시아선거구,https://info.nec.go.kr/electioninfo/candidate_detail_info.xhtml?electionId=0020260603&huboId=100163472,1건,음주·위험운전; 도로교통,음주·위험운전,1,음주·위험운전:음주운전; 도로교통:도로교통법
100162218,김재우,더불어민주당,구시군의회의원,경상북도 구미시가선거구,경상북도,구미시가선거구,https://info.nec.go.kr/electioninfo/candidate_detail_info.xhtml?electionId=0020260603&huboId=100162218,1건,,,0,
100157361,김효석,국민의힘,구시군의회의원,경상북도 구미시가선거구,경상북도,구미시가선거구,https://info.nec.go.kr/electioninfo/candidate_detail_info.xhtml?electionId=0020260603&huboId=100157361,1건,도로교통,,1,도로교통:도로교통법
100161704,이정호,국민의힘,구시군의회의원,경상북도 구미시나선거구,경상북도,구미시나선거구,https://info.nec.go.kr/electioninfo/candidate_detail_info.xhtml?electionId=0020260603&huboId=100161704,4건,사기; 음주·위험운전; 보험·금융; 폭력; 도로교통,사기; 음주·위험운전,1,사기:사기; 음주·위험운전:음주운전; 보험·금융:전자금융거래법; 폭력:폭행|상해; 도로교통:도로교통법
100162228,박세채,국민의힘,구시군의회의원,경상북도 구미시나선거구,경상북도,구미시나선거구,https://info.nec.go.kr/electioninfo/candidate_detail_info.xhtml?electionId=0020260603&huboId=100162228,4건,음주·위험운전; 도로교통; 농수산,음주·위험운전,1,음주·위험운전:음주운전; 도로교통:도로교통법; 농수산:농수산물의원산지표시|원산지표시
100162172,김원섭,국민의힘,구시군의회의원,경상북도 구미시다선거구,경상북도,구미시다선거구,https://info.nec.go.kr/electioninfo/candidate_detail_info.xhtml?electionId=0020260603&huboId=100162172,2건,,,1,
100162191,김영태,국민의힘,구시군의회의원,경상북도 구미시다선거구,경상북도,구미시다선거구,https://info.nec.go.kr/electioninfo/candidate_detail_info.xhtml?electionId=0020260603&huboId=100162191,4건,사기; 폭력,사기,1,사기:사기; 폭력:폭력행위|상해
100158636,이영규,더불어민주당,구시군의회의원,경상북도 구미시라선거구,경상북도,구미시라선거구,https://info.nec.go.kr/electioninfo/candidate_detail_info.xhtml?electionId=0020260603&huboId=100158636,1건,음주·위험운전; 도로교통,음주·위험운전,0,음주·위험운전:음주운전; 도로교통:도로교통법
100162119,장세구,국민의힘,구시군의회의원,경상북도 구미시라선거구,경상북도,구미시라선거구,https://info.nec.go.kr/electioninfo/candidate_detail_info.xhtml?electionId=0020260603&huboId=100162119,2건,음주·위험운전; 무면허운전; 도로교통; 자동차관리,음주·위험운전; 무면허운전,2,음주·위험운전:음주운전; 무면허운전:무면허운전; 도로교통:도로교통법; 자동차관리:자동차관리법
100161646,김춘남,국민의힘,구시군의회의원,경상북도 구미시마선거구,경상북도,구미시마선거구,https://info.nec.go.kr/electioninfo/candidate_detail_info.xhtml?electionId=0020260603&huboId=100161646,2건,음주·위험운전; 도로교통,음주·위험운전,1,음주·위험운전:음주운전; 도로교통:도로교통법
100161533,허민근,국민의힘,구시군의회의원,경상북도 구미시마선거구,경상북도,구미시마선거구,https://info.nec.go.kr/electioninfo/candidate_detail_info.xhtml?electionId=0020260603&huboId=100161533,2건,음주·위험운전; 교통사고; 도로교통,음주·위험운전,1,음주·위험운전:음주운전; 교통사고:교통사고처리특례법|교통사고처리특례; 도로교통:도로교통법
100163682,이정임,더불어민주당,구시군의회의원,경상북도 구미시바선거구,경상북도,구미시바선거구,https://info.nec.go.kr/electioninfo/candidate_detail_info.xhtml?electionId=0020260603&huboId=100163682,2건,사기,사기,1,사기:사기
100164823,양진오,국민의힘,구시군의회의원,경상북도 구미시바선거구,경상북도,구미시바선거구,https://info.nec.go.kr/electioninfo/candidate_detail_info.xhtml?electionId=0020260603&huboId=100164823,1건,,,0,
100161530,강승수,국민의힘,구시군의회의원,경상북도 구미시사선거구,경상북도,구미시사선거구,https://info.nec.go.kr/electioninfo/candidate_detail_info.xhtml?electionId=0020260603&huboId=100161530,3건,횡령; 도로교통,횡령,1,횡령:횡령; 도로교통:도로교통법
100154613,신용주,국민의힘,구시군의회의원,경상북도 구미시아선거구,경상북도,구미시아선거구,https://info.nec.go.kr/electioninfo/candidate_detail_info.xhtml?electionId=0020260603&huboId=100154613,1건,,,0,
100162224,이상호,더불어민주당,구시군의회의원,경상북도 구미시자선거구,경상북도,구미시자선거구,https://info.nec.go.kr/electioninfo/candidate_detail_info.xhtml?electionId=0020260603&huboId=100162224,1건,도로교통,,1,도로교통:도로교통법
100160906,장진호,국민의힘,구시군의회의원,경상북도 구미시자선거구,경상북도,구미시자선거구,https://info.nec.go.kr/electioninfo/candidate_detail_info.xhtml?electionId=0020260603&huboId=100160906,2건,음주·위험운전; 교통사고; 도로교통,음주·위험운전,1,음주·위험운전:음주운전; 교통사고:교통사고처리특례법|교통사고처리특례; 도로교통:도로교통법
100162358,소진혁,국민의힘,구시군의회의원,경상북도 구미시자선거구,경상북도,구미시자선거구,https://info.nec.go.kr/electioninfo/candidate_detail_info.xhtml?electionId=0020260603&huboId=100162358,1건,도로교통,,1,도로교통:도로교통법
100162638,김근한,국민의힘,구시군의회의원,경상북도 구미시자선거구,경상북도,구미시자선거구,https://info.nec.go.kr/electioninfo/candidate_detail_info.xhtml?electionId=0020260603&huboId=100162638,2건,음주·위험운전; 폭력; 도로교통,음주·위험운전,1,음주·위험운전:음주운전; 폭력:폭력행위|상해; 도로교통:도로교통법
100163611,김기훈,더불어민주당,구시군의회의원,경상북도 영주시가선거구,경상북도,영주시가선거구,https://info.nec.go.kr/electioninfo/candidate_detail_info.xhtml?electionId=0020260603&huboId=100163611,1건,교통사고,,1,교통사고:교통사고처리특례법|교통사고처리특례
100162082,이재창,국민의힘,구시군의회의원,경상북도 영주시가선거구,경상북도,영주시가선거구,https://info.nec.go.kr/electioninfo/candidate_detail_info.xhtml?electionId=0020260603&huboId=100162082,2건,도로교통; 노동,,1,도로교통:도로교통법; 노동:근로기준법
100162087,유충상,무소속,구시군의회의원,경상북도 영주시나선거구,경상북도,영주시나선거구,https://info.nec.go.kr/electioninfo/candidate_detail_info.xhtml?electionId=0020260603&huboId=100162087,1건,교통사고,,1,교통사고:교통사고처리특례법|교통사고처리특례
100158548,이상근,국민의힘,구시군의회의원,경상북도 영주시라선거구,경상북도,영주시라선거구,https://info.nec.go.kr/electioninfo/candidate_detail_info.xhtml?electionId=0020260603&huboId=100158548,2건,음주·위험운전; 업무방해; 도로교통,음주·위험운전,1,음주·위험운전:음주운전; 업무방해:업무방해; 도로교통:도로교통법
100157259,목승균,더불어민주당,구시군의회의원,경상북도 영주시마선거구,경상북도,영주시마선거구,https://info.nec.go.kr/electioninfo/candidate_detail_info.xhtml?electionId=0020260603&huboId=100157259,3건,배임; 음주·위험운전; 폭력; 재물손괴; 도로교통,배임; 음주·위험운전,1,배임:배임; 음주·위험운전:음주운전; 폭력:상해; 재물손괴:재물손괴; 도로교통:도로교통법
100160298,전영탁,더불어민주당,구시군의회의원,경상북도 영주시바선거구,경상북도,영주시바선거구,https://info.nec.go.kr/electioninfo/candidate_detail_info.xhtml?electionId=0020260603&huboId=100160298,1건,무면허운전; 도로교통,무면허운전,1,무면허운전:무면허운전; 도로교통:도로교통법
100157104,전풍림,국민의힘,구시군의회의원,경상북도 영주시바선거구,경상북도,영주시바선거구,https://info.nec.go.kr/electioninfo/candidate_detail_info.xhtml?electionId=0020260603&huboId=100157104,4건,음주·위험운전; 도로교통,음주·위험운전,1,음주·위험운전:음주운전; 도로교통:도로교통법
100158611,김주영,무소속,구시군의회의원,경상북도 영주시바선거구,경상북도,영주시바선거구,https://info.nec.go.kr/electioninfo/candidate_detail_info.xhtml?electionId=0020260603&huboId=100158611,2건,교통사고; 도박,,1,교통사고:교통사고처리특례법|교통사고처리특례; 도박:도박
100158389,조현우,국민의힘,구시군의회의원,경상북도 영천시가선거구,경상북도,영천시가선거구,https://info.nec.go.kr/electioninfo/candidate_detail_info.xhtml?electionId=0020260603&huboId=100158389,1건,폭력,,1,폭력:폭력행위
100161955,우애자,무소속,구시군의회의원,경상북도 영천시가선거구,경상북도,영천시가선거구,https://info.nec.go.kr/electioninfo/candidate_detail_info.xhtml?electionId=0020260603&huboId=100161955,1건,교통사고,,1,교통사고:교통사고처리특례법|교통사고처리특례
100156092,김형락,더불어민주당,구시군의회의원,경상북도 영천시나선거구,경상북도,영천시나선거구,https://info.nec.go.kr/electioninfo/candidate_detail_info.xhtml?electionId=0020260603&huboId=100156092,1건,음주·위험운전; 도로교통,음주·위험운전,1,음주·위험운전:음주운전; 도로교통:도로교통법
100162306,김상호,국민의힘,구시군의회의원,경상북도 영천시나선거구,경상북도,영천시나선거구,https://info.nec.go.kr/electioninfo/candidate_detail_info.xhtml?electionId=0020260603&huboId=100162306,3건,폭력; 공무집행방해; 도로교통; 도박,,1,폭력:폭력행위|상해; 공무집행방해:공무집행방해; 도로교통:도로교통법; 도박:도박
100156300,서만율,국민의힘,구시군의회의원,경상북도 영천시나선거구,경상북도,영천시나선거구,https://info.nec.go.kr/electioninfo/candidate_detail_info.xhtml?electionId=0020260603&huboId=100156300,1건,공직선거법,공직선거법,1,공직선거법:공직선거법
100162406,이영우,무소속,구시군의회의원,경상북도 영천시나선거구,경상북도,영천시나선거구,https://info.nec.go.kr/electioninfo/candidate_detail_info.xhtml?electionId=0020260603&huboId=100162406,5건,음주·위험운전; 도로교통,음주·위험운전,1,음주·위험운전:음주운전; 도로교통:도로교통법
100154616,윤영한,국민의힘,구시군의회의원,경상북도 영천시다선거구,경상북도,영천시다선거구,https://info.nec.go.kr/electioninfo/candidate_detail_info.xhtml?electionId=0020260603&huboId=100154616,2건,횡령; 음주·위험운전; 도로교통,횡령; 음주·위험운전,1,횡령:횡령; 음주·위험운전:음주운전; 도로교통:도로교통법
100159312,전종천,무소속,구시군의회의원,경상북도 영천시다선거구,경상북도,영천시다선거구,https://info.nec.go.kr/electioninfo/candidate_detail_info.xhtml?electionId=0020260603&huboId=100159312,1건,,,0,
100163667,권기한,국민의힘,구시군의회의원,경상북도 영천시라선거구,경상북도,영천시라선거구,https://info.nec.go.kr/electioninfo/candidate_detail_info.xhtml?electionId=0020260603&huboId=100163667,3건,음주·위험운전; 도로교통,음주·위험운전,1,음주·위험운전:음주운전; 도로교통:도로교통법
100154763,조희제,무소속,구시군의회의원,경상북도 상주시가선거구,경상북도,상주시가선거구,https://info.nec.go.kr/electioninfo/candidate_detail_info.xhtml?electionId=0020260603&huboId=100154763,2건,사기,사기,1,사기:사기
100155335,김영근,국민의힘,구시군의회의원,경상북도 상주시나선거구,경상북도,상주시나선거구,https://info.nec.go.kr/electioninfo/candidate_detail_info.xhtml?electionId=0020260603&huboId=100155335,6건,교통사고; 폭력; 재물손괴,,1,교통사고:교통사고처리특례법|교통사고처리특례; 폭력:상해; 재물손괴:재물손괴
100163136,안창수,국민의힘,구시군의회의원,경상북도 상주시나선거구,경상북도,상주시나선거구,https://info.nec.go.kr/electioninfo/candidate_detail_info.xhtml?electionId=0020260603&huboId=100163136,3건,음주·위험운전; 도로교통; 건축·건설·부동산,음주·위험운전,1,음주·위험운전:음주운전; 도로교통:도로교통법; 건축·건설·부동산:건설산업기본법
100158579,성성호,무소속,구시군의회의원,경상북도 상주시나선거구,경상북도,상주시나선거구,https://info.nec.go.kr/electioninfo/candidate_detail_info.xhtml?electionId=0020260603&huboId=100158579,2건,음주·위험운전; 폭력; 도로교통,음주·위험운전,0,음주·위험운전:음주운전; 폭력:폭력행위; 도로교통:도로교통법
100162175,정길수,더불어민주당,구시군의회의원,경상북도 상주시다선거구,경상북도,상주시다선거구,https://info.nec.go.kr/electioninfo/candidate_detail_info.xhtml?electionId=0020260603&huboId=100162175,3건,도박,,1,도박:도박
100154896,최재응,국민의힘,구시군의회의원,경상북도 상주시라선거구,경상북도,상주시라선거구,https://info.nec.go.kr/electioninfo/candidate_detail_info.xhtml?electionId=0020260603&huboId=100154896,1건,교통사고,,1,교통사고:교통사고처리특례법|교통사고처리특례
100155849,이호상,무소속,구시군의회의원,경상북도 상주시라선거구,경상북도,상주시라선거구,https://info.nec.go.kr/electioninfo/candidate_detail_info.xhtml?electionId=0020260603&huboId=100155849,1건,교통사고,,1,교통사고:교통사고처리특례법|교통사고처리특례
100156951,채남식,무소속,구시군의회의원,경상북도 문경시가선거구,경상북도,문경시가선거구,https://info.nec.go.kr/electioninfo/candidate_detail_info.xhtml?electionId=0020260603&huboId=100156951,1건,음주·위험운전; 도로교통,음주·위험운전,1,음주·위험운전:음주운전; 도로교통:도로교통법
100155370,김원식,무소속,구시군의회의원,경상북도 문경시가선거구,경상북도,문경시가선거구,https://info.nec.go.kr/electioninfo/candidate_detail_info.xhtml?electionId=0020260603&huboId=100155370,2건,노동,,1,노동:근로기준법
100157969,김경환,무소속,구시군의회의원,경상북도 문경시가선거구,경상북도,문경시가선거구,https://info.nec.go.kr/electioninfo/candidate_detail_info.xhtml?electionId=0020260603&huboId=100157969,2건,음주·위험운전; 도로교통; 식품·보건,음주·위험운전,0,음주·위험운전:음주운전; 도로교통:도로교통법; 식품·보건:식품위생법
100161958,김대순,무소속,구시군의회의원,경상북도 문경시다선거구,경상북도,문경시다선거구,https://info.nec.go.kr/electioninfo/candidate_detail_info.xhtml?electionId=0020260603&huboId=100161958,6건,음주·위험운전; 무면허운전; 교통사고; 도로교통,음주·위험운전; 무면허운전,1,음주·위험운전:음주운전; 무면허운전:무면허운전; 교통사고:교통사고처리특례법|교통사고처리특례; 도로교통:도로교통법
100155054,양재필,국민의힘,구시군의회의원,경상북도 문경시라선거구,경상북도,문경시라선거구,https://info.nec.go.kr/electioninfo/candidate_detail_info.xhtml?electionId=0020260603&huboId=100155054,1건,음주·위험운전; 도로교통,음주·위험운전,1,음주·위험운전:음주운전; 도로교통:도로교통법
100156249,송영탁,무소속,구시군의회의원,경상북도 문경시라선거구,경상북도,문경시라선거구,https://info.nec.go.kr/electioninfo/candidate_detail_info.xhtml?electionId=0020260603&huboId=100156249,1건,,,1,
100156875,정지대,무소속,구시군의회의원,경상북도 문경시라선거구,경상북도,문경시라선거구,https://info.nec.go.kr/electioninfo/candidate_detail_info.xhtml?electionId=0020260603&huboId=100156875,5건,음주·위험운전; 무면허운전; 폭력; 도로교통,음주·위험운전; 무면허운전,1,음주·위험운전:음주운전; 무면허운전:무면허운전; 폭력:폭력행위; 도로교통:도로교통법
100160767,손말남,국민의힘,구시군의회의원,경상북도 경산시가선거구,경상북도,경산시가선거구,https://info.nec.go.kr/electioninfo/candidate_detail_info.xhtml?electionId=0020260603&huboId=100160767,3건,식품·보건,,1,식품·보건:식품위생법
100158603,채태수,더불어민주당,구시군의회의원,경상북도 경산시나선거구,경상북도,경산시나선거구,https://info.nec.go.kr/electioninfo/candidate_detail_info.xhtml?electionId=0020260603&huboId=100158603,1건,,,0,
100161573,이동욱,무소속,구시군의회의원,경상북도 경산시나선거구,경상북도,경산시나선거구,https://info.nec.go.kr/electioninfo/candidate_detail_info.xhtml?electionId=0020260603&huboId=100161573,3건,,,3,
100160791,황관식,더불어민주당,구시군의회의원,경상북도 경산시다선거구,경상북도,경산시다선거구,https://info.nec.go.kr/electioninfo/candidate_detail_info.xhtml?electionId=0020260603&huboId=100160791,1건,음주·위험운전; 도로교통,음주·위험운전,1,음주·위험운전:음주운전; 도로교통:도로교통법
100163696,이경원,더불어민주당,구시군의회의원,경상북도 경산시라선거구,경상북도,경산시라선거구,https://info.nec.go.kr/electioninfo/candidate_detail_info.xhtml?electionId=0020260603&huboId=100163696,2건,보험·금융; 공무집행방해; 도로교통,,1,보험·금융:자동차손해배상보장법; 공무집행방해:공무집행방해; 도로교통:도로교통법
100162297,양재영,더불어민주당,구시군의회의원,경상북도 경산시마선거구,경상북도,경산시마선거구,https://info.nec.go.kr/electioninfo/candidate_detail_info.xhtml?electionId=0020260603&huboId=100162297,1건,공무집행방해,,1,공무집행방해:공무집행방해
100162971,김인수,국민의힘,구시군의회의원,경상북도 경산시마선거구,경상북도,경산시마선거구,https://info.nec.go.kr/electioninfo/candidate_detail_info.xhtml?electionId=0020260603&huboId=100162971,1건,업무방해,,1,업무방해:업무방해
100161892,지무진,국민의힘,구시군의회의원,경상북도 의성군가선거구,경상북도,의성군가선거구,https://info.nec.go.kr/electioninfo/candidate_detail_info.xhtml?electionId=0020260603&huboId=100161892,1건,노동,,1,노동:근로기준법
100162060,김현찬,국민의힘,구시군의회의원,경상북도 의성군가선거구,경상북도,의성군가선거구,https://info.nec.go.kr/electioninfo/candidate_detail_info.xhtml?electionId=0020260603&huboId=100162060,1건,업무방해; 도로교통,,1,업무방해:업무방해; 도로교통:도로교통법
100162612,김동준,무소속,구시군의회의원,경상북도 의성군다선거구,경상북도,의성군다선거구,https://info.nec.go.kr/electioninfo/candidate_detail_info.xhtml?electionId=0020260603&huboId=100162612,1건,공무집행방해; 건축·건설·부동산,,1,공무집행방해:공무집행방해; 건축·건설·부동산:건설산업기본법
100159420,김성현,국민의힘,구시군의회의원,경상북도 의성군라선거구,경상북도,의성군라선거구,https://info.nec.go.kr/electioninfo/candidate_detail_info.xhtml?electionId=0020260603&huboId=100159420,1건,음주·위험운전; 도로교통,음주·위험운전,1,음주·위험운전:음주운전; 도로교통:도로교통법
100159804,송승목,국민의힘,구시군의회의원,경상북도 의성군마선거구,경상북도,의성군마선거구,https://info.nec.go.kr/electioninfo/candidate_detail_info.xhtml?electionId=0020260603&huboId=100159804,1건,,,1,
100159431,장철수,무소속,구시군의회의원,경상북도 의성군마선거구,경상북도,의성군마선거구,https://info.nec.go.kr/electioninfo/candidate_detail_info.xhtml?electionId=0020260603&huboId=100159431,1건,공직선거법,공직선거법,1,공직선거법:공직선거법
100160119,권광기,더불어민주당,구시군의회의원,경상북도 청송군가선거구,경상북도,청송군가선거구,https://info.nec.go.kr/electioninfo/candidate_detail_info.xhtml?electionId=0020260603&huboId=100160119,3건,교통사고; 도박,,1,교통사고:교통사고처리특례법|교통사고처리특례; 도박:도박
100160900,심상휴,국민의힘,구시군의회의원,경상북도 청송군가선거구,경상북도,청송군가선거구,https://info.nec.go.kr/electioninfo/candidate_detail_info.xhtml?electionId=0020260603&huboId=100160900,1건,폭력; 공무집행방해; 재물손괴,,1,폭력:폭력행위|상해; 공무집행방해:공무집행방해; 재물손괴:재물손괴
100160355,김무섭,국민의힘,구시군의회의원,경상북도 청송군나선거구,경상북도,청송군나선거구,https://info.nec.go.kr/electioninfo/candidate_detail_info.xhtml?electionId=0020260603&huboId=100160355,1건,음주·위험운전; 도로교통,음주·위험운전,0,음주·위험운전:음주운전; 도로교통:도로교통법
100161069,권태준,국민의힘,구시군의회의원,경상북도 청송군나선거구,경상북도,청송군나선거구,https://info.nec.go.kr/electioninfo/candidate_detail_info.xhtml?electionId=0020260603&huboId=100161069,1건,음주·위험운전; 도로교통,음주·위험운전,1,음주·위험운전:음주운전; 도로교통:도로교통법
100161102,김상선,더불어민주당,구시군의회의원,경상북도 영양군가선거구,경상북도,영양군가선거구,https://info.nec.go.kr/electioninfo/candidate_detail_info.xhtml?electionId=0020260603&huboId=100161102,1건,음주·위험운전; 도로교통,음주·위험운전,0,음주·위험운전:음주운전; 도로교통:도로교통법
100160575,우승원,국민의힘,구시군의회의원,경상북도 영양군가선거구,경상북도,영양군가선거구,https://info.nec.go.kr/electioninfo/candidate_detail_info.xhtml?electionId=0020260603&huboId=100160575,1건,폭력,,1,폭력:폭력행위
100160460,김영범,무소속,구시군의회의원,경상북도 영양군가선거구,경상북도,영양군가선거구,https://info.nec.go.kr/electioninfo/candidate_detail_info.xhtml?electionId=0020260603&huboId=100160460,4건,사기; 음주·위험운전; 도로교통; 도박,사기; 음주·위험운전,1,사기:사기; 음주·위험운전:음주운전; 도로교통:도로교통법; 도박:도박
100161135,장수상,국민의힘,구시군의회의원,경상북도 영양군나선거구,경상북도,영양군나선거구,https://info.nec.go.kr/electioninfo/candidate_detail_info.xhtml?electionId=0020260603&huboId=100161135,1건,음주·위험운전; 도로교통,음주·위험운전,1,음주·위험운전:음주운전; 도로교통:도로교통법
100162251,홍점표,국민의힘,구시군의회의원,경상북도 영양군나선거구,경상북도,영양군나선거구,https://info.nec.go.kr/electioninfo/candidate_detail_info.xhtml?electionId=0020260603&huboId=100162251,1건,폭력,,0,폭력:폭력행위|상해
100162008,김성호,국민의힘,구시군의회의원,경상북도 영덕군나선거구,경상북도,영덕군나선거구,https://info.nec.go.kr/electioninfo/candidate_detail_info.xhtml?electionId=0020260603&huboId=100162008,3건,음주·위험운전; 절도; 도로교통,음주·위험운전; 절도,1,음주·위험운전:음주운전; 절도:절도; 도로교통:도로교통법
100161895,김영준,무소속,구시군의회의원,경상북도 영덕군나선거구,경상북도,영덕군나선거구,https://info.nec.go.kr/electioninfo/candidate_detail_info.xhtml?electionId=0020260603&huboId=100161895,1건,음주·위험운전; 도로교통,음주·위험운전,1,음주·위험운전:음주운전; 도로교통:도로교통법
100161510,전종율,국민의힘,구시군의회의원,경상북도 청도군가선거구,경상북도,청도군가선거구,https://info.nec.go.kr/electioninfo/candidate_detail_info.xhtml?electionId=0020260603&huboId=100161510,1건,음주·위험운전; 도로교통,음주·위험운전,0,음주·위험운전:음주운전; 도로교통:도로교통법
100159946,이경동,무소속,구시군의회의원,경상북도 청도군가선거구,경상북도,청도군가선거구,https://info.nec.go.kr/electioninfo/candidate_detail_info.xhtml?electionId=0020260603&huboId=100159946,1건,보조금,보조금,0,보조금:보조금관리에관한법률|보조금
100160323,정두교,무소속,구시군의회의원,경상북도 청도군가선거구,경상북도,청도군가선거구,https://info.nec.go.kr/electioninfo/candidate_detail_info.xhtml?electionId=0020260603&huboId=100160323,2건,음주·위험운전; 도로교통,음주·위험운전,1,음주·위험운전:음주운전; 도로교통:도로교통법
100160506,손영우,국민의힘,구시군의회의원,경상북도 청도군나선거구,경상북도,청도군나선거구,https://info.nec.go.kr/electioninfo/candidate_detail_info.xhtml?electionId=0020260603&huboId=100160506,1건,교육·청소년,,1,교육·청소년:청소년보호법
100160424,이수연,국민의힘,구시군의회의원,경상북도 청도군나선거구,경상북도,청도군나선거구,https://info.nec.go.kr/electioninfo/candidate_detail_info.xhtml?electionId=0020260603&huboId=100160424,1건,음주·위험운전; 도로교통,음주·위험운전,1,음주·위험운전:음주운전; 도로교통:도로교통법
100160448,박성곤,국민의힘,구시군의회의원,경상북도 청도군나선거구,경상북도,청도군나선거구,https://info.nec.go.kr/electioninfo/candidate_detail_info.xhtml?electionId=0020260603&huboId=100160448,1건,음주·위험운전; 도로교통,음주·위험운전,1,음주·위험운전:음주운전; 도로교통:도로교통법
100160717,정덕석,무소속,구시군의회의원,경상북도 청도군나선거구,경상북도,청도군나선거구,https://info.nec.go.kr/electioninfo/candidate_detail_info.xhtml?electionId=0020260603&huboId=100160717,2건,음주·위험운전; 도로교통,음주·위험운전,1,음주·위험운전:음주운전; 도로교통:도로교통법
100158749,성낙철,국민의힘,구시군의회의원,경상북도 고령군나선거구,경상북도,고령군나선거구,https://info.nec.go.kr/electioninfo/candidate_detail_info.xhtml?electionId=0020260603&huboId=100158749,1건,환경; 건축·건설·부동산,,1,환경:대기환경보전법; 건축·건설·부동산:건설기계관리법
100160712,나영완,국민의힘,구시군의회의원,경상북도 고령군나선거구,경상북도,고령군나선거구,https://info.nec.go.kr/electioninfo/candidate_detail_info.xhtml?electionId=0020260603&huboId=100160712,1건,,,0,
100160000,손형순,무소속,구시군의회의원,경상북도 고령군나선거구,경상북도,고령군나선거구,https://info.nec.go.kr/electioninfo/candidate_detail_info.xhtml?electionId=0020260603&huboId=100160000,1건,공직선거법,공직선거법,1,공직선거법:공직선거법
100160125,김용희,무소속,구시군의회의원,경상북도 성주군나선거구,경상북도,성주군나선거구,https://info.nec.go.kr/electioninfo/candidate_detail_info.xhtml?electionId=0020260603&huboId=100160125,1건,,,0,
100159850,배재욱,무소속,구시군의회의원,경상북도 성주군나선거구,경상북도,성주군나선거구,https://info.nec.go.kr/electioninfo/candidate_detail_info.xhtml?electionId=0020260603&huboId=100159850,3건,,,0,
100161862,구교강,국민의힘,구시군의회의원,경상북도 성주군다선거구,경상북도,성주군다선거구,https://info.nec.go.kr/electioninfo/candidate_detail_info.xhtml?electionId=0020260603&huboId=100161862,1건,농수산,,1,농수산:농수산물의원산지표시|원산지표시
100162741,여노연,무소속,구시군의회의원,경상북도 성주군다선거구,경상북도,성주군다선거구,https://info.nec.go.kr/electioninfo/candidate_detail_info.xhtml?electionId=0020260603&huboId=100162741,6건,성범죄; 음주·위험운전; 보험·금융; 공무집행방해; 도로교통,성범죄; 음주·위험운전,1,성범죄:성폭력; 음주·위험운전:음주운전; 보험·금융:부정수표단속법; 공무집행방해:공무집행방해; 도로교통:도로교통법
100159063,배성현,국민의힘,구시군의회의원,경상북도 칠곡군가선거구,경상북도,칠곡군가선거구,https://info.nec.go.kr/electioninfo/candidate_detail_info.xhtml?electionId=0020260603&huboId=100159063,1건,음주·위험운전; 도로교통,음주·위험운전,1,음주·위험운전:음주운전; 도로교통:도로교통법
100159493,장재환,국민의힘,구시군의회의원,경상북도 칠곡군가선거구,경상북도,칠곡군가선거구,https://info.nec.go.kr/electioninfo/candidate_detail_info.xhtml?electionId=0020260603&huboId=100159493,2건,음주·위험운전; 도로교통,음주·위험운전,1,음주·위험운전:음주운전; 도로교통:도로교통법
100162617,김태희,국민의힘,구시군의회의원,경상북도 칠곡군다선거구,경상북도,칠곡군다선거구,https://info.nec.go.kr/electioninfo/candidate_detail_info.xhtml?electionId=0020260603&huboId=100162617,1건,명예훼손,,1,명예훼손:명예훼손
100160309,김석기,더불어민주당,구시군의회의원,경상북도 칠곡군라선거구,경상북도,칠곡군라선거구,https://info.nec.go.kr/electioninfo/candidate_detail_info.xhtml?electionId=0020260603&huboId=100160309,2건,업무방해; 도로교통,,1,업무방해:업무방해; 도로교통:일반교통방해
100160073,박정익,국민의힘,구시군의회의원,경상북도 칠곡군라선거구,경상북도,칠곡군라선거구,https://info.nec.go.kr/electioninfo/candidate_detail_info.xhtml?electionId=0020260603&huboId=100160073,4건,음주·위험운전; 도로교통,음주·위험운전,4,음주·위험운전:음주운전; 도로교통:도로교통법
100161674,구정회,무소속,구시군의회의원,경상북도 칠곡군라선거구,경상북도,칠곡군라선거구,https://info.nec.go.kr/electioninfo/candidate_detail_info.xhtml?electionId=0020260603&huboId=100161674,1건,,,0,
100163180,권도식,무소속,구시군의회의원,경상북도 예천군가선거구,경상북도,예천군가선거구,https://info.nec.go.kr/electioninfo/candidate_detail_info.xhtml?electionId=0020260603&huboId=100163180,1건,보험·금융,,1,보험·금융:부정수표단속법
100161891,장삼규,무소속,구시군의회의원,경상북도 예천군가선거구,경상북도,예천군가선거구,https://info.nec.go.kr/electioninfo/candidate_detail_info.xhtml?electionId=0020260603&huboId=100161891,1건,음주·위험운전; 도로교통,음주·위험운전,1,음주·위험운전:음주운전; 도로교통:도로교통법
100161049,박종철,무소속,구시군의회의원,경상북도 예천군나선거구,경상북도,예천군나선거구,https://info.nec.go.kr/electioninfo/candidate_detail_info.xhtml?electionId=0020260603&huboId=100161049,3건,교통사고; 폭력,,1,교통사고:교통사고처리특례법|교통사고처리특례; 폭력:상해
100163671,강영구,무소속,구시군의회의원,경상북도 예천군나선거구,경상북도,예천군나선거구,https://info.nec.go.kr/electioninfo/candidate_detail_info.xhtml?electionId=0020260603&huboId=100163671,2건,음주·위험운전; 무면허운전; 도로교통,음주·위험운전; 무면허운전,1,음주·위험운전:음주운전; 무면허운전:무면허운전; 도로교통:도로교통법
100160805,박재길,국민의힘,구시군의회의원,경상북도 예천군다선거구,경상북도,예천군다선거구,https://info.nec.go.kr/electioninfo/candidate_detail_info.xhtml?electionId=0020260603&huboId=100160805,1건,음주·위험운전; 도로교통,음주·위험운전,1,음주·위험운전:음주운전; 도로교통:도로교통법
100161856,강경탁,국민의힘,구시군의회의원,경상북도 예천군다선거구,경상북도,예천군다선거구,https://info.nec.go.kr/electioninfo/candidate_detail_info.xhtml?electionId=0020260603&huboId=100161856,1건,도로교통,,1,도로교통:도로교통법
100159510,김은수,무소속,구시군의회의원,경상북도 예천군다선거구,경상북도,예천군다선거구,https://info.nec.go.kr/electioninfo/candidate_detail_info.xhtml?electionId=0020260603&huboId=100159510,1건,농수산,,1,농수산:농수산물의원산지표시|원산지표시
100159882,김주영,무소속,구시군의회의원,경상북도 예천군다선거구,경상북도,예천군다선거구,https://info.nec.go.kr/electioninfo/candidate_detail_info.xhtml?electionId=0020260603&huboId=100159882,2건,건축·건설·부동산,,1,건축·건설·부동산:건축법
100162255,이승훈,국민의힘,구시군의회의원,경상북도 봉화군가선거구,경상북도,봉화군가선거구,https://info.nec.go.kr/electioninfo/candidate_detail_info.xhtml?electionId=0020260603&huboId=100162255,1건,총포·화약,,1,총포·화약:도검|화약류
100158847,우영달,무소속,구시군의회의원,경상북도 봉화군가선거구,경상북도,봉화군가선거구,https://info.nec.go.kr/electioninfo/candidate_detail_info.xhtml?electionId=0020260603&huboId=100158847,2건,교통사고; 도로교통,,1,교통사고:교통사고처리특례법|교통사고처리특례; 도로교통:도로교통법
100163505,금동윤,국민의힘,구시군의회의원,경상북도 봉화군나선거구,경상북도,봉화군나선거구,https://info.nec.go.kr/electioninfo/candidate_detail_info.xhtml?electionId=0020260603&huboId=100163505,2건,음주·위험운전; 교통사고; 도로교통,음주·위험운전,1,음주·위험운전:음주운전; 교통사고:교통사고처리특례법|교통사고처리특례; 도로교통:도로교통법
100158850,김재곤,국민의힘,구시군의회의원,경상북도 봉화군다선거구,경상북도,봉화군다선거구,https://info.nec.go.kr/electioninfo/candidate_detail_info.xhtml?electionId=0020260603&huboId=100158850,9건,음주·위험운전; 보험·금융; 도로교통; 노동,음주·위험운전,1,음주·위험운전:음주운전; 보험·금융:부정수표단속법; 도로교통:도로교통법; 노동:근로기준법
100160589,이성재,무소속,구시군의회의원,경상북도 봉화군다선거구,경상북도,봉화군다선거구,https://info.nec.go.kr/electioninfo/candidate_detail_info.xhtml?electionId=0020260603&huboId=100160589,1건,음주·위험운전; 도로교통,음주·위험운전,1,음주·위험운전:음주운전|위험운전치사상; 도로교통:도로교통법
100160018,임용규,무소속,구시군의회의원,경상북도 봉화군다선거구,경상북도,봉화군다선거구,https://info.nec.go.kr/electioninfo/candidate_detail_info.xhtml?electionId=0020260603&huboId=100160018,1건,음주·위험운전; 도로교통,음주·위험운전,1,음주·위험운전:음주운전; 도로교통:도로교통법
100159581,김승욱,무소속,구시군의회의원,경상북도 울진군가선거구,경상북도,울진군가선거구,https://info.nec.go.kr/electioninfo/candidate_detail_info.xhtml?electionId=0020260603&huboId=100159581,8건,특가법; 음주·위험운전; 보험·금융; 도로교통; 식품·보건,특가법; 음주·위험운전,1,특가법:특정범죄가중처벌; 음주·위험운전:음주운전; 보험·금융:자동차손해배상보장법; 도로교통:도로교통법; 식품·보건:약사법
100159339,전석재,국민의힘,구시군의회의원,경상북도 울진군나선거구,경상북도,울진군나선거구,https://info.nec.go.kr/electioninfo/candidate_detail_info.xhtml?electionId=0020260603&huboId=100159339,3건,폭력; 공무집행방해,,1,폭력:폭력행위; 공무집행방해:공무집행방해
100161914,황현철,국민의힘,구시군의회의원,경상북도 울진군다선거구,경상북도,울진군다선거구,https://info.nec.go.kr/electioninfo/candidate_detail_info.xhtml?electionId=0020260603&huboId=100161914,2건,음주·위험운전; 공무집행방해; 도로교통,음주·위험운전,1,음주·위험운전:음주운전; 공무집행방해:공무집행방해; 도로교통:도로교통법
100163275,김정희,무소속,구시군의회의원,경상북도 울진군다선거구,경상북도,울진군다선거구,https://info.nec.go.kr/electioninfo/candidate_detail_info.xhtml?electionId=0020260603&huboId=100163275,10건,도로교통,,1,도로교통:도로교통법
100159692,홍영표,더불어민주당,구시군의회의원,경상북도 울릉군가선거구,경상북도,울릉군가선거구,https://info.nec.go.kr/electioninfo/candidate_detail_info.xhtml?electionId=0020260603&huboId=100159692,3건,횡령; 폭력,횡령,1,횡령:횡령; 폭력:폭력행위
100160208,김영범,국민의힘,구시군의회의원,경상북도 울릉군가선거구,경상북도,울릉군가선거구,https://info.nec.go.kr/electioninfo/candidate_detail_info.xhtml?electionId=0020260603&huboId=100160208,3건,폭력; 도로교통,,1,폭력:상해; 도로교통:도로교통법
100161774,이재만,무소속,구시군의회의원,경상북도 울릉군가선거구,경상북도,울릉군가선거구,https://info.nec.go.kr/electioninfo/candidate_detail_info.xhtml?electionId=0020260603&huboId=100161774,1건,횡령,횡령,1,횡령:횡령
100162151,공경식,무소속,구시군의회의원,경상북도 울릉군가선거구,경상북도,울릉군가선거구,https://info.nec.go.kr/electioninfo/candidate_detail_info.xhtml?electionId=0020260603&huboId=100162151,1건,폭력,,1,폭력:폭력행위
100162683,이상식,국민의힘,구시군의회의원,경상북도 울릉군나선거구,경상북도,울릉군나선거구,https://info.nec.go.kr/electioninfo/candidate_detail_info.xhtml?electionId=0020260603&huboId=100162683,1건,,,1,
100162761,이철우,무소속,구시군의회의원,경상북도 울릉군나선거구,경상북도,울릉군나선거구,https://info.nec.go.kr/electioninfo/candidate_detail_info.xhtml?electionId=0020260603&huboId=100162761,2건,,,0,
100156376,문선화,더불어민주당,구시군의회의원,광주광역시 동구가선거구,광주광역시,동구가선거구,https://info.nec.go.kr/electioninfo/candidate_detail_info.xhtml?electionId=0020260603&huboId=100156376,1건,폭력,,1,폭력:폭력행위
100156071,조성오,조국혁신당,구시군의회의원,광주광역시 동구가선거구,광주광역시,동구가선거구,https://info.nec.go.kr/electioninfo/candidate_detail_info.xhtml?electionId=0020260603&huboId=100156071,1건,폭력; 주거침입,,1,폭력:폭행; 주거침입:주거침입
100155018,허성용,더불어민주당,구시군의회의원,광주광역시 동구나선거구,광주광역시,동구나선거구,https://info.nec.go.kr/electioninfo/candidate_detail_info.xhtml?electionId=0020260603&huboId=100155018,2건,,,0,
100155046,김대성,더불어민주당,구시군의회의원,광주광역시 동구나선거구,광주광역시,동구나선거구,https://info.nec.go.kr/electioninfo/candidate_detail_info.xhtml?electionId=0020260603&huboId=100155046,1건,도로교통,,1,도로교통:도로교통법
100158596,박종균,조국혁신당,구시군의회의원,광주광역시 동구나선거구,광주광역시,동구나선거구,https://info.nec.go.kr/electioninfo/candidate_detail_info.xhtml?electionId=0020260603&huboId=100158596,2건,음주·위험운전; 도로교통,음주·위험운전,1,음주·위험운전:음주운전; 도로교통:도로교통법
100156929,김영정,진보당,구시군의회의원,광주광역시 동구나선거구,광주광역시,동구나선거구,https://info.nec.go.kr/electioninfo/candidate_detail_info.xhtml?electionId=0020260603&huboId=100156929,2건,폭력; 공무집행방해; 국가보안법; 집시법,,1,폭력:폭력행위; 공무집행방해:공무집행방해; 국가보안법:국가보안법; 집시법:집회및시위|집회 및 시위
100154163,이기성,더불어민주당,구시군의회의원,광주광역시 서구가선거구,광주광역시,서구가선거구,https://info.nec.go.kr/electioninfo/candidate_detail_info.xhtml?electionId=0020260603&huboId=100154163,1건,공직선거법,공직선거법,1,공직선거법:공직선거법
100157532,김수영,더불어민주당,구시군의회의원,광주광역시 서구가선거구,광주광역시,서구가선거구,https://info.nec.go.kr/electioninfo/candidate_detail_info.xhtml?electionId=0020260603&huboId=100157532,1건,교통사고,,0,교통사고:교통사고처리특례법|교통사고처리특례
100156324,양인기,더불어민주당,구시군의회의원,광주광역시 서구나선거구,광주광역시,서구나선거구,https://info.nec.go.kr/electioninfo/candidate_detail_info.xhtml?electionId=0020260603&huboId=100156324,1건,,,0,
100156851,오병관,더불어민주당,구시군의회의원,광주광역시 서구나선거구,광주광역시,서구나선거구,https://info.nec.go.kr/electioninfo/candidate_detail_info.xhtml?electionId=0020260603&huboId=100156851,1건,,,1,
100161381,오광록,무소속,구시군의회의원,광주광역시 서구나선거구,광주광역시,서구나선거구,https://info.nec.go.kr/electioninfo/candidate_detail_info.xhtml?electionId=0020260603&huboId=100161381,1건,교통사고,,1,교통사고:교통사고처리특례법|교통사고처리특례
100162877,김인성,더불어민주당,구시군의회의원,광주광역시 서구다선거구,광주광역시,서구다선거구,https://info.nec.go.kr/electioninfo/candidate_detail_info.xhtml?electionId=0020260603&huboId=100162877,3건,교통사고; 도로교통,,0,교통사고:교통사고처리특례법|교통사고처리특례; 도로교통:도로교통법
100163903,이동춘,무소속,구시군의회의원,광주광역시 서구다선거구,광주광역시,서구다선거구,https://info.nec.go.kr/electioninfo/candidate_detail_info.xhtml?electionId=0020260603&huboId=100163903,1건,도로교통,,1,도로교통:도로교통법
100157080,박영숙,더불어민주당,구시군의회의원,광주광역시 서구라선거구,광주광역시,서구라선거구,https://info.nec.go.kr/electioninfo/candidate_detail_info.xhtml?electionId=0020260603&huboId=100157080,1건,,,0,
100157500,김훈중,조국혁신당,구시군의회의원,광주광역시 서구라선거구,광주광역시,서구라선거구,https://info.nec.go.kr/electioninfo/candidate_detail_info.xhtml?electionId=0020260603&huboId=100157500,1건,자동차관리,,1,자동차관리:자동차관리법
100154285,고기담,진보당,구시군의회의원,광주광역시 서구라선거구,광주광역시,서구라선거구,https://info.nec.go.kr/electioninfo/candidate_detail_info.xhtml?electionId=0020260603&huboId=100154285,5건,폭력; 공무집행방해; 업무방해; 주거침입; 도로교통; 집시법,,1,폭력:폭력행위; 공무집행방해:공무집행방해; 업무방해:업무방해; 주거침입:주거침입; 도로교통:일반교통방해; 집시법:집회및시위|집회 및 시위
100157333,김옥수,무소속,구시군의회의원,광주광역시 서구라선거구,광주광역시,서구라선거구,https://info.nec.go.kr/electioninfo/candidate_detail_info.xhtml?electionId=0020260603&huboId=100157333,2건,식품·보건; 도박,,1,식품·보건:식품위생법; 도박:도박
100153999,김춘구,더불어민주당,구시군의회의원,광주광역시 남구가선거구,광주광역시,남구가선거구,https://info.nec.go.kr/electioninfo/candidate_detail_info.xhtml?electionId=0020260603&huboId=100153999,1건,음주·위험운전; 도로교통,음주·위험운전,1,음주·위험운전:음주운전; 도로교통:도로교통법
100156857,은봉희,더불어민주당,구시군의회의원,광주광역시 남구나선거구,광주광역시,남구나선거구,https://info.nec.go.kr/electioninfo/candidate_detail_info.xhtml?electionId=0020260603&huboId=100156857,1건,농수산,,1,농수산:농수산물의원산지표시|원산지표시
100154646,고우람,조국혁신당,구시군의회의원,광주광역시 남구나선거구,광주광역시,남구나선거구,https://info.nec.go.kr/electioninfo/candidate_detail_info.xhtml?electionId=0020260603&huboId=100154646,2건,음주·위험운전; 도로교통; 식품·보건,음주·위험운전,1,음주·위험운전:음주운전; 도로교통:도로교통법; 식품·보건:식품위생법
100154590,조재옥,진보당,구시군의회의원,광주광역시 남구나선거구,광주광역시,남구나선거구,https://info.nec.go.kr/electioninfo/candidate_detail_info.xhtml?electionId=0020260603&huboId=100154590,2건,음주·위험운전; 도로교통,음주·위험운전,1,음주·위험운전:음주운전; 도로교통:도로교통법
100155250,박선우영,더불어민주당,구시군의회의원,광주광역시 남구다선거구,광주광역시,남구다선거구,https://info.nec.go.kr/electioninfo/candidate_detail_info.xhtml?electionId=0020260603&huboId=100155250,1건,,,0,
100159109,박용화,조국혁신당,구시군의회의원,광주광역시 남구다선거구,광주광역시,남구다선거구,https://info.nec.go.kr/electioninfo/candidate_detail_info.xhtml?electionId=0020260603&huboId=100159109,1건,,,0,
100154001,김행,진보당,구시군의회의원,광주광역시 북구가선거구,광주광역시,북구가선거구,https://info.nec.go.kr/electioninfo/candidate_detail_info.xhtml?electionId=0020260603&huboId=100154001,2건,음주·위험운전; 도로교통,음주·위험운전,1,음주·위험운전:음주운전; 도로교통:도로교통법
100158999,기대서,무소속,구시군의회의원,광주광역시 북구가선거구,광주광역시,북구가선거구,https://info.nec.go.kr/electioninfo/candidate_detail_info.xhtml?electionId=0020260603&huboId=100158999,2건,음주·위험운전; 공무집행방해; 도로교통,음주·위험운전,0,음주·위험운전:음주운전; 공무집행방해:공무집행방해; 도로교통:도로교통법
100156070,김혜은,더불어민주당,구시군의회의원,광주광역시 북구라선거구,광주광역시,북구라선거구,https://info.nec.go.kr/electioninfo/candidate_detail_info.xhtml?electionId=0020260603&huboId=100156070,1건,업무방해,,1,업무방해:업무방해
100161632,노한종,무소속,구시군의회의원,광주광역시 북구라선거구,광주광역시,북구라선거구,https://info.nec.go.kr/electioninfo/candidate_detail_info.xhtml?electionId=0020260603&huboId=100161632,3건,특가법; 음주·위험운전; 폭력; 도로교통,특가법; 음주·위험운전,1,특가법:특정범죄가중처벌; 음주·위험운전:음주운전; 폭력:폭행; 도로교통:도로교통법
100156014,한양임,더불어민주당,구시군의회의원,광주광역시 북구마선거구,광주광역시,북구마선거구,https://info.nec.go.kr/electioninfo/candidate_detail_info.xhtml?electionId=0020260603&huboId=100156014,1건,교통사고,,1,교통사고:교통사고처리특례법|교통사고처리특례
100157229,유영종,더불어민주당,구시군의회의원,광주광역시 광산구가선거구,광주광역시,광산구가선거구,https://info.nec.go.kr/electioninfo/candidate_detail_info.xhtml?electionId=0020260603&huboId=100157229,1건,보험·금융,,1,보험·금융:자동차손해배상보장법
100162735,이민희,개혁신당,구시군의회의원,광주광역시 광산구가선거구,광주광역시,광산구가선거구,https://info.nec.go.kr/electioninfo/candidate_detail_info.xhtml?electionId=0020260603&huboId=100162735,1건,교통사고,,1,교통사고:교통사고처리특례법|교통사고처리특례
100155017,백승선,진보당,구시군의회의원,광주광역시 광산구가선거구,광주광역시,광산구가선거구,https://info.nec.go.kr/electioninfo/candidate_detail_info.xhtml?electionId=0020260603&huboId=100155017,1건,업무방해,,1,업무방해:업무방해
100161873,공병철,더불어민주당,구시군의회의원,광주광역시 광산구나선거구,광주광역시,광산구나선거구,https://info.nec.go.kr/electioninfo/candidate_detail_info.xhtml?electionId=0020260603&huboId=100161873,2건,교통사고; 폭력,,1,교통사고:교통사고처리특례법|교통사고처리특례; 폭력:폭력행위
100155788,공우태,더불어민주당,구시군의회의원,광주광역시 광산구나선거구,광주광역시,광산구나선거구,https://info.nec.go.kr/electioninfo/candidate_detail_info.xhtml?electionId=0020260603&huboId=100155788,1건,음주·위험운전; 도로교통,음주·위험운전,1,음주·위험운전:음주운전; 도로교통:도로교통법
100154805,박혁영,진보당,구시군의회의원,광주광역시 광산구나선거구,광주광역시,광산구나선거구,https://info.nec.go.kr/electioninfo/candidate_detail_info.xhtml?electionId=0020260603&huboId=100154805,1건,폭력; 재물손괴,,1,폭력:폭행; 재물손괴:재물손괴
100156321,김은정,진보당,구시군의회의원,광주광역시 광산구다선거구,광주광역시,광산구다선거구,https://info.nec.go.kr/electioninfo/candidate_detail_info.xhtml?electionId=0020260603&huboId=100156321,1건,업무방해,,1,업무방해:업무방해
100163224,윤영일,더불어민주당,구시군의회의원,광주광역시 광산구라선거구,광주광역시,광산구라선거구,https://info.nec.go.kr/electioninfo/candidate_detail_info.xhtml?electionId=0020260603&huboId=100163224,2건,폭력; 공무집행방해; 주거침입; 도로교통; 국가보안법; 집시법,,0,폭력:폭력행위; 공무집행방해:공무집행방해; 주거침입:주거침입; 도로교통:일반교통방해; 국가보안법:국가보안법; 집시법:집회및시위|집회 및 시위
100162293,이우형,더불어민주당,구시군의회의원,광주광역시 광산구라선거구,광주광역시,광산구라선거구,https://info.nec.go.kr/electioninfo/candidate_detail_info.xhtml?electionId=0020260603&huboId=100162293,1건,건축·건설·부동산,,1,건축·건설·부동산:국토의계획
100154987,김명숙,진보당,구시군의회의원,광주광역시 광산구라선거구,광주광역시,광산구라선거구,https://info.nec.go.kr/electioninfo/candidate_detail_info.xhtml?electionId=0020260603&huboId=100154987,1건,도로교통,,1,도로교통:일반교통방해
100157396,임수정,더불어민주당,구시군의회의원,광주광역시 광산구마선거구,광주광역시,광산구마선거구,https://info.nec.go.kr/electioninfo/candidate_detail_info.xhtml?electionId=0020260603&huboId=100157396,1건,음주·위험운전; 도로교통,음주·위험운전,1,음주·위험운전:음주운전; 도로교통:도로교통법
100162266,김영선,더불어민주당,구시군의회의원,광주광역시 광산구마선거구,광주광역시,광산구마선거구,https://info.nec.go.kr/electioninfo/candidate_detail_info.xhtml?electionId=0020260603&huboId=100162266,1건,,,1,
100154235,박동일,진보당,구시군의회의원,광주광역시 광산구마선거구,광주광역시,광산구마선거구,https://info.nec.go.kr/electioninfo/candidate_detail_info.xhtml?electionId=0020260603&huboId=100154235,1건,지방공무원법,,1,지방공무원법:지방공무원법
100164380,임태훈,국민의힘,구시군의회의원,대구광역시 중구가선거구,대구광역시,중구가선거구,https://info.nec.go.kr/electioninfo/candidate_detail_info.xhtml?electionId=0020260603&huboId=100164380,2건,자동차관리,,0,자동차관리:자동차관리법
100163497,박지용,국민의힘,구시군의회의원,대구광역시 중구가선거구,대구광역시,중구가선거구,https://info.nec.go.kr/electioninfo/candidate_detail_info.xhtml?electionId=0020260603&huboId=100163497,1건,음주·위험운전; 도로교통,음주·위험운전,1,음주·위험운전:음주운전; 도로교통:도로교통법
100162061,안재철,더불어민주당,구시군의회의원,대구광역시 중구나선거구,대구광역시,중구나선거구,https://info.nec.go.kr/electioninfo/candidate_detail_info.xhtml?electionId=0020260603&huboId=100162061,1건,교통사고,,1,교통사고:교통사고처리특례법|교통사고처리특례
100161720,김재용,국민의힘,구시군의회의원,대구광역시 중구나선거구,대구광역시,중구나선거구,https://info.nec.go.kr/electioninfo/candidate_detail_info.xhtml?electionId=0020260603&huboId=100161720,1건,자동차관리,,1,자동차관리:자동차관리법
100162860,이나겸,국민의힘,구시군의회의원,대구광역시 중구나선거구,대구광역시,중구나선거구,https://info.nec.go.kr/electioninfo/candidate_detail_info.xhtml?electionId=0020260603&huboId=100162860,1건,폭력,,0,폭력:상해
100157908,문정일,무소속,구시군의회의원,대구광역시 중구나선거구,대구광역시,중구나선거구,https://info.nec.go.kr/electioninfo/candidate_detail_info.xhtml?electionId=0020260603&huboId=100157908,1건,음주·위험운전; 도로교통,음주·위험운전,1,음주·위험운전:음주운전; 도로교통:도로교통법
100161926,김오성,무소속,구시군의회의원,대구광역시 중구나선거구,대구광역시,중구나선거구,https://info.nec.go.kr/electioninfo/candidate_detail_info.xhtml?electionId=0020260603&huboId=100161926,1건,,,0,
100162502,하중호,국민의힘,구시군의회의원,대구광역시 동구라선거구,대구광역시,동구라선거구,https://info.nec.go.kr/electioninfo/candidate_detail_info.xhtml?electionId=0020260603&huboId=100162502,1건,,,0,
100156686,서정기,무소속,구시군의회의원,대구광역시 동구라선거구,대구광역시,동구라선거구,https://info.nec.go.kr/electioninfo/candidate_detail_info.xhtml?electionId=0020260603&huboId=100156686,4건,음주·위험운전; 무면허운전; 폭력; 업무방해; 도로교통; 집시법,음주·위험운전; 무면허운전,1,음주·위험운전:음주운전; 무면허운전:무면허운전; 폭력:폭력행위; 업무방해:업무방해; 도로교통:도로교통법; 집시법:집회및시위|집회 및 시위
100157243,최은숙,더불어민주당,구시군의회의원,대구광역시 동구마선거구,대구광역시,동구마선거구,https://info.nec.go.kr/electioninfo/candidate_detail_info.xhtml?electionId=0020260603&huboId=100157243,1건,음주·위험운전; 도로교통,음주·위험운전,0,음주·위험운전:음주운전; 도로교통:도로교통법
100162468,최건,국민의힘,구시군의회의원,대구광역시 동구마선거구,대구광역시,동구마선거구,https://info.nec.go.kr/electioninfo/candidate_detail_info.xhtml?electionId=0020260603&huboId=100162468,3건,허위공문서·문서위조·공용서류; 음주·위험운전; 도로교통,허위공문서·문서위조·공용서류; 음주·위험운전,1,허위공문서·문서위조·공용서류:위조; 음주·위험운전:음주운전; 도로교통:도로교통법
100163340,김진출,국민의힘,구시군의회의원,대구광역시 서구가선거구,대구광역시,서구가선거구,https://info.nec.go.kr/electioninfo/candidate_detail_info.xhtml?electionId=0020260603&huboId=100163340,1건,마약,,0,마약:마약|향정
100162848,최오원,국민의힘,구시군의회의원,대구광역시 서구나선거구,대구광역시,서구나선거구,https://info.nec.go.kr/electioninfo/candidate_detail_info.xhtml?electionId=0020260603&huboId=100162848,3건,음주·위험운전; 폭력; 도로교통,음주·위험운전,1,음주·위험운전:음주운전; 폭력:폭력행위|상해; 도로교통:도로교통법
100163355,정영수,국민의힘,구시군의회의원,대구광역시 서구나선거구,대구광역시,서구나선거구,https://info.nec.go.kr/electioninfo/candidate_detail_info.xhtml?electionId=0020260603&huboId=100163355,1건,,,0,
100162079,김한태,무소속,구시군의회의원,대구광역시 서구나선거구,대구광역시,서구나선거구,https://info.nec.go.kr/electioninfo/candidate_detail_info.xhtml?electionId=0020260603&huboId=100162079,5건,교통사고; 도로교통,,1,교통사고:교통사고처리특례법|교통사고처리특례; 도로교통:도로교통법|도로법
100160537,김남일,더불어민주당,구시군의회의원,대구광역시 서구다선거구,대구광역시,서구다선거구,https://info.nec.go.kr/electioninfo/candidate_detail_info.xhtml?electionId=0020260603&huboId=100160537,1건,사기,사기,1,사기:사기
100162323,성기순,국민의힘,구시군의회의원,대구광역시 서구다선거구,대구광역시,서구다선거구,https://info.nec.go.kr/electioninfo/candidate_detail_info.xhtml?electionId=0020260603&huboId=100162323,2건,음주·위험운전; 도로교통,음주·위험운전,1,음주·위험운전:음주운전; 도로교통:도로교통법
100157856,노민석,더불어민주당,구시군의회의원,대구광역시 서구라선거구,대구광역시,서구라선거구,https://info.nec.go.kr/electioninfo/candidate_detail_info.xhtml?electionId=0020260603&huboId=100157856,2건,음주·위험운전; 도로교통,음주·위험운전,1,음주·위험운전:음주운전; 도로교통:도로교통법
100162182,우남흥,국민의힘,구시군의회의원,대구광역시 서구라선거구,대구광역시,서구라선거구,https://info.nec.go.kr/electioninfo/candidate_detail_info.xhtml?electionId=0020260603&huboId=100162182,1건,음주·위험운전; 도로교통,음주·위험운전,1,음주·위험운전:음주운전; 도로교통:도로교통법
100162778,백일권,국민의힘,구시군의회의원,대구광역시 서구라선거구,대구광역시,서구라선거구,https://info.nec.go.kr/electioninfo/candidate_detail_info.xhtml?electionId=0020260603&huboId=100162778,3건,자동차관리,,1,자동차관리:자동차관리법
100156793,함광식,국민의힘,구시군의회의원,대구광역시 남구가선거구,대구광역시,남구가선거구,https://info.nec.go.kr/electioninfo/candidate_detail_info.xhtml?electionId=0020260603&huboId=100156793,2건,횡령; 도로교통,횡령,1,횡령:횡령; 도로교통:도로교통법
100158472,전주현,국민의힘,구시군의회의원,대구광역시 남구가선거구,대구광역시,남구가선거구,https://info.nec.go.kr/electioninfo/candidate_detail_info.xhtml?electionId=0020260603&huboId=100158472,1건,음주·위험운전; 도로교통,음주·위험운전,1,음주·위험운전:음주운전; 도로교통:도로교통법
100161919,강병준,무소속,구시군의회의원,대구광역시 남구가선거구,대구광역시,남구가선거구,https://info.nec.go.kr/electioninfo/candidate_detail_info.xhtml?electionId=0020260603&huboId=100161919,1건,음주·위험운전; 도로교통,음주·위험운전,1,음주·위험운전:음주운전; 도로교통:도로교통법
100163652,배민철,국민의힘,구시군의회의원,대구광역시 남구다선거구,대구광역시,남구다선거구,https://info.nec.go.kr/electioninfo/candidate_detail_info.xhtml?electionId=0020260603&huboId=100163652,1건,폭력,,1,폭력:상해
100162058,정재목,무소속,구시군의회의원,대구광역시 남구다선거구,대구광역시,남구다선거구,https://info.nec.go.kr/electioninfo/candidate_detail_info.xhtml?electionId=0020260603&huboId=100162058,1건,음주·위험운전; 도로교통,음주·위험운전,1,음주·위험운전:음주운전; 도로교통:도로교통법
100162055,임수환,국민의힘,구시군의회의원,대구광역시 북구가선거구,대구광역시,북구가선거구,https://info.nec.go.kr/electioninfo/candidate_detail_info.xhtml?electionId=0020260603&huboId=100162055,1건,,,0,
100162100,천민경,국민의힘,구시군의회의원,대구광역시 북구나선거구,대구광역시,북구나선거구,https://info.nec.go.kr/electioninfo/candidate_detail_info.xhtml?electionId=0020260603&huboId=100162100,1건,교통사고,,1,교통사고:교통사고처리특례법|교통사고처리특례
100162101,이성근,국민의힘,구시군의회의원,대구광역시 북구다선거구,대구광역시,북구다선거구,https://info.nec.go.kr/electioninfo/candidate_detail_info.xhtml?electionId=0020260603&huboId=100162101,1건,음주·위험운전; 도로교통,음주·위험운전,1,음주·위험운전:음주운전; 도로교통:도로교통법
100157988,채장식,더불어민주당,구시군의회의원,대구광역시 북구마선거구,대구광역시,북구마선거구,https://info.nec.go.kr/electioninfo/candidate_detail_info.xhtml?electionId=0020260603&huboId=100157988,4건,음주·위험운전; 폭력; 도로교통,음주·위험운전,1,음주·위험운전:음주운전; 폭력:상해; 도로교통:도로교통법|일반교통방해
100160528,이상봉,국민의힘,구시군의회의원,대구광역시 북구바선거구,대구광역시,북구바선거구,https://info.nec.go.kr/electioninfo/candidate_detail_info.xhtml?electionId=0020260603&huboId=100160528,1건,도로교통,,1,도로교통:도로교통법
100157990,김칠상,더불어민주당,구시군의회의원,대구광역시 북구사선거구,대구광역시,북구사선거구,https://info.nec.go.kr/electioninfo/candidate_detail_info.xhtml?electionId=0020260603&huboId=100157990,2건,음주·위험운전; 도로교통,음주·위험운전,1,음주·위험운전:음주운전; 도로교통:도로교통법
100163965,김진우,무소속,구시군의회의원,대구광역시 북구사선거구,대구광역시,북구사선거구,https://info.nec.go.kr/electioninfo/candidate_detail_info.xhtml?electionId=0020260603&huboId=100163965,4건,음주·위험운전; 교통사고; 도로교통,음주·위험운전,1,음주·위험운전:음주운전; 교통사고:교통사고처리특례법|교통사고처리특례; 도로교통:도로교통법
100160428,박경열,국민의힘,구시군의회의원,대구광역시 수성구가선거구,대구광역시,수성구가선거구,https://info.nec.go.kr/electioninfo/candidate_detail_info.xhtml?electionId=0020260603&huboId=100160428,2건,무면허운전; 폭력; 도로교통,무면허운전,1,무면허운전:무면허운전; 폭력:폭력행위; 도로교통:도로교통법
100158550,지형일,더불어민주당,구시군의회의원,대구광역시 수성구나선거구,대구광역시,수성구나선거구,https://info.nec.go.kr/electioninfo/candidate_detail_info.xhtml?electionId=0020260603&huboId=100158550,4건,음주·위험운전; 무면허운전; 도로교통,음주·위험운전; 무면허운전,1,음주·위험운전:음주운전; 무면허운전:무면허운전; 도로교통:도로교통법
100162388,남정호,국민의힘,구시군의회의원,대구광역시 수성구나선거구,대구광역시,수성구나선거구,https://info.nec.go.kr/electioninfo/candidate_detail_info.xhtml?electionId=0020260603&huboId=100162388,1건,도로교통,,1,도로교통:도로교통법
100154950,김희섭,무소속,구시군의회의원,대구광역시 수성구나선거구,대구광역시,수성구나선거구,https://info.nec.go.kr/electioninfo/candidate_detail_info.xhtml?electionId=0020260603&huboId=100154950,1건,교통사고,,1,교통사고:교통사고처리특례법|교통사고처리특례
100162742,박영환,국민의힘,구시군의회의원,대구광역시 수성구다선거구,대구광역시,수성구다선거구,https://info.nec.go.kr/electioninfo/candidate_detail_info.xhtml?electionId=0020260603&huboId=100162742,1건,배임,배임,1,배임:배임
100162885,최홍석,국민의힘,구시군의회의원,대구광역시 수성구다선거구,대구광역시,수성구다선거구,https://info.nec.go.kr/electioninfo/candidate_detail_info.xhtml?electionId=0020260603&huboId=100162885,1건,음주·위험운전; 무면허운전; 도로교통,음주·위험운전; 무면허운전,1,음주·위험운전:음주운전; 무면허운전:무면허운전; 도로교통:도로교통법
100159905,양정미,국민의힘,구시군의회의원,대구광역시 수성구라선거구,대구광역시,수성구라선거구,https://info.nec.go.kr/electioninfo/candidate_detail_info.xhtml?electionId=0020260603&huboId=100159905,1건,교통사고; 도로교통,,1,교통사고:교통사고처리특례법|교통사고처리특례; 도로교통:도로교통법
100163529,황치모,국민의힘,구시군의회의원,대구광역시 수성구라선거구,대구광역시,수성구라선거구,https://info.nec.go.kr/electioninfo/candidate_detail_info.xhtml?electionId=0020260603&huboId=100163529,1건,도로교통,,1,도로교통:도로교통법
100157548,김두현,더불어민주당,구시군의회의원,대구광역시 수성구마선거구,대구광역시,수성구마선거구,https://info.nec.go.kr/electioninfo/candidate_detail_info.xhtml?electionId=0020260603&huboId=100157548,1건,공무집행방해,,1,공무집행방해:공무집행방해
100156978,최윤석,개혁신당,구시군의회의원,대구광역시 수성구마선거구,대구광역시,수성구마선거구,https://info.nec.go.kr/electioninfo/candidate_detail_info.xhtml?electionId=0020260603&huboId=100156978,1건,음주·위험운전; 도로교통,음주·위험운전,1,음주·위험운전:음주운전; 도로교통:도로교통법
100163292,이상덕,국민의힘,구시군의회의원,대구광역시 수성구바선거구,대구광역시,수성구바선거구,https://info.nec.go.kr/electioninfo/candidate_detail_info.xhtml?electionId=0020260603&huboId=100163292,1건,교통사고; 도로교통,,1,교통사고:교통사고처리특례법|교통사고처리특례; 도로교통:도로교통법
100161997,김영이,무소속,구시군의회의원,대구광역시 수성구바선거구,대구광역시,수성구바선거구,https://info.nec.go.kr/electioninfo/candidate_detail_info.xhtml?electionId=0020260603&huboId=100161997,2건,음주·위험운전; 교통사고; 도로교통,음주·위험운전,1,음주·위험운전:음주운전; 교통사고:교통사고처리특례법|교통사고처리특례; 도로교통:도로교통법
100158032,도하석,국민의힘,구시군의회의원,대구광역시 달서구다선거구,대구광역시,달서구다선거구,https://info.nec.go.kr/electioninfo/candidate_detail_info.xhtml?electionId=0020260603&huboId=100158032,1건,음주·위험운전; 도로교통,음주·위험운전,1,음주·위험운전:음주운전; 도로교통:도로교통법
100163530,강한곤,국민의힘,구시군의회의원,대구광역시 달서구라선거구,대구광역시,달서구라선거구,https://info.nec.go.kr/electioninfo/candidate_detail_info.xhtml?electionId=0020260603&huboId=100163530,3건,음주·위험운전; 폭력; 공무집행방해; 도로교통,음주·위험운전,1,음주·위험운전:음주운전; 폭력:상해; 공무집행방해:공무집행방해; 도로교통:도로교통법
100162525,배지훈,더불어민주당,구시군의회의원,대구광역시 달서구마선거구,대구광역시,달서구마선거구,https://info.nec.go.kr/electioninfo/candidate_detail_info.xhtml?electionId=0020260603&huboId=100162525,2건,음주·위험운전; 도로교통,음주·위험운전,1,음주·위험운전:음주운전; 도로교통:도로교통법
100163373,이선주,국민의힘,구시군의회의원,대구광역시 달서구마선거구,대구광역시,달서구마선거구,https://info.nec.go.kr/electioninfo/candidate_detail_info.xhtml?electionId=0020260603&huboId=100163373,1건,건축·건설·부동산,,1,건축·건설·부동산:국토의계획
100163436,김광수,국민의힘,구시군의회의원,대구광역시 달서구마선거구,대구광역시,달서구마선거구,https://info.nec.go.kr/electioninfo/candidate_detail_info.xhtml?electionId=0020260603&huboId=100163436,1건,폭력,,1,폭력:상해
100163267,곽병희,국민의힘,구시군의회의원,대구광역시 달서구바선거구,대구광역시,달서구바선거구,https://info.nec.go.kr/electioninfo/candidate_detail_info.xhtml?electionId=0020260603&huboId=100163267,1건,음주·위험운전; 도로교통,음주·위험운전,1,음주·위험운전:음주운전; 도로교통:도로교통법
100163356,김장관,무소속,구시군의회의원,대구광역시 달서구바선거구,대구광역시,달서구바선거구,https://info.nec.go.kr/electioninfo/candidate_detail_info.xhtml?electionId=0020260603&huboId=100163356,1건,,,0,
100155377,민상대,국민의힘,구시군의회의원,대구광역시 달서구아선거구,대구광역시,달서구아선거구,https://info.nec.go.kr/electioninfo/candidate_detail_info.xhtml?electionId=0020260603&huboId=100155377,2건,음주·위험운전; 도로교통,음주·위험운전,1,음주·위험운전:음주운전; 도로교통:도로교통법
100159797,양은숙,더불어민주당,구시군의회의원,대구광역시 달성군다선거구,대구광역시,달성군다선거구,https://info.nec.go.kr/electioninfo/candidate_detail_info.xhtml?electionId=0020260603&huboId=100159797,1건,교육·청소년,,1,교육·청소년:학원의설립|과외교습
100162892,김이석,국민의힘,구시군의회의원,대구광역시 달성군라선거구,대구광역시,달성군라선거구,https://info.nec.go.kr/electioninfo/candidate_detail_info.xhtml?electionId=0020260603&huboId=100162892,2건,음주·위험운전; 도로교통; 환경,음주·위험운전,1,음주·위험운전:음주운전; 도로교통:도로교통법; 환경:대기환경보전법
100162099,신동윤,국민의힘,구시군의회의원,대구광역시 달성군라선거구,대구광역시,달성군라선거구,https://info.nec.go.kr/electioninfo/candidate_detail_info.xhtml?electionId=0020260603&huboId=100162099,2건,무면허운전; 도로교통,무면허운전,1,무면허운전:무면허운전; 도로교통:도로교통법
100159630,조만석,국민의힘,구시군의회의원,대구광역시 군위군가선거구,대구광역시,군위군가선거구,https://info.nec.go.kr/electioninfo/candidate_detail_info.xhtml?electionId=0020260603&huboId=100159630,1건,교통사고,,1,교통사고:교통사고처리특례법|교통사고처리특례
100160116,신부호,무소속,구시군의회의원,대구광역시 군위군가선거구,대구광역시,군위군가선거구,https://info.nec.go.kr/electioninfo/candidate_detail_info.xhtml?electionId=0020260603&huboId=100160116,1건,도로교통,,1,도로교통:도로교통법
100163605,박운표,무소속,구시군의회의원,대구광역시 군위군가선거구,대구광역시,군위군가선거구,https://info.nec.go.kr/electioninfo/candidate_detail_info.xhtml?electionId=0020260603&huboId=100163605,2건,,,0,
100159906,이종무,더불어민주당,구시군의회의원,대구광역시 군위군나선거구,대구광역시,군위군나선거구,https://info.nec.go.kr/electioninfo/candidate_detail_info.xhtml?electionId=0020260603&huboId=100159906,2건,사기; 보조금; 도박,사기; 보조금,1,사기:사기; 보조금:보조금관리에관한법률|보조금; 도박:도박
100162753,이종은,국민의힘,구시군의회의원,대구광역시 군위군나선거구,대구광역시,군위군나선거구,https://info.nec.go.kr/electioninfo/candidate_detail_info.xhtml?electionId=0020260603&huboId=100162753,1건,보험·금융,,1,보험·금융:부정수표단속법
100163534,장철식,국민의힘,구시군의회의원,대구광역시 군위군나선거구,대구광역시,군위군나선거구,https://info.nec.go.kr/electioninfo/candidate_detail_info.xhtml?electionId=0020260603&huboId=100163534,1건,환경,,1,환경:폐기물관리법
100161736,강정규,국민의힘,구시군의회의원,대전광역시 동구가선거구,대전광역시,동구가선거구,https://info.nec.go.kr/electioninfo/candidate_detail_info.xhtml?electionId=0020260603&huboId=100161736,5건,음주·위험운전; 무면허운전; 폭력; 도로교통,음주·위험운전; 무면허운전,1,음주·위험운전:음주운전; 무면허운전:무면허운전; 폭력:폭력행위; 도로교통:도로교통법
100154159,박욱범,국민의힘,구시군의회의원,대전광역시 동구나선거구,대전광역시,동구나선거구,https://info.nec.go.kr/electioninfo/candidate_detail_info.xhtml?electionId=0020260603&huboId=100154159,1건,음주·위험운전; 도로교통,음주·위험운전,1,음주·위험운전:음주운전; 도로교통:도로교통법
100156931,전찬규,국민의힘,구시군의회의원,대전광역시 동구나선거구,대전광역시,동구나선거구,https://info.nec.go.kr/electioninfo/candidate_detail_info.xhtml?electionId=0020260603&huboId=100156931,1건,음주·위험운전; 도로교통,음주·위험운전,1,음주·위험운전:음주운전; 도로교통:도로교통법
100156404,김봉수,조국혁신당,구시군의회의원,대전광역시 중구나선거구,대전광역시,중구나선거구,https://info.nec.go.kr/electioninfo/candidate_detail_info.xhtml?electionId=0020260603&huboId=100156404,1건,공직선거법; 업무방해,공직선거법,1,공직선거법:공직선거법; 업무방해:업무방해
100163650,정종훈,더불어민주당,구시군의회의원,대전광역시 중구다선거구,대전광역시,중구다선거구,https://info.nec.go.kr/electioninfo/candidate_detail_info.xhtml?electionId=0020260603&huboId=100163650,1건,음주·위험운전,음주·위험운전,1,음주·위험운전:음주운전
100161968,최병순,국민의힘,구시군의회의원,대전광역시 서구가선거구,대전광역시,서구가선거구,https://info.nec.go.kr/electioninfo/candidate_detail_info.xhtml?electionId=0020260603&huboId=100161968,2건,음주·위험운전; 교통사고; 도로교통,음주·위험운전,1,음주·위험운전:음주운전; 교통사고:교통사고처리특례법|교통사고처리특례; 도로교통:도로교통법
100156333,김세중,국민의힘,구시군의회의원,대전광역시 서구가선거구,대전광역시,서구가선거구,https://info.nec.go.kr/electioninfo/candidate_detail_info.xhtml?electionId=0020260603&huboId=100156333,4건,무면허운전; 폭력; 도로교통,무면허운전,1,무면허운전:무면허운전; 폭력:폭력행위; 도로교통:도로교통법
100161918,고현석,국민의힘,구시군의회의원,대전광역시 서구나선거구,대전광역시,서구나선거구,https://info.nec.go.kr/electioninfo/candidate_detail_info.xhtml?electionId=0020260603&huboId=100161918,2건,교통사고,,1,교통사고:교통사고처리특례법|교통사고처리특례
100158411,박순호,더불어민주당,구시군의회의원,대전광역시 서구다선거구,대전광역시,서구다선거구,https://info.nec.go.kr/electioninfo/candidate_detail_info.xhtml?electionId=0020260603&huboId=100158411,1건,음주·위험운전; 도로교통,음주·위험운전,1,음주·위험운전:음주운전; 도로교통:도로교통법
100162389,김명현,국민의힘,구시군의회의원,대전광역시 서구마선거구,대전광역시,서구마선거구,https://info.nec.go.kr/electioninfo/candidate_detail_info.xhtml?electionId=0020260603&huboId=100162389,4건,허위공문서·문서위조·공용서류; 음주·위험운전; 무면허운전; 교통사고; 도로교통,허위공문서·문서위조·공용서류; 음주·위험운전; 무면허운전,1,허위공문서·문서위조·공용서류:사문서|위조; 음주·위험운전:음주운전; 무면허운전:무면허운전; 교통사고:교통사고처리특례법|교통사고처리특례; 도로교통:도로교통법
100154247,김선재,진보당,구시군의회의원,대전광역시 유성구가선거구,대전광역시,유성구가선거구,https://info.nec.go.kr/electioninfo/candidate_detail_info.xhtml?electionId=0020260603&huboId=100154247,1건,도로교통; 국가보안법,,1,도로교통:일반교통방해; 국가보안법:국가보안법
100157117,황인경,더불어민주당,구시군의회의원,대전광역시 유성구나선거구,대전광역시,유성구나선거구,https://info.nec.go.kr/electioninfo/candidate_detail_info.xhtml?electionId=0020260603&huboId=100157117,1건,교통사고,,1,교통사고:교통사고처리특례법|교통사고처리특례
100155684,유대혁,국민의힘,구시군의회의원,대전광역시 유성구나선거구,대전광역시,유성구나선거구,https://info.nec.go.kr/electioninfo/candidate_detail_info.xhtml?electionId=0020260603&huboId=100155684,1건,음주·위험운전; 도로교통,음주·위험운전,1,음주·위험운전:음주운전; 도로교통:도로교통법
100161991,강봉구,조국혁신당,구시군의회의원,대전광역시 유성구나선거구,대전광역시,유성구나선거구,https://info.nec.go.kr/electioninfo/candidate_detail_info.xhtml?electionId=0020260603&huboId=100161991,1건,음주·위험운전; 도로교통,음주·위험운전,1,음주·위험운전:음주운전; 도로교통:도로교통법
100158009,김은진,더불어민주당,구시군의회의원,대전광역시 유성구다선거구,대전광역시,유성구다선거구,https://info.nec.go.kr/electioninfo/candidate_detail_info.xhtml?electionId=0020260603&huboId=100158009,1건,폭력; 집시법,,1,폭력:폭력행위; 집시법:집회및시위|집회 및 시위
100156072,황우일,더불어민주당,구시군의회의원,대전광역시 유성구다선거구,대전광역시,유성구다선거구,https://info.nec.go.kr/electioninfo/candidate_detail_info.xhtml?electionId=0020260603&huboId=100156072,1건,교통사고,,0,교통사고:교통사고처리특례법|교통사고처리특례
100162362,조대웅,국민의힘,구시군의회의원,대전광역시 대덕구가선거구,대전광역시,대덕구가선거구,https://info.nec.go.kr/electioninfo/candidate_detail_info.xhtml?electionId=0020260603&huboId=100162362,1건,공무집행방해,,1,공무집행방해:공무집행방해
100154998,홍대식,더불어민주당,구시군의회의원,대전광역시 대덕구나선거구,대전광역시,대덕구나선거구,https://info.nec.go.kr/electioninfo/candidate_detail_info.xhtml?electionId=0020260603&huboId=100154998,1건,음주·위험운전,음주·위험운전,1,음주·위험운전:음주운전
100155931,서미경,더불어민주당,구시군의회의원,대전광역시 대덕구다선거구,대전광역시,대덕구다선거구,https://info.nec.go.kr/electioninfo/candidate_detail_info.xhtml?electionId=0020260603&huboId=100155931,1건,음주·위험운전; 도로교통,음주·위험운전,1,음주·위험운전:음주운전; 도로교통:도로교통법
100163266,전석광,국민의힘,구시군의회의원,대전광역시 대덕구다선거구,대전광역시,대덕구다선거구,https://info.nec.go.kr/electioninfo/candidate_detail_info.xhtml?electionId=0020260603&huboId=100163266,1건,음주·위험운전; 도로교통,음주·위험운전,1,음주·위험운전:음주운전; 도로교통:도로교통법
100158321,성진택,더불어민주당,구시군의회의원,부산광역시 서구가선거구,부산광역시,서구가선거구,https://info.nec.go.kr/electioninfo/candidate_detail_info.xhtml?electionId=0020260603&huboId=100158321,1건,음주·위험운전; 도로교통,음주·위험운전,1,음주·위험운전:음주운전; 도로교통:도로교통법
100163511,황도인,더불어민주당,구시군의회의원,부산광역시 서구가선거구,부산광역시,서구가선거구,https://info.nec.go.kr/electioninfo/candidate_detail_info.xhtml?electionId=0020260603&huboId=100163511,4건,폭력,,1,폭력:상해
100159058,김건우,국민의힘,구시군의회의원,부산광역시 서구나선거구,부산광역시,서구나선거구,https://info.nec.go.kr/electioninfo/candidate_detail_info.xhtml?electionId=0020260603&huboId=100159058,1건,,,0,
100164189,변진웅,조국혁신당,구시군의회의원,부산광역시 동구가선거구,부산광역시,동구가선거구,https://info.nec.go.kr/electioninfo/candidate_detail_info.xhtml?electionId=0020260603&huboId=100164189,3건,노동,,1,노동:근로기준법
100157590,이관우,무소속,구시군의회의원,부산광역시 동구가선거구,부산광역시,동구가선거구,https://info.nec.go.kr/electioninfo/candidate_detail_info.xhtml?electionId=0020260603&huboId=100157590,2건,폭력; 업무방해,,1,폭력:폭행; 업무방해:업무방해
100156185,고창식,진보당,구시군의회의원,부산광역시 동구나선거구,부산광역시,동구나선거구,https://info.nec.go.kr/electioninfo/candidate_detail_info.xhtml?electionId=0020260603&huboId=100156185,6건,정치자금법; 폭력; 업무방해; 집시법,정치자금법,0,정치자금법:정치자금법; 폭력:폭력행위; 업무방해:업무방해; 집시법:집회및시위|집회 및 시위
100157011,김태용,무소속,구시군의회의원,부산광역시 동구나선거구,부산광역시,동구나선거구,https://info.nec.go.kr/electioninfo/candidate_detail_info.xhtml?electionId=0020260603&huboId=100157011,2건,음주·위험운전; 폭력; 도로교통,음주·위험운전,1,음주·위험운전:음주운전; 폭력:폭력행위; 도로교통:도로교통법
100155023,권혁,진보당,구시군의회의원,부산광역시 영도구가선거구,부산광역시,영도구가선거구,https://info.nec.go.kr/electioninfo/candidate_detail_info.xhtml?electionId=0020260603&huboId=100155023,1건,폭력; 공무집행방해; 도로교통; 국가보안법; 집시법,,1,폭력:폭력행위; 공무집행방해:공무집행방해; 도로교통:일반교통방해; 국가보안법:국가보안법; 집시법:집회및시위|집회 및 시위
100155432,신성환,더불어민주당,구시군의회의원,부산광역시 영도구나선거구,부산광역시,영도구나선거구,https://info.nec.go.kr/electioninfo/candidate_detail_info.xhtml?electionId=0020260603&huboId=100155432,1건,,,0,
100161181,김승찬,국민의힘,구시군의회의원,부산광역시 영도구나선거구,부산광역시,영도구나선거구,https://info.nec.go.kr/electioninfo/candidate_detail_info.xhtml?electionId=0020260603&huboId=100161181,1건,음주·위험운전; 도로교통,음주·위험운전,1,음주·위험운전:음주운전; 도로교통:도로교통법
100163480,오우택,국민의힘,구시군의회의원,부산광역시 부산진구가선거구,부산광역시,부산진구가선거구,https://info.nec.go.kr/electioninfo/candidate_detail_info.xhtml?electionId=0020260603&huboId=100163480,1건,폭력,,1,폭력:폭력행위|상해
100162352,오용성,더불어민주당,구시군의회의원,부산광역시 부산진구나선거구,부산광역시,부산진구나선거구,https://info.nec.go.kr/electioninfo/candidate_detail_info.xhtml?electionId=0020260603&huboId=100162352,2건,음주·위험운전; 도로교통,음주·위험운전,1,음주·위험운전:음주운전; 도로교통:도로교통법
100163576,배금강,국민의힘,구시군의회의원,부산광역시 부산진구라선거구,부산광역시,부산진구라선거구,https://info.nec.go.kr/electioninfo/candidate_detail_info.xhtml?electionId=0020260603&huboId=100163576,1건,업무방해,,1,업무방해:업무방해
100165657,김동효,무소속,구시군의회의원,부산광역시 부산진구마선거구,부산광역시,부산진구마선거구,https://info.nec.go.kr/electioninfo/candidate_detail_info.xhtml?electionId=0020260603&huboId=100165657,2건,폭력; 업무방해,,1,폭력:폭력행위; 업무방해:업무방해
100161128,김진복,국민의힘,구시군의회의원,부산광역시 부산진구바선거구,부산광역시,부산진구바선거구,https://info.nec.go.kr/electioninfo/candidate_detail_info.xhtml?electionId=0020260603&huboId=100161128,2건,무면허운전; 도로교통,무면허운전,1,무면허운전:무면허운전; 도로교통:도로교통법
100160522,최정웅,더불어민주당,구시군의회의원,부산광역시 부산진구사선거구,부산광역시,부산진구사선거구,https://info.nec.go.kr/electioninfo/candidate_detail_info.xhtml?electionId=0020260603&huboId=100160522,1건,음주·위험운전; 도로교통,음주·위험운전,0,음주·위험운전:음주운전; 도로교통:도로교통법
100158916,정상환,더불어민주당,구시군의회의원,부산광역시 동래구가선거구,부산광역시,동래구가선거구,https://info.nec.go.kr/electioninfo/candidate_detail_info.xhtml?electionId=0020260603&huboId=100158916,1건,도로교통,,0,도로교통:도로교통법
100160902,오영진,국민의힘,구시군의회의원,부산광역시 동래구가선거구,부산광역시,동래구가선거구,https://info.nec.go.kr/electioninfo/candidate_detail_info.xhtml?electionId=0020260603&huboId=100160902,1건,음주·위험운전; 교통사고; 도로교통,음주·위험운전,1,음주·위험운전:음주운전; 교통사고:교통사고처리특례법|교통사고처리특례; 도로교통:도로교통법
100163404,하성기,더불어민주당,구시군의회의원,부산광역시 동래구나선거구,부산광역시,동래구나선거구,https://info.nec.go.kr/electioninfo/candidate_detail_info.xhtml?electionId=0020260603&huboId=100163404,1건,폭력; 집시법,,1,폭력:폭력행위|상해; 집시법:집회및시위|집회 및 시위
100164975,서대영,더불어민주당,구시군의회의원,부산광역시 동래구다선거구,부산광역시,동래구다선거구,https://info.nec.go.kr/electioninfo/candidate_detail_info.xhtml?electionId=0020260603&huboId=100164975,2건,공직선거법; 폭력,공직선거법,1,공직선거법:공직선거법; 폭력:상해
100161977,허미연,무소속,구시군의회의원,부산광역시 동래구다선거구,부산광역시,동래구다선거구,https://info.nec.go.kr/electioninfo/candidate_detail_info.xhtml?electionId=0020260603&huboId=100161977,1건,음주·위험운전; 도로교통,음주·위험운전,1,음주·위험운전:음주운전; 도로교통:도로교통법
100161731,최순희,국민의힘,구시군의회의원,부산광역시 동래구라선거구,부산광역시,동래구라선거구,https://info.nec.go.kr/electioninfo/candidate_detail_info.xhtml?electionId=0020260603&huboId=100161731,1건,교통사고,,1,교통사고:교통사고처리특례법|교통사고처리특례
100161721,권영원,더불어민주당,구시군의회의원,부산광역시 동래구마선거구,부산광역시,동래구마선거구,https://info.nec.go.kr/electioninfo/candidate_detail_info.xhtml?electionId=0020260603&huboId=100161721,1건,,,0,
100158584,이병준,더불어민주당,구시군의회의원,부산광역시 남구다선거구,부산광역시,남구다선거구,https://info.nec.go.kr/electioninfo/candidate_detail_info.xhtml?electionId=0020260603&huboId=100158584,1건,교통사고,,0,교통사고:교통사고처리특례법|교통사고처리특례
100157625,백석민,더불어민주당,구시군의회의원,부산광역시 남구다선거구,부산광역시,남구다선거구,https://info.nec.go.kr/electioninfo/candidate_detail_info.xhtml?electionId=0020260603&huboId=100157625,2건,,,0,
100157852,노택균,국민의힘,구시군의회의원,부산광역시 남구마선거구,부산광역시,남구마선거구,https://info.nec.go.kr/electioninfo/candidate_detail_info.xhtml?electionId=0020260603&huboId=100157852,5건,음주·위험운전; 도로교통; 건축·건설·부동산,음주·위험운전,0,음주·위험운전:음주운전; 도로교통:도로교통법; 건축·건설·부동산:개발제한구역
100161052,김정방,국민의힘,구시군의회의원,부산광역시 북구가선거구,부산광역시,북구가선거구,https://info.nec.go.kr/electioninfo/candidate_detail_info.xhtml?electionId=0020260603&huboId=100161052,2건,보험·금융,,1,보험·금융:부정수표단속법
100161223,김성택,국민의힘,구시군의회의원,부산광역시 북구다선거구,부산광역시,북구다선거구,https://info.nec.go.kr/electioninfo/candidate_detail_info.xhtml?electionId=0020260603&huboId=100161223,1건,음주·위험운전; 도로교통,음주·위험운전,1,음주·위험운전:음주운전; 도로교통:도로교통법
100165739,백순택,무소속,구시군의회의원,부산광역시 북구라선거구,부산광역시,북구라선거구,https://info.nec.go.kr/electioninfo/candidate_detail_info.xhtml?electionId=0020260603&huboId=100165739,1건,,,0,
100163536,박현군,무소속,구시군의회의원,부산광역시 해운대구가선거구,부산광역시,해운대구가선거구,https://info.nec.go.kr/electioninfo/candidate_detail_info.xhtml?electionId=0020260603&huboId=100163536,3건,사기; 보험·금융; 사법방해,사기,1,사기:사기; 보험·금융:전자금융거래법; 사법방해:위증
100160623,최소영,국민의힘,구시군의회의원,부산광역시 해운대구나선거구,부산광역시,해운대구나선거구,https://info.nec.go.kr/electioninfo/candidate_detail_info.xhtml?electionId=0020260603&huboId=100160623,1건,허위공문서·문서위조·공용서류,허위공문서·문서위조·공용서류,1,허위공문서·문서위조·공용서류:사문서|위조
100160755,황기전,더불어민주당,구시군의회의원,부산광역시 해운대구다선거구,부산광역시,해운대구다선거구,https://info.nec.go.kr/electioninfo/candidate_detail_info.xhtml?electionId=0020260603&huboId=100160755,1건,음주·위험운전; 도로교통,음주·위험운전,1,음주·위험운전:음주운전; 도로교통:도로교통법
100157859,박선용,더불어민주당,구시군의회의원,부산광역시 해운대구사선거구,부산광역시,해운대구사선거구,https://info.nec.go.kr/electioninfo/candidate_detail_info.xhtml?electionId=0020260603&huboId=100157859,1건,음주·위험운전; 도로교통,음주·위험운전,1,음주·위험운전:음주운전; 도로교통:도로교통법
100160612,나근호,국민의힘,구시군의회의원,부산광역시 해운대구사선거구,부산광역시,해운대구사선거구,https://info.nec.go.kr/electioninfo/candidate_detail_info.xhtml?electionId=0020260603&huboId=100160612,1건,음주·위험운전; 도로교통,음주·위험운전,1,음주·위험운전:음주운전; 도로교통:도로교통법
100163688,안동화,무소속,구시군의회의원,부산광역시 해운대구사선거구,부산광역시,해운대구사선거구,https://info.nec.go.kr/electioninfo/candidate_detail_info.xhtml?electionId=0020260603&huboId=100163688,1건,,,1,
100156399,박호정,더불어민주당,구시군의회의원,부산광역시 해운대구아선거구,부산광역시,해운대구아선거구,https://info.nec.go.kr/electioninfo/candidate_detail_info.xhtml?electionId=0020260603&huboId=100156399,1건,,,1,
100155748,김진주,진보당,구시군의회의원,부산광역시 사하구가선거구,부산광역시,사하구가선거구,https://info.nec.go.kr/electioninfo/candidate_detail_info.xhtml?electionId=0020260603&huboId=100155748,1건,교통사고,,1,교통사고:교통사고처리특례법|교통사고처리특례
100156678,정가람,무소속,구시군의회의원,부산광역시 사하구가선거구,부산광역시,사하구가선거구,https://info.nec.go.kr/electioninfo/candidate_detail_info.xhtml?electionId=0020260603&huboId=100156678,2건,폭력,,1,폭력:폭력행위|상해
100157342,강태인,더불어민주당,구시군의회의원,부산광역시 사하구나선거구,부산광역시,사하구나선거구,https://info.nec.go.kr/electioninfo/candidate_detail_info.xhtml?electionId=0020260603&huboId=100157342,1건,자동차관리,,1,자동차관리:자동차관리법
100162273,강기동,국민의힘,구시군의회의원,부산광역시 사하구나선거구,부산광역시,사하구나선거구,https://info.nec.go.kr/electioninfo/candidate_detail_info.xhtml?electionId=0020260603&huboId=100162273,1건,음주·위험운전; 교통사고; 도로교통,음주·위험운전,1,음주·위험운전:음주운전; 교통사고:교통사고처리특례법|교통사고처리특례; 도로교통:도로교통법
100158084,조재영,국민의힘,구시군의회의원,부산광역시 사하구다선거구,부산광역시,사하구다선거구,https://info.nec.go.kr/electioninfo/candidate_detail_info.xhtml?electionId=0020260603&huboId=100158084,1건,,,0,
100160677,김효영,국민의힘,구시군의회의원,부산광역시 금정구가선거구,부산광역시,금정구가선거구,https://info.nec.go.kr/electioninfo/candidate_detail_info.xhtml?electionId=0020260603&huboId=100160677,1건,보험·금융,,0,보험·금융:부정수표단속법
100160770,김봉곤,무소속,구시군의회의원,부산광역시 금정구가선거구,부산광역시,금정구가선거구,https://info.nec.go.kr/electioninfo/candidate_detail_info.xhtml?electionId=0020260603&huboId=100160770,3건,허위공문서·문서위조·공용서류,허위공문서·문서위조·공용서류,1,허위공문서·문서위조·공용서류:사문서|위조|변조
100161662,강재호,국민의힘,구시군의회의원,부산광역시 금정구나선거구,부산광역시,금정구나선거구,https://info.nec.go.kr/electioninfo/candidate_detail_info.xhtml?electionId=0020260603&huboId=100161662,1건,폭력; 업무방해,,1,폭력:폭력행위; 업무방해:업무방해
100156219,배성진,더불어민주당,구시군의회의원,부산광역시 강서구가선거구,부산광역시,강서구가선거구,https://info.nec.go.kr/electioninfo/candidate_detail_info.xhtml?electionId=0020260603&huboId=100156219,1건,,,0,
100157630,김정용,더불어민주당,구시군의회의원,부산광역시 강서구가선거구,부산광역시,강서구가선거구,https://info.nec.go.kr/electioninfo/candidate_detail_info.xhtml?electionId=0020260603&huboId=100157630,1건,음주·위험운전; 도로교통,음주·위험운전,1,음주·위험운전:음주운전; 도로교통:도로교통법
100161728,김주홍,국민의힘,구시군의회의원,부산광역시 강서구가선거구,부산광역시,강서구가선거구,https://info.nec.go.kr/electioninfo/candidate_detail_info.xhtml?electionId=0020260603&huboId=100161728,1건,음주·위험운전; 도로교통,음주·위험운전,1,음주·위험운전:음주운전; 도로교통:도로교통법
100157540,김종수,더불어민주당,구시군의회의원,부산광역시 강서구나선거구,부산광역시,강서구나선거구,https://info.nec.go.kr/electioninfo/candidate_detail_info.xhtml?electionId=0020260603&huboId=100157540,1건,음주·위험운전; 도로교통,음주·위험운전,1,음주·위험운전:음주운전; 도로교통:도로교통법
100160266,박상건,더불어민주당,구시군의회의원,부산광역시 강서구나선거구,부산광역시,강서구나선거구,https://info.nec.go.kr/electioninfo/candidate_detail_info.xhtml?electionId=0020260603&huboId=100160266,1건,공무집행방해,,1,공무집행방해:공무집행방해
100156993,윤지영,더불어민주당,구시군의회의원,부산광역시 연제구가선거구,부산광역시,연제구가선거구,https://info.nec.go.kr/electioninfo/candidate_detail_info.xhtml?electionId=0020260603&huboId=100156993,1건,음주·위험운전; 도로교통,음주·위험운전,1,음주·위험운전:음주운전; 도로교통:도로교통법
100161995,고귀한,개혁신당,구시군의회의원,부산광역시 연제구가선거구,부산광역시,연제구가선거구,https://info.nec.go.kr/electioninfo/candidate_detail_info.xhtml?electionId=0020260603&huboId=100161995,1건,교통사고,,1,교통사고:교통사고처리특례법|교통사고처리특례
100155186,노민현,진보당,구시군의회의원,부산광역시 연제구가선거구,부산광역시,연제구가선거구,https://info.nec.go.kr/electioninfo/candidate_detail_info.xhtml?electionId=0020260603&huboId=100155186,1건,,,0,
100163581,이헌봉,무소속,구시군의회의원,부산광역시 연제구가선거구,부산광역시,연제구가선거구,https://info.nec.go.kr/electioninfo/candidate_detail_info.xhtml?electionId=0020260603&huboId=100163581,1건,배임,배임,1,배임:배임
100156117,홍기호,진보당,구시군의회의원,부산광역시 연제구나선거구,부산광역시,연제구나선거구,https://info.nec.go.kr/electioninfo/candidate_detail_info.xhtml?electionId=0020260603&huboId=100156117,3건,폭력; 공무집행방해,,1,폭력:폭력행위|상해; 공무집행방해:공무집행방해
100165335,하만성,무소속,구시군의회의원,부산광역시 연제구나선거구,부산광역시,연제구나선거구,https://info.nec.go.kr/electioninfo/candidate_detail_info.xhtml?electionId=0020260603&huboId=100165335,5건,건축·건설·부동산,,1,건축·건설·부동산:부동산
100163247,권종헌,국민의힘,구시군의회의원,부산광역시 연제구다선거구,부산광역시,연제구다선거구,https://info.nec.go.kr/electioninfo/candidate_detail_info.xhtml?electionId=0020260603&huboId=100163247,3건,사기; 음주·위험운전; 도로교통,사기; 음주·위험운전,1,사기:사기; 음주·위험운전:음주운전; 도로교통:도로교통법
100155287,이정은,진보당,구시군의회의원,부산광역시 연제구라선거구,부산광역시,연제구라선거구,https://info.nec.go.kr/electioninfo/candidate_detail_info.xhtml?electionId=0020260603&huboId=100155287,1건,교통사고,,1,교통사고:교통사고처리특례법|교통사고처리특례
100161113,황도연,국민의힘,구시군의회의원,부산광역시 수영구나선거구,부산광역시,수영구나선거구,https://info.nec.go.kr/electioninfo/candidate_detail_info.xhtml?electionId=0020260603&huboId=100161113,4건,,,0,
100161932,최승호,무소속,구시군의회의원,부산광역시 수영구나선거구,부산광역시,수영구나선거구,https://info.nec.go.kr/electioninfo/candidate_detail_info.xhtml?electionId=0020260603&huboId=100161932,10건,사기; 공직선거법; 폭력; 식품·보건,사기; 공직선거법,1,사기:사기; 공직선거법:공직선거법; 폭력:상해; 식품·보건:식품위생법
100157195,이대웅,더불어민주당,구시군의회의원,부산광역시 수영구라선거구,부산광역시,수영구라선거구,https://info.nec.go.kr/electioninfo/candidate_detail_info.xhtml?electionId=0020260603&huboId=100157195,1건,,,0,
100162911,김종근,무소속,구시군의회의원,부산광역시 수영구라선거구,부산광역시,수영구라선거구,https://info.nec.go.kr/electioninfo/candidate_detail_info.xhtml?electionId=0020260603&huboId=100162911,1건,,,0,
100160270,김동일,더불어민주당,구시군의회의원,부산광역시 사상구가선거구,부산광역시,사상구가선거구,https://info.nec.go.kr/electioninfo/candidate_detail_info.xhtml?electionId=0020260603&huboId=100160270,2건,폭력; 식품·보건,,1,폭력:폭력행위; 식품·보건:식품위생법
100161095,김춘화,국민의힘,구시군의회의원,부산광역시 사상구가선거구,부산광역시,사상구가선거구,https://info.nec.go.kr/electioninfo/candidate_detail_info.xhtml?electionId=0020260603&huboId=100161095,1건,공직선거법,공직선거법,1,공직선거법:공직선거법
100156339,양미자,진보당,구시군의회의원,부산광역시 사상구가선거구,부산광역시,사상구가선거구,https://info.nec.go.kr/electioninfo/candidate_detail_info.xhtml?electionId=0020260603&huboId=100156339,3건,교통사고; 도로교통,,1,교통사고:교통사고처리특례법|교통사고처리특례; 도로교통:일반교통방해
100154510,윤홍현,더불어민주당,구시군의회의원,부산광역시 사상구나선거구,부산광역시,사상구나선거구,https://info.nec.go.kr/electioninfo/candidate_detail_info.xhtml?electionId=0020260603&huboId=100154510,1건,교통사고,,1,교통사고:교통사고처리특례법|교통사고처리특례
100162656,김종선,국민의힘,구시군의회의원,부산광역시 사상구나선거구,부산광역시,사상구나선거구,https://info.nec.go.kr/electioninfo/candidate_detail_info.xhtml?electionId=0020260603&huboId=100162656,1건,,,0,
100164423,주성환,더불어민주당,구시군의회의원,부산광역시 사상구다선거구,부산광역시,사상구다선거구,https://info.nec.go.kr/electioninfo/candidate_detail_info.xhtml?electionId=0020260603&huboId=100164423,2건,음주·위험운전; 도로교통,음주·위험운전,1,음주·위험운전:음주운전; 도로교통:도로교통법
100165697,신세영,무소속,구시군의회의원,부산광역시 사상구다선거구,부산광역시,사상구다선거구,https://info.nec.go.kr/electioninfo/candidate_detail_info.xhtml?electionId=0020260603&huboId=100165697,1건,,,0,
100161636,박기조,국민의힘,구시군의회의원,부산광역시 기장군가선거구,부산광역시,기장군가선거구,https://info.nec.go.kr/electioninfo/candidate_detail_info.xhtml?electionId=0020260603&huboId=100161636,1건,교통사고,,1,교통사고:교통사고처리특례법|교통사고처리특례
100161778,김순종,무소속,구시군의회의원,부산광역시 기장군가선거구,부산광역시,기장군가선거구,https://info.nec.go.kr/electioninfo/candidate_detail_info.xhtml?electionId=0020260603&huboId=100161778,2건,허위공문서·문서위조·공용서류; 총포·화약,허위공문서·문서위조·공용서류,0,허위공문서·문서위조·공용서류:사문서|위조; 총포·화약:총포|도검|화약류
100160802,김정우,무소속,구시군의회의원,부산광역시 기장군가선거구,부산광역시,기장군가선거구,https://info.nec.go.kr/electioninfo/candidate_detail_info.xhtml?electionId=0020260603&huboId=100160802,1건,음주·위험운전; 도로교통,음주·위험운전,1,음주·위험운전:음주운전; 도로교통:도로교통법
100160422,김대준,더불어민주당,구시군의회의원,부산광역시 기장군다선거구,부산광역시,기장군다선거구,https://info.nec.go.kr/electioninfo/candidate_detail_info.xhtml?electionId=0020260603&huboId=100160422,1건,식품·보건,,1,식품·보건:식품위생법
100161567,김원일,더불어민주당,구시군의회의원,부산광역시 기장군다선거구,부산광역시,기장군다선거구,https://info.nec.go.kr/electioninfo/candidate_detail_info.xhtml?electionId=0020260603&huboId=100161567,3건,음주·위험운전; 도로교통; 환경,음주·위험운전,0,음주·위험운전:음주운전; 도로교통:도로교통법; 환경:대기환경보전법
100159538,유하영,진보당,구시군의회의원,부산광역시 기장군다선거구,부산광역시,기장군다선거구,https://info.nec.go.kr/electioninfo/candidate_detail_info.xhtml?electionId=0020260603&huboId=100159538,1건,폭력; 공무집행방해; 국가보안법; 집시법,,1,폭력:폭력행위; 공무집행방해:공무집행방해; 국가보안법:국가보안법; 집시법:집회및시위|집회 및 시위
100160054,신종희,무소속,구시군의회의원,부산광역시 기장군다선거구,부산광역시,기장군다선거구,https://info.nec.go.kr/electioninfo/candidate_detail_info.xhtml?electionId=0020260603&huboId=100160054,1건,공직선거법,공직선거법,0,공직선거법:공직선거법
100159919,백기선,무소속,구시군의회의원,부산광역시 기장군다선거구,부산광역시,기장군다선거구,https://info.nec.go.kr/electioninfo/candidate_detail_info.xhtml?electionId=0020260603&huboId=100159919,3건,교통사고; 폭력; 자동차관리,,1,교통사고:교통사고처리특례법|교통사고처리특례; 폭력:폭력행위; 자동차관리:자동차관리법
100155977,전영준,더불어민주당,구시군의회의원,서울특별시 종로구다선거구,서울특별시,종로구다선거구,https://info.nec.go.kr/electioninfo/candidate_detail_info.xhtml?electionId=0020260603&huboId=100155977,1건,음주·위험운전; 도로교통,음주·위험운전,1,음주·위험운전:음주운전; 도로교통:도로교통법
100157041,이광규,국민의힘,구시군의회의원,서울특별시 종로구다선거구,서울특별시,종로구다선거구,https://info.nec.go.kr/electioninfo/candidate_detail_info.xhtml?electionId=0020260603&huboId=100157041,2건,공직선거법,공직선거법,1,공직선거법:공직선거법
100163316,윤판오,더불어민주당,구시군의회의원,서울특별시 중구가선거구,서울특별시,중구가선거구,https://info.nec.go.kr/electioninfo/candidate_detail_info.xhtml?electionId=0020260603&huboId=100163316,1건,,,0,
100162073,박창배,국민의힘,구시군의회의원,서울특별시 중구나선거구,서울특별시,중구나선거구,https://info.nec.go.kr/electioninfo/candidate_detail_info.xhtml?electionId=0020260603&huboId=100162073,1건,,,0,
100162152,최윤성,국민의힘,구시군의회의원,서울특별시 중구라선거구,서울특별시,중구라선거구,https://info.nec.go.kr/electioninfo/candidate_detail_info.xhtml?electionId=0020260603&huboId=100162152,1건,음주·위험운전,음주·위험운전,1,음주·위험운전:음주운전
100163547,김송환,국민의힘,구시군의회의원,서울특별시 용산구가선거구,서울특별시,용산구가선거구,https://info.nec.go.kr/electioninfo/candidate_detail_info.xhtml?electionId=0020260603&huboId=100163547,1건,음주·위험운전; 도로교통,음주·위험운전,0,음주·위험운전:음주운전; 도로교통:도로교통법
100162511,김은희,국민주권당,구시군의회의원,서울특별시 용산구가선거구,서울특별시,용산구가선거구,https://info.nec.go.kr/electioninfo/candidate_detail_info.xhtml?electionId=0020260603&huboId=100162511,3건,폭력; 공무집행방해; 업무방해; 주거침입; 국가보안법; 집시법,,1,폭력:폭력행위|상해; 공무집행방해:공무집행방해; 업무방해:업무방해; 주거침입:주거침입; 국가보안법:국가보안법; 집시법:집회및시위|집회 및 시위
100163122,박주남,국민의힘,구시군의회의원,서울특별시 용산구마선거구,서울특별시,용산구마선거구,https://info.nec.go.kr/electioninfo/candidate_detail_info.xhtml?electionId=0020260603&huboId=100163122,3건,,,0,
100162986,조복심,더불어민주당,구시군의회의원,서울특별시 성동구나선거구,서울특별시,성동구나선거구,https://info.nec.go.kr/electioninfo/candidate_detail_info.xhtml?electionId=0020260603&huboId=100162986,3건,사기; 횡령; 배임; 명예훼손,사기; 횡령; 배임,0,사기:사기; 횡령:횡령; 배임:배임; 명예훼손:명예훼손
100165041,오천수,더불어민주당,구시군의회의원,서울특별시 성동구다선거구,서울특별시,성동구다선거구,https://info.nec.go.kr/electioninfo/candidate_detail_info.xhtml?electionId=0020260603&huboId=100165041,1건,,,0,
100157902,오상균,개혁신당,구시군의회의원,서울특별시 성동구다선거구,서울특별시,성동구다선거구,https://info.nec.go.kr/electioninfo/candidate_detail_info.xhtml?electionId=0020260603&huboId=100157902,1건,사기; 보조금,사기; 보조금,1,사기:사기; 보조금:보조금관리에관한법률|보조금
100155562,강병찬,진보당,구시군의회의원,서울특별시 성동구다선거구,서울특별시,성동구다선거구,https://info.nec.go.kr/electioninfo/candidate_detail_info.xhtml?electionId=0020260603&huboId=100155562,3건,도로교통; 식품·보건; 국가보안법,,1,도로교통:일반교통방해; 식품·보건:감염병; 국가보안법:국가보안법
100162611,박종승,조국혁신당,구시군의회의원,서울특별시 성동구라선거구,서울특별시,성동구라선거구,https://info.nec.go.kr/electioninfo/candidate_detail_info.xhtml?electionId=0020260603&huboId=100162611,1건,교통사고,,1,교통사고:교통사고처리특례법|교통사고처리특례
100156520,추윤구,무소속,구시군의회의원,서울특별시 광진구가선거구,서울특별시,광진구가선거구,https://info.nec.go.kr/electioninfo/candidate_detail_info.xhtml?electionId=0020260603&huboId=100156520,2건,허위공문서·문서위조·공용서류; 특가법,허위공문서·문서위조·공용서류; 특가법,1,허위공문서·문서위조·공용서류:위조; 특가법:특정범죄가중처벌
100163221,고양석,더불어민주당,구시군의회의원,서울특별시 광진구나선거구,서울특별시,광진구나선거구,https://info.nec.go.kr/electioninfo/candidate_detail_info.xhtml?electionId=0020260603&huboId=100163221,1건,,,0,
100162030,이동길,더불어민주당,구시군의회의원,서울특별시 광진구다선거구,서울특별시,광진구다선거구,https://info.nec.go.kr/electioninfo/candidate_detail_info.xhtml?electionId=0020260603&huboId=100162030,3건,자동차관리; 환경,,0,자동차관리:자동차관리법; 환경:수질
100156587,이정열,더불어민주당,구시군의회의원,서울특별시 광진구다선거구,서울특별시,광진구다선거구,https://info.nec.go.kr/electioninfo/candidate_detail_info.xhtml?electionId=0020260603&huboId=100156587,1건,도로교통,,1,도로교통:도로교통법
100162622,김강산,국민의힘,구시군의회의원,서울특별시 광진구다선거구,서울특별시,광진구다선거구,https://info.nec.go.kr/electioninfo/candidate_detail_info.xhtml?electionId=0020260603&huboId=100162622,2건,음주·위험운전; 폭력,음주·위험운전,1,음주·위험운전:음주운전; 폭력:상해
100157215,최규철,더불어민주당,구시군의회의원,서울특별시 광진구라선거구,서울특별시,광진구라선거구,https://info.nec.go.kr/electioninfo/candidate_detail_info.xhtml?electionId=0020260603&huboId=100157215,1건,,,0,
100162991,김상배,국민의힘,구시군의회의원,서울특별시 광진구라선거구,서울특별시,광진구라선거구,https://info.nec.go.kr/electioninfo/candidate_detail_info.xhtml?electionId=0020260603&huboId=100162991,1건,건축·건설·부동산,,1,건축·건설·부동산:건축법
100158598,서정인,더불어민주당,구시군의회의원,서울특별시 동대문구가선거구,서울특별시,동대문구가선거구,https://info.nec.go.kr/electioninfo/candidate_detail_info.xhtml?electionId=0020260603&huboId=100158598,3건,음주·위험운전; 보험·금융; 도로교통,음주·위험운전,1,음주·위험운전:음주운전; 보험·금융:부정수표단속법; 도로교통:도로교통법
100162286,최영숙,국민의힘,구시군의회의원,서울특별시 동대문구가선거구,서울특별시,동대문구가선거구,https://info.nec.go.kr/electioninfo/candidate_detail_info.xhtml?electionId=0020260603&huboId=100162286,1건,음주·위험운전; 도로교통,음주·위험운전,1,음주·위험운전:음주운전; 도로교통:도로교통법
100161172,한지엽,국민의힘,구시군의회의원,서울특별시 동대문구나선거구,서울특별시,동대문구나선거구,https://info.nec.go.kr/electioninfo/candidate_detail_info.xhtml?electionId=0020260603&huboId=100161172,1건,음주·위험운전; 도로교통,음주·위험운전,1,음주·위험운전:음주운전; 도로교통:도로교통법
100156007,이도연,더불어민주당,구시군의회의원,서울특별시 동대문구다선거구,서울특별시,동대문구다선거구,https://info.nec.go.kr/electioninfo/candidate_detail_info.xhtml?electionId=0020260603&huboId=100156007,1건,허위공문서·문서위조·공용서류; 업무방해,허위공문서·문서위조·공용서류,1,허위공문서·문서위조·공용서류:사문서|위조; 업무방해:업무방해
100157459,이주환,더불어민주당,구시군의회의원,서울특별시 동대문구바선거구,서울특별시,동대문구바선거구,https://info.nec.go.kr/electioninfo/candidate_detail_info.xhtml?electionId=0020260603&huboId=100157459,1건,,,0,
100159284,안태민,국민의힘,구시군의회의원,서울특별시 동대문구바선거구,서울특별시,동대문구바선거구,https://info.nec.go.kr/electioninfo/candidate_detail_info.xhtml?electionId=0020260603&huboId=100159284,3건,음주·위험운전; 폭력; 도로교통,음주·위험운전,1,음주·위험운전:음주운전; 폭력:상해; 도로교통:도로교통법
100163496,김대형,더불어민주당,구시군의회의원,서울특별시 중랑구다선거구,서울특별시,중랑구다선거구,https://info.nec.go.kr/electioninfo/candidate_detail_info.xhtml?electionId=0020260603&huboId=100163496,1건,,,0,
100155187,노혜령,진보당,구시군의회의원,서울특별시 중랑구다선거구,서울특별시,중랑구다선거구,https://info.nec.go.kr/electioninfo/candidate_detail_info.xhtml?electionId=0020260603&huboId=100155187,1건,도로교통; 국가보안법,,1,도로교통:일반교통방해; 국가보안법:국가보안법
100162994,신동욱,국민의힘,구시군의회의원,서울특별시 중랑구라선거구,서울특별시,중랑구라선거구,https://info.nec.go.kr/electioninfo/candidate_detail_info.xhtml?electionId=0020260603&huboId=100162994,2건,식품·보건,,0,식품·보건:식품위생법
100163259,전경구,국민의힘,구시군의회의원,서울특별시 중랑구마선거구,서울특별시,중랑구마선거구,https://info.nec.go.kr/electioninfo/candidate_detail_info.xhtml?electionId=0020260603&huboId=100163259,1건,폭력,,1,폭력:상해
100162579,최윤찬,국민의힘,구시군의회의원,서울특별시 중랑구사선거구,서울특별시,중랑구사선거구,https://info.nec.go.kr/electioninfo/candidate_detail_info.xhtml?electionId=0020260603&huboId=100162579,1건,,,0,
100154810,박정윤,진보당,구시군의회의원,서울특별시 성북구가선거구,서울특별시,성북구가선거구,https://info.nec.go.kr/electioninfo/candidate_detail_info.xhtml?electionId=0020260603&huboId=100154810,1건,폭력; 도로교통; 국가보안법; 집시법,,1,폭력:폭력행위; 도로교통:일반교통방해; 국가보안법:국가보안법; 집시법:집회및시위|집회 및 시위
100163600,노진한,무소속,구시군의회의원,서울특별시 성북구바선거구,서울특별시,성북구바선거구,https://info.nec.go.kr/electioninfo/candidate_detail_info.xhtml?electionId=0020260603&huboId=100163600,1건,음주·위험운전; 도로교통,음주·위험운전,1,음주·위험운전:음주운전; 도로교통:도로교통법
100165066,정기혁,국민의힘,구시군의회의원,서울특별시 성북구사선거구,서울특별시,성북구사선거구,https://info.nec.go.kr/electioninfo/candidate_detail_info.xhtml?electionId=0020260603&huboId=100165066,3건,음주·위험운전; 도로교통,음주·위험운전,1,음주·위험운전:음주운전; 도로교통:도로교통법
100160938,박철우,더불어민주당,구시군의회의원,서울특별시 강북구가선거구,서울특별시,강북구가선거구,https://info.nec.go.kr/electioninfo/candidate_detail_info.xhtml?electionId=0020260603&huboId=100160938,1건,음주·위험운전; 도로교통,음주·위험운전,1,음주·위험운전:음주운전; 도로교통:도로교통법
100157978,박상구,국민의힘,구시군의회의원,서울특별시 강북구가선거구,서울특별시,강북구가선거구,https://info.nec.go.kr/electioninfo/candidate_detail_info.xhtml?electionId=0020260603&huboId=100157978,3건,건축·건설·부동산,,1,건축·건설·부동산:농지법|건설업법
100160807,유인애,국민의힘,구시군의회의원,서울특별시 강북구가선거구,서울특별시,강북구가선거구,https://info.nec.go.kr/electioninfo/candidate_detail_info.xhtml?electionId=0020260603&huboId=100160807,1건,,,0,
100162939,김종국,무소속,구시군의회의원,서울특별시 강북구가선거구,서울특별시,강북구가선거구,https://info.nec.go.kr/electioninfo/candidate_detail_info.xhtml?electionId=0020260603&huboId=100162939,2건,폭력,,0,폭력:폭력행위|폭행|상해
100158695,조윤섭,국민의힘,구시군의회의원,서울특별시 강북구나선거구,서울특별시,강북구나선거구,https://info.nec.go.kr/electioninfo/candidate_detail_info.xhtml?electionId=0020260603&huboId=100158695,2건,사기,사기,1,사기:사기
100160329,심재억,더불어민주당,구시군의회의원,서울특별시 강북구다선거구,서울특별시,강북구다선거구,https://info.nec.go.kr/electioninfo/candidate_detail_info.xhtml?electionId=0020260603&huboId=100160329,4건,교통사고; 보험·금융; 도로교통,,1,교통사고:교통사고처리특례법|교통사고처리특례; 보험·금융:부정수표단속법; 도로교통:도로교통법
100158243,김민섭,국민의힘,구시군의회의원,서울특별시 강북구라선거구,서울특별시,강북구라선거구,https://info.nec.go.kr/electioninfo/candidate_detail_info.xhtml?electionId=0020260603&huboId=100158243,3건,재물손괴; 건축·건설·부동산,,1,재물손괴:재물손괴; 건축·건설·부동산:건축법
100160067,정승구,국민의힘,구시군의회의원,서울특별시 도봉구나선거구,서울특별시,도봉구나선거구,https://info.nec.go.kr/electioninfo/candidate_detail_info.xhtml?electionId=0020260603&huboId=100160067,2건,음주·위험운전; 도로교통,음주·위험운전,1,음주·위험운전:음주운전; 도로교통:도로교통법
100158458,이성민,더불어민주당,구시군의회의원,서울특별시 도봉구라선거구,서울특별시,도봉구라선거구,https://info.nec.go.kr/electioninfo/candidate_detail_info.xhtml?electionId=0020260603&huboId=100158458,1건,음주·위험운전; 도로교통,음주·위험운전,1,음주·위험운전:음주운전; 도로교통:도로교통법
100161643,김복상,더불어민주당,구시군의회의원,서울특별시 도봉구라선거구,서울특별시,도봉구라선거구,https://info.nec.go.kr/electioninfo/candidate_detail_info.xhtml?electionId=0020260603&huboId=100161643,4건,폭력,,1,폭력:상해
100154908,신은옥,더불어민주당,구시군의회의원,서울특별시 도봉구마선거구,서울특별시,도봉구마선거구,https://info.nec.go.kr/electioninfo/candidate_detail_info.xhtml?electionId=0020260603&huboId=100154908,1건,폭력; 공무집행방해; 주거침입; 도로교통; 집시법,,1,폭력:폭력행위; 공무집행방해:공무집행방해; 주거침입:주거침입; 도로교통:일반교통방해; 집시법:집회및시위|집회 및 시위
100155004,최나영,진보당,구시군의회의원,서울특별시 노원구나선거구,서울특별시,노원구나선거구,https://info.nec.go.kr/electioninfo/candidate_detail_info.xhtml?electionId=0020260603&huboId=100155004,2건,폭력; 공무집행방해,,1,폭력:폭력행위; 공무집행방해:공무집행방해
100161552,김우일,국민의힘,구시군의회의원,서울특별시 노원구라선거구,서울특별시,노원구라선거구,https://info.nec.go.kr/electioninfo/candidate_detail_info.xhtml?electionId=0020260603&huboId=100161552,1건,,,0,
100157113,최용갑,더불어민주당,구시군의회의원,서울특별시 노원구바선거구,서울특별시,노원구바선거구,https://info.nec.go.kr/electioninfo/candidate_detail_info.xhtml?electionId=0020260603&huboId=100157113,1건,음주·위험운전; 도로교통,음주·위험운전,1,음주·위험운전:음주운전; 도로교통:도로교통법
100155467,홍기웅,진보당,구시군의회의원,서울특별시 노원구바선거구,서울특별시,노원구바선거구,https://info.nec.go.kr/electioninfo/candidate_detail_info.xhtml?electionId=0020260603&huboId=100155467,1건,국가보안법,,1,국가보안법:국가보안법
100162902,송영창,더불어민주당,구시군의회의원,서울특별시 은평구나선거구,서울특별시,은평구나선거구,https://info.nec.go.kr/electioninfo/candidate_detail_info.xhtml?electionId=0020260603&huboId=100162902,1건,음주·위험운전; 도로교통,음주·위험운전,1,음주·위험운전:음주운전; 도로교통:도로교통법
100160744,김유진,국민의힘,구시군의회의원,서울특별시 은평구다선거구,서울특별시,은평구다선거구,https://info.nec.go.kr/electioninfo/candidate_detail_info.xhtml?electionId=0020260603&huboId=100160744,1건,공무집행방해,,1,공무집행방해:공무집행방해
100162373,한범진,자유와혁신,구시군의회의원,서울특별시 은평구라선거구,서울특별시,은평구라선거구,https://info.nec.go.kr/electioninfo/candidate_detail_info.xhtml?electionId=0020260603&huboId=100162373,1건,음주·위험운전; 도로교통,음주·위험운전,0,음주·위험운전:음주운전; 도로교통:도로교통법
100161455,강태생,더불어민주당,구시군의회의원,서울특별시 은평구사선거구,서울특별시,은평구사선거구,https://info.nec.go.kr/electioninfo/candidate_detail_info.xhtml?electionId=0020260603&huboId=100161455,3건,음주·위험운전; 폭력; 도로교통,음주·위험운전,0,음주·위험운전:음주운전; 폭력:상해; 도로교통:도로교통법
100156877,김호승,더불어민주당,구시군의회의원,서울특별시 은평구아선거구,서울특별시,은평구아선거구,https://info.nec.go.kr/electioninfo/candidate_detail_info.xhtml?electionId=0020260603&huboId=100156877,2건,폭력; 자동차관리,,1,폭력:상해; 자동차관리:자동차관리법
100156482,김해숙,더불어민주당,구시군의회의원,서울특별시 서대문구가선거구,서울특별시,서대문구가선거구,https://info.nec.go.kr/electioninfo/candidate_detail_info.xhtml?electionId=0020260603&huboId=100156482,1건,교통사고,,0,교통사고:교통사고처리특례법|교통사고처리특례
100156505,송은경,더불어민주당,구시군의회의원,서울특별시 서대문구다선거구,서울특별시,서대문구다선거구,https://info.nec.go.kr/electioninfo/candidate_detail_info.xhtml?electionId=0020260603&huboId=100156505,1건,음주·위험운전; 도로교통,음주·위험운전,1,음주·위험운전:음주운전; 도로교통:도로교통법
100164219,이종석,더불어민주당,구시군의회의원,서울특별시 서대문구라선거구,서울특별시,서대문구라선거구,https://info.nec.go.kr/electioninfo/candidate_detail_info.xhtml?electionId=0020260603&huboId=100164219,3건,사기; 음주·위험운전; 도로교통,사기; 음주·위험운전,1,사기:사기; 음주·위험운전:음주운전; 도로교통:도로교통법
100160146,이기복,더불어민주당,구시군의회의원,서울특별시 서대문구마선거구,서울특별시,서대문구마선거구,https://info.nec.go.kr/electioninfo/candidate_detail_info.xhtml?electionId=0020260603&huboId=100160146,1건,음주·위험운전; 도로교통,음주·위험운전,0,음주·위험운전:음주운전; 도로교통:도로교통법
100163249,박진우,국민의힘,구시군의회의원,서울특별시 서대문구마선거구,서울특별시,서대문구마선거구,https://info.nec.go.kr/electioninfo/candidate_detail_info.xhtml?electionId=0020260603&huboId=100163249,1건,음주·위험운전; 도로교통,음주·위험운전,1,음주·위험운전:음주운전; 도로교통:도로교통법
100163458,최재혁,개혁신당,구시군의회의원,서울특별시 서대문구마선거구,서울특별시,서대문구마선거구,https://info.nec.go.kr/electioninfo/candidate_detail_info.xhtml?electionId=0020260603&huboId=100163458,1건,음주·위험운전; 도로교통,음주·위험운전,1,음주·위험운전:음주운전; 도로교통:도로교통법
100154691,안일식,자유와혁신,구시군의회의원,서울특별시 서대문구마선거구,서울특별시,서대문구마선거구,https://info.nec.go.kr/electioninfo/candidate_detail_info.xhtml?electionId=0020260603&huboId=100154691,1건,음주·위험운전; 폭력; 공무집행방해; 도로교통,음주·위험운전,1,음주·위험운전:음주운전; 폭력:상해; 공무집행방해:공무집행방해; 도로교통:도로교통법
100155690,황경산,정의당,구시군의회의원,서울특별시 서대문구마선거구,서울특별시,서대문구마선거구,https://info.nec.go.kr/electioninfo/candidate_detail_info.xhtml?electionId=0020260603&huboId=100155690,2건,폭력,,1,폭력:폭력행위
100161813,윤유현,무소속,구시군의회의원,서울특별시 서대문구마선거구,서울특별시,서대문구마선거구,https://info.nec.go.kr/electioninfo/candidate_detail_info.xhtml?electionId=0020260603&huboId=100161813,4건,사기; 교통사고; 도로교통,사기,1,사기:사기; 교통사고:교통사고처리특례; 도로교통:도로교통법
100157546,장덕준,더불어민주당,구시군의회의원,서울특별시 마포구가선거구,서울특별시,마포구가선거구,https://info.nec.go.kr/electioninfo/candidate_detail_info.xhtml?electionId=0020260603&huboId=100157546,1건,음주·위험운전; 도로교통,음주·위험운전,1,음주·위험운전:음주운전; 도로교통:도로교통법
100163119,김해진,국민의힘,구시군의회의원,서울특별시 마포구나선거구,서울특별시,마포구나선거구,https://info.nec.go.kr/electioninfo/candidate_detail_info.xhtml?electionId=0020260603&huboId=100163119,1건,교통사고,,0,교통사고:교통사고처리특례법|교통사고처리특례
100165836,마동환,새미래민주당,구시군의회의원,서울특별시 마포구다선거구,서울특별시,마포구다선거구,https://info.nec.go.kr/electioninfo/candidate_detail_info.xhtml?electionId=0020260603&huboId=100165836,1건,,,0,
100165835,최근성,무소속,구시군의회의원,서울특별시 마포구바선거구,서울특별시,마포구바선거구,https://info.nec.go.kr/electioninfo/candidate_detail_info.xhtml?electionId=0020260603&huboId=100165835,2건,사기; 건축·건설·부동산,사기,1,사기:사기; 건축·건설·부동산:산지관리
100158675,김진천,국민의힘,구시군의회의원,서울특별시 마포구사선거구,서울특별시,마포구사선거구,https://info.nec.go.kr/electioninfo/candidate_detail_info.xhtml?electionId=0020260603&huboId=100158675,2건,도로교통,,0,도로교통:도로교통법
100155895,김상기,더불어민주당,구시군의회의원,서울특별시 양천구가선거구,서울특별시,양천구가선거구,https://info.nec.go.kr/electioninfo/candidate_detail_info.xhtml?electionId=0020260603&huboId=100155895,1건,음주·위험운전; 도로교통,음주·위험운전,0,음주·위험운전:음주운전; 도로교통:도로교통법
100165387,이수옥,더불어민주당,구시군의회의원,서울특별시 양천구나선거구,서울특별시,양천구나선거구,https://info.nec.go.kr/electioninfo/candidate_detail_info.xhtml?electionId=0020260603&huboId=100165387,3건,음주·위험운전; 폭력; 도로교통,음주·위험운전,1,음주·위험운전:음주운전; 폭력:상해; 도로교통:도로교통법
100165793,김원근,무소속,구시군의회의원,서울특별시 양천구나선거구,서울특별시,양천구나선거구,https://info.nec.go.kr/electioninfo/candidate_detail_info.xhtml?electionId=0020260603&huboId=100165793,1건,음주·위험운전; 교통사고; 도로교통,음주·위험운전,0,음주·위험운전:음주운전; 교통사고:교통사고처리특례법|교통사고처리특례; 도로교통:도로교통법
100164828,유영주,더불어민주당,구시군의회의원,서울특별시 양천구다선거구,서울특별시,양천구다선거구,https://info.nec.go.kr/electioninfo/candidate_detail_info.xhtml?electionId=0020260603&huboId=100164828,1건,음주·위험운전; 도로교통,음주·위험운전,1,음주·위험운전:음주운전; 도로교통:도로교통법
100162854,이재웅,더불어민주당,구시군의회의원,서울특별시 양천구마선거구,서울특별시,양천구마선거구,https://info.nec.go.kr/electioninfo/candidate_detail_info.xhtml?electionId=0020260603&huboId=100162854,2건,음주·위험운전; 도로교통,음주·위험운전,1,음주·위험운전:음주운전; 도로교통:도로교통법
100161871,최동철,더불어민주당,구시군의회의원,서울특별시 강서구가선거구,서울특별시,강서구가선거구,https://info.nec.go.kr/electioninfo/candidate_detail_info.xhtml?electionId=0020260603&huboId=100161871,1건,,,0,
100162639,정재봉,국민의힘,구시군의회의원,서울특별시 강서구나선거구,서울특별시,강서구나선거구,https://info.nec.go.kr/electioninfo/candidate_detail_info.xhtml?electionId=0020260603&huboId=100162639,1건,음주·위험운전; 도로교통,음주·위험운전,1,음주·위험운전:음주운전; 도로교통:도로교통법
100155973,이상욱,정의당,구시군의회의원,서울특별시 강서구나선거구,서울특별시,강서구나선거구,https://info.nec.go.kr/electioninfo/candidate_detail_info.xhtml?electionId=0020260603&huboId=100155973,1건,명예훼손,,1,명예훼손:명예훼손
100162520,김희동,국민의힘,구시군의회의원,서울특별시 강서구다선거구,서울특별시,강서구다선거구,https://info.nec.go.kr/electioninfo/candidate_detail_info.xhtml?electionId=0020260603&huboId=100162520,2건,공직선거법; 농수산,공직선거법,0,공직선거법:공직선거법; 농수산:농수산물의원산지표시|원산지표시
100160765,김민석,국민의힘,구시군의회의원,서울특별시 강서구라선거구,서울특별시,강서구라선거구,https://info.nec.go.kr/electioninfo/candidate_detail_info.xhtml?electionId=0020260603&huboId=100160765,1건,횡령,횡령,1,횡령:횡령
100163091,김동수,무소속,구시군의회의원,서울특별시 강서구라선거구,서울특별시,강서구라선거구,https://info.nec.go.kr/electioninfo/candidate_detail_info.xhtml?electionId=0020260603&huboId=100163091,2건,음주·위험운전; 도로교통,음주·위험운전,1,음주·위험운전:음주운전; 도로교통:도로교통법
100162426,최세진,더불어민주당,구시군의회의원,서울특별시 강서구마선거구,서울특별시,강서구마선거구,https://info.nec.go.kr/electioninfo/candidate_detail_info.xhtml?electionId=0020260603&huboId=100162426,1건,음주·위험운전; 도로교통,음주·위험운전,0,음주·위험운전:음주운전; 도로교통:도로교통법
100162649,박주선,더불어민주당,구시군의회의원,서울특별시 강서구마선거구,서울특별시,강서구마선거구,https://info.nec.go.kr/electioninfo/candidate_detail_info.xhtml?electionId=0020260603&huboId=100162649,1건,음주·위험운전; 도로교통,음주·위험운전,0,음주·위험운전:음주운전; 도로교통:도로교통법
100161757,이충숙,더불어민주당,구시군의회의원,서울특별시 강서구바선거구,서울특별시,강서구바선거구,https://info.nec.go.kr/electioninfo/candidate_detail_info.xhtml?electionId=0020260603&huboId=100161757,1건,보조금,보조금,1,보조금:보조금
100157665,김용정,더불어민주당,구시군의회의원,서울특별시 강서구아선거구,서울특별시,강서구아선거구,https://info.nec.go.kr/electioninfo/candidate_detail_info.xhtml?electionId=0020260603&huboId=100157665,1건,음주·위험운전; 도로교통,음주·위험운전,0,음주·위험운전:음주운전; 도로교통:도로교통법
100162263,김현진,국민의힘,구시군의회의원,서울특별시 강서구아선거구,서울특별시,강서구아선거구,https://info.nec.go.kr/electioninfo/candidate_detail_info.xhtml?electionId=0020260603&huboId=100162263,2건,음주·위험운전; 도로교통,음주·위험운전,1,음주·위험운전:음주운전; 도로교통:도로교통법
100155057,최재희,진보당,구시군의회의원,서울특별시 구로구다선거구,서울특별시,구로구다선거구,https://info.nec.go.kr/electioninfo/candidate_detail_info.xhtml?electionId=0020260603&huboId=100155057,2건,폭력; 업무방해; 재물손괴; 집시법,,1,폭력:폭력행위; 업무방해:업무방해; 재물손괴:재물손괴; 집시법:집회및시위|집회 및 시위
100161710,조미향,더불어민주당,구시군의회의원,서울특별시 구로구라선거구,서울특별시,구로구라선거구,https://info.nec.go.kr/electioninfo/candidate_detail_info.xhtml?electionId=0020260603&huboId=100161710,1건,공직선거법,공직선거법,1,공직선거법:공직선거법
100160920,김철수,더불어민주당,구시군의회의원,서울특별시 구로구마선거구,서울특별시,구로구마선거구,https://info.nec.go.kr/electioninfo/candidate_detail_info.xhtml?electionId=0020260603&huboId=100160920,1건,음주·위험운전; 도로교통,음주·위험운전,1,음주·위험운전:음주운전; 도로교통:도로교통법
100162507,고영찬,국민의힘,구시군의회의원,서울특별시 금천구가선거구,서울특별시,금천구가선거구,https://info.nec.go.kr/electioninfo/candidate_detail_info.xhtml?electionId=0020260603&huboId=100162507,1건,교통사고,,0,교통사고:교통사고처리특례법|교통사고처리특례
100165173,김민종,무소속,구시군의회의원,서울특별시 금천구라선거구,서울특별시,금천구라선거구,https://info.nec.go.kr/electioninfo/candidate_detail_info.xhtml?electionId=0020260603&huboId=100165173,7건,사기; 허위공문서·문서위조·공용서류; 음주·위험운전; 교통사고; 절도; 폭력; 도로교통; 노동; 모욕,사기; 허위공문서·문서위조·공용서류; 음주·위험운전; 절도,1,사기:사기; 허위공문서·문서위조·공용서류:사문서|위조; 음주·위험운전:음주운전; 교통사고:교통사고처리특례법|교통사고처리특례; 절도:절도; 폭력:폭행|상해; 도로교통:도로교통법; 노동:근로기준법; 모욕:모욕
100162105,김태현,더불어민주당,구시군의회의원,서울특별시 영등포구나선거구,서울특별시,영등포구나선거구,https://info.nec.go.kr/electioninfo/candidate_detail_info.xhtml?electionId=0020260603&huboId=100162105,1건,음주·위험운전; 교통사고; 도로교통,음주·위험운전,1,음주·위험운전:음주운전; 교통사고:교통사고처리특례법|교통사고처리특례; 도로교통:도로교통법
100163515,이태열,더불어민주당,구시군의회의원,서울특별시 영등포구나선거구,서울특별시,영등포구나선거구,https://info.nec.go.kr/electioninfo/candidate_detail_info.xhtml?electionId=0020260603&huboId=100163515,1건,노동,,1,노동:근로기준법
100163407,이규선,국민의힘,구시군의회의원,서울특별시 영등포구다선거구,서울특별시,영등포구다선거구,https://info.nec.go.kr/electioninfo/candidate_detail_info.xhtml?electionId=0020260603&huboId=100163407,2건,횡령; 폭력; 도로교통,횡령,1,횡령:횡령; 폭력:폭력행위; 도로교통:도로교통법
100156693,윤준용,더불어민주당,구시군의회의원,서울특별시 영등포구라선거구,서울특별시,영등포구라선거구,https://info.nec.go.kr/electioninfo/candidate_detail_info.xhtml?electionId=0020260603&huboId=100156693,1건,건축·건설·부동산,,1,건축·건설·부동산:건축법
100155789,김태호,더불어민주당,구시군의회의원,서울특별시 영등포구바선거구,서울특별시,영등포구바선거구,https://info.nec.go.kr/electioninfo/candidate_detail_info.xhtml?electionId=0020260603&huboId=100155789,1건,,,0,
100161726,유승용,더불어민주당,구시군의회의원,서울특별시 영등포구사선거구,서울특별시,영등포구사선거구,https://info.nec.go.kr/electioninfo/candidate_detail_info.xhtml?electionId=0020260603&huboId=100161726,1건,,,0,
100158322,김재림,조국혁신당,구시군의회의원,서울특별시 영등포구사선거구,서울특별시,영등포구사선거구,https://info.nec.go.kr/electioninfo/candidate_detail_info.xhtml?electionId=0020260603&huboId=100158322,1건,,,0,
100162857,정재천,무소속,구시군의회의원,서울특별시 동작구가선거구,서울특별시,동작구가선거구,https://info.nec.go.kr/electioninfo/candidate_detail_info.xhtml?electionId=0020260603&huboId=100162857,2건,교통사고; 공무집행방해; 도로교통,,1,교통사고:교통사고처리특례법|교통사고처리특례; 공무집행방해:공무집행방해; 도로교통:도로교통법
100162396,이상훈,조국혁신당,구시군의회의원,서울특별시 동작구나선거구,서울특별시,동작구나선거구,https://info.nec.go.kr/electioninfo/candidate_detail_info.xhtml?electionId=0020260603&huboId=100162396,2건,교통사고,,1,교통사고:교통사고처리특례법|교통사고처리특례
100162014,정동연,더불어민주당,구시군의회의원,서울특별시 동작구다선거구,서울특별시,동작구다선거구,https://info.nec.go.kr/electioninfo/candidate_detail_info.xhtml?electionId=0020260603&huboId=100162014,1건,,,1,
100163952,민경희,개혁신당,구시군의회의원,서울특별시 동작구다선거구,서울특별시,동작구다선거구,https://info.nec.go.kr/electioninfo/candidate_detail_info.xhtml?electionId=0020260603&huboId=100163952,1건,자동차관리,,1,자동차관리:자동차관리법
100161451,박지우,더불어민주당,구시군의회의원,서울특별시 동작구라선거구,서울특별시,동작구라선거구,https://info.nec.go.kr/electioninfo/candidate_detail_info.xhtml?electionId=0020260603&huboId=100161451,1건,도로교통,,1,도로교통:도로교통법
100155631,이수홍,더불어민주당,구시군의회의원,서울특별시 동작구마선거구,서울특별시,동작구마선거구,https://info.nec.go.kr/electioninfo/candidate_detail_info.xhtml?electionId=0020260603&huboId=100155631,1건,업무방해,,1,업무방해:업무방해
100158888,정세열,국민의힘,구시군의회의원,서울특별시 동작구마선거구,서울특별시,동작구마선거구,https://info.nec.go.kr/electioninfo/candidate_detail_info.xhtml?electionId=0020260603&huboId=100158888,1건,폭력,,1,폭력:상해
100157431,강한옥,더불어민주당,구시군의회의원,서울특별시 동작구사선거구,서울특별시,동작구사선거구,https://info.nec.go.kr/electioninfo/candidate_detail_info.xhtml?electionId=0020260603&huboId=100157431,1건,공무집행방해,,1,공무집행방해:공무집행방해
100155851,임춘수,더불어민주당,구시군의회의원,서울특별시 관악구가선거구,서울특별시,관악구가선거구,https://info.nec.go.kr/electioninfo/candidate_detail_info.xhtml?electionId=0020260603&huboId=100155851,1건,폭력,,1,폭력:폭력행위
100157754,김금희,국민의힘,구시군의회의원,서울특별시 관악구가선거구,서울특별시,관악구가선거구,https://info.nec.go.kr/electioninfo/candidate_detail_info.xhtml?electionId=0020260603&huboId=100157754,1건,공직선거법,공직선거법,1,공직선거법:공직선거법
100155027,곽광자,더불어민주당,구시군의회의원,서울특별시 관악구다선거구,서울특별시,관악구다선거구,https://info.nec.go.kr/electioninfo/candidate_detail_info.xhtml?electionId=0020260603&huboId=100155027,1건,교육·청소년,,1,교육·청소년:청소년보호법
100158806,조홍련,더불어민주당,구시군의회의원,서울특별시 관악구다선거구,서울특별시,관악구다선거구,https://info.nec.go.kr/electioninfo/candidate_detail_info.xhtml?electionId=0020260603&huboId=100158806,1건,공무집행방해,,1,공무집행방해:공무집행방해
100163654,구가환,개혁신당,구시군의회의원,서울특별시 관악구다선거구,서울특별시,관악구다선거구,https://info.nec.go.kr/electioninfo/candidate_detail_info.xhtml?electionId=0020260603&huboId=100163654,2건,음주·위험운전; 폭력; 도로교통,음주·위험운전,1,음주·위험운전:음주운전; 폭력:폭력행위; 도로교통:도로교통법
100157668,양윤정,더불어민주당,구시군의회의원,서울특별시 관악구라선거구,서울특별시,관악구라선거구,https://info.nec.go.kr/electioninfo/candidate_detail_info.xhtml?electionId=0020260603&huboId=100157668,1건,음주·위험운전; 교통사고,음주·위험운전,1,음주·위험운전:음주운전; 교통사고:교통사고처리특례법|교통사고처리특례
100162716,이경관,국민의힘,구시군의회의원,서울특별시 관악구라선거구,서울특별시,관악구라선거구,https://info.nec.go.kr/electioninfo/candidate_detail_info.xhtml?electionId=0020260603&huboId=100162716,2건,식품·보건,,1,식품·보건:식품위생법
100156073,박명희,진보당,구시군의회의원,서울특별시 관악구라선거구,서울특별시,관악구라선거구,https://info.nec.go.kr/electioninfo/candidate_detail_info.xhtml?electionId=0020260603&huboId=100156073,1건,업무방해,,1,업무방해:업무방해
100154542,왕복근,정의당,구시군의회의원,서울특별시 관악구라선거구,서울특별시,관악구라선거구,https://info.nec.go.kr/electioninfo/candidate_detail_info.xhtml?electionId=0020260603&huboId=100154542,1건,공무집행방해,,1,공무집행방해:공무집행방해
100155067,안진섭,더불어민주당,구시군의회의원,서울특별시 관악구바선거구,서울특별시,관악구바선거구,https://info.nec.go.kr/electioninfo/candidate_detail_info.xhtml?electionId=0020260603&huboId=100155067,1건,교통사고,,1,교통사고:교통사고처리특례법|교통사고처리특례
100162614,위성경,더불어민주당,구시군의회의원,서울특별시 관악구사선거구,서울특별시,관악구사선거구,https://info.nec.go.kr/electioninfo/candidate_detail_info.xhtml?electionId=0020260603&huboId=100162614,2건,노동,,1,노동:근로기준법
100163516,조현선,더불어민주당,구시군의회의원,서울특별시 서초구다선거구,서울특별시,서초구다선거구,https://info.nec.go.kr/electioninfo/candidate_detail_info.xhtml?electionId=0020260603&huboId=100163516,1건,교통사고,,1,교통사고:교통사고처리특례법|교통사고처리특례
100163110,이은경,국민의힘,구시군의회의원,서울특별시 서초구다선거구,서울특별시,서초구다선거구,https://info.nec.go.kr/electioninfo/candidate_detail_info.xhtml?electionId=0020260603&huboId=100163110,2건,재물손괴; 건축·건설·부동산,,1,재물손괴:재물손괴; 건축·건설·부동산:건축법
100162493,유지웅,국민의힘,구시군의회의원,서울특별시 서초구다선거구,서울특별시,서초구다선거구,https://info.nec.go.kr/electioninfo/candidate_detail_info.xhtml?electionId=0020260603&huboId=100162493,1건,음주·위험운전; 도로교통,음주·위험운전,1,음주·위험운전:음주운전; 도로교통:도로교통법
100165691,서용택,자유와혁신,구시군의회의원,서울특별시 서초구라선거구,서울특별시,서초구라선거구,https://info.nec.go.kr/electioninfo/candidate_detail_info.xhtml?electionId=0020260603&huboId=100165691,1건,음주·위험운전; 도로교통,음주·위험운전,1,음주·위험운전:음주운전; 도로교통:도로교통법
100163401,조희옥,국민의힘,구시군의회의원,서울특별시 서초구마선거구,서울특별시,서초구마선거구,https://info.nec.go.kr/electioninfo/candidate_detail_info.xhtml?electionId=0020260603&huboId=100163401,2건,,,0,
100163426,김진경,더불어민주당,구시군의회의원,서울특별시 강남구가선거구,서울특별시,강남구가선거구,https://info.nec.go.kr/electioninfo/candidate_detail_info.xhtml?electionId=0020260603&huboId=100163426,1건,교통사고,,1,교통사고:교통사고처리특례법|교통사고처리특례
100163085,강현섭,국민의힘,구시군의회의원,서울특별시 강남구나선거구,서울특별시,강남구나선거구,https://info.nec.go.kr/electioninfo/candidate_detail_info.xhtml?electionId=0020260603&huboId=100163085,1건,도로교통,,0,도로교통:도로교통법
100163569,이동호,국민의힘,구시군의회의원,서울특별시 강남구라선거구,서울특별시,강남구라선거구,https://info.nec.go.kr/electioninfo/candidate_detail_info.xhtml?electionId=0020260603&huboId=100163569,1건,음주·위험운전; 도로교통,음주·위험운전,1,음주·위험운전:음주운전; 도로교통:도로교통법
100162442,이인선,국민의힘,구시군의회의원,서울특별시 강남구사선거구,서울특별시,강남구사선거구,https://info.nec.go.kr/electioninfo/candidate_detail_info.xhtml?electionId=0020260603&huboId=100162442,1건,,,0,
100156758,윤영한,더불어민주당,구시군의회의원,서울특별시 송파구가선거구,서울특별시,송파구가선거구,https://info.nec.go.kr/electioninfo/candidate_detail_info.xhtml?electionId=0020260603&huboId=100156758,2건,음주·위험운전; 도로교통,음주·위험운전,1,음주·위험운전:음주운전; 도로교통:도로교통법
100163097,손병화,국민의힘,구시군의회의원,서울특별시 송파구라선거구,서울특별시,송파구라선거구,https://info.nec.go.kr/electioninfo/candidate_detail_info.xhtml?electionId=0020260603&huboId=100163097,1건,음주·위험운전; 도로교통,음주·위험운전,1,음주·위험운전:음주운전; 도로교통:도로교통법
100162492,이혜숙,국민의힘,구시군의회의원,서울특별시 송파구마선거구,서울특별시,송파구마선거구,https://info.nec.go.kr/electioninfo/candidate_detail_info.xhtml?electionId=0020260603&huboId=100162492,3건,음주·위험운전; 무면허운전; 교통사고; 도로교통,음주·위험운전; 무면허운전,1,음주·위험운전:음주운전; 무면허운전:무면허운전; 교통사고:교통사고처리특례법|교통사고처리특례; 도로교통:도로교통법
100159973,이원우,국민의힘,구시군의회의원,서울특별시 송파구마선거구,서울특별시,송파구마선거구,https://info.nec.go.kr/electioninfo/candidate_detail_info.xhtml?electionId=0020260603&huboId=100159973,1건,공직선거법,공직선거법,1,공직선거법:공직선거법
100162869,정동배,더불어민주당,구시군의회의원,서울특별시 송파구사선거구,서울특별시,송파구사선거구,https://info.nec.go.kr/electioninfo/candidate_detail_info.xhtml?electionId=0020260603&huboId=100162869,2건,사기; 음주·위험운전; 도로교통,사기; 음주·위험운전,0,사기:사기; 음주·위험운전:음주운전; 도로교통:도로교통법
100156566,김진호,더불어민주당,구시군의회의원,서울특별시 송파구차선거구,서울특별시,송파구차선거구,https://info.nec.go.kr/electioninfo/candidate_detail_info.xhtml?electionId=0020260603&huboId=100156566,5건,사기; 폭력; 업무방해,사기,1,사기:사기; 폭력:폭행; 업무방해:업무방해
100162731,서회원,국민의힘,구시군의회의원,서울특별시 강동구나선거구,서울특별시,강동구나선거구,https://info.nec.go.kr/electioninfo/candidate_detail_info.xhtml?electionId=0020260603&huboId=100162731,2건,,,0,
100157928,박원서,더불어민주당,구시군의회의원,서울특별시 강동구다선거구,서울특별시,강동구다선거구,https://info.nec.go.kr/electioninfo/candidate_detail_info.xhtml?electionId=0020260603&huboId=100157928,1건,,,0,
100162243,김경천,국민의힘,구시군의회의원,서울특별시 강동구바선거구,서울특별시,강동구바선거구,https://info.nec.go.kr/electioninfo/candidate_detail_info.xhtml?electionId=0020260603&huboId=100162243,1건,음주·위험운전; 도로교통,음주·위험운전,1,음주·위험운전:음주운전; 도로교통:도로교통법
100159252,최찬호,자유와혁신,구시군의회의원,서울특별시 강동구바선거구,서울특별시,강동구바선거구,https://info.nec.go.kr/electioninfo/candidate_detail_info.xhtml?electionId=0020260603&huboId=100159252,1건,,,0,
100156855,손재용,더불어민주당,구시군의회의원,서울특별시 강동구사선거구,서울특별시,강동구사선거구,https://info.nec.go.kr/electioninfo/candidate_detail_info.xhtml?electionId=0020260603&huboId=100156855,1건,식품·보건,,1,식품·보건:약사법
100161122,김기상,국민의힘,구시군의회의원,서울특별시 강동구사선거구,서울특별시,강동구사선거구,https://info.nec.go.kr/electioninfo/candidate_detail_info.xhtml?electionId=0020260603&huboId=100161122,2건,음주·위험운전; 도로교통,음주·위험운전,1,음주·위험운전:음주운전; 도로교통:도로교통법
100160250,김태욱,국민의힘,구시군의회의원,울산광역시 중구가선거구,울산광역시,중구가선거구,https://info.nec.go.kr/electioninfo/candidate_detail_info.xhtml?electionId=0020260603&huboId=100160250,2건,음주·위험운전; 도로교통,음주·위험운전,1,음주·위험운전:음주운전; 도로교통:도로교통법
100157262,이재철,국민의힘,구시군의회의원,울산광역시 중구나선거구,울산광역시,중구나선거구,https://info.nec.go.kr/electioninfo/candidate_detail_info.xhtml?electionId=0020260603&huboId=100157262,1건,,,0,
100161254,박경흠,국민의힘,구시군의회의원,울산광역시 중구다선거구,울산광역시,중구다선거구,https://info.nec.go.kr/electioninfo/candidate_detail_info.xhtml?electionId=0020260603&huboId=100161254,2건,음주·위험운전; 도로교통,음주·위험운전,1,음주·위험운전:음주운전; 도로교통:도로교통법
100160649,문기호,국민의힘,구시군의회의원,울산광역시 중구다선거구,울산광역시,중구다선거구,https://info.nec.go.kr/electioninfo/candidate_detail_info.xhtml?electionId=0020260603&huboId=100160649,1건,업무방해,,1,업무방해:업무방해
100155840,최병호,국민의힘,구시군의회의원,울산광역시 중구라선거구,울산광역시,중구라선거구,https://info.nec.go.kr/electioninfo/candidate_detail_info.xhtml?electionId=0020260603&huboId=100155840,1건,도로교통,,1,도로교통:도로교통법
100156156,강지윤,더불어민주당,구시군의회의원,울산광역시 남구가선거구,울산광역시,남구가선거구,https://info.nec.go.kr/electioninfo/candidate_detail_info.xhtml?electionId=0020260603&huboId=100156156,1건,교통사고,,1,교통사고:교통사고처리특례법|교통사고처리특례
100158574,홍성민,국민의힘,구시군의회의원,울산광역시 남구다선거구,울산광역시,남구다선거구,https://info.nec.go.kr/electioninfo/candidate_detail_info.xhtml?electionId=0020260603&huboId=100158574,1건,,,1,
100158537,김영삼,무소속,구시군의회의원,울산광역시 남구다선거구,울산광역시,남구다선거구,https://info.nec.go.kr/electioninfo/candidate_detail_info.xhtml?electionId=0020260603&huboId=100158537,1건,공직선거법,공직선거법,1,공직선거법:공직선거법
100161255,권순용,국민의힘,구시군의회의원,울산광역시 남구라선거구,울산광역시,남구라선거구,https://info.nec.go.kr/electioninfo/candidate_detail_info.xhtml?electionId=0020260603&huboId=100161255,2건,음주·위험운전; 도로교통,음주·위험운전,1,음주·위험운전:음주운전; 도로교통:도로교통법
100154830,강미라,진보당,구시군의회의원,울산광역시 남구라선거구,울산광역시,남구라선거구,https://info.nec.go.kr/electioninfo/candidate_detail_info.xhtml?electionId=0020260603&huboId=100154830,1건,폭력; 국가보안법,,1,폭력:폭력행위; 국가보안법:국가보안법
100161611,이양임,국민의힘,구시군의회의원,울산광역시 남구마선거구,울산광역시,남구마선거구,https://info.nec.go.kr/electioninfo/candidate_detail_info.xhtml?electionId=0020260603&huboId=100161611,1건,도로교통,,1,도로교통:도로교통법
100161605,김영석,국민의힘,구시군의회의원,울산광역시 남구마선거구,울산광역시,남구마선거구,https://info.nec.go.kr/electioninfo/candidate_detail_info.xhtml?electionId=0020260603&huboId=100161605,1건,음주·위험운전; 도로교통,음주·위험운전,0,음주·위험운전:음주운전; 도로교통:도로교통법
100154818,정기순,진보당,구시군의회의원,울산광역시 남구마선거구,울산광역시,남구마선거구,https://info.nec.go.kr/electioninfo/candidate_detail_info.xhtml?electionId=0020260603&huboId=100154818,1건,폭력; 재물손괴; 도로교통,,1,폭력:폭력행위; 재물손괴:재물손괴; 도로교통:일반교통방해
100161623,이상기,국민의힘,구시군의회의원,울산광역시 남구바선거구,울산광역시,남구바선거구,https://info.nec.go.kr/electioninfo/candidate_detail_info.xhtml?electionId=0020260603&huboId=100161623,1건,도로교통,,1,도로교통:도로교통법
100163063,김근우,개혁신당,구시군의회의원,울산광역시 남구바선거구,울산광역시,남구바선거구,https://info.nec.go.kr/electioninfo/candidate_detail_info.xhtml?electionId=0020260603&huboId=100163063,2건,음주·위험운전; 폭력; 도로교통,음주·위험운전,0,음주·위험운전:음주운전; 폭력:상해; 도로교통:도로교통법
100154838,국일선,진보당,구시군의회의원,울산광역시 남구바선거구,울산광역시,남구바선거구,https://info.nec.go.kr/electioninfo/candidate_detail_info.xhtml?electionId=0020260603&huboId=100154838,4건,폭력; 업무방해; 집시법,,0,폭력:폭력행위; 업무방해:업무방해; 집시법:집회및시위|집회 및 시위
100157148,사덕민,국민의힘,구시군의회의원,울산광역시 동구다선거구,울산광역시,동구다선거구,https://info.nec.go.kr/electioninfo/candidate_detail_info.xhtml?electionId=0020260603&huboId=100157148,1건,자동차관리,,1,자동차관리:자동차관리법
100155555,박인경,진보당,구시군의회의원,울산광역시 동구다선거구,울산광역시,동구다선거구,https://info.nec.go.kr/electioninfo/candidate_detail_info.xhtml?electionId=0020260603&huboId=100155555,1건,도로교통; 집시법,,1,도로교통:일반교통방해; 집시법:집회및시위|집회 및 시위
100162207,박재완,더불어민주당,구시군의회의원,울산광역시 북구가선거구,울산광역시,북구가선거구,https://info.nec.go.kr/electioninfo/candidate_detail_info.xhtml?electionId=0020260603&huboId=100162207,1건,교통사고,,1,교통사고:교통사고처리특례법|교통사고처리특례
100159079,송승엽,국민의힘,구시군의회의원,울산광역시 북구가선거구,울산광역시,북구가선거구,https://info.nec.go.kr/electioninfo/candidate_detail_info.xhtml?electionId=0020260603&huboId=100159079,1건,음주·위험운전; 도로교통,음주·위험운전,1,음주·위험운전:음주운전; 도로교통:도로교통법
100154373,윤치용,진보당,구시군의회의원,울산광역시 북구나선거구,울산광역시,북구나선거구,https://info.nec.go.kr/electioninfo/candidate_detail_info.xhtml?electionId=0020260603&huboId=100154373,1건,공직선거법,공직선거법,1,공직선거법:공직선거법
100157402,최기봉,조국혁신당,구시군의회의원,울산광역시 북구다선거구,울산광역시,북구다선거구,https://info.nec.go.kr/electioninfo/candidate_detail_info.xhtml?electionId=0020260603&huboId=100157402,1건,음주·위험운전; 도로교통,음주·위험운전,1,음주·위험운전:음주운전; 도로교통:도로교통법
100159071,최윤성,더불어민주당,구시군의회의원,울산광역시 울주군가선거구,울산광역시,울주군가선거구,https://info.nec.go.kr/electioninfo/candidate_detail_info.xhtml?electionId=0020260603&huboId=100159071,2건,음주·위험운전; 도로교통,음주·위험운전,1,음주·위험운전:음주운전; 도로교통:도로교통법
100160258,한성환,더불어민주당,구시군의회의원,울산광역시 울주군가선거구,울산광역시,울주군가선거구,https://info.nec.go.kr/electioninfo/candidate_detail_info.xhtml?electionId=0020260603&huboId=100160258,2건,,,0,
100161992,정혜원,더불어민주당,구시군의회의원,울산광역시 울주군가선거구,울산광역시,울주군가선거구,https://info.nec.go.kr/electioninfo/candidate_detail_info.xhtml?electionId=0020260603&huboId=100161992,3건,횡령; 음주·위험운전; 교통사고; 도로교통,횡령; 음주·위험운전,0,횡령:횡령; 음주·위험운전:음주운전; 교통사고:교통사고처리특례법|교통사고처리특례; 도로교통:도로교통법
100159378,황윤대,국민의힘,구시군의회의원,울산광역시 울주군가선거구,울산광역시,울주군가선거구,https://info.nec.go.kr/electioninfo/candidate_detail_info.xhtml?electionId=0020260603&huboId=100159378,4건,음주·위험운전; 보험·금융; 도로교통,음주·위험운전,1,음주·위험운전:음주운전; 보험·금융:부정수표단속법; 도로교통:도로교통법
100160226,이상걸,국민의힘,구시군의회의원,울산광역시 울주군가선거구,울산광역시,울주군가선거구,https://info.nec.go.kr/electioninfo/candidate_detail_info.xhtml?electionId=0020260603&huboId=100160226,1건,,,0,
100159387,윤장혁,진보당,구시군의회의원,울산광역시 울주군가선거구,울산광역시,울주군가선거구,https://info.nec.go.kr/electioninfo/candidate_detail_info.xhtml?electionId=0020260603&huboId=100159387,11건,폭력; 공무집행방해; 재물손괴; 도로교통; 집시법,,2,폭력:폭력행위; 공무집행방해:공무집행방해; 재물손괴:재물손괴; 도로교통:도로교통법; 집시법:집회및시위|집회 및 시위
100160461,이상우,더불어민주당,구시군의회의원,울산광역시 울주군나선거구,울산광역시,울주군나선거구,https://info.nec.go.kr/electioninfo/candidate_detail_info.xhtml?electionId=0020260603&huboId=100160461,2건,건축·건설·부동산,,1,건축·건설·부동산:국토의계획
100159824,이지영,더불어민주당,구시군의회의원,울산광역시 울주군나선거구,울산광역시,울주군나선거구,https://info.nec.go.kr/electioninfo/candidate_detail_info.xhtml?electionId=0020260603&huboId=100159824,2건,음주·위험운전; 도로교통,음주·위험운전,1,음주·위험운전:음주운전; 도로교통:도로교통법
100160259,박기홍,국민의힘,구시군의회의원,울산광역시 울주군다선거구,울산광역시,울주군다선거구,https://info.nec.go.kr/electioninfo/candidate_detail_info.xhtml?electionId=0020260603&huboId=100160259,1건,횡령,횡령,1,횡령:횡령
100159069,강귀전,진보당,구시군의회의원,울산광역시 울주군다선거구,울산광역시,울주군다선거구,https://info.nec.go.kr/electioninfo/candidate_detail_info.xhtml?electionId=0020260603&huboId=100159069,1건,음주·위험운전; 도로교통,음주·위험운전,1,음주·위험운전:음주운전; 도로교통:도로교통법
100158897,유성헌,더불어민주당,구시군의회의원,인천광역시 강화군가선거구,인천광역시,강화군가선거구,https://info.nec.go.kr/electioninfo/candidate_detail_info.xhtml?electionId=0020260603&huboId=100158897,2건,음주·위험운전; 도로교통,음주·위험운전,1,음주·위험운전:음주운전; 도로교통:도로교통법
100158645,유지철,더불어민주당,구시군의회의원,인천광역시 강화군가선거구,인천광역시,강화군가선거구,https://info.nec.go.kr/electioninfo/candidate_detail_info.xhtml?electionId=0020260603&huboId=100158645,1건,공무집행방해,,1,공무집행방해:공무집행방해
100161971,한승희,국민의힘,구시군의회의원,인천광역시 강화군가선거구,인천광역시,강화군가선거구,https://info.nec.go.kr/electioninfo/candidate_detail_info.xhtml?electionId=0020260603&huboId=100161971,3건,특가법; 음주·위험운전; 교통사고; 공무집행방해; 도로교통,특가법; 음주·위험운전,1,특가법:특정범죄가중처벌; 음주·위험운전:음주운전; 교통사고:교통사고처리특례법|교통사고처리특례; 공무집행방해:공무집행방해; 도로교통:도로교통법
100158439,김병연,무소속,구시군의회의원,인천광역시 강화군나선거구,인천광역시,강화군나선거구,https://info.nec.go.kr/electioninfo/candidate_detail_info.xhtml?electionId=0020260603&huboId=100158439,15건,음주·위험운전; 폭력; 도로교통,음주·위험운전,1,음주·위험운전:음주운전; 폭력:상해; 도로교통:도로교통법
100159086,장경용,무소속,구시군의회의원,인천광역시 강화군나선거구,인천광역시,강화군나선거구,https://info.nec.go.kr/electioninfo/candidate_detail_info.xhtml?electionId=0020260603&huboId=100159086,1건,,,0,
100160033,김영진,더불어민주당,구시군의회의원,인천광역시 옹진군가선거구,인천광역시,옹진군가선거구,https://info.nec.go.kr/electioninfo/candidate_detail_info.xhtml?electionId=0020260603&huboId=100160033,2건,건축·건설·부동산; 도박,,1,건축·건설·부동산:산지관리; 도박:도박
100160583,김재홍,더불어민주당,구시군의회의원,인천광역시 옹진군나선거구,인천광역시,옹진군나선거구,https://info.nec.go.kr/electioninfo/candidate_detail_info.xhtml?electionId=0020260603&huboId=100160583,3건,음주·위험운전; 교통사고; 폭력; 도로교통,음주·위험운전,0,음주·위험운전:음주운전; 교통사고:교통사고처리특례법|교통사고처리특례; 폭력:상해; 도로교통:도로교통법
100163704,백동현,국민의힘,구시군의회의원,인천광역시 옹진군나선거구,인천광역시,옹진군나선거구,https://info.nec.go.kr/electioninfo/candidate_detail_info.xhtml?electionId=0020260603&huboId=100163704,1건,음주·위험운전; 도로교통,음주·위험운전,1,음주·위험운전:음주운전; 도로교통:도로교통법
100160016,이의명,더불어민주당,구시군의회의원,인천광역시 옹진군다선거구,인천광역시,옹진군다선거구,https://info.nec.go.kr/electioninfo/candidate_detail_info.xhtml?electionId=0020260603&huboId=100160016,3건,횡령; 뇌물; 특가법,횡령; 뇌물; 특가법,1,횡령:횡령; 뇌물:뇌물; 특가법:특정범죄가중처벌
100160489,홍남곤,국민의힘,구시군의회의원,인천광역시 옹진군다선거구,인천광역시,옹진군다선거구,https://info.nec.go.kr/electioninfo/candidate_detail_info.xhtml?electionId=0020260603&huboId=100160489,1건,특가법; 음주·위험운전; 도로교통,특가법; 음주·위험운전,1,특가법:특정범죄가중처벌; 음주·위험운전:음주운전|위험운전치사상; 도로교통:도로교통법
100161137,변영현,무소속,구시군의회의원,인천광역시 옹진군다선거구,인천광역시,옹진군다선거구,https://info.nec.go.kr/electioninfo/candidate_detail_info.xhtml?electionId=0020260603&huboId=100161137,14건,사기; 음주·위험운전; 조세; 폭력; 사법방해; 도로교통; 노동; 건축·건설·부동산,사기; 음주·위험운전; 조세,1,사기:사기; 음주·위험운전:음주운전; 조세:조세범; 폭력:상해; 사법방해:위증; 도로교통:도로교통법; 노동:근로기준법; 건축·건설·부동산:산지관리|국토의계획
100155830,이승욱,더불어민주당,구시군의회의원,인천광역시 제물포구가선거구,인천광역시,제물포구가선거구,https://info.nec.go.kr/electioninfo/candidate_detail_info.xhtml?electionId=0020260603&huboId=100155830,1건,음주·위험운전; 도로교통,음주·위험운전,1,음주·위험운전:음주운전; 도로교통:도로교통법
100155146,박태은,국민의힘,구시군의회의원,인천광역시 제물포구가선거구,인천광역시,제물포구가선거구,https://info.nec.go.kr/electioninfo/candidate_detail_info.xhtml?electionId=0020260603&huboId=100155146,1건,도로교통,,1,도로교통:도로교통법
100158635,김종국,더불어민주당,구시군의회의원,인천광역시 제물포구나선거구,인천광역시,제물포구나선거구,https://info.nec.go.kr/electioninfo/candidate_detail_info.xhtml?electionId=0020260603&huboId=100158635,1건,,,1,
100159051,윤재실,더불어민주당,구시군의회의원,인천광역시 제물포구나선거구,인천광역시,제물포구나선거구,https://info.nec.go.kr/electioninfo/candidate_detail_info.xhtml?electionId=0020260603&huboId=100159051,1건,음주·위험운전; 도로교통,음주·위험운전,1,음주·위험운전:음주운전; 도로교통:도로교통법
100156958,안재훈,더불어민주당,구시군의회의원,인천광역시 미추홀구가선거구,인천광역시,미추홀구가선거구,https://info.nec.go.kr/electioninfo/candidate_detail_info.xhtml?electionId=0020260603&huboId=100156958,1건,농수산,,1,농수산:농수산물의원산지표시|원산지표시
100163549,김재원,국민의힘,구시군의회의원,인천광역시 미추홀구가선거구,인천광역시,미추홀구가선거구,https://info.nec.go.kr/electioninfo/candidate_detail_info.xhtml?electionId=0020260603&huboId=100163549,2건,음주·위험운전; 도로교통,음주·위험운전,1,음주·위험운전:음주운전; 도로교통:도로교통법
100165854,이지용,국민의힘,구시군의회의원,인천광역시 미추홀구가선거구,인천광역시,미추홀구가선거구,https://info.nec.go.kr/electioninfo/candidate_detail_info.xhtml?electionId=0020260603&huboId=100165854,2건,사기; 교통사고,사기,1,사기:사기; 교통사고:교통사고처리특례법|교통사고처리특례
100161280,박경수,정의당,구시군의회의원,인천광역시 미추홀구가선거구,인천광역시,미추홀구가선거구,https://info.nec.go.kr/electioninfo/candidate_detail_info.xhtml?electionId=0020260603&huboId=100161280,1건,폭력; 공무집행방해; 집시법,,1,폭력:폭력행위; 공무집행방해:공무집행방해; 집시법:집회및시위|집회 및 시위
100161739,정락재,더불어민주당,구시군의회의원,인천광역시 미추홀구나선거구,인천광역시,미추홀구나선거구,https://info.nec.go.kr/electioninfo/candidate_detail_info.xhtml?electionId=0020260603&huboId=100161739,1건,폭력,,1,폭력:폭행|상해
100162989,이태성,더불어민주당,구시군의회의원,인천광역시 미추홀구다선거구,인천광역시,미추홀구다선거구,https://info.nec.go.kr/electioninfo/candidate_detail_info.xhtml?electionId=0020260603&huboId=100162989,3건,음주·위험운전; 폭력; 도로교통; 명예훼손,음주·위험운전,1,음주·위험운전:음주운전; 폭력:폭력행위|공동폭행|폭행; 도로교통:도로교통법; 명예훼손:명예훼손
100163925,양진석,국민의힘,구시군의회의원,인천광역시 미추홀구라선거구,인천광역시,미추홀구라선거구,https://info.nec.go.kr/electioninfo/candidate_detail_info.xhtml?electionId=0020260603&huboId=100163925,3건,특가법; 음주·위험운전; 폭력; 도로교통,특가법; 음주·위험운전,1,특가법:특정범죄가중처벌; 음주·위험운전:음주운전|위험운전치사상; 폭력:폭력행위; 도로교통:도로교통법
100162051,장규철,국민의힘,구시군의회의원,인천광역시 미추홀구라선거구,인천광역시,미추홀구라선거구,https://info.nec.go.kr/electioninfo/candidate_detail_info.xhtml?electionId=0020260603&huboId=100162051,3건,공직선거법; 음주·위험운전; 도로교통,공직선거법; 음주·위험운전,1,공직선거법:공직선거법; 음주·위험운전:음주운전; 도로교통:도로교통법
100157977,이정은,국민의힘,구시군의회의원,인천광역시 연수구가선거구,인천광역시,연수구가선거구,https://info.nec.go.kr/electioninfo/candidate_detail_info.xhtml?electionId=0020260603&huboId=100157977,1건,음주·위험운전; 교통사고,음주·위험운전,1,음주·위험운전:음주운전; 교통사고:교통사고처리특례법|교통사고처리특례
100160595,이영자,개혁신당,구시군의회의원,인천광역시 연수구가선거구,인천광역시,연수구가선거구,https://info.nec.go.kr/electioninfo/candidate_detail_info.xhtml?electionId=0020260603&huboId=100160595,1건,교통사고,,1,교통사고:교통사고처리특례법|교통사고처리특례
100158271,황충하,무소속,구시군의회의원,인천광역시 연수구가선거구,인천광역시,연수구가선거구,https://info.nec.go.kr/electioninfo/candidate_detail_info.xhtml?electionId=0020260603&huboId=100158271,6건,사기; 음주·위험운전; 도로교통; 노동,사기; 음주·위험운전,1,사기:사기; 음주·위험운전:음주운전; 도로교통:도로교통법; 노동:근로기준법
100155722,정민균,국민의힘,구시군의회의원,인천광역시 연수구마선거구,인천광역시,연수구마선거구,https://info.nec.go.kr/electioninfo/candidate_detail_info.xhtml?electionId=0020260603&huboId=100155722,1건,업무방해; 재물손괴,,1,업무방해:업무방해; 재물손괴:재물손괴
100157558,강신학,개혁신당,구시군의회의원,인천광역시 연수구바선거구,인천광역시,연수구바선거구,https://info.nec.go.kr/electioninfo/candidate_detail_info.xhtml?electionId=0020260603&huboId=100157558,1건,,,0,
100160817,김용호,더불어민주당,구시군의회의원,인천광역시 남동구가선거구,인천광역시,남동구가선거구,https://info.nec.go.kr/electioninfo/candidate_detail_info.xhtml?electionId=0020260603&huboId=100160817,1건,교통사고,,1,교통사고:교통사고처리특례법|교통사고처리특례
100154311,용혜랑,진보당,구시군의회의원,인천광역시 남동구나선거구,인천광역시,남동구나선거구,https://info.nec.go.kr/electioninfo/candidate_detail_info.xhtml?electionId=0020260603&huboId=100154311,2건,업무방해; 집시법; 명예훼손,,1,업무방해:업무방해; 집시법:집회및시위|집회 및 시위; 명예훼손:명예훼손
100158211,반미선,더불어민주당,구시군의회의원,인천광역시 남동구다선거구,인천광역시,남동구다선거구,https://info.nec.go.kr/electioninfo/candidate_detail_info.xhtml?electionId=0020260603&huboId=100158211,1건,공무집행방해,,1,공무집행방해:공무집행방해
100158468,김영조,국민의힘,구시군의회의원,인천광역시 남동구다선거구,인천광역시,남동구다선거구,https://info.nec.go.kr/electioninfo/candidate_detail_info.xhtml?electionId=0020260603&huboId=100158468,4건,음주·위험운전; 교통사고; 폭력; 도로교통,음주·위험운전,1,음주·위험운전:음주운전; 교통사고:교통사고처리특례법|교통사고처리특례; 폭력:폭력행위|상해; 도로교통:도로교통법
100156167,최영식,더불어민주당,구시군의회의원,인천광역시 남동구라선거구,인천광역시,남동구라선거구,https://info.nec.go.kr/electioninfo/candidate_detail_info.xhtml?electionId=0020260603&huboId=100156167,1건,음주·위험운전; 도로교통,음주·위험운전,1,음주·위험운전:음주운전; 도로교통:도로교통법
100159235,기완수,국민의힘,구시군의회의원,인천광역시 남동구라선거구,인천광역시,남동구라선거구,https://info.nec.go.kr/electioninfo/candidate_detail_info.xhtml?electionId=0020260603&huboId=100159235,2건,음주·위험운전; 도로교통,음주·위험운전,1,음주·위험운전:음주운전; 도로교통:도로교통법
100157925,유루경,국민의힘,구시군의회의원,인천광역시 남동구라선거구,인천광역시,남동구라선거구,https://info.nec.go.kr/electioninfo/candidate_detail_info.xhtml?electionId=0020260603&huboId=100157925,1건,도로교통,,1,도로교통:도로교통법
100158454,이상수,국민의힘,구시군의회의원,인천광역시 남동구마선거구,인천광역시,남동구마선거구,https://info.nec.go.kr/electioninfo/candidate_detail_info.xhtml?electionId=0020260603&huboId=100158454,1건,음주·위험운전; 도로교통,음주·위험운전,1,음주·위험운전:음주운전; 도로교통:도로교통법
100163096,조영규,무소속,구시군의회의원,인천광역시 남동구마선거구,인천광역시,남동구마선거구,https://info.nec.go.kr/electioninfo/candidate_detail_info.xhtml?electionId=0020260603&huboId=100163096,2건,음주·위험운전; 폭력; 도로교통,음주·위험운전,1,음주·위험운전:음주운전; 폭력:폭력행위; 도로교통:도로교통법
100158236,김보식,더불어민주당,구시군의회의원,인천광역시 부평구다선거구,인천광역시,부평구다선거구,https://info.nec.go.kr/electioninfo/candidate_detail_info.xhtml?electionId=0020260603&huboId=100158236,2건,음주·위험운전; 도로교통,음주·위험운전,1,음주·위험운전:음주운전; 도로교통:도로교통법
100156494,손대중,더불어민주당,구시군의회의원,인천광역시 부평구라선거구,인천광역시,부평구라선거구,https://info.nec.go.kr/electioninfo/candidate_detail_info.xhtml?electionId=0020260603&huboId=100156494,1건,음주·위험운전; 도로교통,음주·위험운전,0,음주·위험운전:음주운전; 도로교통:도로교통법
100157698,허정미,더불어민주당,구시군의회의원,인천광역시 부평구바선거구,인천광역시,부평구바선거구,https://info.nec.go.kr/electioninfo/candidate_detail_info.xhtml?electionId=0020260603&huboId=100157698,1건,,,0,
100154986,조덕제,더불어민주당,구시군의회의원,인천광역시 계양구가선거구,인천광역시,계양구가선거구,https://info.nec.go.kr/electioninfo/candidate_detail_info.xhtml?electionId=0020260603&huboId=100154986,2건,식품·보건,,0,식품·보건:식품위생법
100161753,박재성,국민의힘,구시군의회의원,인천광역시 계양구나선거구,인천광역시,계양구나선거구,https://info.nec.go.kr/electioninfo/candidate_detail_info.xhtml?electionId=0020260603&huboId=100161753,1건,특가법; 폭력,특가법,1,특가법:특정범죄가중처벌; 폭력:폭행
100165234,이상호,국민의힘,구시군의회의원,인천광역시 계양구다선거구,인천광역시,계양구다선거구,https://info.nec.go.kr/electioninfo/candidate_detail_info.xhtml?electionId=0020260603&huboId=100165234,2건,음주·위험운전; 도로교통,음주·위험운전,1,음주·위험운전:음주운전; 도로교통:도로교통법
100163685,정태완,더불어민주당,구시군의회의원,인천광역시 서구가선거구,인천광역시,서구가선거구,https://info.nec.go.kr/electioninfo/candidate_detail_info.xhtml?electionId=0020260603&huboId=100163685,1건,음주·위험운전; 도로교통,음주·위험운전,0,음주·위험운전:음주운전; 도로교통:도로교통법
100161215,이한종,국민의힘,구시군의회의원,인천광역시 서구나선거구,인천광역시,서구나선거구,https://info.nec.go.kr/electioninfo/candidate_detail_info.xhtml?electionId=0020260603&huboId=100161215,1건,공직선거법; 명예훼손,공직선거법,1,공직선거법:공직선거법; 명예훼손:명예훼손
100157133,김남복,조국혁신당,구시군의회의원,인천광역시 서구나선거구,인천광역시,서구나선거구,https://info.nec.go.kr/electioninfo/candidate_detail_info.xhtml?electionId=0020260603&huboId=100157133,2건,교통사고; 폭력; 재물손괴,,1,교통사고:교통사고처리특례법|교통사고처리특례; 폭력:폭력행위; 재물손괴:재물손괴
100156998,정영신,더불어민주당,구시군의회의원,인천광역시 서구다선거구,인천광역시,서구다선거구,https://info.nec.go.kr/electioninfo/candidate_detail_info.xhtml?electionId=0020260603&huboId=100156998,1건,횡령,횡령,1,횡령:횡령
100161217,김일태,국민의힘,구시군의회의원,인천광역시 서구다선거구,인천광역시,서구다선거구,https://info.nec.go.kr/electioninfo/candidate_detail_info.xhtml?electionId=0020260603&huboId=100161217,1건,음주·위험운전; 도로교통,음주·위험운전,1,음주·위험운전:음주운전; 도로교통:도로교통법
100157185,하기정,국민의힘,구시군의회의원,인천광역시 서구라선거구,인천광역시,서구라선거구,https://info.nec.go.kr/electioninfo/candidate_detail_info.xhtml?electionId=0020260603&huboId=100157185,2건,,,2,
100161059,한규창,국민의힘,구시군의회의원,인천광역시 검단구나선거구,인천광역시,검단구나선거구,https://info.nec.go.kr/electioninfo/candidate_detail_info.xhtml?electionId=0020260603&huboId=100161059,1건,,,1,
100159143,최규술,국민의힘,구시군의회의원,인천광역시 검단구다선거구,인천광역시,검단구다선거구,https://info.nec.go.kr/electioninfo/candidate_detail_info.xhtml?electionId=0020260603&huboId=100159143,1건,교통사고; 도로교통,,1,교통사고:교통사고처리특례법|교통사고처리특례; 도로교통:도로교통법
100156856,박수경,더불어민주당,구시군의회의원,전라남도 목포시가선거구,전라남도,목포시가선거구,https://info.nec.go.kr/electioninfo/candidate_detail_info.xhtml?electionId=0020260603&huboId=100156856,2건,음주·위험운전; 도로교통,음주·위험운전,2,음주·위험운전:음주운전; 도로교통:도로교통법
100162296,박효상,더불어민주당,구시군의회의원,전라남도 목포시가선거구,전라남도,목포시가선거구,https://info.nec.go.kr/electioninfo/candidate_detail_info.xhtml?electionId=0020260603&huboId=100162296,2건,음주·위험운전; 폭력; 공무집행방해,음주·위험운전,1,음주·위험운전:음주운전; 폭력:폭력행위; 공무집행방해:공무집행방해
100154686,이정석,진보당,구시군의회의원,전라남도 목포시나선거구,전라남도,목포시나선거구,https://info.nec.go.kr/electioninfo/candidate_detail_info.xhtml?electionId=0020260603&huboId=100154686,1건,폭력; 공무집행방해; 국가보안법; 집시법,,1,폭력:폭력행위; 공무집행방해:공무집행방해; 국가보안법:국가보안법; 집시법:집회및시위|집회 및 시위
100156158,안호선,더불어민주당,구시군의회의원,전라남도 목포시다선거구,전라남도,목포시다선거구,https://info.nec.go.kr/electioninfo/candidate_detail_info.xhtml?electionId=0020260603&huboId=100156158,3건,음주·위험운전; 무면허운전; 교통사고; 도로교통,음주·위험운전; 무면허운전,1,음주·위험운전:음주운전; 무면허운전:무면허운전; 교통사고:교통사고처리특례법|교통사고처리특례; 도로교통:도로교통법
100157615,박창수,더불어민주당,구시군의회의원,전라남도 목포시다선거구,전라남도,목포시다선거구,https://info.nec.go.kr/electioninfo/candidate_detail_info.xhtml?electionId=0020260603&huboId=100157615,1건,자동차관리,,1,자동차관리:자동차관리법
100158950,정재훈,더불어민주당,구시군의회의원,전라남도 목포시라선거구,전라남도,목포시라선거구,https://info.nec.go.kr/electioninfo/candidate_detail_info.xhtml?electionId=0020260603&huboId=100158950,1건,음주·위험운전; 도로교통,음주·위험운전,1,음주·위험운전:음주운전; 도로교통:도로교통법
100161940,손혜원,무소속,구시군의회의원,전라남도 목포시라선거구,전라남도,목포시라선거구,https://info.nec.go.kr/electioninfo/candidate_detail_info.xhtml?electionId=0020260603&huboId=100161940,2건,건축·건설·부동산,,1,건축·건설·부동산:건축법|부동산
100155465,고경욱,더불어민주당,구시군의회의원,전라남도 목포시마선거구,전라남도,목포시마선거구,https://info.nec.go.kr/electioninfo/candidate_detail_info.xhtml?electionId=0020260603&huboId=100155465,2건,폭력,,0,폭력:폭력행위
100162241,조성오,더불어민주당,구시군의회의원,전라남도 목포시마선거구,전라남도,목포시마선거구,https://info.nec.go.kr/electioninfo/candidate_detail_info.xhtml?electionId=0020260603&huboId=100162241,3건,폭력,,0,폭력:폭력행위
100157944,박영근,조국혁신당,구시군의회의원,전라남도 목포시사선거구,전라남도,목포시사선거구,https://info.nec.go.kr/electioninfo/candidate_detail_info.xhtml?electionId=0020260603&huboId=100157944,3건,음주·위험운전; 도로교통; 노동,음주·위험운전,1,음주·위험운전:음주운전; 도로교통:도로교통법; 노동:근로기준법
100158585,김승호,더불어민주당,구시군의회의원,전라남도 여수시나선거구,전라남도,여수시나선거구,https://info.nec.go.kr/electioninfo/candidate_detail_info.xhtml?electionId=0020260603&huboId=100158585,2건,공직선거법; 폭력,공직선거법,0,공직선거법:공직선거법; 폭력:폭력행위
100154087,백진오,조국혁신당,구시군의회의원,전라남도 여수시나선거구,전라남도,여수시나선거구,https://info.nec.go.kr/electioninfo/candidate_detail_info.xhtml?electionId=0020260603&huboId=100154087,3건,음주·위험운전; 폭력; 도로교통,음주·위험운전,1,음주·위험운전:음주운전; 폭력:폭력행위|상해; 도로교통:도로교통법
100156431,박남조,무소속,구시군의회의원,전라남도 여수시나선거구,전라남도,여수시나선거구,https://info.nec.go.kr/electioninfo/candidate_detail_info.xhtml?electionId=0020260603&huboId=100156431,3건,음주·위험운전; 도로교통,음주·위험운전,0,음주·위험운전:음주운전; 도로교통:도로교통법
100157998,강현태,더불어민주당,구시군의회의원,전라남도 여수시다선거구,전라남도,여수시다선거구,https://info.nec.go.kr/electioninfo/candidate_detail_info.xhtml?electionId=0020260603&huboId=100157998,1건,보험·금융,,1,보험·금융:전자금융거래법
100157178,이상우,조국혁신당,구시군의회의원,전라남도 여수시다선거구,전라남도,여수시다선거구,https://info.nec.go.kr/electioninfo/candidate_detail_info.xhtml?electionId=0020260603&huboId=100157178,1건,음주·위험운전; 도로교통,음주·위험운전,1,음주·위험운전:음주운전; 도로교통:도로교통법
100160945,구민호,더불어민주당,구시군의회의원,전라남도 여수시라선거구,전라남도,여수시라선거구,https://info.nec.go.kr/electioninfo/candidate_detail_info.xhtml?electionId=0020260603&huboId=100160945,2건,음주·위험운전; 도로교통,음주·위험운전,1,음주·위험운전:음주운전; 도로교통:도로교통법
100157582,송하진,무소속,구시군의회의원,전라남도 여수시라선거구,전라남도,여수시라선거구,https://info.nec.go.kr/electioninfo/candidate_detail_info.xhtml?electionId=0020260603&huboId=100157582,1건,음주·위험운전; 도로교통,음주·위험운전,1,음주·위험운전:음주운전; 도로교통:도로교통법
100165474,서범룡,더불어민주당,구시군의회의원,전라남도 여수시마선거구,전라남도,여수시마선거구,https://info.nec.go.kr/electioninfo/candidate_detail_info.xhtml?electionId=0020260603&huboId=100165474,1건,음주·위험운전; 도로교통,음주·위험운전,1,음주·위험운전:음주운전; 도로교통:도로교통법
100158369,김순종,무소속,구시군의회의원,전라남도 여수시바선거구,전라남도,여수시바선거구,https://info.nec.go.kr/electioninfo/candidate_detail_info.xhtml?electionId=0020260603&huboId=100158369,2건,음주·위험운전; 도로교통,음주·위험운전,1,음주·위험운전:음주운전; 도로교통:도로교통법
100160498,강재헌,무소속,구시군의회의원,전라남도 여수시사선거구,전라남도,여수시사선거구,https://info.nec.go.kr/electioninfo/candidate_detail_info.xhtml?electionId=0020260603&huboId=100160498,2건,음주·위험운전; 교통사고; 도로교통,음주·위험운전,1,음주·위험운전:음주운전; 교통사고:교통사고처리특례법|교통사고처리특례; 도로교통:도로교통법
100154220,김소리,더불어민주당,구시군의회의원,전라남도 여수시아선거구,전라남도,여수시아선거구,https://info.nec.go.kr/electioninfo/candidate_detail_info.xhtml?electionId=0020260603&huboId=100154220,2건,음주·위험운전; 도로교통,음주·위험운전,1,음주·위험운전:음주운전; 도로교통:도로교통법
100158644,주재현,더불어민주당,구시군의회의원,전라남도 여수시아선거구,전라남도,여수시아선거구,https://info.nec.go.kr/electioninfo/candidate_detail_info.xhtml?electionId=0020260603&huboId=100158644,2건,음주·위험운전; 업무방해; 도로교통,음주·위험운전,1,음주·위험운전:음주운전; 업무방해:업무방해; 도로교통:도로교통법
100156995,배정해,진보당,구시군의회의원,전라남도 여수시아선거구,전라남도,여수시아선거구,https://info.nec.go.kr/electioninfo/candidate_detail_info.xhtml?electionId=0020260603&huboId=100156995,2건,음주·위험운전; 도로교통,음주·위험운전,1,음주·위험운전:음주운전; 도로교통:도로교통법
100162584,차석철,무소속,구시군의회의원,전라남도 여수시아선거구,전라남도,여수시아선거구,https://info.nec.go.kr/electioninfo/candidate_detail_info.xhtml?electionId=0020260603&huboId=100162584,7건,음주·위험운전; 무면허운전; 도로교통,음주·위험운전; 무면허운전,1,음주·위험운전:음주운전; 무면허운전:무면허운전; 도로교통:도로교통법
100161876,김광용,조국혁신당,구시군의회의원,전라남도 여수시자선거구,전라남도,여수시자선거구,https://info.nec.go.kr/electioninfo/candidate_detail_info.xhtml?electionId=0020260603&huboId=100161876,2건,음주·위험운전; 교통사고; 도로교통,음주·위험운전,1,음주·위험운전:음주운전; 교통사고:교통사고처리특례법|교통사고처리특례; 도로교통:도로교통법
100156497,강성필,더불어민주당,구시군의회의원,전라남도 여수시차선거구,전라남도,여수시차선거구,https://info.nec.go.kr/electioninfo/candidate_detail_info.xhtml?electionId=0020260603&huboId=100156497,4건,폭력,,1,폭력:폭력행위
100156467,김희택,국민의힘,구시군의회의원,전라남도 여수시차선거구,전라남도,여수시차선거구,https://info.nec.go.kr/electioninfo/candidate_detail_info.xhtml?electionId=0020260603&huboId=100156467,3건,음주·위험운전; 폭력; 도로교통,음주·위험운전,1,음주·위험운전:음주운전; 폭력:폭력행위; 도로교통:도로교통법
100156957,김상일,조국혁신당,구시군의회의원,전라남도 여수시차선거구,전라남도,여수시차선거구,https://info.nec.go.kr/electioninfo/candidate_detail_info.xhtml?electionId=0020260603&huboId=100156957,1건,보험·금융,,1,보험·금융:자동차손해배상보장법
100154604,주우성,더불어민주당,구시군의회의원,전라남도 순천시가선거구,전라남도,순천시가선거구,https://info.nec.go.kr/electioninfo/candidate_detail_info.xhtml?electionId=0020260603&huboId=100154604,1건,음주·위험운전; 도로교통,음주·위험운전,1,음주·위험운전:음주운전; 도로교통:도로교통법
100162495,남정옥,조국혁신당,구시군의회의원,전라남도 순천시가선거구,전라남도,순천시가선거구,https://info.nec.go.kr/electioninfo/candidate_detail_info.xhtml?electionId=0020260603&huboId=100162495,1건,음주·위험운전; 도로교통,음주·위험운전,1,음주·위험운전:음주운전; 도로교통:도로교통법
100154475,조용봉,더불어민주당,구시군의회의원,전라남도 순천시나선거구,전라남도,순천시나선거구,https://info.nec.go.kr/electioninfo/candidate_detail_info.xhtml?electionId=0020260603&huboId=100154475,3건,교통사고; 폭력; 명예훼손,,1,교통사고:교통사고처리특례법|교통사고처리특례; 폭력:폭행|상해; 명예훼손:명예훼손
100160514,최정원,조국혁신당,구시군의회의원,전라남도 순천시나선거구,전라남도,순천시나선거구,https://info.nec.go.kr/electioninfo/candidate_detail_info.xhtml?electionId=0020260603&huboId=100160514,3건,음주·위험운전; 무면허운전; 도로교통,음주·위험운전; 무면허운전,1,음주·위험운전:음주운전; 무면허운전:무면허운전; 도로교통:도로교통법
100155406,김준희,진보당,구시군의회의원,전라남도 순천시나선거구,전라남도,순천시나선거구,https://info.nec.go.kr/electioninfo/candidate_detail_info.xhtml?electionId=0020260603&huboId=100155406,1건,폭력,,1,폭력:폭력행위
100154734,한상근,더불어민주당,구시군의회의원,전라남도 순천시라선거구,전라남도,순천시라선거구,https://info.nec.go.kr/electioninfo/candidate_detail_info.xhtml?electionId=0020260603&huboId=100154734,1건,음주·위험운전; 도로교통,음주·위험운전,1,음주·위험운전:음주운전; 도로교통:도로교통법
100154404,정미옥,더불어민주당,구시군의회의원,전라남도 순천시마선거구,전라남도,순천시마선거구,https://info.nec.go.kr/electioninfo/candidate_detail_info.xhtml?electionId=0020260603&huboId=100154404,1건,보조금,보조금,1,보조금:보조금관리에관한법률|보조금
100154527,김재진,진보당,구시군의회의원,전라남도 순천시마선거구,전라남도,순천시마선거구,https://info.nec.go.kr/electioninfo/candidate_detail_info.xhtml?electionId=0020260603&huboId=100154527,4건,폭력; 공무집행방해,,1,폭력:상해; 공무집행방해:공무집행방해
100154635,이윤재,더불어민주당,구시군의회의원,전라남도 순천시바선거구,전라남도,순천시바선거구,https://info.nec.go.kr/electioninfo/candidate_detail_info.xhtml?electionId=0020260603&huboId=100154635,1건,허위공문서·문서위조·공용서류,허위공문서·문서위조·공용서류,1,허위공문서·문서위조·공용서류:위조
100156713,유영철,더불어민주당,구시군의회의원,전라남도 순천시바선거구,전라남도,순천시바선거구,https://info.nec.go.kr/electioninfo/candidate_detail_info.xhtml?electionId=0020260603&huboId=100156713,2건,교통사고,,1,교통사고:교통사고처리특례법|교통사고처리특례
100156942,최미희,진보당,구시군의회의원,전라남도 순천시바선거구,전라남도,순천시바선거구,https://info.nec.go.kr/electioninfo/candidate_detail_info.xhtml?electionId=0020260603&huboId=100156942,2건,음주·위험운전; 도로교통,음주·위험운전,1,음주·위험운전:음주운전; 도로교통:도로교통법
100154544,신화철,더불어민주당,구시군의회의원,전라남도 순천시사선거구,전라남도,순천시사선거구,https://info.nec.go.kr/electioninfo/candidate_detail_info.xhtml?electionId=0020260603&huboId=100154544,1건,폭력; 공무집행방해; 집시법,,1,폭력:폭력행위; 공무집행방해:공무집행방해; 집시법:집회및시위|집회 및 시위
100162808,강형구,무소속,구시군의회의원,전라남도 순천시사선거구,전라남도,순천시사선거구,https://info.nec.go.kr/electioninfo/candidate_detail_info.xhtml?electionId=0020260603&huboId=100162808,1건,,,0,
100155884,조대익,진보당,구시군의회의원,전라남도 순천시아선거구,전라남도,순천시아선거구,https://info.nec.go.kr/electioninfo/candidate_detail_info.xhtml?electionId=0020260603&huboId=100155884,5건,폭력; 공무집행방해; 업무방해; 재물손괴; 주거침입; 집시법,,1,폭력:폭력행위|폭행|상해; 공무집행방해:공무집행방해; 업무방해:업무방해; 재물손괴:재물손괴; 주거침입:주거침입; 집시법:집회및시위|집회 및 시위
100155398,한정민,더불어민주당,구시군의회의원,전라남도 순천시자선거구,전라남도,순천시자선거구,https://info.nec.go.kr/electioninfo/candidate_detail_info.xhtml?electionId=0020260603&huboId=100155398,1건,음주·위험운전; 도로교통,음주·위험운전,1,음주·위험운전:음주운전; 도로교통:도로교통법
100158805,박계수,무소속,구시군의회의원,전라남도 순천시자선거구,전라남도,순천시자선거구,https://info.nec.go.kr/electioninfo/candidate_detail_info.xhtml?electionId=0020260603&huboId=100158805,1건,교통사고,,1,교통사고:교통사고처리특례법|교통사고처리특례
100161724,최문환,더불어민주당,구시군의회의원,전라남도 나주시가선거구,전라남도,나주시가선거구,https://info.nec.go.kr/electioninfo/candidate_detail_info.xhtml?electionId=0020260603&huboId=100161724,1건,폭력,,1,폭력:상해
100155325,김준정,더불어민주당,구시군의회의원,전라남도 나주시나선거구,전라남도,나주시나선거구,https://info.nec.go.kr/electioninfo/candidate_detail_info.xhtml?electionId=0020260603&huboId=100155325,3건,정치자금법; 공직선거법; 식품·보건,정치자금법; 공직선거법,1,정치자금법:정치자금법; 공직선거법:공직선거법; 식품·보건:식품위생법
100157608,김정숙,더불어민주당,구시군의회의원,전라남도 나주시나선거구,전라남도,나주시나선거구,https://info.nec.go.kr/electioninfo/candidate_detail_info.xhtml?electionId=0020260603&huboId=100157608,1건,음주·위험운전,음주·위험운전,1,음주·위험운전:음주운전
100163651,박동민,더불어민주당,구시군의회의원,전라남도 나주시나선거구,전라남도,나주시나선거구,https://info.nec.go.kr/electioninfo/candidate_detail_info.xhtml?electionId=0020260603&huboId=100163651,1건,폭력; 업무방해; 주거침입,,1,폭력:폭력행위; 업무방해:업무방해; 주거침입:주거침입
100157066,황광민,진보당,구시군의회의원,전라남도 나주시나선거구,전라남도,나주시나선거구,https://info.nec.go.kr/electioninfo/candidate_detail_info.xhtml?electionId=0020260603&huboId=100157066,1건,폭력; 공무집행방해; 주거침입; 도로교통; 국가보안법; 집시법,,1,폭력:폭력행위; 공무집행방해:공무집행방해; 주거침입:주거침입; 도로교통:일반교통방해; 국가보안법:국가보안법; 집시법:집회및시위|집회 및 시위
100157631,최정기,무소속,구시군의회의원,전라남도 나주시다선거구,전라남도,나주시다선거구,https://info.nec.go.kr/electioninfo/candidate_detail_info.xhtml?electionId=0020260603&huboId=100157631,1건,음주·위험운전; 도로교통,음주·위험운전,1,음주·위험운전:음주운전; 도로교통:도로교통법
100154973,전상규,더불어민주당,구시군의회의원,전라남도 나주시라선거구,전라남도,나주시라선거구,https://info.nec.go.kr/electioninfo/candidate_detail_info.xhtml?electionId=0020260603&huboId=100154973,1건,입찰방해,,1,입찰방해:입찰방해
100157100,김성보,진보당,구시군의회의원,전라남도 나주시라선거구,전라남도,나주시라선거구,https://info.nec.go.kr/electioninfo/candidate_detail_info.xhtml?electionId=0020260603&huboId=100157100,3건,음주·위험운전; 업무방해; 도로교통; 집시법,음주·위험운전,1,음주·위험운전:음주운전; 업무방해:업무방해; 도로교통:도로교통법; 집시법:집회및시위|집회 및 시위
100157509,임준택,무소속,구시군의회의원,전라남도 나주시라선거구,전라남도,나주시라선거구,https://info.nec.go.kr/electioninfo/candidate_detail_info.xhtml?electionId=0020260603&huboId=100157509,2건,폭력,,1,폭력:폭력행위
100163908,성인,기본소득당,구시군의회의원,전라남도 나주시마선거구,전라남도,나주시마선거구,https://info.nec.go.kr/electioninfo/candidate_detail_info.xhtml?electionId=0020260603&huboId=100163908,2건,음주·위험운전; 폭력; 도로교통,음주·위험운전,1,음주·위험운전:음주운전; 폭력:폭력행위; 도로교통:도로교통법
100160658,서충기,무소속,구시군의회의원,전라남도 나주시마선거구,전라남도,나주시마선거구,https://info.nec.go.kr/electioninfo/candidate_detail_info.xhtml?electionId=0020260603&huboId=100160658,1건,노동,,1,노동:근로기준법
100155776,정회기,더불어민주당,구시군의회의원,전라남도 광양시가선거구,전라남도,광양시가선거구,https://info.nec.go.kr/electioninfo/candidate_detail_info.xhtml?electionId=0020260603&huboId=100155776,1건,도로교통,,0,도로교통:도로교통법
100157945,박철수,더불어민주당,구시군의회의원,전라남도 광양시나선거구,전라남도,광양시나선거구,https://info.nec.go.kr/electioninfo/candidate_detail_info.xhtml?electionId=0020260603&huboId=100157945,1건,폭력,,0,폭력:폭력행위
100155448,박병관,더불어민주당,구시군의회의원,전라남도 광양시나선거구,전라남도,광양시나선거구,https://info.nec.go.kr/electioninfo/candidate_detail_info.xhtml?electionId=0020260603&huboId=100155448,1건,,,0,
100158332,이철재,조국혁신당,구시군의회의원,전라남도 광양시나선거구,전라남도,광양시나선거구,https://info.nec.go.kr/electioninfo/candidate_detail_info.xhtml?electionId=0020260603&huboId=100158332,4건,특가법; 음주·위험운전; 무면허운전; 도로교통,특가법; 음주·위험운전; 무면허운전,1,특가법:특정범죄가중처벌; 음주·위험운전:음주운전; 무면허운전:무면허운전; 도로교통:도로교통법
100157246,김한나,더불어민주당,구시군의회의원,전라남도 광양시다선거구,전라남도,광양시다선거구,https://info.nec.go.kr/electioninfo/candidate_detail_info.xhtml?electionId=0020260603&huboId=100157246,1건,교통사고,,0,교통사고:교통사고처리특례법|교통사고처리특례
100154923,백성호,진보당,구시군의회의원,전라남도 광양시다선거구,전라남도,광양시다선거구,https://info.nec.go.kr/electioninfo/candidate_detail_info.xhtml?electionId=0020260603&huboId=100154923,1건,업무방해,,1,업무방해:업무방해
100155450,이윤수,더불어민주당,구시군의회의원,전라남도 광양시라선거구,전라남도,광양시라선거구,https://info.nec.go.kr/electioninfo/candidate_detail_info.xhtml?electionId=0020260603&huboId=100155450,1건,음주·위험운전; 도로교통,음주·위험운전,1,음주·위험운전:음주운전; 도로교통:도로교통법
100159700,최용만,더불어민주당,구시군의회의원,전라남도 담양군가선거구,전라남도,담양군가선거구,https://info.nec.go.kr/electioninfo/candidate_detail_info.xhtml?electionId=0020260603&huboId=100159700,4건,보조금; 폭력; 건축·건설·부동산,보조금,1,보조금:보조금; 폭력:폭력행위; 건축·건설·부동산:국토의계획
100159761,장현동,더불어민주당,구시군의회의원,전라남도 담양군가선거구,전라남도,담양군가선거구,https://info.nec.go.kr/electioninfo/candidate_detail_info.xhtml?electionId=0020260603&huboId=100159761,1건,자동차관리,,1,자동차관리:자동차관리법
100159754,이기범,무소속,구시군의회의원,전라남도 담양군가선거구,전라남도,담양군가선거구,https://info.nec.go.kr/electioninfo/candidate_detail_info.xhtml?electionId=0020260603&huboId=100159754,1건,음주·위험운전; 도로교통,음주·위험운전,1,음주·위험운전:음주운전; 도로교통:도로교통법
100159781,조승준,더불어민주당,구시군의회의원,전라남도 담양군나선거구,전라남도,담양군나선거구,https://info.nec.go.kr/electioninfo/candidate_detail_info.xhtml?electionId=0020260603&huboId=100159781,3건,폭력; 건축·건설·부동산,,1,폭력:폭력행위; 건축·건설·부동산:건축법
100159675,최태주,더불어민주당,구시군의회의원,전라남도 담양군나선거구,전라남도,담양군나선거구,https://info.nec.go.kr/electioninfo/candidate_detail_info.xhtml?electionId=0020260603&huboId=100159675,2건,,,0,
100159693,곽승만,조국혁신당,구시군의회의원,전라남도 담양군나선거구,전라남도,담양군나선거구,https://info.nec.go.kr/electioninfo/candidate_detail_info.xhtml?electionId=0020260603&huboId=100159693,1건,음주·위험운전; 도로교통,음주·위험운전,1,음주·위험운전:음주운전; 도로교통:도로교통법
100160333,장명영,더불어민주당,구시군의회의원,전라남도 담양군다선거구,전라남도,담양군다선거구,https://info.nec.go.kr/electioninfo/candidate_detail_info.xhtml?electionId=0020260603&huboId=100160333,2건,명예훼손,,1,명예훼손:명예훼손
100161792,조관훈,조국혁신당,구시군의회의원,전라남도 담양군다선거구,전라남도,담양군다선거구,https://info.nec.go.kr/electioninfo/candidate_detail_info.xhtml?electionId=0020260603&huboId=100161792,1건,도로교통,,1,도로교통:도로교통법
100159803,진철,무소속,구시군의회의원,전라남도 담양군다선거구,전라남도,담양군다선거구,https://info.nec.go.kr/electioninfo/candidate_detail_info.xhtml?electionId=0020260603&huboId=100159803,3건,도로교통,,1,도로교통:도로교통법
100161590,방평원,무소속,구시군의회의원,전라남도 담양군다선거구,전라남도,담양군다선거구,https://info.nec.go.kr/electioninfo/candidate_detail_info.xhtml?electionId=0020260603&huboId=100161590,4건,,,0,
100159722,김석민,더불어민주당,구시군의회의원,전라남도 담양군라선거구,전라남도,담양군라선거구,https://info.nec.go.kr/electioninfo/candidate_detail_info.xhtml?electionId=0020260603&huboId=100159722,2건,폭력; 공무집행방해; 국가보안법; 집시법,,1,폭력:폭력행위; 공무집행방해:공무집행방해; 국가보안법:국가보안법; 집시법:집회및시위|집회 및 시위
100159765,노대현,더불어민주당,구시군의회의원,전라남도 담양군라선거구,전라남도,담양군라선거구,https://info.nec.go.kr/electioninfo/candidate_detail_info.xhtml?electionId=0020260603&huboId=100159765,1건,음주·위험운전; 도로교통,음주·위험운전,0,음주·위험운전:음주운전; 도로교통:도로교통법
100159800,최현동,무소속,구시군의회의원,전라남도 담양군라선거구,전라남도,담양군라선거구,https://info.nec.go.kr/electioninfo/candidate_detail_info.xhtml?electionId=0020260603&huboId=100159800,2건,횡령,횡령,1,횡령:횡령
100159558,박종완,더불어민주당,구시군의회의원,전라남도 곡성군가선거구,전라남도,곡성군가선거구,https://info.nec.go.kr/electioninfo/candidate_detail_info.xhtml?electionId=0020260603&huboId=100159558,1건,도로교통,,0,도로교통:도로교통법
100159530,김재범,더불어민주당,구시군의회의원,전라남도 곡성군가선거구,전라남도,곡성군가선거구,https://info.nec.go.kr/electioninfo/candidate_detail_info.xhtml?electionId=0020260603&huboId=100159530,2건,음주·위험운전; 도로교통,음주·위험운전,1,음주·위험운전:음주운전; 도로교통:도로교통법
100161171,박철규,무소속,구시군의회의원,전라남도 곡성군가선거구,전라남도,곡성군가선거구,https://info.nec.go.kr/electioninfo/candidate_detail_info.xhtml?electionId=0020260603&huboId=100161171,2건,공무집행방해,,0,공무집행방해:공무집행방해
100159655,김요순,더불어민주당,구시군의회의원,전라남도 곡성군나선거구,전라남도,곡성군나선거구,https://info.nec.go.kr/electioninfo/candidate_detail_info.xhtml?electionId=0020260603&huboId=100159655,1건,사기,사기,1,사기:사기
100160087,김홍순,더불어민주당,구시군의회의원,전라남도 곡성군나선거구,전라남도,곡성군나선거구,https://info.nec.go.kr/electioninfo/candidate_detail_info.xhtml?electionId=0020260603&huboId=100160087,1건,환경,,1,환경:수질
100159419,양해영,무소속,구시군의회의원,전라남도 곡성군나선거구,전라남도,곡성군나선거구,https://info.nec.go.kr/electioninfo/candidate_detail_info.xhtml?electionId=0020260603&huboId=100159419,5건,교통사고; 폭력,,1,교통사고:교통사고처리특례법|교통사고처리특례; 폭력:폭력행위|폭행|상해
100159422,허문회,무소속,구시군의회의원,전라남도 곡성군나선거구,전라남도,곡성군나선거구,https://info.nec.go.kr/electioninfo/candidate_detail_info.xhtml?electionId=0020260603&huboId=100159422,1건,도로교통,,1,도로교통:도로교통법
100158693,선상원,더불어민주당,구시군의회의원,전라남도 구례군가선거구,전라남도,구례군가선거구,https://info.nec.go.kr/electioninfo/candidate_detail_info.xhtml?electionId=0020260603&huboId=100158693,1건,음주·위험운전; 도로교통,음주·위험운전,1,음주·위험운전:음주운전; 도로교통:도로교통법
100159034,박형출,무소속,구시군의회의원,전라남도 구례군가선거구,전라남도,구례군가선거구,https://info.nec.go.kr/electioninfo/candidate_detail_info.xhtml?electionId=0020260603&huboId=100159034,5건,,,0,
100159026,김수철,더불어민주당,구시군의회의원,전라남도 구례군나선거구,전라남도,구례군나선거구,https://info.nec.go.kr/electioninfo/candidate_detail_info.xhtml?electionId=0020260603&huboId=100159026,1건,횡령,횡령,1,횡령:횡령
100160227,양준식,더불어민주당,구시군의회의원,전라남도 구례군나선거구,전라남도,구례군나선거구,https://info.nec.go.kr/electioninfo/candidate_detail_info.xhtml?electionId=0020260603&huboId=100160227,1건,교통사고,,1,교통사고:교통사고처리특례법|교통사고처리특례
100160143,김봉용,진보당,구시군의회의원,전라남도 구례군나선거구,전라남도,구례군나선거구,https://info.nec.go.kr/electioninfo/candidate_detail_info.xhtml?electionId=0020260603&huboId=100160143,2건,폭력; 집시법,,0,폭력:폭력행위; 집시법:집회및시위|집회 및 시위
100162650,김재열,무소속,구시군의회의원,전라남도 고흥군나선거구,전라남도,고흥군나선거구,https://info.nec.go.kr/electioninfo/candidate_detail_info.xhtml?electionId=0020260603&huboId=100162650,2건,폭력,,1,폭력:폭력행위
100161241,조영길,더불어민주당,구시군의회의원,전라남도 고흥군다선거구,전라남도,고흥군다선거구,https://info.nec.go.kr/electioninfo/candidate_detail_info.xhtml?electionId=0020260603&huboId=100161241,4건,폭력; 범인도피,,1,폭력:폭력행위; 범인도피:범인도피
100160901,김준곤,더불어민주당,구시군의회의원,전라남도 고흥군다선거구,전라남도,고흥군다선거구,https://info.nec.go.kr/electioninfo/candidate_detail_info.xhtml?electionId=0020260603&huboId=100160901,1건,사기,사기,1,사기:사기
100160386,송종화,더불어민주당,구시군의회의원,전라남도 고흥군라선거구,전라남도,고흥군라선거구,https://info.nec.go.kr/electioninfo/candidate_detail_info.xhtml?electionId=0020260603&huboId=100160386,2건,횡령; 음주·위험운전; 도로교통,횡령; 음주·위험운전,1,횡령:횡령; 음주·위험운전:음주운전; 도로교통:도로교통법
100159853,안형상,더불어민주당,구시군의회의원,전라남도 보성군가선거구,전라남도,보성군가선거구,https://info.nec.go.kr/electioninfo/candidate_detail_info.xhtml?electionId=0020260603&huboId=100159853,3건,노동; 건축·건설·부동산,,1,노동:근로기준법; 건축·건설·부동산:산지관리
100159823,박천석,무소속,구시군의회의원,전라남도 보성군가선거구,전라남도,보성군가선거구,https://info.nec.go.kr/electioninfo/candidate_detail_info.xhtml?electionId=0020260603&huboId=100159823,3건,음주·위험운전; 교통사고,음주·위험운전,1,음주·위험운전:음주운전; 교통사고:교통사고처리특례법|교통사고처리특례
100160092,김홍민,무소속,구시군의회의원,전라남도 보성군가선거구,전라남도,보성군가선거구,https://info.nec.go.kr/electioninfo/candidate_detail_info.xhtml?electionId=0020260603&huboId=100160092,1건,특가법; 도로교통,특가법,1,특가법:특정범죄가중처벌; 도로교통:도로교통법
100160363,이춘복,무소속,구시군의회의원,전라남도 보성군가선거구,전라남도,보성군가선거구,https://info.nec.go.kr/electioninfo/candidate_detail_info.xhtml?electionId=0020260603&huboId=100160363,5건,사기; 배임; 건축·건설·부동산; 총포·화약,사기; 배임,1,사기:사기; 배임:배임; 건축·건설·부동산:산지관리; 총포·화약:총포|도검|화약류
100159832,남향욱,무소속,구시군의회의원,전라남도 보성군가선거구,전라남도,보성군가선거구,https://info.nec.go.kr/electioninfo/candidate_detail_info.xhtml?electionId=0020260603&huboId=100159832,1건,음주·위험운전; 도로교통,음주·위험운전,1,음주·위험운전:음주운전; 도로교통:도로교통법
100159859,전상호,더불어민주당,구시군의회의원,전라남도 보성군나선거구,전라남도,보성군나선거구,https://info.nec.go.kr/electioninfo/candidate_detail_info.xhtml?electionId=0020260603&huboId=100159859,1건,음주·위험운전; 도로교통,음주·위험운전,1,음주·위험운전:음주운전; 도로교통:도로교통법
100159865,윤정국,더불어민주당,구시군의회의원,전라남도 보성군나선거구,전라남도,보성군나선거구,https://info.nec.go.kr/electioninfo/candidate_detail_info.xhtml?electionId=0020260603&huboId=100159865,2건,폭력; 도로교통,,1,폭력:폭력행위; 도로교통:도로교통법
100162928,윤정재,무소속,구시군의회의원,전라남도 보성군다선거구,전라남도,보성군다선거구,https://info.nec.go.kr/electioninfo/candidate_detail_info.xhtml?electionId=0020260603&huboId=100162928,2건,음주·위험운전; 도로교통,음주·위험운전,1,음주·위험운전:음주운전; 도로교통:도로교통법
100159825,정승태,더불어민주당,구시군의회의원,전라남도 화순군가선거구,전라남도,화순군가선거구,https://info.nec.go.kr/electioninfo/candidate_detail_info.xhtml?electionId=0020260603&huboId=100159825,3건,음주·위험운전; 도로교통,음주·위험운전,1,음주·위험운전:음주운전; 도로교통:도로교통법
100160607,조세현,더불어민주당,구시군의회의원,전라남도 화순군나선거구,전라남도,화순군나선거구,https://info.nec.go.kr/electioninfo/candidate_detail_info.xhtml?electionId=0020260603&huboId=100160607,1건,음주·위험운전; 교통사고; 도로교통,음주·위험운전,1,음주·위험운전:음주운전; 교통사고:교통사고처리특례법|교통사고처리특례; 도로교통:도로교통법
100165859,임성훈,무소속,구시군의회의원,전라남도 화순군나선거구,전라남도,화순군나선거구,https://info.nec.go.kr/electioninfo/candidate_detail_info.xhtml?electionId=0020260603&huboId=100165859,1건,사기,사기,1,사기:사기
100159916,양동술,무소속,구시군의회의원,전라남도 화순군나선거구,전라남도,화순군나선거구,https://info.nec.go.kr/electioninfo/candidate_detail_info.xhtml?electionId=0020260603&huboId=100159916,3건,자동차관리,,1,자동차관리:자동차관리법
100160348,김용호,더불어민주당,구시군의회의원,전라남도 화순군다선거구,전라남도,화순군다선거구,https://info.nec.go.kr/electioninfo/candidate_detail_info.xhtml?electionId=0020260603&huboId=100160348,2건,음주·위험운전; 무면허운전; 도로교통,음주·위험운전; 무면허운전,1,음주·위험운전:음주운전; 무면허운전:무면허운전; 도로교통:도로교통법
100159691,정학철,진보당,구시군의회의원,전라남도 화순군다선거구,전라남도,화순군다선거구,https://info.nec.go.kr/electioninfo/candidate_detail_info.xhtml?electionId=0020260603&huboId=100159691,5건,폭력; 공무집행방해; 도로교통; 집시법,,1,폭력:폭력행위|상해; 공무집행방해:공무집행방해; 도로교통:일반교통방해; 집시법:집회및시위|집회 및 시위
100159365,김선홍,무소속,구시군의회의원,전라남도 장흥군가선거구,전라남도,장흥군가선거구,https://info.nec.go.kr/electioninfo/candidate_detail_info.xhtml?electionId=0020260603&huboId=100159365,1건,도박,,1,도박:도박
100160085,백광철,더불어민주당,구시군의회의원,전라남도 장흥군나선거구,전라남도,장흥군나선거구,https://info.nec.go.kr/electioninfo/candidate_detail_info.xhtml?electionId=0020260603&huboId=100160085,1건,공직선거법,공직선거법,1,공직선거법:공직선거법
100159678,윤영남,더불어민주당,구시군의회의원,전라남도 강진군가선거구,전라남도,강진군가선거구,https://info.nec.go.kr/electioninfo/candidate_detail_info.xhtml?electionId=0020260603&huboId=100159678,1건,교통사고,,0,교통사고:교통사고처리특례법|교통사고처리특례
100159994,이명식,무소속,구시군의회의원,전라남도 강진군나선거구,전라남도,강진군나선거구,https://info.nec.go.kr/electioninfo/candidate_detail_info.xhtml?electionId=0020260603&huboId=100159994,1건,교통사고; 도로교통,,1,교통사고:교통사고처리특례법|교통사고처리특례; 도로교통:도로교통법
100160186,이정확,진보당,구시군의회의원,전라남도 해남군가선거구,전라남도,해남군가선거구,https://info.nec.go.kr/electioninfo/candidate_detail_info.xhtml?electionId=0020260603&huboId=100160186,1건,,,0,
100161509,이성옥,더불어민주당,구시군의회의원,전라남도 해남군나선거구,전라남도,해남군나선거구,https://info.nec.go.kr/electioninfo/candidate_detail_info.xhtml?electionId=0020260603&huboId=100161509,1건,폭력,,1,폭력:폭력행위
100159727,맹성호,조국혁신당,구시군의회의원,전라남도 해남군나선거구,전라남도,해남군나선거구,https://info.nec.go.kr/electioninfo/candidate_detail_info.xhtml?electionId=0020260603&huboId=100159727,3건,사기; 배임; 허위공문서·문서위조·공용서류; 보조금; 폭력,사기; 배임; 허위공문서·문서위조·공용서류; 보조금,1,사기:사기; 배임:배임; 허위공문서·문서위조·공용서류:사문서|위조; 보조금:보조금관리에관한법률|보조금; 폭력:상해
100159240,노중희,더불어민주당,구시군의회의원,전라남도 해남군다선거구,전라남도,해남군다선거구,https://info.nec.go.kr/electioninfo/candidate_detail_info.xhtml?electionId=0020260603&huboId=100159240,1건,폭력,,1,폭력:폭력행위
100159924,박상정,더불어민주당,구시군의회의원,전라남도 해남군다선거구,전라남도,해남군다선거구,https://info.nec.go.kr/electioninfo/candidate_detail_info.xhtml?electionId=0020260603&huboId=100159924,2건,음주·위험운전; 폭력; 공무집행방해; 도로교통; 국가보안법; 집시법,음주·위험운전,1,음주·위험운전:음주운전; 폭력:폭력행위; 공무집행방해:공무집행방해; 도로교통:도로교통법; 국가보안법:국가보안법; 집시법:집회및시위|집회 및 시위
100161615,이순태,무소속,구시군의회의원,전라남도 해남군다선거구,전라남도,해남군다선거구,https://info.nec.go.kr/electioninfo/candidate_detail_info.xhtml?electionId=0020260603&huboId=100161615,3건,,,0,
100160952,김영환,더불어민주당,구시군의회의원,전라남도 해남군라선거구,전라남도,해남군라선거구,https://info.nec.go.kr/electioninfo/candidate_detail_info.xhtml?electionId=0020260603&huboId=100160952,1건,,,0,
100161431,박종부,무소속,구시군의회의원,전라남도 해남군라선거구,전라남도,해남군라선거구,https://info.nec.go.kr/electioninfo/candidate_detail_info.xhtml?electionId=0020260603&huboId=100161431,4건,폭력; 건축·건설·부동산,,1,폭력:상해; 건축·건설·부동산:건축법
100163543,신영국,무소속,구시군의회의원,전라남도 영암군가선거구,전라남도,영암군가선거구,https://info.nec.go.kr/electioninfo/candidate_detail_info.xhtml?electionId=0020260603&huboId=100163543,9건,음주·위험운전; 폭력; 업무방해; 재물손괴; 도로교통; 자동차관리; 총포·화약,음주·위험운전,1,음주·위험운전:음주운전; 폭력:폭력행위|폭행|상해; 업무방해:업무방해; 재물손괴:재물손괴; 도로교통:도로교통법; 자동차관리:자동차관리법; 총포·화약:총포|도검|화약류
100160849,고천수,더불어민주당,구시군의회의원,전라남도 영암군나선거구,전라남도,영암군나선거구,https://info.nec.go.kr/electioninfo/candidate_detail_info.xhtml?electionId=0020260603&huboId=100160849,1건,,,0,
100161406,강찬원,더불어민주당,구시군의회의원,전라남도 영암군나선거구,전라남도,영암군나선거구,https://info.nec.go.kr/electioninfo/candidate_detail_info.xhtml?electionId=0020260603&huboId=100161406,1건,음주·위험운전; 교통사고; 도로교통,음주·위험운전,1,음주·위험운전:음주운전; 교통사고:교통사고처리특례법|교통사고처리특례; 도로교통:도로교통법
100159679,신양심,진보당,구시군의회의원,전라남도 영암군나선거구,전라남도,영암군나선거구,https://info.nec.go.kr/electioninfo/candidate_detail_info.xhtml?electionId=0020260603&huboId=100159679,1건,도로교통; 집시법,,1,도로교통:도로교통법; 집시법:집회및시위|집회 및 시위
100159699,장문규,정의당,구시군의회의원,전라남도 영암군나선거구,전라남도,영암군나선거구,https://info.nec.go.kr/electioninfo/candidate_detail_info.xhtml?electionId=0020260603&huboId=100159699,2건,음주·위험운전; 도로교통,음주·위험운전,1,음주·위험운전:음주운전; 도로교통:도로교통법
100159450,김기천,정의당,구시군의회의원,전라남도 영암군다선거구,전라남도,영암군다선거구,https://info.nec.go.kr/electioninfo/candidate_detail_info.xhtml?electionId=0020260603&huboId=100159450,2건,국가보안법,,0,국가보안법:국가보안법
100159570,김대현,더불어민주당,구시군의회의원,전라남도 무안군가선거구,전라남도,무안군가선거구,https://info.nec.go.kr/electioninfo/candidate_detail_info.xhtml?electionId=0020260603&huboId=100159570,4건,음주·위험운전; 무면허운전; 교통사고; 폭력; 도로교통,음주·위험운전; 무면허운전,0,음주·위험운전:음주운전; 무면허운전:무면허운전; 교통사고:교통사고처리특례법|교통사고처리특례; 폭력:폭력행위; 도로교통:도로교통법
100161339,임현수,더불어민주당,구시군의회의원,전라남도 무안군가선거구,전라남도,무안군가선거구,https://info.nec.go.kr/electioninfo/candidate_detail_info.xhtml?electionId=0020260603&huboId=100161339,1건,허위공문서·문서위조·공용서류,허위공문서·문서위조·공용서류,1,허위공문서·문서위조·공용서류:사문서|위조
100159155,이창래,더불어민주당,구시군의회의원,전라남도 무안군가선거구,전라남도,무안군가선거구,https://info.nec.go.kr/electioninfo/candidate_detail_info.xhtml?electionId=0020260603&huboId=100159155,3건,음주·위험운전; 도로교통; 식품·보건,음주·위험운전,1,음주·위험운전:음주운전; 도로교통:도로교통법; 식품·보건:식품위생법
100160968,양영복,무소속,구시군의회의원,전라남도 무안군가선거구,전라남도,무안군가선거구,https://info.nec.go.kr/electioninfo/candidate_detail_info.xhtml?electionId=0020260603&huboId=100160968,1건,공직선거법,공직선거법,1,공직선거법:공직선거법
100160413,김창문,더불어민주당,구시군의회의원,전라남도 함평군가선거구,전라남도,함평군가선거구,https://info.nec.go.kr/electioninfo/candidate_detail_info.xhtml?electionId=0020260603&huboId=100160413,4건,,,0,
100159622,이민건,조국혁신당,구시군의회의원,전라남도 함평군가선거구,전라남도,함평군가선거구,https://info.nec.go.kr/electioninfo/candidate_detail_info.xhtml?electionId=0020260603&huboId=100159622,1건,,,0,
100160536,정현웅,더불어민주당,구시군의회의원,전라남도 함평군나선거구,전라남도,함평군나선거구,https://info.nec.go.kr/electioninfo/candidate_detail_info.xhtml?electionId=0020260603&huboId=100160536,1건,뇌물,뇌물,1,뇌물:뇌물
100159901,박문서,무소속,구시군의회의원,전라남도 함평군나선거구,전라남도,함평군나선거구,https://info.nec.go.kr/electioninfo/candidate_detail_info.xhtml?electionId=0020260603&huboId=100159901,4건,폭력; 건축·건설·부동산,,1,폭력:상해; 건축·건설·부동산:부동산
100159535,조일영,더불어민주당,구시군의회의원,전라남도 영광군가선거구,전라남도,영광군가선거구,https://info.nec.go.kr/electioninfo/candidate_detail_info.xhtml?electionId=0020260603&huboId=100159535,1건,음주·위험운전; 도로교통,음주·위험운전,1,음주·위험운전:음주운전; 도로교통:도로교통법
100159642,임영민,더불어민주당,구시군의회의원,전라남도 영광군가선거구,전라남도,영광군가선거구,https://info.nec.go.kr/electioninfo/candidate_detail_info.xhtml?electionId=0020260603&huboId=100159642,1건,사기,사기,1,사기:사기
100160643,박진구,더불어민주당,구시군의회의원,전라남도 영광군나선거구,전라남도,영광군나선거구,https://info.nec.go.kr/electioninfo/candidate_detail_info.xhtml?electionId=0020260603&huboId=100160643,1건,음주·위험운전,음주·위험운전,1,음주·위험운전:음주운전
100159818,윤석진,진보당,구시군의회의원,전라남도 영광군나선거구,전라남도,영광군나선거구,https://info.nec.go.kr/electioninfo/candidate_detail_info.xhtml?electionId=0020260603&huboId=100159818,2건,폭력,,1,폭력:상해
100160283,하기억,무소속,구시군의회의원,전라남도 영광군나선거구,전라남도,영광군나선거구,https://info.nec.go.kr/electioninfo/candidate_detail_info.xhtml?electionId=0020260603&huboId=100160283,4건,음주·위험운전; 무면허운전; 교통사고; 도로교통,음주·위험운전; 무면허운전,1,음주·위험운전:음주운전; 무면허운전:무면허운전; 교통사고:교통사고처리특례법|교통사고처리특례; 도로교통:도로교통법
100159484,김미순,더불어민주당,구시군의회의원,전라남도 장성군가선거구,전라남도,장성군가선거구,https://info.nec.go.kr/electioninfo/candidate_detail_info.xhtml?electionId=0020260603&huboId=100159484,1건,공직선거법,공직선거법,1,공직선거법:공직선거법
100163012,최미화,무소속,구시군의회의원,전라남도 장성군가선거구,전라남도,장성군가선거구,https://info.nec.go.kr/electioninfo/candidate_detail_info.xhtml?electionId=0020260603&huboId=100163012,1건,공직선거법,공직선거법,1,공직선거법:공직선거법
100159467,김춘식,무소속,구시군의회의원,전라남도 장성군가선거구,전라남도,장성군가선거구,https://info.nec.go.kr/electioninfo/candidate_detail_info.xhtml?electionId=0020260603&huboId=100159467,1건,음주·위험운전; 도로교통,음주·위험운전,1,음주·위험운전:음주운전; 도로교통:도로교통법
100162168,심민섭,더불어민주당,구시군의회의원,전라남도 장성군나선거구,전라남도,장성군나선거구,https://info.nec.go.kr/electioninfo/candidate_detail_info.xhtml?electionId=0020260603&huboId=100162168,1건,환경,,1,환경:폐기물관리법|대기환경보전법
100159556,이길연,조국혁신당,구시군의회의원,전라남도 장성군나선거구,전라남도,장성군나선거구,https://info.nec.go.kr/electioninfo/candidate_detail_info.xhtml?electionId=0020260603&huboId=100159556,1건,노동,,1,노동:근로기준법
100163160,서춘경,무소속,구시군의회의원,전라남도 장성군나선거구,전라남도,장성군나선거구,https://info.nec.go.kr/electioninfo/candidate_detail_info.xhtml?electionId=0020260603&huboId=100163160,1건,음주·위험운전; 도로교통,음주·위험운전,1,음주·위험운전:음주운전; 도로교통:도로교통법
100165504,봉맹구,무소속,구시군의회의원,전라남도 장성군다선거구,전라남도,장성군다선거구,https://info.nec.go.kr/electioninfo/candidate_detail_info.xhtml?electionId=0020260603&huboId=100165504,3건,음주·위험운전; 무면허운전; 도로교통,음주·위험운전; 무면허운전,0,음주·위험운전:음주운전; 무면허운전:무면허운전; 도로교통:도로교통법
100160253,최정욱,더불어민주당,구시군의회의원,전라남도 완도군가선거구,전라남도,완도군가선거구,https://info.nec.go.kr/electioninfo/candidate_detail_info.xhtml?electionId=0020260603&huboId=100160253,1건,,,0,
100164480,김재현,무소속,구시군의회의원,전라남도 완도군가선거구,전라남도,완도군가선거구,https://info.nec.go.kr/electioninfo/candidate_detail_info.xhtml?electionId=0020260603&huboId=100164480,1건,,,0,
100160616,박성규,무소속,구시군의회의원,전라남도 완도군가선거구,전라남도,완도군가선거구,https://info.nec.go.kr/electioninfo/candidate_detail_info.xhtml?electionId=0020260603&huboId=100160616,1건,음주·위험운전; 도로교통,음주·위험운전,1,음주·위험운전:음주운전; 도로교통:도로교통법
100161683,조영식,무소속,구시군의회의원,전라남도 완도군가선거구,전라남도,완도군가선거구,https://info.nec.go.kr/electioninfo/candidate_detail_info.xhtml?electionId=0020260603&huboId=100161683,4건,교통사고; 폭력; 도로교통; 도박,,1,교통사고:교통사고처리특례법|교통사고처리특례; 폭력:폭력행위|상해; 도로교통:도로교통법; 도박:도박
100160384,유전종,무소속,구시군의회의원,전라남도 완도군가선거구,전라남도,완도군가선거구,https://info.nec.go.kr/electioninfo/candidate_detail_info.xhtml?electionId=0020260603&huboId=100160384,5건,사기; 횡령; 식품·보건; 노동; 건축·건설·부동산,사기; 횡령,1,사기:사기; 횡령:횡령; 식품·보건:식품위생법; 노동:근로기준법; 건축·건설·부동산:건축법
100161196,김세윤,더불어민주당,구시군의회의원,전라남도 완도군나선거구,전라남도,완도군나선거구,https://info.nec.go.kr/electioninfo/candidate_detail_info.xhtml?electionId=0020260603&huboId=100161196,1건,업무방해,,1,업무방해:업무방해
100160943,임원희,더불어민주당,구시군의회의원,전라남도 완도군나선거구,전라남도,완도군나선거구,https://info.nec.go.kr/electioninfo/candidate_detail_info.xhtml?electionId=0020260603&huboId=100160943,7건,배임; 공무집행방해; 환경; 건축·건설·부동산,배임,1,배임:배임; 공무집행방해:공무집행방해; 환경:대기환경보전법; 건축·건설·부동산:건축법|국토의계획
100159230,허동조,더불어민주당,구시군의회의원,전라남도 완도군다선거구,전라남도,완도군다선거구,https://info.nec.go.kr/electioninfo/candidate_detail_info.xhtml?electionId=0020260603&huboId=100159230,1건,폭력,,1,폭력:폭력행위
100159596,정은상,무소속,구시군의회의원,전라남도 완도군다선거구,전라남도,완도군다선거구,https://info.nec.go.kr/electioninfo/candidate_detail_info.xhtml?electionId=0020260603&huboId=100159596,5건,음주·위험운전; 무면허운전; 폭력; 도로교통,음주·위험운전; 무면허운전,1,음주·위험운전:음주운전; 무면허운전:무면허운전; 폭력:폭력행위; 도로교통:도로교통법
100158924,이승완,더불어민주당,구시군의회의원,전라남도 진도군가선거구,전라남도,진도군가선거구,https://info.nec.go.kr/electioninfo/candidate_detail_info.xhtml?electionId=0020260603&huboId=100158924,2건,폭력,,1,폭력:폭력행위|상해
100161073,이종수,무소속,구시군의회의원,전라남도 진도군가선거구,전라남도,진도군가선거구,https://info.nec.go.kr/electioninfo/candidate_detail_info.xhtml?electionId=0020260603&huboId=100161073,6건,사기; 교통사고; 폭력; 업무방해; 도로교통; 노동,사기,1,사기:사기; 교통사고:교통사고처리특례법|교통사고처리특례; 폭력:폭력행위|공동폭행|폭행|상해; 업무방해:업무방해; 도로교통:도로교통법; 노동:근로기준법
100160291,김혁성,더불어민주당,구시군의회의원,전라남도 신안군가선거구,전라남도,신안군가선거구,https://info.nec.go.kr/electioninfo/candidate_detail_info.xhtml?electionId=0020260603&huboId=100160291,1건,보험·금융,,1,보험·금융:부정수표단속법
100163456,이의환,조국혁신당,구시군의회의원,전라남도 신안군가선거구,전라남도,신안군가선거구,https://info.nec.go.kr/electioninfo/candidate_detail_info.xhtml?electionId=0020260603&huboId=100163456,2건,음주·위험운전; 보험·금융; 도로교통,음주·위험운전,1,음주·위험운전:음주운전; 보험·금융:전자금융거래법; 도로교통:도로교통법
100160236,김정원,무소속,구시군의회의원,전라남도 신안군가선거구,전라남도,신안군가선거구,https://info.nec.go.kr/electioninfo/candidate_detail_info.xhtml?electionId=0020260603&huboId=100160236,1건,,,0,
100163019,이상주,더불어민주당,구시군의회의원,전라남도 신안군나선거구,전라남도,신안군나선거구,https://info.nec.go.kr/electioninfo/candidate_detail_info.xhtml?electionId=0020260603&huboId=100163019,1건,도로교통,,1,도로교통:도로교통법
100161222,전남주,조국혁신당,구시군의회의원,전라남도 신안군나선거구,전라남도,신안군나선거구,https://info.nec.go.kr/electioninfo/candidate_detail_info.xhtml?electionId=0020260603&huboId=100161222,2건,음주·위험운전; 도로교통,음주·위험운전,0,음주·위험운전:음주운전; 도로교통:도로교통법
100165275,김동근,무소속,구시군의회의원,전라남도 신안군나선거구,전라남도,신안군나선거구,https://info.nec.go.kr/electioninfo/candidate_detail_info.xhtml?electionId=0020260603&huboId=100165275,2건,음주·위험운전; 도로교통,음주·위험운전,1,음주·위험운전:음주운전; 도로교통:도로교통법
100160289,김학기,더불어민주당,구시군의회의원,전라남도 신안군다선거구,전라남도,신안군다선거구,https://info.nec.go.kr/electioninfo/candidate_detail_info.xhtml?electionId=0020260603&huboId=100160289,1건,폭력,,1,폭력:폭력행위
100160278,박삼성,무소속,구시군의회의원,전라남도 신안군다선거구,전라남도,신안군다선거구,https://info.nec.go.kr/electioninfo/candidate_detail_info.xhtml?electionId=0020260603&huboId=100160278,3건,,,0,
100159729,강대성,더불어민주당,구시군의회의원,전라남도 신안군라선거구,전라남도,신안군라선거구,https://info.nec.go.kr/electioninfo/candidate_detail_info.xhtml?electionId=0020260603&huboId=100159729,3건,음주·위험운전; 무면허운전; 도로교통,음주·위험운전; 무면허운전,1,음주·위험운전:음주운전; 무면허운전:무면허운전; 도로교통:도로교통법
100162142,최용철,더불어민주당,구시군의회의원,전북특별자치도 전주시가선거구,전북특별자치도,전주시가선거구,https://info.nec.go.kr/electioninfo/candidate_detail_info.xhtml?electionId=0020260603&huboId=100162142,1건,농수산,,1,농수산:농수산물의원산지표시|원산지표시
100156335,여민영,진보당,구시군의회의원,전북특별자치도 전주시나선거구,전북특별자치도,전주시나선거구,https://info.nec.go.kr/electioninfo/candidate_detail_info.xhtml?electionId=0020260603&huboId=100156335,1건,도로교통; 집시법,,1,도로교통:일반교통방해; 집시법:집회및시위|집회 및 시위
100154619,김주년,조국혁신당,구시군의회의원,전북특별자치도 전주시다선거구,전북특별자치도,전주시다선거구,https://info.nec.go.kr/electioninfo/candidate_detail_info.xhtml?electionId=0020260603&huboId=100154619,3건,공직선거법; 식품·보건; 명예훼손,공직선거법,1,공직선거법:공직선거법; 식품·보건:식품위생법; 명예훼손:명예훼손
100156278,최명철,더불어민주당,구시군의회의원,전북특별자치도 전주시라선거구,전북특별자치도,전주시라선거구,https://info.nec.go.kr/electioninfo/candidate_detail_info.xhtml?electionId=0020260603&huboId=100156278,2건,,,0,
100154948,심진철,더불어민주당,구시군의회의원,전북특별자치도 전주시라선거구,전북특별자치도,전주시라선거구,https://info.nec.go.kr/electioninfo/candidate_detail_info.xhtml?electionId=0020260603&huboId=100154948,1건,음주·위험운전; 도로교통,음주·위험운전,1,음주·위험운전:음주운전; 도로교통:도로교통법
100154889,이은경,조국혁신당,구시군의회의원,전북특별자치도 전주시마선거구,전북특별자치도,전주시마선거구,https://info.nec.go.kr/electioninfo/candidate_detail_info.xhtml?electionId=0020260603&huboId=100154889,1건,교육·청소년,,1,교육·청소년:영유아보육법
100158283,한승우,정의당,구시군의회의원,전북특별자치도 전주시마선거구,전북특별자치도,전주시마선거구,https://info.nec.go.kr/electioninfo/candidate_detail_info.xhtml?electionId=0020260603&huboId=100158283,1건,폭력; 업무방해,,1,폭력:폭력행위; 업무방해:업무방해
100158691,김현덕,무소속,구시군의회의원,전북특별자치도 전주시마선거구,전북특별자치도,전주시마선거구,https://info.nec.go.kr/electioninfo/candidate_detail_info.xhtml?electionId=0020260603&huboId=100158691,1건,,,0,
100154995,김윤수,더불어민주당,구시군의회의원,전북특별자치도 전주시아선거구,전북특별자치도,전주시아선거구,https://info.nec.go.kr/electioninfo/candidate_detail_info.xhtml?electionId=0020260603&huboId=100154995,2건,공직선거법,공직선거법,1,공직선거법:공직선거법
100157642,은영표,더불어민주당,구시군의회의원,전북특별자치도 전주시자선거구,전북특별자치도,전주시자선거구,https://info.nec.go.kr/electioninfo/candidate_detail_info.xhtml?electionId=0020260603&huboId=100157642,2건,음주·위험운전; 도로교통,음주·위험운전,1,음주·위험운전:음주운전; 도로교통:도로교통법
100156712,경현철,조국혁신당,구시군의회의원,전북특별자치도 전주시자선거구,전북특별자치도,전주시자선거구,https://info.nec.go.kr/electioninfo/candidate_detail_info.xhtml?electionId=0020260603&huboId=100156712,2건,폭력; 농수산,,1,폭력:폭력행위; 농수산:농수산물의원산지표시|원산지표시
100155036,최한별,진보당,구시군의회의원,전북특별자치도 전주시카선거구,전북특별자치도,전주시카선거구,https://info.nec.go.kr/electioninfo/candidate_detail_info.xhtml?electionId=0020260603&huboId=100155036,1건,업무방해,,1,업무방해:업무방해
100156608,서동수,더불어민주당,구시군의회의원,전북특별자치도 군산시가선거구,전북특별자치도,군산시가선거구,https://info.nec.go.kr/electioninfo/candidate_detail_info.xhtml?electionId=0020260603&huboId=100156608,1건,,,0,
100158294,한안길,조국혁신당,구시군의회의원,전북특별자치도 군산시가선거구,전북특별자치도,군산시가선거구,https://info.nec.go.kr/electioninfo/candidate_detail_info.xhtml?electionId=0020260603&huboId=100158294,1건,,,0,
100157009,김경구,무소속,구시군의회의원,전북특별자치도 군산시가선거구,전북특별자치도,군산시가선거구,https://info.nec.go.kr/electioninfo/candidate_detail_info.xhtml?electionId=0020260603&huboId=100157009,1건,공직선거법; 건축·건설·부동산,공직선거법,1,공직선거법:공직선거법; 건축·건설·부동산:부동산
100154624,서은식,더불어민주당,구시군의회의원,전북특별자치도 군산시나선거구,전북특별자치도,군산시나선거구,https://info.nec.go.kr/electioninfo/candidate_detail_info.xhtml?electionId=0020260603&huboId=100154624,1건,노동,,0,노동:고용보험법
100160096,윤요섭,조국혁신당,구시군의회의원,전북특별자치도 군산시나선거구,전북특별자치도,군산시나선거구,https://info.nec.go.kr/electioninfo/candidate_detail_info.xhtml?electionId=0020260603&huboId=100160096,1건,음주·위험운전; 도로교통,음주·위험운전,1,음주·위험운전:음주운전; 도로교통:도로교통법
100155060,정도원,더불어민주당,구시군의회의원,전북특별자치도 군산시라선거구,전북특별자치도,군산시라선거구,https://info.nec.go.kr/electioninfo/candidate_detail_info.xhtml?electionId=0020260603&huboId=100155060,1건,도로교통,,1,도로교통:도로교통법
100155847,박광일,더불어민주당,구시군의회의원,전북특별자치도 군산시마선거구,전북특별자치도,군산시마선거구,https://info.nec.go.kr/electioninfo/candidate_detail_info.xhtml?electionId=0020260603&huboId=100155847,1건,식품·보건,,1,식품·보건:식품위생법
100163624,김영일,더불어민주당,구시군의회의원,전북특별자치도 군산시마선거구,전북특별자치도,군산시마선거구,https://info.nec.go.kr/electioninfo/candidate_detail_info.xhtml?electionId=0020260603&huboId=100163624,1건,,,0,
100162609,김하빈,조국혁신당,구시군의회의원,전북특별자치도 군산시마선거구,전북특별자치도,군산시마선거구,https://info.nec.go.kr/electioninfo/candidate_detail_info.xhtml?electionId=0020260603&huboId=100162609,1건,,,0,
100161112,한경봉,무소속,구시군의회의원,전북특별자치도 군산시바선거구,전북특별자치도,군산시바선거구,https://info.nec.go.kr/electioninfo/candidate_detail_info.xhtml?electionId=0020260603&huboId=100161112,1건,음주·위험운전; 도로교통,음주·위험운전,1,음주·위험운전:음주운전; 도로교통:도로교통법
100155485,김관우,더불어민주당,구시군의회의원,전북특별자치도 군산시아선거구,전북특별자치도,군산시아선거구,https://info.nec.go.kr/electioninfo/candidate_detail_info.xhtml?electionId=0020260603&huboId=100155485,1건,,,0,
100156881,장병훈,더불어민주당,구시군의회의원,전북특별자치도 군산시아선거구,전북특별자치도,군산시아선거구,https://info.nec.go.kr/electioninfo/candidate_detail_info.xhtml?electionId=0020260603&huboId=100156881,2건,음주·위험운전; 교통사고; 도로교통,음주·위험운전,1,음주·위험운전:음주운전; 교통사고:교통사고처리특례법|교통사고처리특례; 도로교통:도로교통법
100156500,노정훈,조국혁신당,구시군의회의원,전북특별자치도 군산시아선거구,전북특별자치도,군산시아선거구,https://info.nec.go.kr/electioninfo/candidate_detail_info.xhtml?electionId=0020260603&huboId=100156500,1건,횡령,횡령,1,횡령:횡령
100163245,서동완,무소속,구시군의회의원,전북특별자치도 군산시아선거구,전북특별자치도,군산시아선거구,https://info.nec.go.kr/electioninfo/candidate_detail_info.xhtml?electionId=0020260603&huboId=100163245,1건,업무방해,,1,업무방해:업무방해
100158522,김충영,더불어민주당,구시군의회의원,전북특별자치도 익산시나선거구,전북특별자치도,익산시나선거구,https://info.nec.go.kr/electioninfo/candidate_detail_info.xhtml?electionId=0020260603&huboId=100158522,1건,교통사고,,1,교통사고:교통사고처리특례법|교통사고처리특례
100155127,박상우,조국혁신당,구시군의회의원,전북특별자치도 익산시나선거구,전북특별자치도,익산시나선거구,https://info.nec.go.kr/electioninfo/candidate_detail_info.xhtml?electionId=0020260603&huboId=100155127,1건,야생생물,,1,야생생물:야생생물보호
100154888,박중희,조국혁신당,구시군의회의원,전북특별자치도 익산시다선거구,전북특별자치도,익산시다선거구,https://info.nec.go.kr/electioninfo/candidate_detail_info.xhtml?electionId=0020260603&huboId=100154888,1건,음주·위험운전; 도로교통,음주·위험운전,1,음주·위험운전:음주운전; 도로교통:도로교통법
100156247,조규대,무소속,구시군의회의원,전북특별자치도 익산시라선거구,전북특별자치도,익산시라선거구,https://info.nec.go.kr/electioninfo/candidate_detail_info.xhtml?electionId=0020260603&huboId=100156247,1건,음주·위험운전; 도로교통,음주·위험운전,1,음주·위험운전:음주운전; 도로교통:도로교통법
100155204,전세성,더불어민주당,구시군의회의원,전북특별자치도 익산시마선거구,전북특별자치도,익산시마선거구,https://info.nec.go.kr/electioninfo/candidate_detail_info.xhtml?electionId=0020260603&huboId=100155204,1건,음주·위험운전; 도로교통,음주·위험운전,1,음주·위험운전:음주운전; 도로교통:도로교통법
100156452,손문선,무소속,구시군의회의원,전북특별자치도 익산시바선거구,전북특별자치도,익산시바선거구,https://info.nec.go.kr/electioninfo/candidate_detail_info.xhtml?electionId=0020260603&huboId=100156452,1건,공무집행방해; 집시법,,0,공무집행방해:공무집행방해; 집시법:집회및시위|집회 및 시위
100154983,박경원,조국혁신당,구시군의회의원,전북특별자치도 익산시사선거구,전북특별자치도,익산시사선거구,https://info.nec.go.kr/electioninfo/candidate_detail_info.xhtml?electionId=0020260603&huboId=100154983,1건,교통사고,,1,교통사고:교통사고처리특례법|교통사고처리특례
100158364,김순덕,더불어민주당,구시군의회의원,전북특별자치도 익산시아선거구,전북특별자치도,익산시아선거구,https://info.nec.go.kr/electioninfo/candidate_detail_info.xhtml?electionId=0020260603&huboId=100158364,1건,업무방해; 도로교통; 집시법,,1,업무방해:업무방해; 도로교통:일반교통방해; 집시법:집회및시위|집회 및 시위
100157044,소길영,더불어민주당,구시군의회의원,전북특별자치도 익산시아선거구,전북특별자치도,익산시아선거구,https://info.nec.go.kr/electioninfo/candidate_detail_info.xhtml?electionId=0020260603&huboId=100157044,1건,폭력; 공무집행방해,,1,폭력:폭력행위; 공무집행방해:공무집행방해
100157436,조남석,조국혁신당,구시군의회의원,전북특별자치도 익산시아선거구,전북특별자치도,익산시아선거구,https://info.nec.go.kr/electioninfo/candidate_detail_info.xhtml?electionId=0020260603&huboId=100157436,3건,교육·청소년,,1,교육·청소년:청소년보호법
100163863,이종현,무소속,구시군의회의원,전북특별자치도 익산시아선거구,전북특별자치도,익산시아선거구,https://info.nec.go.kr/electioninfo/candidate_detail_info.xhtml?electionId=0020260603&huboId=100163863,3건,폭력; 공무집행방해,,0,폭력:폭력행위; 공무집행방해:공무집행방해
100157855,최재현,더불어민주당,구시군의회의원,전북특별자치도 익산시자선거구,전북특별자치도,익산시자선거구,https://info.nec.go.kr/electioninfo/candidate_detail_info.xhtml?electionId=0020260603&huboId=100157855,2건,음주·위험운전; 무면허운전; 도로교통,음주·위험운전; 무면허운전,1,음주·위험운전:음주운전; 무면허운전:무면허운전; 도로교통:도로교통법
100158556,고성환,더불어민주당,구시군의회의원,전북특별자치도 정읍시가선거구,전북특별자치도,정읍시가선거구,https://info.nec.go.kr/electioninfo/candidate_detail_info.xhtml?electionId=0020260603&huboId=100158556,1건,도로교통,,1,도로교통:도로교통법
100156986,오승현,무소속,구시군의회의원,전북특별자치도 정읍시가선거구,전북특별자치도,정읍시가선거구,https://info.nec.go.kr/electioninfo/candidate_detail_info.xhtml?electionId=0020260603&huboId=100156986,3건,교통사고,,1,교통사고:교통사고처리특례법|교통사고처리특례
100158295,이영민,무소속,구시군의회의원,전북특별자치도 정읍시나선거구,전북특별자치도,정읍시나선거구,https://info.nec.go.kr/electioninfo/candidate_detail_info.xhtml?electionId=0020260603&huboId=100158295,2건,사기; 폭력,사기,0,사기:사기; 폭력:폭력행위
100155403,한선미,더불어민주당,구시군의회의원,전북특별자치도 정읍시다선거구,전북특별자치도,정읍시다선거구,https://info.nec.go.kr/electioninfo/candidate_detail_info.xhtml?electionId=0020260603&huboId=100155403,2건,교육·청소년; 집시법,,2,교육·청소년:영유아보육법; 집시법:집회및시위|집회 및 시위
100155407,김용훈,더불어민주당,구시군의회의원,전북특별자치도 정읍시마선거구,전북특별자치도,정읍시마선거구,https://info.nec.go.kr/electioninfo/candidate_detail_info.xhtml?electionId=0020260603&huboId=100155407,2건,특가법; 음주·위험운전; 도로교통,특가법; 음주·위험운전,1,특가법:특정범죄가중처벌; 음주·위험운전:음주운전|위험운전치사상; 도로교통:도로교통법
100157626,김을수,조국혁신당,구시군의회의원,전북특별자치도 정읍시마선거구,전북특별자치도,정읍시마선거구,https://info.nec.go.kr/electioninfo/candidate_detail_info.xhtml?electionId=0020260603&huboId=100157626,1건,도로교통,,1,도로교통:도로교통법
100155315,김석환,무소속,구시군의회의원,전북특별자치도 정읍시마선거구,전북특별자치도,정읍시마선거구,https://info.nec.go.kr/electioninfo/candidate_detail_info.xhtml?electionId=0020260603&huboId=100155315,2건,폭력,,1,폭력:상해
100154276,김영현,더불어민주당,구시군의회의원,전북특별자치도 정읍시사선거구,전북특별자치도,정읍시사선거구,https://info.nec.go.kr/electioninfo/candidate_detail_info.xhtml?electionId=0020260603&huboId=100154276,2건,도로교통,,1,도로교통:도로교통법
100158440,이홍로,조국혁신당,구시군의회의원,전북특별자치도 정읍시사선거구,전북특별자치도,정읍시사선거구,https://info.nec.go.kr/electioninfo/candidate_detail_info.xhtml?electionId=0020260603&huboId=100158440,1건,공직선거법,공직선거법,1,공직선거법:공직선거법
100161921,손중열,무소속,구시군의회의원,전북특별자치도 남원시나선거구,전북특별자치도,남원시나선거구,https://info.nec.go.kr/electioninfo/candidate_detail_info.xhtml?electionId=0020260603&huboId=100161921,1건,,,0,
100158403,김광호,무소속,구시군의회의원,전북특별자치도 남원시나선거구,전북특별자치도,남원시나선거구,https://info.nec.go.kr/electioninfo/candidate_detail_info.xhtml?electionId=0020260603&huboId=100158403,1건,음주·위험운전; 도로교통,음주·위험운전,1,음주·위험운전:음주운전; 도로교통:도로교통법
100154816,마우천,더불어민주당,구시군의회의원,전북특별자치도 남원시다선거구,전북특별자치도,남원시다선거구,https://info.nec.go.kr/electioninfo/candidate_detail_info.xhtml?electionId=0020260603&huboId=100154816,1건,교통사고,,1,교통사고:교통사고처리특례법|교통사고처리특례
100154486,이상현,더불어민주당,구시군의회의원,전북특별자치도 남원시다선거구,전북특별자치도,남원시다선거구,https://info.nec.go.kr/electioninfo/candidate_detail_info.xhtml?electionId=0020260603&huboId=100154486,1건,교통사고,,1,교통사고:교통사고처리특례법|교통사고처리특례
100163585,김현철,조국혁신당,구시군의회의원,전북특별자치도 남원시다선거구,전북특별자치도,남원시다선거구,https://info.nec.go.kr/electioninfo/candidate_detail_info.xhtml?electionId=0020260603&huboId=100163585,1건,,,0,
100162344,박남규,무소속,구시군의회의원,전북특별자치도 남원시다선거구,전북특별자치도,남원시다선거구,https://info.nec.go.kr/electioninfo/candidate_detail_info.xhtml?electionId=0020260603&huboId=100162344,1건,도로교통,,1,도로교통:도로교통법
100157834,이기열,더불어민주당,구시군의회의원,전북특별자치도 남원시라선거구,전북특별자치도,남원시라선거구,https://info.nec.go.kr/electioninfo/candidate_detail_info.xhtml?electionId=0020260603&huboId=100157834,1건,,,0,
100163447,양경님,무소속,구시군의회의원,전북특별자치도 남원시마선거구,전북특별자치도,남원시마선거구,https://info.nec.go.kr/electioninfo/candidate_detail_info.xhtml?electionId=0020260603&huboId=100163447,1건,,,0,
100155064,최수용,조국혁신당,구시군의회의원,전북특별자치도 남원시바선거구,전북특별자치도,남원시바선거구,https://info.nec.go.kr/electioninfo/candidate_detail_info.xhtml?electionId=0020260603&huboId=100155064,2건,폭력,,1,폭력:폭력행위|공동폭행|폭행|상해
100157182,박형규,사회민주당,구시군의회의원,전북특별자치도 남원시바선거구,전북특별자치도,남원시바선거구,https://info.nec.go.kr/electioninfo/candidate_detail_info.xhtml?electionId=0020260603&huboId=100157182,2건,,,0,
100155966,김경주,무소속,구시군의회의원,전북특별자치도 남원시바선거구,전북특별자치도,남원시바선거구,https://info.nec.go.kr/electioninfo/candidate_detail_info.xhtml?electionId=0020260603&huboId=100155966,3건,식품·보건; 교육·청소년,,1,식품·보건:식품위생법; 교육·청소년:청소년보호법
100161471,하대식,무소속,구시군의회의원,전북특별자치도 남원시바선거구,전북특별자치도,남원시바선거구,https://info.nec.go.kr/electioninfo/candidate_detail_info.xhtml?electionId=0020260603&huboId=100161471,3건,공직선거법; 교통사고,공직선거법,1,공직선거법:공직선거법; 교통사고:교통사고처리특례법|교통사고처리특례
100160024,유진우,무소속,구시군의회의원,전북특별자치도 김제시가선거구,전북특별자치도,김제시가선거구,https://info.nec.go.kr/electioninfo/candidate_detail_info.xhtml?electionId=0020260603&huboId=100160024,3건,사기; 허위공문서·문서위조·공용서류; 폭력; 도박,사기; 허위공문서·문서위조·공용서류,1,사기:사기; 허위공문서·문서위조·공용서류:사문서|위조; 폭력:폭력행위; 도박:도박
100163659,박성운,조국혁신당,구시군의회의원,전북특별자치도 김제시나선거구,전북특별자치도,김제시나선거구,https://info.nec.go.kr/electioninfo/candidate_detail_info.xhtml?electionId=0020260603&huboId=100163659,2건,교통사고; 도로교통,,1,교통사고:교통사고처리특례법|교통사고처리특례; 도로교통:도로교통법
100154872,김진수,더불어민주당,구시군의회의원,전북특별자치도 김제시라선거구,전북특별자치도,김제시라선거구,https://info.nec.go.kr/electioninfo/candidate_detail_info.xhtml?electionId=0020260603&huboId=100154872,3건,교통사고; 도로교통; 도박,,1,교통사고:교통사고처리특례법|교통사고처리특례; 도로교통:도로교통법; 도박:도박
100162295,최훈,무소속,구시군의회의원,전북특별자치도 김제시라선거구,전북특별자치도,김제시라선거구,https://info.nec.go.kr/electioninfo/candidate_detail_info.xhtml?electionId=0020260603&huboId=100162295,1건,도로교통,,1,도로교통:도로교통법
100159819,소병호,더불어민주당,구시군의회의원,전북특별자치도 완주군가선거구,전북특별자치도,완주군가선거구,https://info.nec.go.kr/electioninfo/candidate_detail_info.xhtml?electionId=0020260603&huboId=100159819,1건,음주·위험운전; 도로교통,음주·위험운전,1,음주·위험운전:음주운전; 도로교통:도로교통법
100159495,윤여연,조국혁신당,구시군의회의원,전북특별자치도 완주군가선거구,전북특별자치도,완주군가선거구,https://info.nec.go.kr/electioninfo/candidate_detail_info.xhtml?electionId=0020260603&huboId=100159495,1건,음주·위험운전,음주·위험운전,1,음주·위험운전:음주운전
100163086,이주갑,무소속,구시군의회의원,전북특별자치도 완주군가선거구,전북특별자치도,완주군가선거구,https://info.nec.go.kr/electioninfo/candidate_detail_info.xhtml?electionId=0020260603&huboId=100163086,2건,음주·위험운전; 도로교통,음주·위험운전,1,음주·위험운전:음주운전; 도로교통:도로교통법
100159635,최광호,더불어민주당,구시군의회의원,전북특별자치도 완주군나선거구,전북특별자치도,완주군나선거구,https://info.nec.go.kr/electioninfo/candidate_detail_info.xhtml?electionId=0020260603&huboId=100159635,1건,도로교통,,0,도로교통:도로교통법
100160535,이성원,조국혁신당,구시군의회의원,전북특별자치도 완주군나선거구,전북특별자치도,완주군나선거구,https://info.nec.go.kr/electioninfo/candidate_detail_info.xhtml?electionId=0020260603&huboId=100160535,1건,음주·위험운전,음주·위험운전,2,음주·위험운전:음주운전
100163602,권오석,무소속,구시군의회의원,전북특별자치도 완주군나선거구,전북특별자치도,완주군나선거구,https://info.nec.go.kr/electioninfo/candidate_detail_info.xhtml?electionId=0020260603&huboId=100163602,4건,음주·위험운전; 폭력; 공무집행방해; 도로교통,음주·위험운전,1,음주·위험운전:음주운전; 폭력:상해; 공무집행방해:공무집행방해; 도로교통:도로교통법
100163619,임귀현,무소속,구시군의회의원,전북특별자치도 완주군다선거구,전북특별자치도,완주군다선거구,https://info.nec.go.kr/electioninfo/candidate_detail_info.xhtml?electionId=0020260603&huboId=100163619,1건,특가법; 도로교통,특가법,1,특가법:특정범죄가중처벌; 도로교통:도로교통법
100160704,박상일,더불어민주당,구시군의회의원,전북특별자치도 진안군가선거구,전북특별자치도,진안군가선거구,https://info.nec.go.kr/electioninfo/candidate_detail_info.xhtml?electionId=0020260603&huboId=100160704,1건,음주·위험운전; 도로교통,음주·위험운전,1,음주·위험운전:음주운전; 도로교통:도로교통법
100159515,김민규,더불어민주당,구시군의회의원,전북특별자치도 진안군가선거구,전북특별자치도,진안군가선거구,https://info.nec.go.kr/electioninfo/candidate_detail_info.xhtml?electionId=0020260603&huboId=100159515,3건,음주·위험운전; 도로교통,음주·위험운전,1,음주·위험운전:음주운전; 도로교통:도로교통법
100159684,배성기,무소속,구시군의회의원,전북특별자치도 진안군가선거구,전북특별자치도,진안군가선거구,https://info.nec.go.kr/electioninfo/candidate_detail_info.xhtml?electionId=0020260603&huboId=100159684,4건,교통사고; 건축·건설·부동산,,1,교통사고:교통사고처리특례법|교통사고처리특례; 건축·건설·부동산:산지관리
100159623,김명갑,더불어민주당,구시군의회의원,전북특별자치도 진안군나선거구,전북특별자치도,진안군나선거구,https://info.nec.go.kr/electioninfo/candidate_detail_info.xhtml?electionId=0020260603&huboId=100159623,1건,건축·건설·부동산,,1,건축·건설·부동산:산지관리
100159730,최일환,무소속,구시군의회의원,전북특별자치도 무주군가선거구,전북특별자치도,무주군가선거구,https://info.nec.go.kr/electioninfo/candidate_detail_info.xhtml?electionId=0020260603&huboId=100159730,1건,도로교통,,1,도로교통:도로교통법
100159505,김주성,무소속,구시군의회의원,전북특별자치도 무주군가선거구,전북특별자치도,무주군가선거구,https://info.nec.go.kr/electioninfo/candidate_detail_info.xhtml?electionId=0020260603&huboId=100159505,1건,사기; 보조금,사기; 보조금,1,사기:사기; 보조금:보조금
100159695,육성훈,더불어민주당,구시군의회의원,전북특별자치도 무주군나선거구,전북특별자치도,무주군나선거구,https://info.nec.go.kr/electioninfo/candidate_detail_info.xhtml?electionId=0020260603&huboId=100159695,2건,음주·위험운전; 도로교통,음주·위험운전,0,음주·위험운전:음주운전; 도로교통:도로교통법
100160792,오광석,더불어민주당,구시군의회의원,전북특별자치도 무주군나선거구,전북특별자치도,무주군나선거구,https://info.nec.go.kr/electioninfo/candidate_detail_info.xhtml?electionId=0020260603&huboId=100160792,2건,건축·건설·부동산,,1,건축·건설·부동산:농지법
100161327,이동희,무소속,구시군의회의원,전북특별자치도 무주군나선거구,전북특별자치도,무주군나선거구,https://info.nec.go.kr/electioninfo/candidate_detail_info.xhtml?electionId=0020260603&huboId=100161327,2건,음주·위험운전; 도로교통,음주·위험운전,1,음주·위험운전:음주운전; 도로교통:도로교통법
100159830,이재국,무소속,구시군의회의원,전북특별자치도 무주군나선거구,전북특별자치도,무주군나선거구,https://info.nec.go.kr/electioninfo/candidate_detail_info.xhtml?electionId=0020260603&huboId=100159830,2건,음주·위험운전; 교통사고; 환경,음주·위험운전,1,음주·위험운전:음주운전; 교통사고:교통사고처리특례법|교통사고처리특례; 환경:대기환경보전법
100159734,정상득,더불어민주당,구시군의회의원,전북특별자치도 장수군가선거구,전북특별자치도,장수군가선거구,https://info.nec.go.kr/electioninfo/candidate_detail_info.xhtml?electionId=0020260603&huboId=100159734,1건,음주·위험운전; 도로교통,음주·위험운전,1,음주·위험운전:음주운전; 도로교통:도로교통법
100159763,장종태,무소속,구시군의회의원,전북특별자치도 장수군가선거구,전북특별자치도,장수군가선거구,https://info.nec.go.kr/electioninfo/candidate_detail_info.xhtml?electionId=0020260603&huboId=100159763,1건,보험·금융,,1,보험·금융:부정수표단속법
100160483,임재성,무소속,구시군의회의원,전북특별자치도 장수군나선거구,전북특별자치도,장수군나선거구,https://info.nec.go.kr/electioninfo/candidate_detail_info.xhtml?electionId=0020260603&huboId=100160483,2건,,,0,
100159543,김정흠,더불어민주당,구시군의회의원,전북특별자치도 임실군가선거구,전북특별자치도,임실군가선거구,https://info.nec.go.kr/electioninfo/candidate_detail_info.xhtml?electionId=0020260603&huboId=100159543,2건,폭력; 공무집행방해; 도로교통; 집시법,,1,폭력:폭력행위; 공무집행방해:공무집행방해; 도로교통:일반교통방해; 집시법:집회및시위|집회 및 시위
100159685,이충효,조국혁신당,구시군의회의원,전북특별자치도 임실군가선거구,전북특별자치도,임실군가선거구,https://info.nec.go.kr/electioninfo/candidate_detail_info.xhtml?electionId=0020260603&huboId=100159685,1건,폭력,,1,폭력:상해
100159512,임은두,더불어민주당,구시군의회의원,전북특별자치도 임실군나선거구,전북특별자치도,임실군나선거구,https://info.nec.go.kr/electioninfo/candidate_detail_info.xhtml?electionId=0020260603&huboId=100159512,1건,음주·위험운전; 도로교통,음주·위험운전,1,음주·위험운전:음주운전; 도로교통:도로교통법
100159724,김종수,더불어민주당,구시군의회의원,전북특별자치도 임실군나선거구,전북특별자치도,임실군나선거구,https://info.nec.go.kr/electioninfo/candidate_detail_info.xhtml?electionId=0020260603&huboId=100159724,1건,보험·금융,,1,보험·금융:부정수표단속법
100160734,김한기,무소속,구시군의회의원,전북특별자치도 임실군다선거구,전북특별자치도,임실군다선거구,https://info.nec.go.kr/electioninfo/candidate_detail_info.xhtml?electionId=0020260603&huboId=100160734,2건,건축·건설·부동산,,1,건축·건설·부동산:국토의계획
100159580,김동규,무소속,구시군의회의원,전북특별자치도 임실군다선거구,전북특별자치도,임실군다선거구,https://info.nec.go.kr/electioninfo/candidate_detail_info.xhtml?electionId=0020260603&huboId=100159580,2건,음주·위험운전; 폭력; 도로교통,음주·위험운전,1,음주·위험운전:음주운전; 폭력:폭력행위|상해; 도로교통:도로교통법
100159146,김문소,무소속,구시군의회의원,전북특별자치도 순창군가선거구,전북특별자치도,순창군가선거구,https://info.nec.go.kr/electioninfo/candidate_detail_info.xhtml?electionId=0020260603&huboId=100159146,2건,음주·위험운전; 도로교통,음주·위험운전,1,음주·위험운전:음주운전; 도로교통:도로교통법
100159161,임양호,무소속,구시군의회의원,전북특별자치도 순창군가선거구,전북특별자치도,순창군가선거구,https://info.nec.go.kr/electioninfo/candidate_detail_info.xhtml?electionId=0020260603&huboId=100159161,1건,사기; 횡령; 허위공문서·문서위조·공용서류,사기; 횡령; 허위공문서·문서위조·공용서류,1,사기:사기; 횡령:횡령; 허위공문서·문서위조·공용서류:사문서|위조|변조
100159185,문완식,더불어민주당,구시군의회의원,전북특별자치도 순창군나선거구,전북특별자치도,순창군나선거구,https://info.nec.go.kr/electioninfo/candidate_detail_info.xhtml?electionId=0020260603&huboId=100159185,3건,음주·위험운전; 도로교통,음주·위험운전,1,음주·위험운전:음주운전; 도로교통:도로교통법
100159223,오수환,더불어민주당,구시군의회의원,전북특별자치도 순창군나선거구,전북특별자치도,순창군나선거구,https://info.nec.go.kr/electioninfo/candidate_detail_info.xhtml?electionId=0020260603&huboId=100159223,2건,음주·위험운전; 교통사고; 도로교통,음주·위험운전,1,음주·위험운전:음주운전; 교통사고:교통사고처리특례법|교통사고처리특례; 도로교통:도로교통법
100162880,윤태호,무소속,구시군의회의원,전북특별자치도 순창군나선거구,전북특별자치도,순창군나선거구,https://info.nec.go.kr/electioninfo/candidate_detail_info.xhtml?electionId=0020260603&huboId=100162880,5건,,,0,
100159256,전기룡,무소속,구시군의회의원,전북특별자치도 순창군다선거구,전북특별자치도,순창군다선거구,https://info.nec.go.kr/electioninfo/candidate_detail_info.xhtml?electionId=0020260603&huboId=100159256,2건,음주·위험운전; 도로교통,음주·위험운전,1,음주·위험운전:음주운전; 도로교통:도로교통법
100161325,박성만,더불어민주당,구시군의회의원,전북특별자치도 고창군가선거구,전북특별자치도,고창군가선거구,https://info.nec.go.kr/electioninfo/candidate_detail_info.xhtml?electionId=0020260603&huboId=100161325,1건,음주·위험운전; 도로교통,음주·위험운전,1,음주·위험운전:음주운전; 도로교통:도로교통법
100161518,이경신,더불어민주당,구시군의회의원,전북특별자치도 고창군가선거구,전북특별자치도,고창군가선거구,https://info.nec.go.kr/electioninfo/candidate_detail_info.xhtml?electionId=0020260603&huboId=100161518,1건,교통사고; 도로교통,,1,교통사고:교통사고처리특례법|교통사고처리특례; 도로교통:도로교통법
100160272,이종해,조국혁신당,구시군의회의원,전북특별자치도 고창군가선거구,전북특별자치도,고창군가선거구,https://info.nec.go.kr/electioninfo/candidate_detail_info.xhtml?electionId=0020260603&huboId=100160272,2건,,,0,
100162916,진남표,무소속,구시군의회의원,전북특별자치도 고창군가선거구,전북특별자치도,고창군가선거구,https://info.nec.go.kr/electioninfo/candidate_detail_info.xhtml?electionId=0020260603&huboId=100162916,2건,사기; 보조금,사기; 보조금,1,사기:사기; 보조금:보조금관리에관한법률|보조금
100160990,최인규,조국혁신당,구시군의회의원,전북특별자치도 고창군나선거구,전북특별자치도,고창군나선거구,https://info.nec.go.kr/electioninfo/candidate_detail_info.xhtml?electionId=0020260603&huboId=100160990,2건,폭력,,1,폭력:폭력행위
100160626,안선홍,무소속,구시군의회의원,전북특별자치도 고창군나선거구,전북특별자치도,고창군나선거구,https://info.nec.go.kr/electioninfo/candidate_detail_info.xhtml?electionId=0020260603&huboId=100160626,3건,음주·위험운전; 도로교통,음주·위험운전,1,음주·위험운전:음주운전; 도로교통:도로교통법
100162068,임정호,더불어민주당,구시군의회의원,전북특별자치도 고창군다선거구,전북특별자치도,고창군다선거구,https://info.nec.go.kr/electioninfo/candidate_detail_info.xhtml?electionId=0020260603&huboId=100162068,1건,사기,사기,1,사기:사기
100159681,이강세,더불어민주당,구시군의회의원,전북특별자치도 부안군가선거구,전북특별자치도,부안군가선거구,https://info.nec.go.kr/electioninfo/candidate_detail_info.xhtml?electionId=0020260603&huboId=100159681,1건,,,1,
100157913,양종천,무소속,구시군의회의원,전북특별자치도 부안군가선거구,전북특별자치도,부안군가선거구,https://info.nec.go.kr/electioninfo/candidate_detail_info.xhtml?electionId=0020260603&huboId=100157913,2건,자동차관리; 환경,,1,자동차관리:자동차관리법; 환경:폐기물관리법
100159735,오장환,더불어민주당,구시군의회의원,전북특별자치도 부안군나선거구,전북특별자치도,부안군나선거구,https://info.nec.go.kr/electioninfo/candidate_detail_info.xhtml?electionId=0020260603&huboId=100159735,1건,,,0,
100159627,송희복,더불어민주당,구시군의회의원,전북특별자치도 부안군다선거구,전북특별자치도,부안군다선거구,https://info.nec.go.kr/electioninfo/candidate_detail_info.xhtml?electionId=0020260603&huboId=100159627,1건,도로교통; 집시법,,1,도로교통:일반교통방해; 집시법:집회및시위|집회 및 시위
100159673,김정군,조국혁신당,구시군의회의원,전북특별자치도 부안군다선거구,전북특별자치도,부안군다선거구,https://info.nec.go.kr/electioninfo/candidate_detail_info.xhtml?electionId=0020260603&huboId=100159673,2건,음주·위험운전; 폭력,음주·위험운전,0,음주·위험운전:음주운전; 폭력:폭력행위
100159751,이상수,조국혁신당,구시군의회의원,전북특별자치도 부안군라선거구,전북특별자치도,부안군라선거구,https://info.nec.go.kr/electioninfo/candidate_detail_info.xhtml?electionId=0020260603&huboId=100159751,5건,음주·위험운전; 보험·금융; 공무집행방해; 도로교통; 식품·보건,음주·위험운전,1,음주·위험운전:음주운전; 보험·금융:대부업; 공무집행방해:공무집행방해; 도로교통:도로교통법; 식품·보건:식품위생법
100160008,김형관,무소속,구시군의회의원,전북특별자치도 부안군라선거구,전북특별자치도,부안군라선거구,https://info.nec.go.kr/electioninfo/candidate_detail_info.xhtml?electionId=0020260603&huboId=100160008,2건,특가법; 폭력; 도로교통,특가법,0,특가법:특정범죄가중처벌; 폭력:상해; 도로교통:도로교통법
100158098,권오중,국민의힘,구시군의회의원,충청남도 천안시가선거구,충청남도,천안시가선거구,https://info.nec.go.kr/electioninfo/candidate_detail_info.xhtml?electionId=0020260603&huboId=100158098,1건,음주·위험운전; 도로교통,음주·위험운전,1,음주·위험운전:음주운전; 도로교통:도로교통법
100162932,이종담,무소속,구시군의회의원,충청남도 천안시라선거구,충청남도,천안시라선거구,https://info.nec.go.kr/electioninfo/candidate_detail_info.xhtml?electionId=0020260603&huboId=100162932,1건,교통사고,,1,교통사고:교통사고처리특례법|교통사고처리특례
100157338,윤철상,더불어민주당,구시군의회의원,충청남도 천안시마선거구,충청남도,천안시마선거구,https://info.nec.go.kr/electioninfo/candidate_detail_info.xhtml?electionId=0020260603&huboId=100157338,1건,도로교통,,1,도로교통:도로교통법
100165536,육종영,더불어민주당,구시군의회의원,충청남도 천안시마선거구,충청남도,천안시마선거구,https://info.nec.go.kr/electioninfo/candidate_detail_info.xhtml?electionId=0020260603&huboId=100165536,1건,음주·위험운전; 도로교통,음주·위험운전,1,음주·위험운전:음주운전; 도로교통:도로교통법
100158006,김철환,국민의힘,구시군의회의원,충청남도 천안시마선거구,충청남도,천안시마선거구,https://info.nec.go.kr/electioninfo/candidate_detail_info.xhtml?electionId=0020260603&huboId=100158006,1건,폭력,,1,폭력:폭력행위|상해
100163016,전용길,조국혁신당,구시군의회의원,충청남도 천안시바선거구,충청남도,천안시바선거구,https://info.nec.go.kr/electioninfo/candidate_detail_info.xhtml?electionId=0020260603&huboId=100163016,2건,절도; 폭력,절도,0,절도:절도; 폭력:폭력행위|상해
100161053,황경수,국민의힘,구시군의회의원,충청남도 천안시사선거구,충청남도,천안시사선거구,https://info.nec.go.kr/electioninfo/candidate_detail_info.xhtml?electionId=0020260603&huboId=100161053,1건,음주·위험운전; 도로교통,음주·위험운전,1,음주·위험운전:음주운전; 도로교통:도로교통법
100162110,조은석,더불어민주당,구시군의회의원,충청남도 천안시아선거구,충청남도,천안시아선거구,https://info.nec.go.kr/electioninfo/candidate_detail_info.xhtml?electionId=0020260603&huboId=100162110,1건,건축·건설·부동산,,1,건축·건설·부동산:부동산
100160811,노종관,국민의힘,구시군의회의원,충청남도 천안시아선거구,충청남도,천안시아선거구,https://info.nec.go.kr/electioninfo/candidate_detail_info.xhtml?electionId=0020260603&huboId=100160811,3건,음주·위험운전; 도로교통,음주·위험운전,1,음주·위험운전:음주운전; 도로교통:도로교통법
100158418,조상기,조국혁신당,구시군의회의원,충청남도 천안시차선거구,충청남도,천안시차선거구,https://info.nec.go.kr/electioninfo/candidate_detail_info.xhtml?electionId=0020260603&huboId=100158418,1건,음주·위험운전; 도로교통,음주·위험운전,1,음주·위험운전:음주운전; 도로교통:도로교통법
100154331,권오대,진보당,구시군의회의원,충청남도 천안시차선거구,충청남도,천안시차선거구,https://info.nec.go.kr/electioninfo/candidate_detail_info.xhtml?electionId=0020260603&huboId=100154331,1건,보험·금융,,1,보험·금융:자동차손해배상보장법
100160594,구본길,더불어민주당,구시군의회의원,충청남도 공주시가선거구,충청남도,공주시가선거구,https://info.nec.go.kr/electioninfo/candidate_detail_info.xhtml?electionId=0020260603&huboId=100160594,1건,식품·보건,,0,식품·보건:식품위생법
100158492,박천수,국민의힘,구시군의회의원,충청남도 공주시가선거구,충청남도,공주시가선거구,https://info.nec.go.kr/electioninfo/candidate_detail_info.xhtml?electionId=0020260603&huboId=100158492,2건,사기; 음주·위험운전; 도로교통,사기; 음주·위험운전,1,사기:사기; 음주·위험운전:음주운전; 도로교통:도로교통법
100157275,조휘제,더불어민주당,구시군의회의원,충청남도 공주시나선거구,충청남도,공주시나선거구,https://info.nec.go.kr/electioninfo/candidate_detail_info.xhtml?electionId=0020260603&huboId=100157275,1건,음주·위험운전; 도로교통,음주·위험운전,1,음주·위험운전:음주운전; 도로교통:도로교통법
100157936,이범수,국민의힘,구시군의회의원,충청남도 공주시나선거구,충청남도,공주시나선거구,https://info.nec.go.kr/electioninfo/candidate_detail_info.xhtml?electionId=0020260603&huboId=100157936,3건,음주·위험운전; 폭력; 도로교통,음주·위험운전,1,음주·위험운전:음주운전; 폭력:폭력행위; 도로교통:도로교통법
100163189,고광철,무소속,구시군의회의원,충청남도 공주시나선거구,충청남도,공주시나선거구,https://info.nec.go.kr/electioninfo/candidate_detail_info.xhtml?electionId=0020260603&huboId=100163189,1건,음주·위험운전; 도로교통,음주·위험운전,1,음주·위험운전:음주운전; 도로교통:도로교통법
100154574,임종섭,무소속,구시군의회의원,충청남도 공주시나선거구,충청남도,공주시나선거구,https://info.nec.go.kr/electioninfo/candidate_detail_info.xhtml?electionId=0020260603&huboId=100154574,2건,음주·위험운전; 폭력; 공무집행방해; 도로교통,음주·위험운전,0,음주·위험운전:음주운전; 폭력:상해; 공무집행방해:공무집행방해; 도로교통:도로교통법
100158561,김필중,더불어민주당,구시군의회의원,충청남도 공주시다선거구,충청남도,공주시다선거구,https://info.nec.go.kr/electioninfo/candidate_detail_info.xhtml?electionId=0020260603&huboId=100158561,2건,폭력; 건축·건설·부동산,,0,폭력:폭력행위; 건축·건설·부동산:농지법
100157556,김경수,국민의힘,구시군의회의원,충청남도 공주시다선거구,충청남도,공주시다선거구,https://info.nec.go.kr/electioninfo/candidate_detail_info.xhtml?electionId=0020260603&huboId=100157556,1건,음주·위험운전; 도로교통,음주·위험운전,1,음주·위험운전:음주운전; 도로교통:도로교통법
100155008,이상표,더불어민주당,구시군의회의원,충청남도 공주시라선거구,충청남도,공주시라선거구,https://info.nec.go.kr/electioninfo/candidate_detail_info.xhtml?electionId=0020260603&huboId=100155008,1건,도로교통,,0,도로교통:도로교통법
100154358,백승만,더불어민주당,구시군의회의원,충청남도 보령시가선거구,충청남도,보령시가선거구,https://info.nec.go.kr/electioninfo/candidate_detail_info.xhtml?electionId=0020260603&huboId=100154358,1건,음주·위험운전; 도로교통,음주·위험운전,1,음주·위험운전:음주운전; 도로교통:도로교통법
100158329,김충호,국민의힘,구시군의회의원,충청남도 보령시가선거구,충청남도,보령시가선거구,https://info.nec.go.kr/electioninfo/candidate_detail_info.xhtml?electionId=0020260603&huboId=100158329,1건,횡령,횡령,1,횡령:횡령
100156197,강정모,더불어민주당,구시군의회의원,충청남도 보령시나선거구,충청남도,보령시나선거구,https://info.nec.go.kr/electioninfo/candidate_detail_info.xhtml?electionId=0020260603&huboId=100156197,1건,특가법,특가법,1,특가법:특정범죄가중처벌
100156580,성태용,더불어민주당,구시군의회의원,충청남도 보령시나선거구,충청남도,보령시나선거구,https://info.nec.go.kr/electioninfo/candidate_detail_info.xhtml?electionId=0020260603&huboId=100156580,1건,,,1,
100157644,최용식,더불어민주당,구시군의회의원,충청남도 보령시나선거구,충청남도,보령시나선거구,https://info.nec.go.kr/electioninfo/candidate_detail_info.xhtml?electionId=0020260603&huboId=100157644,2건,,,0,
100155685,김지호,국민의힘,구시군의회의원,충청남도 보령시나선거구,충청남도,보령시나선거구,https://info.nec.go.kr/electioninfo/candidate_detail_info.xhtml?electionId=0020260603&huboId=100155685,1건,,,0,
100157183,서정호,국민의힘,구시군의회의원,충청남도 보령시나선거구,충청남도,보령시나선거구,https://info.nec.go.kr/electioninfo/candidate_detail_info.xhtml?electionId=0020260603&huboId=100157183,1건,,,0,
100154361,문석주,더불어민주당,구시군의회의원,충청남도 보령시다선거구,충청남도,보령시다선거구,https://info.nec.go.kr/electioninfo/candidate_detail_info.xhtml?electionId=0020260603&huboId=100154361,1건,국가보안법; 집시법,,1,국가보안법:국가보안법; 집시법:집회및시위|집회 및 시위
100157649,최경운,국민의힘,구시군의회의원,충청남도 보령시다선거구,충청남도,보령시다선거구,https://info.nec.go.kr/electioninfo/candidate_detail_info.xhtml?electionId=0020260603&huboId=100157649,1건,도박,,1,도박:도박
100157561,백성현,국민의힘,구시군의회의원,충청남도 보령시다선거구,충청남도,보령시다선거구,https://info.nec.go.kr/electioninfo/candidate_detail_info.xhtml?electionId=0020260603&huboId=100157561,1건,뇌물; 특가법,뇌물; 특가법,1,뇌물:뇌물; 특가법:특정범죄가중처벌
100155071,권승현,더불어민주당,구시군의회의원,충청남도 보령시라선거구,충청남도,보령시라선거구,https://info.nec.go.kr/electioninfo/candidate_detail_info.xhtml?electionId=0020260603&huboId=100155071,1건,음주·위험운전; 도로교통,음주·위험운전,1,음주·위험운전:음주운전; 도로교통:도로교통법
100158049,이정근,더불어민주당,구시군의회의원,충청남도 보령시라선거구,충청남도,보령시라선거구,https://info.nec.go.kr/electioninfo/candidate_detail_info.xhtml?electionId=0020260603&huboId=100158049,2건,음주·위험운전; 교통사고; 도로교통,음주·위험운전,1,음주·위험운전:음주운전; 교통사고:교통사고처리특례법|교통사고처리특례; 도로교통:도로교통법
100158893,전진석,국민의힘,구시군의회의원,충청남도 보령시라선거구,충청남도,보령시라선거구,https://info.nec.go.kr/electioninfo/candidate_detail_info.xhtml?electionId=0020260603&huboId=100158893,1건,사기; 배임,사기; 배임,1,사기:사기; 배임:배임
100158463,이기애,국민의힘,구시군의회의원,충청남도 아산시가선거구,충청남도,아산시가선거구,https://info.nec.go.kr/electioninfo/candidate_detail_info.xhtml?electionId=0020260603&huboId=100158463,1건,교통사고,,1,교통사고:교통사고처리특례법|교통사고처리특례
100164808,천철호,더불어민주당,구시군의회의원,충청남도 아산시다선거구,충청남도,아산시다선거구,https://info.nec.go.kr/electioninfo/candidate_detail_info.xhtml?electionId=0020260603&huboId=100164808,1건,음주·위험운전; 도로교통,음주·위험운전,1,음주·위험운전:음주운전; 도로교통:도로교통법
100158045,김민규,더불어민주당,구시군의회의원,충청남도 아산시라선거구,충청남도,아산시라선거구,https://info.nec.go.kr/electioninfo/candidate_detail_info.xhtml?electionId=0020260603&huboId=100158045,1건,교통사고,,1,교통사고:교통사고처리특례법|교통사고처리특례
100161526,전남수,국민의힘,구시군의회의원,충청남도 아산시라선거구,충청남도,아산시라선거구,https://info.nec.go.kr/electioninfo/candidate_detail_info.xhtml?electionId=0020260603&huboId=100161526,2건,폭력,,1,폭력:폭력행위
100160719,최민수,국민의힘,구시군의회의원,충청남도 아산시마선거구,충청남도,아산시마선거구,https://info.nec.go.kr/electioninfo/candidate_detail_info.xhtml?electionId=0020260603&huboId=100160719,3건,음주·위험운전; 폭력; 도로교통,음주·위험운전,1,음주·위험운전:음주운전; 폭력:폭력행위|폭행|상해; 도로교통:도로교통법
100155374,송치윤,더불어민주당,구시군의회의원,충청남도 서산시가선거구,충청남도,서산시가선거구,https://info.nec.go.kr/electioninfo/candidate_detail_info.xhtml?electionId=0020260603&huboId=100155374,1건,보험·금융,,1,보험·금융:전자금융거래법
100155855,강문수,무소속,구시군의회의원,충청남도 서산시가선거구,충청남도,서산시가선거구,https://info.nec.go.kr/electioninfo/candidate_detail_info.xhtml?electionId=0020260603&huboId=100155855,4건,절도; 폭력; 업무방해; 노동,절도,1,절도:절도; 폭력:폭력행위|공동폭행|폭행; 업무방해:업무방해; 노동:근로기준법
100160660,가충순,국민의힘,구시군의회의원,충청남도 서산시나선거구,충청남도,서산시나선거구,https://info.nec.go.kr/electioninfo/candidate_detail_info.xhtml?electionId=0020260603&huboId=100160660,1건,도로교통,,1,도로교통:도로교통법
100161412,이정수,국민의힘,구시군의회의원,충청남도 서산시다선거구,충청남도,서산시다선거구,https://info.nec.go.kr/electioninfo/candidate_detail_info.xhtml?electionId=0020260603&huboId=100161412,1건,음주·위험운전; 도로교통,음주·위험운전,1,음주·위험운전:음주운전; 도로교통:도로교통법
100154914,조병완,더불어민주당,구시군의회의원,충청남도 서산시라선거구,충청남도,서산시라선거구,https://info.nec.go.kr/electioninfo/candidate_detail_info.xhtml?electionId=0020260603&huboId=100154914,1건,음주·위험운전; 도로교통,음주·위험운전,1,음주·위험운전:음주운전; 도로교통:도로교통법
100162202,안원기,국민의힘,구시군의회의원,충청남도 서산시라선거구,충청남도,서산시라선거구,https://info.nec.go.kr/electioninfo/candidate_detail_info.xhtml?electionId=0020260603&huboId=100162202,1건,공직선거법,공직선거법,1,공직선거법:공직선거법
100155105,김정이,진보당,구시군의회의원,충청남도 서산시라선거구,충청남도,서산시라선거구,https://info.nec.go.kr/electioninfo/candidate_detail_info.xhtml?electionId=0020260603&huboId=100155105,1건,,,0,
100160652,김기욱,국민의힘,구시군의회의원,충청남도 서산시마선거구,충청남도,서산시마선거구,https://info.nec.go.kr/electioninfo/candidate_detail_info.xhtml?electionId=0020260603&huboId=100160652,1건,명예훼손,,1,명예훼손:명예훼손
100157932,이수의,무소속,구시군의회의원,충청남도 서산시마선거구,충청남도,서산시마선거구,https://info.nec.go.kr/electioninfo/candidate_detail_info.xhtml?electionId=0020260603&huboId=100157932,2건,음주·위험운전; 폭력,음주·위험운전,1,음주·위험운전:음주운전; 폭력:폭력행위
100158393,서승필,더불어민주당,구시군의회의원,충청남도 논산시가선거구,충청남도,논산시가선거구,https://info.nec.go.kr/electioninfo/candidate_detail_info.xhtml?electionId=0020260603&huboId=100158393,1건,폭력,,1,폭력:폭력행위
100156716,김재광,국민의힘,구시군의회의원,충청남도 논산시가선거구,충청남도,논산시가선거구,https://info.nec.go.kr/electioninfo/candidate_detail_info.xhtml?electionId=0020260603&huboId=100156716,2건,도로교통,,1,도로교통:도로교통법|일반교통방해
100161760,홍태의,국민의힘,구시군의회의원,충청남도 논산시나선거구,충청남도,논산시나선거구,https://info.nec.go.kr/electioninfo/candidate_detail_info.xhtml?electionId=0020260603&huboId=100161760,1건,음주·위험운전; 도로교통,음주·위험운전,1,음주·위험운전:음주운전; 도로교통:도로교통법
100158136,조배식,무소속,구시군의회의원,충청남도 논산시나선거구,충청남도,논산시나선거구,https://info.nec.go.kr/electioninfo/candidate_detail_info.xhtml?electionId=0020260603&huboId=100158136,4건,음주·위험운전; 도로교통,음주·위험운전,1,음주·위험운전:음주운전; 도로교통:도로교통법
100155989,최재훈,더불어민주당,구시군의회의원,충청남도 논산시다선거구,충청남도,논산시다선거구,https://info.nec.go.kr/electioninfo/candidate_detail_info.xhtml?electionId=0020260603&huboId=100155989,1건,교통사고,,1,교통사고:교통사고처리특례법|교통사고처리특례
100156527,이용권,국민의힘,구시군의회의원,충청남도 계룡시가선거구,충청남도,계룡시가선거구,https://info.nec.go.kr/electioninfo/candidate_detail_info.xhtml?electionId=0020260603&huboId=100156527,3건,폭력,,1,폭력:폭력행위|공동폭행|폭행|상해
100161697,최헌묵,조국혁신당,구시군의회의원,충청남도 계룡시나선거구,충청남도,계룡시나선거구,https://info.nec.go.kr/electioninfo/candidate_detail_info.xhtml?electionId=0020260603&huboId=100161697,2건,,,0,
100161802,한민희,개혁신당,구시군의회의원,충청남도 계룡시나선거구,충청남도,계룡시나선거구,https://info.nec.go.kr/electioninfo/candidate_detail_info.xhtml?electionId=0020260603&huboId=100161802,1건,재물손괴,,1,재물손괴:재물손괴
100163920,이정훈,무소속,구시군의회의원,충청남도 계룡시나선거구,충청남도,계룡시나선거구,https://info.nec.go.kr/electioninfo/candidate_detail_info.xhtml?electionId=0020260603&huboId=100163920,2건,음주·위험운전; 도로교통,음주·위험운전,1,음주·위험운전:음주운전; 도로교통:도로교통법
100154282,이화용,더불어민주당,구시군의회의원,충청남도 당진시가선거구,충청남도,당진시가선거구,https://info.nec.go.kr/electioninfo/candidate_detail_info.xhtml?electionId=0020260603&huboId=100154282,1건,음주·위험운전; 교통사고,음주·위험운전,1,음주·위험운전:음주운전; 교통사고:교통사고처리특례법|교통사고처리특례
100156806,문선이,국민의힘,구시군의회의원,충청남도 당진시나선거구,충청남도,당진시나선거구,https://info.nec.go.kr/electioninfo/candidate_detail_info.xhtml?electionId=0020260603&huboId=100156806,1건,건축·건설·부동산,,1,건축·건설·부동산:건축법
100159234,김덕주,국민의힘,구시군의회의원,충청남도 당진시다선거구,충청남도,당진시다선거구,https://info.nec.go.kr/electioninfo/candidate_detail_info.xhtml?electionId=0020260603&huboId=100159234,2건,음주·위험운전; 무면허운전; 교통사고; 도로교통,음주·위험운전; 무면허운전,1,음주·위험운전:음주운전; 무면허운전:무면허운전; 교통사고:교통사고처리특례법|교통사고처리특례; 도로교통:도로교통법
100161068,한광희,무소속,구시군의회의원,충청남도 당진시다선거구,충청남도,당진시다선거구,https://info.nec.go.kr/electioninfo/candidate_detail_info.xhtml?electionId=0020260603&huboId=100161068,2건,사기; 교통사고,사기,1,사기:사기; 교통사고:교통사고처리특례법|교통사고처리특례
100160150,박명우,더불어민주당,구시군의회의원,충청남도 당진시라선거구,충청남도,당진시라선거구,https://info.nec.go.kr/electioninfo/candidate_detail_info.xhtml?electionId=0020260603&huboId=100160150,1건,음주·위험운전; 도로교통,음주·위험운전,1,음주·위험운전:음주운전; 도로교통:도로교통법
100161134,한상화,더불어민주당,구시군의회의원,충청남도 당진시라선거구,충청남도,당진시라선거구,https://info.nec.go.kr/electioninfo/candidate_detail_info.xhtml?electionId=0020260603&huboId=100161134,1건,음주·위험운전; 도로교통,음주·위험운전,1,음주·위험운전:음주운전; 도로교통:도로교통법
100156309,김용균,국민의힘,구시군의회의원,충청남도 당진시라선거구,충청남도,당진시라선거구,https://info.nec.go.kr/electioninfo/candidate_detail_info.xhtml?electionId=0020260603&huboId=100156309,1건,허위공문서·문서위조·공용서류,허위공문서·문서위조·공용서류,1,허위공문서·문서위조·공용서류:변조
100162176,심의수,무소속,구시군의회의원,충청남도 당진시라선거구,충청남도,당진시라선거구,https://info.nec.go.kr/electioninfo/candidate_detail_info.xhtml?electionId=0020260603&huboId=100162176,2건,음주·위험운전; 도로교통,음주·위험운전,1,음주·위험운전:음주운전; 도로교통:도로교통법
100158608,변문환,더불어민주당,구시군의회의원,충청남도 금산군가선거구,충청남도,금산군가선거구,https://info.nec.go.kr/electioninfo/candidate_detail_info.xhtml?electionId=0020260603&huboId=100158608,1건,음주·위험운전; 도로교통,음주·위험운전,1,음주·위험운전:음주운전; 도로교통:도로교통법
100159391,안기전,더불어민주당,구시군의회의원,충청남도 금산군가선거구,충청남도,금산군가선거구,https://info.nec.go.kr/electioninfo/candidate_detail_info.xhtml?electionId=0020260603&huboId=100159391,1건,음주·위험운전; 도로교통,음주·위험운전,1,음주·위험운전:음주운전; 도로교통:도로교통법
100163597,길태호,무소속,구시군의회의원,충청남도 금산군가선거구,충청남도,금산군가선거구,https://info.nec.go.kr/electioninfo/candidate_detail_info.xhtml?electionId=0020260603&huboId=100163597,2건,업무방해; 도로교통,,1,업무방해:업무방해; 도로교통:도로교통법
100159372,심정수,무소속,구시군의회의원,충청남도 금산군가선거구,충청남도,금산군가선거구,https://info.nec.go.kr/electioninfo/candidate_detail_info.xhtml?electionId=0020260603&huboId=100159372,1건,,,0,
100162702,김현섭,무소속,구시군의회의원,충청남도 금산군가선거구,충청남도,금산군가선거구,https://info.nec.go.kr/electioninfo/candidate_detail_info.xhtml?electionId=0020260603&huboId=100162702,5건,사기; 음주·위험운전; 도로교통; 환경,사기; 음주·위험운전,1,사기:사기; 음주·위험운전:음주운전; 도로교통:도로교통법; 환경:수질
100159610,김범구,더불어민주당,구시군의회의원,충청남도 금산군나선거구,충청남도,금산군나선거구,https://info.nec.go.kr/electioninfo/candidate_detail_info.xhtml?electionId=0020260603&huboId=100159610,2건,,,0,
100160205,김기윤,국민의힘,구시군의회의원,충청남도 금산군나선거구,충청남도,금산군나선거구,https://info.nec.go.kr/electioninfo/candidate_detail_info.xhtml?electionId=0020260603&huboId=100160205,1건,교통사고,,1,교통사고:교통사고처리특례법|교통사고처리특례
100160160,전연석,국민의힘,구시군의회의원,충청남도 금산군나선거구,충청남도,금산군나선거구,https://info.nec.go.kr/electioninfo/candidate_detail_info.xhtml?electionId=0020260603&huboId=100160160,3건,,,0,
100159385,강포구,무소속,구시군의회의원,충청남도 금산군나선거구,충청남도,금산군나선거구,https://info.nec.go.kr/electioninfo/candidate_detail_info.xhtml?electionId=0020260603&huboId=100159385,6건,음주·위험운전; 도로교통; 건축·건설·부동산,음주·위험운전,1,음주·위험운전:음주운전; 도로교통:도로교통법; 건축·건설·부동산:건축법
100158680,백창수,무소속,구시군의회의원,충청남도 금산군나선거구,충청남도,금산군나선거구,https://info.nec.go.kr/electioninfo/candidate_detail_info.xhtml?electionId=0020260603&huboId=100158680,1건,,,0,
100158119,서장원,더불어민주당,구시군의회의원,충청남도 부여군가선거구,충청남도,부여군가선거구,https://info.nec.go.kr/electioninfo/candidate_detail_info.xhtml?electionId=0020260603&huboId=100158119,2건,공무집행방해; 지방공무원법,,1,공무집행방해:공무집행방해; 지방공무원법:지방공무원법
100161571,노승호,더불어민주당,구시군의회의원,충청남도 부여군가선거구,충청남도,부여군가선거구,https://info.nec.go.kr/electioninfo/candidate_detail_info.xhtml?electionId=0020260603&huboId=100161571,1건,건축·건설·부동산,,1,건축·건설·부동산:국토의계획
100161019,김경철,더불어민주당,구시군의회의원,충청남도 부여군가선거구,충청남도,부여군가선거구,https://info.nec.go.kr/electioninfo/candidate_detail_info.xhtml?electionId=0020260603&huboId=100161019,1건,음주·위험운전; 교통사고; 도로교통,음주·위험운전,1,음주·위험운전:음주운전; 교통사고:교통사고처리특례법|교통사고처리특례; 도로교통:도로교통법
100159838,박순화,국민의힘,구시군의회의원,충청남도 부여군가선거구,충청남도,부여군가선거구,https://info.nec.go.kr/electioninfo/candidate_detail_info.xhtml?electionId=0020260603&huboId=100159838,1건,,,0,
100160021,윤택영,무소속,구시군의회의원,충청남도 부여군가선거구,충청남도,부여군가선거구,https://info.nec.go.kr/electioninfo/candidate_detail_info.xhtml?electionId=0020260603&huboId=100160021,2건,교통사고; 도로교통,,1,교통사고:교통사고처리특례법|교통사고처리특례; 도로교통:도로교통법
100157789,유기주,더불어민주당,구시군의회의원,충청남도 부여군나선거구,충청남도,부여군나선거구,https://info.nec.go.kr/electioninfo/candidate_detail_info.xhtml?electionId=0020260603&huboId=100157789,2건,음주·위험운전; 도로교통,음주·위험운전,1,음주·위험운전:음주운전; 도로교통:도로교통법
100157268,백용달,국민의힘,구시군의회의원,충청남도 부여군나선거구,충청남도,부여군나선거구,https://info.nec.go.kr/electioninfo/candidate_detail_info.xhtml?electionId=0020260603&huboId=100157268,7건,교통사고; 환경; 건축·건설·부동산,,1,교통사고:교통사고처리특례법|교통사고처리특례; 환경:수질; 건축·건설·부동산:산지관리
100162294,김기일,무소속,구시군의회의원,충청남도 부여군나선거구,충청남도,부여군나선거구,https://info.nec.go.kr/electioninfo/candidate_detail_info.xhtml?electionId=0020260603&huboId=100162294,1건,음주·위험운전; 도로교통,음주·위험운전,1,음주·위험운전:음주운전; 도로교통:도로교통법
100160433,김종수,무소속,구시군의회의원,충청남도 부여군다선거구,충청남도,부여군다선거구,https://info.nec.go.kr/electioninfo/candidate_detail_info.xhtml?electionId=0020260603&huboId=100160433,1건,성범죄,성범죄,1,성범죄:강제추행
100159598,박노찬,더불어민주당,구시군의회의원,충청남도 서천군가선거구,충청남도,서천군가선거구,https://info.nec.go.kr/electioninfo/candidate_detail_info.xhtml?electionId=0020260603&huboId=100159598,5건,사기; 공직선거법; 보험·금융; 폭력; 공무집행방해; 집시법,사기; 공직선거법,1,사기:사기; 공직선거법:공직선거법; 보험·금융:부정수표단속법; 폭력:폭력행위; 공무집행방해:공무집행방해; 집시법:집회및시위|집회 및 시위
100164366,이강선,더불어민주당,구시군의회의원,충청남도 서천군나선거구,충청남도,서천군나선거구,https://info.nec.go.kr/electioninfo/candidate_detail_info.xhtml?electionId=0020260603&huboId=100164366,5건,교통사고; 폭력; 도로교통; 명예훼손; 모욕,,1,교통사고:교통사고처리특례법|교통사고처리특례; 폭력:상해; 도로교통:도로교통법; 명예훼손:명예훼손; 모욕:모욕
100159571,강신두,국민의힘,구시군의회의원,충청남도 서천군나선거구,충청남도,서천군나선거구,https://info.nec.go.kr/electioninfo/candidate_detail_info.xhtml?electionId=0020260603&huboId=100159571,1건,음주·위험운전; 도로교통,음주·위험운전,1,음주·위험운전:음주운전; 도로교통:도로교통법
100163675,한경석,무소속,구시군의회의원,충청남도 서천군나선거구,충청남도,서천군나선거구,https://info.nec.go.kr/electioninfo/candidate_detail_info.xhtml?electionId=0020260603&huboId=100163675,1건,환경,,1,환경:대기환경보전법
100158025,임상기,더불어민주당,구시군의회의원,충청남도 청양군가선거구,충청남도,청양군가선거구,https://info.nec.go.kr/electioninfo/candidate_detail_info.xhtml?electionId=0020260603&huboId=100158025,1건,교통사고,,1,교통사고:교통사고처리특례법|교통사고처리특례
100158149,김종대,국민의힘,구시군의회의원,충청남도 청양군가선거구,충청남도,청양군가선거구,https://info.nec.go.kr/electioninfo/candidate_detail_info.xhtml?electionId=0020260603&huboId=100158149,1건,건축·건설·부동산,,1,건축·건설·부동산:산지관리
100158818,이봉규,국민의힘,구시군의회의원,충청남도 청양군가선거구,충청남도,청양군가선거구,https://info.nec.go.kr/electioninfo/candidate_detail_info.xhtml?electionId=0020260603&huboId=100158818,1건,음주·위험운전; 도로교통,음주·위험운전,1,음주·위험운전:음주운전; 도로교통:도로교통법
100160543,김평수,더불어민주당,구시군의회의원,충청남도 청양군나선거구,충청남도,청양군나선거구,https://info.nec.go.kr/electioninfo/candidate_detail_info.xhtml?electionId=0020260603&huboId=100160543,1건,사기; 보조금,사기; 보조금,1,사기:사기; 보조금:보조금
100158815,최광석,더불어민주당,구시군의회의원,충청남도 청양군나선거구,충청남도,청양군나선거구,https://info.nec.go.kr/electioninfo/candidate_detail_info.xhtml?electionId=0020260603&huboId=100158815,1건,음주·위험운전; 도로교통,음주·위험운전,1,음주·위험운전:음주운전; 도로교통:도로교통법
100160871,송효진,더불어민주당,구시군의회의원,충청남도 홍성군가선거구,충청남도,홍성군가선거구,https://info.nec.go.kr/electioninfo/candidate_detail_info.xhtml?electionId=0020260603&huboId=100160871,1건,음주·위험운전; 도로교통,음주·위험운전,1,음주·위험운전:음주운전; 도로교통:도로교통법
100160944,최선경,더불어민주당,구시군의회의원,충청남도 홍성군가선거구,충청남도,홍성군가선거구,https://info.nec.go.kr/electioninfo/candidate_detail_info.xhtml?electionId=0020260603&huboId=100160944,1건,재물손괴,,1,재물손괴:재물손괴
100158619,권영식,국민의힘,구시군의회의원,충청남도 홍성군가선거구,충청남도,홍성군가선거구,https://info.nec.go.kr/electioninfo/candidate_detail_info.xhtml?electionId=0020260603&huboId=100158619,3건,음주·위험운전; 폭력; 도로교통,음주·위험운전,1,음주·위험운전:음주운전; 폭력:폭력행위|상해; 도로교통:도로교통법
100162845,조용한,조국혁신당,구시군의회의원,충청남도 홍성군나선거구,충청남도,홍성군나선거구,https://info.nec.go.kr/electioninfo/candidate_detail_info.xhtml?electionId=0020260603&huboId=100162845,1건,음주·위험운전; 도로교통,음주·위험운전,1,음주·위험운전:음주운전; 도로교통:도로교통법
100159625,신동규,더불어민주당,구시군의회의원,충청남도 홍성군다선거구,충청남도,홍성군다선거구,https://info.nec.go.kr/electioninfo/candidate_detail_info.xhtml?electionId=0020260603&huboId=100159625,1건,음주·위험운전; 도로교통,음주·위험운전,1,음주·위험운전:음주운전; 도로교통:도로교통법
100160179,신경진,국민의힘,구시군의회의원,충청남도 홍성군다선거구,충청남도,홍성군다선거구,https://info.nec.go.kr/electioninfo/candidate_detail_info.xhtml?electionId=0020260603&huboId=100160179,1건,식품·보건,,1,식품·보건:식품위생법
100159282,고진석,더불어민주당,구시군의회의원,충청남도 예산군가선거구,충청남도,예산군가선거구,https://info.nec.go.kr/electioninfo/candidate_detail_info.xhtml?electionId=0020260603&huboId=100159282,1건,건축·건설·부동산,,1,건축·건설·부동산:산지관리
100160750,이길원,국민의힘,구시군의회의원,충청남도 예산군가선거구,충청남도,예산군가선거구,https://info.nec.go.kr/electioninfo/candidate_detail_info.xhtml?electionId=0020260603&huboId=100160750,1건,교통사고,,1,교통사고:교통사고처리특례법|교통사고처리특례
100159251,이정호,더불어민주당,구시군의회의원,충청남도 예산군나선거구,충청남도,예산군나선거구,https://info.nec.go.kr/electioninfo/candidate_detail_info.xhtml?electionId=0020260603&huboId=100159251,1건,음주·위험운전; 도로교통,음주·위험운전,1,음주·위험운전:음주운전; 도로교통:도로교통법
100161928,박중수,국민의힘,구시군의회의원,충청남도 예산군나선거구,충청남도,예산군나선거구,https://info.nec.go.kr/electioninfo/candidate_detail_info.xhtml?electionId=0020260603&huboId=100161928,2건,공무집행방해; 도박,,1,공무집행방해:공무집행방해; 도박:도박
100161797,이상우,국민의힘,구시군의회의원,충청남도 예산군나선거구,충청남도,예산군나선거구,https://info.nec.go.kr/electioninfo/candidate_detail_info.xhtml?electionId=0020260603&huboId=100161797,5건,음주·위험운전; 재물손괴; 도로교통,음주·위험운전,1,음주·위험운전:음주운전; 재물손괴:재물손괴; 도로교통:도로교통법
100161231,임종용,국민의힘,구시군의회의원,충청남도 예산군다선거구,충청남도,예산군다선거구,https://info.nec.go.kr/electioninfo/candidate_detail_info.xhtml?electionId=0020260603&huboId=100161231,2건,음주·위험운전; 도로교통,음주·위험운전,0,음주·위험운전:음주운전; 도로교통:도로교통법
100160389,김영진,국민의힘,구시군의회의원,충청남도 예산군라선거구,충청남도,예산군라선거구,https://info.nec.go.kr/electioninfo/candidate_detail_info.xhtml?electionId=0020260603&huboId=100160389,6건,음주·위험운전; 폭력; 공무집행방해; 재물손괴; 도로교통; 건축·건설·부동산,음주·위험운전,1,음주·위험운전:음주운전; 폭력:폭력행위|상해; 공무집행방해:공무집행방해; 재물손괴:재물손괴; 도로교통:도로교통법; 건축·건설·부동산:건설산업기본법
100161123,박종국,국민의힘,구시군의회의원,충청남도 예산군라선거구,충청남도,예산군라선거구,https://info.nec.go.kr/electioninfo/candidate_detail_info.xhtml?electionId=0020260603&huboId=100161123,2건,교통사고; 폭력,,0,교통사고:교통사고처리특례법|교통사고처리특례; 폭력:폭력행위|상해
100159274,장동진,진보당,구시군의회의원,충청남도 예산군라선거구,충청남도,예산군라선거구,https://info.nec.go.kr/electioninfo/candidate_detail_info.xhtml?electionId=0020260603&huboId=100159274,1건,음주·위험운전; 도로교통,음주·위험운전,1,음주·위험운전:음주운전; 도로교통:도로교통법
100159243,홍원표,무소속,구시군의회의원,충청남도 예산군라선거구,충청남도,예산군라선거구,https://info.nec.go.kr/electioninfo/candidate_detail_info.xhtml?electionId=0020260603&huboId=100159243,2건,음주·위험운전; 교통사고; 도로교통,음주·위험운전,1,음주·위험운전:음주운전; 교통사고:교통사고처리특례법|교통사고처리특례; 도로교통:도로교통법
100159427,김영인,무소속,구시군의회의원,충청남도 태안군가선거구,충청남도,태안군가선거구,https://info.nec.go.kr/electioninfo/candidate_detail_info.xhtml?electionId=0020260603&huboId=100159427,2건,교통사고,,1,교통사고:교통사고처리특례법|교통사고처리특례
100160833,문승일,더불어민주당,구시군의회의원,충청남도 태안군나선거구,충청남도,태안군나선거구,https://info.nec.go.kr/electioninfo/candidate_detail_info.xhtml?electionId=0020260603&huboId=100160833,3건,음주·위험운전; 도로교통,음주·위험운전,1,음주·위험운전:음주운전; 도로교통:도로교통법
100159760,장영숙,국민의힘,구시군의회의원,충청남도 태안군나선거구,충청남도,태안군나선거구,https://info.nec.go.kr/electioninfo/candidate_detail_info.xhtml?electionId=0020260603&huboId=100159760,1건,,,0,
100159857,국현민,무소속,구시군의회의원,충청남도 태안군나선거구,충청남도,태안군나선거구,https://info.nec.go.kr/electioninfo/candidate_detail_info.xhtml?electionId=0020260603&huboId=100159857,3건,횡령; 음주·위험운전; 교통사고; 도로교통,횡령; 음주·위험운전,1,횡령:횡령; 음주·위험운전:음주운전; 교통사고:교통사고처리특례법|교통사고처리특례; 도로교통:도로교통법
100161319,남일현,더불어민주당,구시군의회의원,충청북도 청주시가선거구,충청북도,청주시가선거구,https://info.nec.go.kr/electioninfo/candidate_detail_info.xhtml?electionId=0020260603&huboId=100161319,3건,음주·위험운전; 무면허운전; 도로교통,음주·위험운전; 무면허운전,1,음주·위험운전:음주운전; 무면허운전:무면허운전; 도로교통:도로교통법
100156079,배상철,조국혁신당,구시군의회의원,충청북도 청주시가선거구,충청북도,청주시가선거구,https://info.nec.go.kr/electioninfo/candidate_detail_info.xhtml?electionId=0020260603&huboId=100156079,2건,폭력; 국가보안법; 집시법; 명예훼손,,1,폭력:폭력행위; 국가보안법:국가보안법; 집시법:집회및시위|집회 및 시위; 명예훼손:명예훼손
100161397,박봉규,국민의힘,구시군의회의원,충청북도 청주시나선거구,충청북도,청주시나선거구,https://info.nec.go.kr/electioninfo/candidate_detail_info.xhtml?electionId=0020260603&huboId=100161397,1건,,,0,
100161850,김완식,국민의힘,구시군의회의원,충청북도 청주시다선거구,충청북도,청주시다선거구,https://info.nec.go.kr/electioninfo/candidate_detail_info.xhtml?electionId=0020260603&huboId=100161850,1건,도로교통,,1,도로교통:도로교통법
100156334,김미자,국민의힘,구시군의회의원,충청북도 청주시다선거구,충청북도,청주시다선거구,https://info.nec.go.kr/electioninfo/candidate_detail_info.xhtml?electionId=0020260603&huboId=100156334,1건,교통사고,,1,교통사고:교통사고처리특례법|교통사고처리특례
100157274,이완복,개혁신당,구시군의회의원,충청북도 청주시마선거구,충청북도,청주시마선거구,https://info.nec.go.kr/electioninfo/candidate_detail_info.xhtml?electionId=0020260603&huboId=100157274,1건,,,0,
100157103,유진영,노동당,구시군의회의원,충청북도 청주시마선거구,충청북도,청주시마선거구,https://info.nec.go.kr/electioninfo/candidate_detail_info.xhtml?electionId=0020260603&huboId=100157103,1건,식품·보건,,0,식품·보건:감염병
100158817,최영중,국민의힘,구시군의회의원,충청북도 청주시바선거구,충청북도,청주시바선거구,https://info.nec.go.kr/electioninfo/candidate_detail_info.xhtml?electionId=0020260603&huboId=100158817,1건,음주·위험운전; 도로교통,음주·위험운전,1,음주·위험운전:음주운전; 도로교통:도로교통법
100155688,이복규,진보당,구시군의회의원,충청북도 청주시바선거구,충청북도,청주시바선거구,https://info.nec.go.kr/electioninfo/candidate_detail_info.xhtml?electionId=0020260603&huboId=100155688,3건,음주·위험운전; 공무집행방해; 업무방해; 재물손괴; 도로교통; 집시법,음주·위험운전,0,음주·위험운전:음주운전; 공무집행방해:공무집행방해; 업무방해:업무방해; 재물손괴:재물손괴; 도로교통:도로교통법|일반교통방해; 집시법:집회및시위|집회 및 시위
100155413,김병년,더불어민주당,구시군의회의원,충청북도 청주시사선거구,충청북도,청주시사선거구,https://info.nec.go.kr/electioninfo/candidate_detail_info.xhtml?electionId=0020260603&huboId=100155413,1건,도로교통,,1,도로교통:도로교통법
100161330,이우균,국민의힘,구시군의회의원,충청북도 청주시아선거구,충청북도,청주시아선거구,https://info.nec.go.kr/electioninfo/candidate_detail_info.xhtml?electionId=0020260603&huboId=100161330,2건,건축·건설·부동산,,1,건축·건설·부동산:부동산
100161448,정영석,국민의힘,구시군의회의원,충청북도 청주시카선거구,충청북도,청주시카선거구,https://info.nec.go.kr/electioninfo/candidate_detail_info.xhtml?electionId=0020260603&huboId=100161448,2건,폭력; 공무집행방해; 업무방해,,1,폭력:폭력행위; 공무집행방해:공무집행방해; 업무방해:업무방해
100160567,상병남,무소속,구시군의회의원,충청북도 청주시타선거구,충청북도,청주시타선거구,https://info.nec.go.kr/electioninfo/candidate_detail_info.xhtml?electionId=0020260603&huboId=100160567,1건,폭력,,0,폭력:폭력행위|상해
100154476,한용진,더불어민주당,구시군의회의원,충청북도 청주시파선거구,충청북도,청주시파선거구,https://info.nec.go.kr/electioninfo/candidate_detail_info.xhtml?electionId=0020260603&huboId=100154476,1건,음주·위험운전; 도로교통,음주·위험운전,1,음주·위험운전:음주운전; 도로교통:도로교통법
100156657,정태훈,국민의힘,구시군의회의원,충청북도 청주시파선거구,충청북도,청주시파선거구,https://info.nec.go.kr/electioninfo/candidate_detail_info.xhtml?electionId=0020260603&huboId=100156657,1건,도로교통,,1,도로교통:도로교통법
100153985,김광복,무소속,구시군의회의원,충청북도 청주시파선거구,충청북도,청주시파선거구,https://info.nec.go.kr/electioninfo/candidate_detail_info.xhtml?electionId=0020260603&huboId=100153985,4건,음주·위험운전; 폭력; 재물손괴; 주거침입; 도로교통,음주·위험운전,1,음주·위험운전:음주운전; 폭력:폭력행위; 재물손괴:재물손괴; 주거침입:주거침입; 도로교통:도로교통법
100155498,이종억,더불어민주당,구시군의회의원,충청북도 충주시가선거구,충청북도,충주시가선거구,https://info.nec.go.kr/electioninfo/candidate_detail_info.xhtml?electionId=0020260603&huboId=100155498,1건,총포·화약,,1,총포·화약:총포|도검|화약류
100160832,정용학,국민의힘,구시군의회의원,충청북도 충주시다선거구,충청북도,충주시다선거구,https://info.nec.go.kr/electioninfo/candidate_detail_info.xhtml?electionId=0020260603&huboId=100160832,2건,음주·위험운전; 도로교통,음주·위험운전,0,음주·위험운전:음주운전; 도로교통:도로교통법
100156134,유영기,더불어민주당,구시군의회의원,충청북도 충주시라선거구,충청북도,충주시라선거구,https://info.nec.go.kr/electioninfo/candidate_detail_info.xhtml?electionId=0020260603&huboId=100156134,1건,음주·위험운전; 도로교통,음주·위험운전,1,음주·위험운전:음주운전; 도로교통:도로교통법
100156739,장준기,더불어민주당,구시군의회의원,충청북도 충주시라선거구,충청북도,충주시라선거구,https://info.nec.go.kr/electioninfo/candidate_detail_info.xhtml?electionId=0020260603&huboId=100156739,1건,음주·위험운전; 도로교통,음주·위험운전,1,음주·위험운전:음주운전; 도로교통:도로교통법
100157521,서원복,국민의힘,구시군의회의원,충청북도 충주시라선거구,충청북도,충주시라선거구,https://info.nec.go.kr/electioninfo/candidate_detail_info.xhtml?electionId=0020260603&huboId=100157521,2건,교통사고; 식품·보건,,1,교통사고:교통사고처리특례법|교통사고처리특례; 식품·보건:약사법
100155210,심재익,국민의힘,구시군의회의원,충청북도 충주시마선거구,충청북도,충주시마선거구,https://info.nec.go.kr/electioninfo/candidate_detail_info.xhtml?electionId=0020260603&huboId=100155210,7건,음주·위험운전; 무면허운전; 도로교통; 노동; 건축·건설·부동산; 도박,음주·위험운전; 무면허운전,1,음주·위험운전:음주운전; 무면허운전:무면허운전; 도로교통:도로교통법; 노동:근로기준법; 건축·건설·부동산:건설산업기본법; 도박:도박
100157842,강명철,국민의힘,구시군의회의원,충청북도 충주시마선거구,충청북도,충주시마선거구,https://info.nec.go.kr/electioninfo/candidate_detail_info.xhtml?electionId=0020260603&huboId=100157842,1건,교통사고,,1,교통사고:교통사고처리특례법|교통사고처리특례
100154736,정석훈,더불어민주당,구시군의회의원,충청북도 충주시바선거구,충청북도,충주시바선거구,https://info.nec.go.kr/electioninfo/candidate_detail_info.xhtml?electionId=0020260603&huboId=100154736,1건,건축·건설·부동산,,1,건축·건설·부동산:소방시설공사업법
100155972,박해수,무소속,구시군의회의원,충청북도 충주시사선거구,충청북도,충주시사선거구,https://info.nec.go.kr/electioninfo/candidate_detail_info.xhtml?electionId=0020260603&huboId=100155972,4건,교통사고; 폭력; 도로교통,,1,교통사고:교통사고처리특례법|교통사고처리특례; 폭력:폭행; 도로교통:도로교통법
100157086,함동완,국민의힘,구시군의회의원,충청북도 제천시가선거구,충청북도,제천시가선거구,https://info.nec.go.kr/electioninfo/candidate_detail_info.xhtml?electionId=0020260603&huboId=100157086,1건,,,1,
100156666,김영중,더불어민주당,구시군의회의원,충청북도 제천시다선거구,충청북도,제천시다선거구,https://info.nec.go.kr/electioninfo/candidate_detail_info.xhtml?electionId=0020260603&huboId=100156666,1건,음주·위험운전; 도로교통,음주·위험운전,1,음주·위험운전:음주운전; 도로교통:도로교통법
100154768,박헌영,국민의힘,구시군의회의원,충청북도 제천시라선거구,충청북도,제천시라선거구,https://info.nec.go.kr/electioninfo/candidate_detail_info.xhtml?electionId=0020260603&huboId=100154768,1건,음주·위험운전; 도로교통,음주·위험운전,1,음주·위험운전:음주운전; 도로교통:도로교통법
100155839,배동만,더불어민주당,구시군의회의원,충청북도 제천시마선거구,충청북도,제천시마선거구,https://info.nec.go.kr/electioninfo/candidate_detail_info.xhtml?electionId=0020260603&huboId=100155839,1건,도박,,1,도박:도박
100160479,윤치국,국민의힘,구시군의회의원,충청북도 제천시마선거구,충청북도,제천시마선거구,https://info.nec.go.kr/electioninfo/candidate_detail_info.xhtml?electionId=0020260603&huboId=100160479,2건,음주·위험운전; 도로교통,음주·위험운전,1,음주·위험운전:음주운전; 도로교통:도로교통법
100160315,김정문,국민의힘,구시군의회의원,충청북도 제천시바선거구,충청북도,제천시바선거구,https://info.nec.go.kr/electioninfo/candidate_detail_info.xhtml?electionId=0020260603&huboId=100160315,1건,공직선거법,공직선거법,1,공직선거법:공직선거법
100162140,김달성,조국혁신당,구시군의회의원,충청북도 제천시바선거구,충청북도,제천시바선거구,https://info.nec.go.kr/electioninfo/candidate_detail_info.xhtml?electionId=0020260603&huboId=100162140,2건,공무집행방해; 국가보안법; 집시법,,1,공무집행방해:공무집행방해; 국가보안법:국가보안법; 집시법:집회및시위|집회 및 시위
100158988,이재익,더불어민주당,구시군의회의원,충청북도 보은군가선거구,충청북도,보은군가선거구,https://info.nec.go.kr/electioninfo/candidate_detail_info.xhtml?electionId=0020260603&huboId=100158988,1건,,,0,
100158708,윤대성,국민의힘,구시군의회의원,충청북도 보은군가선거구,충청북도,보은군가선거구,https://info.nec.go.kr/electioninfo/candidate_detail_info.xhtml?electionId=0020260603&huboId=100158708,2건,교육·청소년,,1,교육·청소년:청소년보호법
100157961,이형석,더불어민주당,구시군의회의원,충청북도 보은군나선거구,충청북도,보은군나선거구,https://info.nec.go.kr/electioninfo/candidate_detail_info.xhtml?electionId=0020260603&huboId=100157961,1건,도로교통,,1,도로교통:도로교통법
100158748,김창식,더불어민주당,구시군의회의원,충청북도 보은군나선거구,충청북도,보은군나선거구,https://info.nec.go.kr/electioninfo/candidate_detail_info.xhtml?electionId=0020260603&huboId=100158748,1건,,,0,
100159262,우종원,국민의힘,구시군의회의원,충청북도 보은군나선거구,충청북도,보은군나선거구,https://info.nec.go.kr/electioninfo/candidate_detail_info.xhtml?electionId=0020260603&huboId=100159262,1건,,,0,
100158970,김응철,무소속,구시군의회의원,충청북도 보은군나선거구,충청북도,보은군나선거구,https://info.nec.go.kr/electioninfo/candidate_detail_info.xhtml?electionId=0020260603&huboId=100158970,1건,횡령; 허위공문서·문서위조·공용서류,횡령; 허위공문서·문서위조·공용서류,1,횡령:횡령; 허위공문서·문서위조·공용서류:사문서|위조
100158626,박헌주,더불어민주당,구시군의회의원,충청북도 보은군다선거구,충청북도,보은군다선거구,https://info.nec.go.kr/electioninfo/candidate_detail_info.xhtml?electionId=0020260603&huboId=100158626,1건,교통사고; 도로교통,,1,교통사고:교통사고처리특례법|교통사고처리특례; 도로교통:도로교통법
100160839,윤석영,더불어민주당,구시군의회의원,충청북도 보은군다선거구,충청북도,보은군다선거구,https://info.nec.go.kr/electioninfo/candidate_detail_info.xhtml?electionId=0020260603&huboId=100160839,2건,교통사고,,1,교통사고:교통사고처리특례법|교통사고처리특례
100159908,김낙경,국민의힘,구시군의회의원,충청북도 보은군다선거구,충청북도,보은군다선거구,https://info.nec.go.kr/electioninfo/candidate_detail_info.xhtml?electionId=0020260603&huboId=100159908,3건,도로교통; 식품·보건,,1,도로교통:도로교통법; 식품·보건:식품위생법
100159028,조위필,무소속,구시군의회의원,충청북도 보은군다선거구,충청북도,보은군다선거구,https://info.nec.go.kr/electioninfo/candidate_detail_info.xhtml?electionId=0020260603&huboId=100159028,9건,사기; 보조금; 폭력; 공무집행방해; 업무방해; 집시법; 명예훼손,사기; 보조금,2,사기:사기; 보조금:보조금; 폭력:상해; 공무집행방해:공무집행방해; 업무방해:업무방해; 집시법:집회및시위|집회 및 시위; 명예훼손:명예훼손
100158345,박효서,더불어민주당,구시군의회의원,충청북도 옥천군가선거구,충청북도,옥천군가선거구,https://info.nec.go.kr/electioninfo/candidate_detail_info.xhtml?electionId=0020260603&huboId=100158345,5건,폭력; 도로교통,,1,폭력:폭력행위; 도로교통:도로교통법
100158990,조규룡,국민의힘,구시군의회의원,충청북도 옥천군가선거구,충청북도,옥천군가선거구,https://info.nec.go.kr/electioninfo/candidate_detail_info.xhtml?electionId=0020260603&huboId=100158990,1건,음주·위험운전; 도로교통,음주·위험운전,1,음주·위험운전:음주운전; 도로교통:도로교통법
100158323,이용수,더불어민주당,구시군의회의원,충청북도 옥천군나선거구,충청북도,옥천군나선거구,https://info.nec.go.kr/electioninfo/candidate_detail_info.xhtml?electionId=0020260603&huboId=100158323,2건,음주·위험운전; 교통사고; 도로교통,음주·위험운전,1,음주·위험운전:음주운전; 교통사고:교통사고처리특례법|교통사고처리특례; 도로교통:도로교통법
100158800,최은식,국민의힘,구시군의회의원,충청북도 옥천군나선거구,충청북도,옥천군나선거구,https://info.nec.go.kr/electioninfo/candidate_detail_info.xhtml?electionId=0020260603&huboId=100158800,6건,음주·위험운전; 무면허운전; 폭력; 도로교통; 도박,음주·위험운전; 무면허운전,1,음주·위험운전:음주운전; 무면허운전:무면허운전; 폭력:폭행; 도로교통:도로교통법; 도박:도박
100159319,박명종,국민의힘,구시군의회의원,충청북도 영동군가선거구,충청북도,영동군가선거구,https://info.nec.go.kr/electioninfo/candidate_detail_info.xhtml?electionId=0020260603&huboId=100159319,1건,폭력,,1,폭력:폭력행위
100160019,황승연,국민의힘,구시군의회의원,충청북도 영동군가선거구,충청북도,영동군가선거구,https://info.nec.go.kr/electioninfo/candidate_detail_info.xhtml?electionId=0020260603&huboId=100160019,1건,음주·위험운전; 교통사고; 도로교통,음주·위험운전,1,음주·위험운전:음주운전; 교통사고:교통사고처리특례법|교통사고처리특례; 도로교통:도로교통법
100159370,위정복,무소속,구시군의회의원,충청북도 영동군가선거구,충청북도,영동군가선거구,https://info.nec.go.kr/electioninfo/candidate_detail_info.xhtml?electionId=0020260603&huboId=100159370,1건,폭력,,1,폭력:상해
100159323,안정훈,더불어민주당,구시군의회의원,충청북도 영동군나선거구,충청북도,영동군나선거구,https://info.nec.go.kr/electioninfo/candidate_detail_info.xhtml?electionId=0020260603&huboId=100159323,1건,주거침입,,1,주거침입:주거침입
100159330,임동호,국민의힘,구시군의회의원,충청북도 영동군나선거구,충청북도,영동군나선거구,https://info.nec.go.kr/electioninfo/candidate_detail_info.xhtml?electionId=0020260603&huboId=100159330,1건,도로교통,,1,도로교통:도로교통법
100160023,손석구,더불어민주당,구시군의회의원,충청북도 영동군다선거구,충청북도,영동군다선거구,https://info.nec.go.kr/electioninfo/candidate_detail_info.xhtml?electionId=0020260603&huboId=100160023,1건,음주·위험운전; 도로교통,음주·위험운전,1,음주·위험운전:음주운전; 도로교통:도로교통법
100158709,윤해명,무소속,구시군의회의원,충청북도 증평군가선거구,충청북도,증평군가선거구,https://info.nec.go.kr/electioninfo/candidate_detail_info.xhtml?electionId=0020260603&huboId=100158709,2건,업무방해,,1,업무방해:업무방해
100161644,이창규,더불어민주당,구시군의회의원,충청북도 증평군다선거구,충청북도,증평군다선거구,https://info.nec.go.kr/electioninfo/candidate_detail_info.xhtml?electionId=0020260603&huboId=100161644,1건,음주·위험운전; 도로교통,음주·위험운전,1,음주·위험운전:음주운전; 도로교통:도로교통법
100160310,현종진,더불어민주당,구시군의회의원,충청북도 증평군다선거구,충청북도,증평군다선거구,https://info.nec.go.kr/electioninfo/candidate_detail_info.xhtml?electionId=0020260603&huboId=100160310,1건,도로교통,,1,도로교통:도로교통법
100157303,김기복,더불어민주당,구시군의회의원,충청북도 진천군가선거구,충청북도,진천군가선거구,https://info.nec.go.kr/electioninfo/candidate_detail_info.xhtml?electionId=0020260603&huboId=100157303,1건,교통사고,,1,교통사고:교통사고처리특례법|교통사고처리특례
100157949,임정구,더불어민주당,구시군의회의원,충청북도 진천군가선거구,충청북도,진천군가선거구,https://info.nec.go.kr/electioninfo/candidate_detail_info.xhtml?electionId=0020260603&huboId=100157949,3건,뇌물; 음주·위험운전; 도로교통,뇌물; 음주·위험운전,1,뇌물:뇌물; 음주·위험운전:음주운전; 도로교통:도로교통법
100158814,홍승의,국민의힘,구시군의회의원,충청북도 진천군가선거구,충청북도,진천군가선거구,https://info.nec.go.kr/electioninfo/candidate_detail_info.xhtml?electionId=0020260603&huboId=100158814,1건,음주·위험운전; 도로교통,음주·위험운전,1,음주·위험운전:음주운전; 도로교통:도로교통법
100160316,임정열,더불어민주당,구시군의회의원,충청북도 진천군나선거구,충청북도,진천군나선거구,https://info.nec.go.kr/electioninfo/candidate_detail_info.xhtml?electionId=0020260603&huboId=100160316,1건,음주·위험운전; 도로교통,음주·위험운전,1,음주·위험운전:음주운전; 도로교통:도로교통법
100158532,신갑수,더불어민주당,구시군의회의원,충청북도 진천군나선거구,충청북도,진천군나선거구,https://info.nec.go.kr/electioninfo/candidate_detail_info.xhtml?electionId=0020260603&huboId=100158532,1건,공무집행방해,,1,공무집행방해:공무집행방해
100159315,유후재,더불어민주당,구시군의회의원,충청북도 진천군나선거구,충청북도,진천군나선거구,https://info.nec.go.kr/electioninfo/candidate_detail_info.xhtml?electionId=0020260603&huboId=100159315,1건,음주·위험운전; 도로교통,음주·위험운전,1,음주·위험운전:음주운전; 도로교통:도로교통법
100158503,박선진,국민의힘,구시군의회의원,충청북도 진천군나선거구,충청북도,진천군나선거구,https://info.nec.go.kr/electioninfo/candidate_detail_info.xhtml?electionId=0020260603&huboId=100158503,1건,음주·위험운전; 도로교통,음주·위험운전,1,음주·위험운전:음주운전; 도로교통:도로교통법
100160120,이강선,국민의힘,구시군의회의원,충청북도 진천군나선거구,충청북도,진천군나선거구,https://info.nec.go.kr/electioninfo/candidate_detail_info.xhtml?electionId=0020260603&huboId=100160120,1건,식품·보건,,1,식품·보건:약사법
100160674,김영희,국민의힘,구시군의회의원,충청북도 괴산군가선거구,충청북도,괴산군가선거구,https://info.nec.go.kr/electioninfo/candidate_detail_info.xhtml?electionId=0020260603&huboId=100160674,2건,자동차관리; 환경,,1,자동차관리:자동차관리법; 환경:폐기물관리법
100160012,최관선,무소속,구시군의회의원,충청북도 괴산군가선거구,충청북도,괴산군가선거구,https://info.nec.go.kr/electioninfo/candidate_detail_info.xhtml?electionId=0020260603&huboId=100160012,4건,교통사고; 폭력; 재물손괴; 도로교통,,0,교통사고:교통사고처리특례법|교통사고처리특례; 폭력:폭력행위|상해; 재물손괴:재물손괴; 도로교통:도로교통법
100159113,김종화,더불어민주당,구시군의회의원,충청북도 괴산군다선거구,충청북도,괴산군다선거구,https://info.nec.go.kr/electioninfo/candidate_detail_info.xhtml?electionId=0020260603&huboId=100159113,1건,사기,사기,1,사기:사기
100159102,김재현,무소속,구시군의회의원,충청북도 괴산군다선거구,충청북도,괴산군다선거구,https://info.nec.go.kr/electioninfo/candidate_detail_info.xhtml?electionId=0020260603&huboId=100159102,1건,음주·위험운전; 도로교통,음주·위험운전,0,음주·위험운전:음주운전; 도로교통:도로교통법
100159757,이천규,정의당,구시군의회의원,충청북도 음성군가선거구,충청북도,음성군가선거구,https://info.nec.go.kr/electioninfo/candidate_detail_info.xhtml?electionId=0020260603&huboId=100159757,1건,음주·위험운전; 도로교통,음주·위험운전,1,음주·위험운전:음주운전; 도로교통:도로교통법
100158870,강영훈,더불어민주당,구시군의회의원,충청북도 음성군나선거구,충청북도,음성군나선거구,https://info.nec.go.kr/electioninfo/candidate_detail_info.xhtml?electionId=0020260603&huboId=100158870,5건,교통사고; 건축·건설·부동산; 도박,,1,교통사고:교통사고처리특례법|교통사고처리특례; 건축·건설·부동산:건설기계관리법; 도박:도박
100158865,오영훈,더불어민주당,구시군의회의원,충청북도 음성군다선거구,충청북도,음성군다선거구,https://info.nec.go.kr/electioninfo/candidate_detail_info.xhtml?electionId=0020260603&huboId=100158865,1건,명예훼손,,1,명예훼손:명예훼손
100159441,서대석,국민의힘,구시군의회의원,충청북도 음성군다선거구,충청북도,음성군다선거구,https://info.nec.go.kr/electioninfo/candidate_detail_info.xhtml?electionId=0020260603&huboId=100159441,1건,사기; 허위공문서·문서위조·공용서류,사기; 허위공문서·문서위조·공용서류,1,사기:사기; 허위공문서·문서위조·공용서류:사문서|위조
100159138,지영준,국민의힘,구시군의회의원,충청북도 단양군가선거구,충청북도,단양군가선거구,https://info.nec.go.kr/electioninfo/candidate_detail_info.xhtml?electionId=0020260603&huboId=100159138,2건,명예훼손,,1,명예훼손:명예훼손
100160648,김영길,무소속,구시군의회의원,충청북도 단양군가선거구,충청북도,단양군가선거구,https://info.nec.go.kr/electioninfo/candidate_detail_info.xhtml?electionId=0020260603&huboId=100160648,2건,공직선거법; 음주·위험운전; 도로교통,공직선거법; 음주·위험운전,0,공직선거법:공직선거법; 음주·위험운전:음주운전; 도로교통:도로교통법
100162163,오시백,더불어민주당,구시군의회의원,충청북도 단양군나선거구,충청북도,단양군나선거구,https://info.nec.go.kr/electioninfo/candidate_detail_info.xhtml?electionId=0020260603&huboId=100162163,1건,음주·위험운전; 도로교통,음주·위험운전,1,음주·위험운전:음주운전; 도로교통:도로교통법
100159064,최순철,무소속,구시군의회의원,충청북도 단양군나선거구,충청북도,단양군나선거구,https://info.nec.go.kr/electioninfo/candidate_detail_info.xhtml?electionId=0020260603&huboId=100159064,5건,사기; 허위공문서·문서위조·공용서류; 특가법; 음주·위험운전; 보조금; 폭력; 업무방해; 도로교통,사기; 허위공문서·문서위조·공용서류; 특가법; 음주·위험운전; 보조금,1,사기:사기; 허위공문서·문서위조·공용서류:사문서|변조; 특가법:특정범죄가중처벌; 음주·위험운전:음주운전; 보조금:보조금; 폭력:폭력행위; 업무방해:업무방해; 도로교통:도로교통법
100165562,서영일,국민의힘,광역의원비례,강원특별자치도 강원특별자치도,강원특별자치도,강원특별자치도,https://info.nec.go.kr/electioninfo/candidate_detail_info.xhtml?electionId=0020260603&huboId=100165562,1건,폭력,,1,폭력:상해
100165566,이상미,국민의힘,광역의원비례,강원특별자치도 강원특별자치도,강원특별자치도,강원특별자치도,https://info.nec.go.kr/electioninfo/candidate_detail_info.xhtml?electionId=0020260603&huboId=100165566,1건,음주·위험운전; 도로교통,음주·위험운전,1,음주·위험운전:음주운전; 도로교통:도로교통법
100165503,임경신,진보당,광역의원비례,강원특별자치도 강원특별자치도,강원특별자치도,강원특별자치도,https://info.nec.go.kr/electioninfo/candidate_detail_info.xhtml?electionId=0020260603&huboId=100165503,1건,,,0,
100164408,송연섭,더불어민주당,광역의원비례,경기도 경기도,경기도,경기도,https://info.nec.go.kr/electioninfo/candidate_detail_info.xhtml?electionId=0020260603&huboId=100164408,2건,음주·위험운전; 도로교통,음주·위험운전,1,음주·위험운전:음주운전; 도로교통:도로교통법
100165756,오남석,국민의힘,광역의원비례,경기도 경기도,경기도,경기도,https://info.nec.go.kr/electioninfo/candidate_detail_info.xhtml?electionId=0020260603&huboId=100165756,1건,음주·위험운전; 도로교통,음주·위험운전,1,음주·위험운전:음주운전; 도로교통:도로교통법
100165763,권태익,국민의힘,광역의원비례,경기도 경기도,경기도,경기도,https://info.nec.go.kr/electioninfo/candidate_detail_info.xhtml?electionId=0020260603&huboId=100165763,1건,횡령,횡령,1,횡령:횡령
100165784,김선태,국민의힘,광역의원비례,경기도 경기도,경기도,경기도,https://info.nec.go.kr/electioninfo/candidate_detail_info.xhtml?electionId=0020260603&huboId=100165784,1건,교통사고,,1,교통사고:교통사고처리특례법|교통사고처리특례
100164600,안만규,개혁신당,광역의원비례,경기도 경기도,경기도,경기도,https://info.nec.go.kr/electioninfo/candidate_detail_info.xhtml?electionId=0020260603&huboId=100164600,1건,공직선거법; 보험·금융,공직선거법,1,공직선거법:공직선거법; 보험·금융:부정수표단속법
100164922,이송범,진보당,광역의원비례,경기도 경기도,경기도,경기도,https://info.nec.go.kr/electioninfo/candidate_detail_info.xhtml?electionId=0020260603&huboId=100164922,2건,폭력; 업무방해; 도로교통,,1,폭력:폭력행위; 업무방해:업무방해; 도로교통:일반교통방해
100164937,김동우,진보당,광역의원비례,경기도 경기도,경기도,경기도,https://info.nec.go.kr/electioninfo/candidate_detail_info.xhtml?electionId=0020260603&huboId=100164937,10건,폭력; 공무집행방해; 업무방해; 주거침입; 도로교통; 집시법,,2,폭력:폭력행위|상해; 공무집행방해:공무집행방해; 업무방해:업무방해; 주거침입:주거침입; 도로교통:일반교통방해; 집시법:집회및시위|집회 및 시위
100165589,송치용,사회민주당,광역의원비례,경기도 경기도,경기도,경기도,https://info.nec.go.kr/electioninfo/candidate_detail_info.xhtml?electionId=0020260603&huboId=100165589,3건,허위공문서·문서위조·공용서류; 환경; 식품·보건,허위공문서·문서위조·공용서류,1,허위공문서·문서위조·공용서류:사문서|위조; 환경:폐기물관리법; 식품·보건:약사법
100164493,김윤희,국민연합,광역의원비례,경기도 경기도,경기도,경기도,https://info.nec.go.kr/electioninfo/candidate_detail_info.xhtml?electionId=0020260603&huboId=100164493,2건,업무방해,,2,업무방해:업무방해
100165469,박선애,대한국민당,광역의원비례,경기도 경기도,경기도,경기도,https://info.nec.go.kr/electioninfo/candidate_detail_info.xhtml?electionId=0020260603&huboId=100165469,1건,식품·보건,,1,식품·보건:식품위생법
100165500,이상란,자유와혁신,광역의원비례,경기도 경기도,경기도,경기도,https://info.nec.go.kr/electioninfo/candidate_detail_info.xhtml?electionId=0020260603&huboId=100165500,1건,보조금,보조금,1,보조금:보조금
100165505,문태광,자유와혁신,광역의원비례,경기도 경기도,경기도,경기도,https://info.nec.go.kr/electioninfo/candidate_detail_info.xhtml?electionId=0020260603&huboId=100165505,2건,식품·보건; 명예훼손,,1,식품·보건:의료법; 명예훼손:명예훼손
100165508,임선영,자유와혁신,광역의원비례,경기도 경기도,경기도,경기도,https://info.nec.go.kr/electioninfo/candidate_detail_info.xhtml?electionId=0020260603&huboId=100165508,1건,음주·위험운전; 도로교통,음주·위험운전,0,음주·위험운전:음주운전; 도로교통:도로교통법
100164564,김미경,친미연합,광역의원비례,경기도 경기도,경기도,경기도,https://info.nec.go.kr/electioninfo/candidate_detail_info.xhtml?electionId=0020260603&huboId=100164564,2건,공직선거법; 음주·위험운전; 무면허운전; 도로교통,공직선거법; 음주·위험운전; 무면허운전,1,공직선거법:공직선거법; 음주·위험운전:음주운전; 무면허운전:무면허운전; 도로교통:도로교통법
100165861,안순이,국민당,광역의원비례,경기도 경기도,경기도,경기도,https://info.nec.go.kr/electioninfo/candidate_detail_info.xhtml?electionId=0020260603&huboId=100165861,1건,,,0,
100164551,민호영,더불어민주당,광역의원비례,경상남도 경상남도,경상남도,경상남도,https://info.nec.go.kr/electioninfo/candidate_detail_info.xhtml?electionId=0020260603&huboId=100164551,3건,음주·위험운전; 도로교통,음주·위험운전,1,음주·위험운전:음주운전; 도로교통:도로교통법
100165575,안일준,더불어민주당,광역의원비례,경상남도 경상남도,경상남도,경상남도,https://info.nec.go.kr/electioninfo/candidate_detail_info.xhtml?electionId=0020260603&huboId=100165575,1건,교통사고,,1,교통사고:교통사고처리특례법|교통사고처리특례
100165250,김영록,국민의힘,광역의원비례,경상남도 경상남도,경상남도,경상남도,https://info.nec.go.kr/electioninfo/candidate_detail_info.xhtml?electionId=0020260603&huboId=100165250,1건,공직선거법; 음주·위험운전; 도로교통,공직선거법; 음주·위험운전,1,공직선거법:공직선거법; 음주·위험운전:음주운전; 도로교통:도로교통법
100165264,백승흥,국민의힘,광역의원비례,경상남도 경상남도,경상남도,경상남도,https://info.nec.go.kr/electioninfo/candidate_detail_info.xhtml?electionId=0020260603&huboId=100165264,1건,특가법,특가법,1,특가법:특정범죄가중처벌
100165277,곽민혁,국민의힘,광역의원비례,경상남도 경상남도,경상남도,경상남도,https://info.nec.go.kr/electioninfo/candidate_detail_info.xhtml?electionId=0020260603&huboId=100165277,1건,특가법; 폭력,특가법,1,특가법:특정범죄가중처벌; 폭력:폭행
100165219,박혜경,조국혁신당,광역의원비례,경상남도 경상남도,경상남도,경상남도,https://info.nec.go.kr/electioninfo/candidate_detail_info.xhtml?electionId=0020260603&huboId=100165219,1건,,,0,
100165229,이진섭,조국혁신당,광역의원비례,경상남도 경상남도,경상남도,경상남도,https://info.nec.go.kr/electioninfo/candidate_detail_info.xhtml?electionId=0020260603&huboId=100165229,2건,허위공문서·문서위조·공용서류; 특가법; 음주·위험운전; 무면허운전; 도로교통,허위공문서·문서위조·공용서류; 특가법; 음주·위험운전; 무면허운전,1,허위공문서·문서위조·공용서류:위조; 특가법:특정범죄가중처벌; 음주·위험운전:음주운전; 무면허운전:무면허운전; 도로교통:도로교통법
100165385,김보영,국민연합,광역의원비례,경상남도 경상남도,경상남도,경상남도,https://info.nec.go.kr/electioninfo/candidate_detail_info.xhtml?electionId=0020260603&huboId=100165385,1건,보험·금융,,0,보험·금융:전자금융거래법
100165279,정숙경,더불어민주당,광역의원비례,경상북도 경상북도,경상북도,경상북도,https://info.nec.go.kr/electioninfo/candidate_detail_info.xhtml?electionId=0020260603&huboId=100165279,1건,공무집행방해,,1,공무집행방해:공무집행방해
100165283,정용채,더불어민주당,광역의원비례,경상북도 경상북도,경상북도,경상북도,https://info.nec.go.kr/electioninfo/candidate_detail_info.xhtml?electionId=0020260603&huboId=100165283,3건,폭력; 공무집행방해; 건축·건설·부동산,,1,폭력:상해; 공무집행방해:공무집행방해; 건축·건설·부동산:건설기계관리법
100165193,김봉환,개혁신당,광역의원비례,경상북도 경상북도,경상북도,경상북도,https://info.nec.go.kr/electioninfo/candidate_detail_info.xhtml?electionId=0020260603&huboId=100165193,1건,자동차관리,,1,자동차관리:자동차관리법
100165094,김성기,진보당,광역의원비례,경상북도 경상북도,경상북도,경상북도,https://info.nec.go.kr/electioninfo/candidate_detail_info.xhtml?electionId=0020260603&huboId=100165094,5건,공직선거법; 폭력; 업무방해; 주거침입; 도로교통; 집시법,공직선거법,2,공직선거법:공직선거법; 폭력:폭력행위|상해; 업무방해:업무방해; 주거침입:주거침입; 도로교통:일반교통방해; 집시법:집회및시위|집회 및 시위
100164914,이창실,공화당,광역의원비례,경상북도 경상북도,경상북도,경상북도,https://info.nec.go.kr/electioninfo/candidate_detail_info.xhtml?electionId=0020260603&huboId=100164914,1건,,,1,
100164924,윤광남,공화당,광역의원비례,경상북도 경상북도,경상북도,경상북도,https://info.nec.go.kr/electioninfo/candidate_detail_info.xhtml?electionId=0020260603&huboId=100164924,2건,음주·위험운전; 도로교통,음주·위험운전,1,음주·위험운전:음주운전; 도로교통:도로교통법
100165196,박진한,더불어민주당,광역의원비례,광주광역시 전남광주통합특별시,광주광역시,전남광주통합특별시,https://info.nec.go.kr/electioninfo/candidate_detail_info.xhtml?electionId=0020260603&huboId=100165196,1건,도로교통,,1,도로교통:도로교통법
100165222,박만,더불어민주당,광역의원비례,광주광역시 전남광주통합특별시,광주광역시,전남광주통합특별시,https://info.nec.go.kr/electioninfo/candidate_detail_info.xhtml?electionId=0020260603&huboId=100165222,1건,음주·위험운전; 도로교통,음주·위험운전,1,음주·위험운전:음주운전; 도로교통:도로교통법
100165230,김동권,더불어민주당,광역의원비례,광주광역시 전남광주통합특별시,광주광역시,전남광주통합특별시,https://info.nec.go.kr/electioninfo/candidate_detail_info.xhtml?electionId=0020260603&huboId=100165230,1건,폭력,,1,폭력:폭력행위|상해
100164929,이오숙,국민의힘,광역의원비례,광주광역시 전남광주통합특별시,광주광역시,전남광주통합특별시,https://info.nec.go.kr/electioninfo/candidate_detail_info.xhtml?electionId=0020260603&huboId=100164929,2건,음주·위험운전; 도로교통,음주·위험운전,0,음주·위험운전:음주운전; 도로교통:도로교통법
100164999,김선옥,진보당,광역의원비례,광주광역시 전남광주통합특별시,광주광역시,전남광주통합특별시,https://info.nec.go.kr/electioninfo/candidate_detail_info.xhtml?electionId=0020260603&huboId=100164999,1건,업무방해,,1,업무방해:업무방해
100165047,노형태,정의당,광역의원비례,광주광역시 전남광주통합특별시,광주광역시,전남광주통합특별시,https://info.nec.go.kr/electioninfo/candidate_detail_info.xhtml?electionId=0020260603&huboId=100165047,2건,폭력; 공무집행방해; 재물손괴; 주거침입; 집시법,,1,폭력:폭력행위|공동폭행|폭행; 공무집행방해:공무집행방해; 재물손괴:재물손괴; 주거침입:주거침입; 집시법:집회및시위|집회 및 시위
100164145,김영태,국민의힘,광역의원비례,대구광역시 대구광역시,대구광역시,대구광역시,https://info.nec.go.kr/electioninfo/candidate_detail_info.xhtml?electionId=0020260603&huboId=100164145,1건,공직선거법; 음주·위험운전; 도로교통,공직선거법; 음주·위험운전,1,공직선거법:공직선거법; 음주·위험운전:음주운전|위험운전치사상; 도로교통:도로교통법
100164185,최이향,개혁신당,광역의원비례,대구광역시 대구광역시,대구광역시,대구광역시,https://info.nec.go.kr/electioninfo/candidate_detail_info.xhtml?electionId=0020260603&huboId=100164185,1건,국가보안법; 집시법,,1,국가보안법:국가보안법; 집시법:집회및시위|집회 및 시위
100165153,민향기,더불어민주당,광역의원비례,대전광역시 대전광역시,대전광역시,대전광역시,https://info.nec.go.kr/electioninfo/candidate_detail_info.xhtml?electionId=0020260603&huboId=100165153,1건,교통사고,,1,교통사고:교통사고처리특례법|교통사고처리특례
100164681,조용우,더불어민주당,광역의원비례,부산광역시 부산광역시,부산광역시,부산광역시,https://info.nec.go.kr/electioninfo/candidate_detail_info.xhtml?electionId=0020260603&huboId=100164681,3건,공직선거법; 음주·위험운전; 폭력; 공무집행방해; 도로교통; 집시법,공직선거법; 음주·위험운전,1,공직선거법:공직선거법; 음주·위험운전:음주운전; 폭력:폭력행위; 공무집행방해:공무집행방해; 도로교통:도로교통법; 집시법:집회및시위|집회 및 시위
100164707,배관구,국민의힘,광역의원비례,부산광역시 부산광역시,부산광역시,부산광역시,https://info.nec.go.kr/electioninfo/candidate_detail_info.xhtml?electionId=0020260603&huboId=100164707,2건,교통사고; 공무집행방해,,0,교통사고:교통사고처리특례법|교통사고처리특례; 공무집행방해:공무집행방해
100165537,이우백,진보당,광역의원비례,부산광역시 부산광역시,부산광역시,부산광역시,https://info.nec.go.kr/electioninfo/candidate_detail_info.xhtml?electionId=0020260603&huboId=100165537,2건,폭력; 업무방해; 주거침입,,1,폭력:폭력행위; 업무방해:업무방해; 주거침입:주거침입
100165639,강규남,자유와혁신,광역의원비례,부산광역시 부산광역시,부산광역시,부산광역시,https://info.nec.go.kr/electioninfo/candidate_detail_info.xhtml?electionId=0020260603&huboId=100165639,1건,,,0,
100164606,유주동,더불어민주당,광역의원비례,서울특별시 서울특별시,서울특별시,서울특별시,https://info.nec.go.kr/electioninfo/candidate_detail_info.xhtml?electionId=0020260603&huboId=100164606,1건,음주·위험운전; 도로교통,음주·위험운전,1,음주·위험운전:음주운전; 도로교통:도로교통법
100164608,허윤정,더불어민주당,광역의원비례,서울특별시 서울특별시,서울특별시,서울특별시,https://info.nec.go.kr/electioninfo/candidate_detail_info.xhtml?electionId=0020260603&huboId=100164608,1건,음주·위험운전; 도로교통,음주·위험운전,1,음주·위험운전:음주운전; 도로교통:도로교통법
100164642,박유성,조국혁신당,광역의원비례,서울특별시 서울특별시,서울특별시,서울특별시,https://info.nec.go.kr/electioninfo/candidate_detail_info.xhtml?electionId=0020260603&huboId=100164642,1건,교통사고,,0,교통사고:교통사고처리특례
100164630,김용연,진보당,광역의원비례,서울특별시 서울특별시,서울특별시,서울특별시,https://info.nec.go.kr/electioninfo/candidate_detail_info.xhtml?electionId=0020260603&huboId=100164630,2건,공무집행방해; 도로교통; 집시법,,1,공무집행방해:공무집행방해; 도로교통:일반교통방해; 집시법:집회및시위|집회 및 시위
100164632,조항아,진보당,광역의원비례,서울특별시 서울특별시,서울특별시,서울특별시,https://info.nec.go.kr/electioninfo/candidate_detail_info.xhtml?electionId=0020260603&huboId=100164632,3건,공무집행방해; 업무방해; 도로교통; 집시법,,1,공무집행방해:공무집행방해; 업무방해:업무방해; 도로교통:일반교통방해; 집시법:집회및시위|집회 및 시위
100164628,최승현,기본소득당,광역의원비례,서울특별시 서울특별시,서울특별시,서울특별시,https://info.nec.go.kr/electioninfo/candidate_detail_info.xhtml?electionId=0020260603&huboId=100164628,2건,공직선거법; 도로교통; 집시법,공직선거법,1,공직선거법:공직선거법; 도로교통:일반교통방해; 집시법:집회및시위|집회 및 시위
100164620,김승윤,대한국민당,광역의원비례,서울특별시 서울특별시,서울특별시,서울특별시,https://info.nec.go.kr/electioninfo/candidate_detail_info.xhtml?electionId=0020260603&huboId=100164620,1건,,,0,
100164617,김자영,자유와혁신,광역의원비례,서울특별시 서울특별시,서울특별시,서울특별시,https://info.nec.go.kr/electioninfo/candidate_detail_info.xhtml?electionId=0020260603&huboId=100164617,1건,음주·위험운전; 도로교통,음주·위험운전,1,음주·위험운전:음주운전; 도로교통:도로교통법
100164618,정종태,자유와혁신,광역의원비례,서울특별시 서울특별시,서울특별시,서울특별시,https://info.nec.go.kr/electioninfo/candidate_detail_info.xhtml?electionId=0020260603&huboId=100164618,2건,노동,,1,노동:근로기준법
100165862,유경숙,친미연합,광역의원비례,서울특별시 서울특별시,서울특별시,서울특별시,https://info.nec.go.kr/electioninfo/candidate_detail_info.xhtml?electionId=0020260603&huboId=100165862,2건,재물손괴; 주거침입,,1,재물손괴:재물손괴; 주거침입:주거침입
100164147,김명숙,더불어민주당,광역의원비례,세종특별자치시 세종특별자치시,세종특별자치시,세종특별자치시,https://info.nec.go.kr/electioninfo/candidate_detail_info.xhtml?electionId=0020260603&huboId=100164147,1건,건축·건설·부동산,,1,건축·건설·부동산:부동산|국토의계획
100164034,허희정,더불어민주당,광역의원비례,울산광역시 울산광역시,울산광역시,울산광역시,https://info.nec.go.kr/electioninfo/candidate_detail_info.xhtml?electionId=0020260603&huboId=100164034,1건,정치자금법; 공직선거법,정치자금법; 공직선거법,1,정치자금법:정치자금법; 공직선거법:공직선거법
100164916,유다영,개혁신당,광역의원비례,울산광역시 울산광역시,울산광역시,울산광역시,https://info.nec.go.kr/electioninfo/candidate_detail_info.xhtml?electionId=0020260603&huboId=100164916,1건,사기; 보조금,사기; 보조금,1,사기:사기; 보조금:보조금관리에관한법률|보조금
100164777,김민경,진보당,광역의원비례,울산광역시 울산광역시,울산광역시,울산광역시,https://info.nec.go.kr/electioninfo/candidate_detail_info.xhtml?electionId=0020260603&huboId=100164777,1건,음주·위험운전; 도로교통,음주·위험운전,1,음주·위험운전:음주운전; 도로교통:도로교통법
100165319,최은경,더불어민주당,광역의원비례,인천광역시 인천광역시,인천광역시,인천광역시,https://info.nec.go.kr/electioninfo/candidate_detail_info.xhtml?electionId=0020260603&huboId=100165319,1건,식품·보건,,1,식품·보건:약사법
100165339,이순종,더불어민주당,광역의원비례,인천광역시 인천광역시,인천광역시,인천광역시,https://info.nec.go.kr/electioninfo/candidate_detail_info.xhtml?electionId=0020260603&huboId=100165339,1건,,,0,
100165299,고혜경,진보당,광역의원비례,인천광역시 인천광역시,인천광역시,인천광역시,https://info.nec.go.kr/electioninfo/candidate_detail_info.xhtml?electionId=0020260603&huboId=100165299,1건,폭력; 주거침입; 집시법,,1,폭력:폭력행위; 주거침입:주거침입; 집시법:집회및시위|집회 및 시위
100164706,이소희,공화당,광역의원비례,인천광역시 인천광역시,인천광역시,인천광역시,https://info.nec.go.kr/electioninfo/candidate_detail_info.xhtml?electionId=0020260603&huboId=100164706,2건,음주·위험운전; 도로교통; 모욕,음주·위험운전,1,음주·위험운전:음주운전; 도로교통:도로교통법; 모욕:모욕
100165649,이준설,자유와혁신,광역의원비례,인천광역시 인천광역시,인천광역시,인천광역시,https://info.nec.go.kr/electioninfo/candidate_detail_info.xhtml?electionId=0020260603&huboId=100165649,1건,교통사고,,1,교통사고:교통사고처리특례법|교통사고처리특례
100164772,박인숙,정의당,광역의원비례,인천광역시 인천광역시,인천광역시,인천광역시,https://info.nec.go.kr/electioninfo/candidate_detail_info.xhtml?electionId=0020260603&huboId=100164772,1건,폭력; 집시법,,1,폭력:상해; 집시법:집회및시위|집회 및 시위
100165701,장영선,국민당,광역의원비례,인천광역시 인천광역시,인천광역시,인천광역시,https://info.nec.go.kr/electioninfo/candidate_detail_info.xhtml?electionId=0020260603&huboId=100165701,1건,사기,사기,1,사기:사기
100165660,박병철,더불어민주당,광역의원비례,전북특별자치도 전북특별자치도,전북특별자치도,전북특별자치도,https://info.nec.go.kr/electioninfo/candidate_detail_info.xhtml?electionId=0020260603&huboId=100165660,1건,음주·위험운전; 도로교통,음주·위험운전,1,음주·위험운전:음주운전; 도로교통:도로교통법
100165487,고석준,더불어민주당,광역의원비례,제주특별자치도 제주특별자치도,제주특별자치도,제주특별자치도,https://info.nec.go.kr/electioninfo/candidate_detail_info.xhtml?electionId=0020260603&huboId=100165487,1건,음주·위험운전; 도로교통,음주·위험운전,1,음주·위험운전:음주운전; 도로교통:도로교통법
100165488,장희순,더불어민주당,광역의원비례,제주특별자치도 제주특별자치도,제주특별자치도,제주특별자치도,https://info.nec.go.kr/electioninfo/candidate_detail_info.xhtml?electionId=0020260603&huboId=100165488,1건,교통사고,,1,교통사고:교통사고처리특례법|교통사고처리특례
100165490,강영아,더불어민주당,광역의원비례,제주특별자치도 제주특별자치도,제주특별자치도,제주특별자치도,https://info.nec.go.kr/electioninfo/candidate_detail_info.xhtml?electionId=0020260603&huboId=100165490,1건,,,1,
100165491,임찬기,더불어민주당,광역의원비례,제주특별자치도 제주특별자치도,제주특별자치도,제주특별자치도,https://info.nec.go.kr/electioninfo/candidate_detail_info.xhtml?electionId=0020260603&huboId=100165491,2건,공직선거법; 도로교통,공직선거법,1,공직선거법:공직선거법; 도로교통:도로교통법
100165494,문영희,더불어민주당,광역의원비례,제주특별자치도 제주특별자치도,제주특별자치도,제주특별자치도,https://info.nec.go.kr/electioninfo/candidate_detail_info.xhtml?electionId=0020260603&huboId=100165494,1건,음주·위험운전; 도로교통,음주·위험운전,1,음주·위험운전:음주운전; 도로교통:도로교통법
100165495,강인철,더불어민주당,광역의원비례,제주특별자치도 제주특별자치도,제주특별자치도,제주특별자치도,https://info.nec.go.kr/electioninfo/candidate_detail_info.xhtml?electionId=0020260603&huboId=100165495,1건,공무집행방해; 집시법,,1,공무집행방해:공무집행방해; 집시법:집회및시위|집회 및 시위
100165210,이정한,국민의힘,광역의원비례,제주특별자치도 제주특별자치도,제주특별자치도,제주특별자치도,https://info.nec.go.kr/electioninfo/candidate_detail_info.xhtml?electionId=0020260603&huboId=100165210,1건,음주·위험운전; 도로교통,음주·위험운전,1,음주·위험운전:음주운전; 도로교통:도로교통법
100165217,박왕철,국민의힘,광역의원비례,제주특별자치도 제주특별자치도,제주특별자치도,제주특별자치도,https://info.nec.go.kr/electioninfo/candidate_detail_info.xhtml?electionId=0020260603&huboId=100165217,1건,폭력,,1,폭력:상해
100165221,김경애,국민의힘,광역의원비례,제주특별자치도 제주특별자치도,제주특별자치도,제주특별자치도,https://info.nec.go.kr/electioninfo/candidate_detail_info.xhtml?electionId=0020260603&huboId=100165221,1건,교통사고,,1,교통사고:교통사고처리특례법|교통사고처리특례
100164869,김혜지,조국혁신당,광역의원비례,제주특별자치도 제주특별자치도,제주특별자치도,제주특별자치도,https://info.nec.go.kr/electioninfo/candidate_detail_info.xhtml?electionId=0020260603&huboId=100164869,1건,도로교통,,1,도로교통:도로교통법
100165532,임수필,진보당,광역의원비례,제주특별자치도 제주특별자치도,제주특별자치도,제주특별자치도,https://info.nec.go.kr/electioninfo/candidate_detail_info.xhtml?electionId=0020260603&huboId=100165532,1건,폭력; 집시법,,1,폭력:폭력행위; 집시법:집회및시위|집회 및 시위
100164715,전형준,더불어민주당,광역의원비례,충청남도 충청남도,충청남도,충청남도,https://info.nec.go.kr/electioninfo/candidate_detail_info.xhtml?electionId=0020260603&huboId=100164715,1건,공직선거법; 폭력,공직선거법,1,공직선거법:공직선거법; 폭력:폭행
100164296,박희남,더불어민주당,광역의원비례,충청북도 충청북도,충청북도,충청북도,https://info.nec.go.kr/electioninfo/candidate_detail_info.xhtml?electionId=0020260603&huboId=100164296,1건,식품·보건,,1,식품·보건:식품위생법
100164320,엄문섭,더불어민주당,광역의원비례,충청북도 충청북도,충청북도,충청북도,https://info.nec.go.kr/electioninfo/candidate_detail_info.xhtml?electionId=0020260603&huboId=100164320,2건,음주·위험운전; 무면허운전; 도로교통,음주·위험운전; 무면허운전,0,음주·위험운전:음주운전; 무면허운전:무면허운전; 도로교통:도로교통법
100164294,허영옥,더불어민주당,광역의원비례,충청북도 충청북도,충청북도,충청북도,https://info.nec.go.kr/electioninfo/candidate_detail_info.xhtml?electionId=0020260603&huboId=100164294,1건,교육·청소년,,1,교육·청소년:영유아보육법
100164510,이재화,국민의힘,광역의원비례,충청북도 충청북도,충청북도,충청북도,https://info.nec.go.kr/electioninfo/candidate_detail_info.xhtml?electionId=0020260603&huboId=100164510,1건,사기; 횡령,사기; 횡령,0,사기:사기; 횡령:횡령
100164237,조승희,진보당,광역의원비례,충청북도 충청북도,충청북도,충청북도,https://info.nec.go.kr/electioninfo/candidate_detail_info.xhtml?electionId=0020260603&huboId=100164237,1건,업무방해,,1,업무방해:업무방해
100164365,이인선,정의당,광역의원비례,충청북도 충청북도,충청북도,충청북도,https://info.nec.go.kr/electioninfo/candidate_detail_info.xhtml?electionId=0020260603&huboId=100164365,3건,폭력; 도로교통; 식품·보건; 집시법,,1,폭력:폭력행위; 도로교통:일반교통방해; 식품·보건:감염병; 집시법:집회및시위|집회 및 시위
100164903,최재순,더불어민주당,기초의원비례,강원특별자치도 태백시,강원특별자치도,태백시,https://info.nec.go.kr/electioninfo/candidate_detail_info.xhtml?electionId=0020260603&huboId=100164903,1건,교통사고,,0,교통사고:교통사고처리특례법|교통사고처리특례
100164179,박근호,국민의힘,기초의원비례,강원특별자치도 홍천군,강원특별자치도,홍천군,https://info.nec.go.kr/electioninfo/candidate_detail_info.xhtml?electionId=0020260603&huboId=100164179,2건,,,0,
100164063,최상미,국민의힘,기초의원비례,강원특별자치도 영월군,강원특별자치도,영월군,https://info.nec.go.kr/electioninfo/candidate_detail_info.xhtml?electionId=0020260603&huboId=100164063,1건,공직선거법,공직선거법,0,공직선거법:공직선거법
100164251,김은경,국민의힘,기초의원비례,강원특별자치도 화천군,강원특별자치도,화천군,https://info.nec.go.kr/electioninfo/candidate_detail_info.xhtml?electionId=0020260603&huboId=100164251,1건,공직선거법; 명예훼손,공직선거법,1,공직선거법:공직선거법; 명예훼손:명예훼손
100164428,정영애,더불어민주당,기초의원비례,강원특별자치도 고성군,강원특별자치도,고성군,https://info.nec.go.kr/electioninfo/candidate_detail_info.xhtml?electionId=0020260603&huboId=100164428,6건,식품·보건; 건축·건설·부동산,,1,식품·보건:식품위생법; 건축·건설·부동산:개발제한구역
100165627,오복자,더불어민주당,기초의원비례,경기도 수원시,경기도,수원시,https://info.nec.go.kr/electioninfo/candidate_detail_info.xhtml?electionId=0020260603&huboId=100165627,1건,무면허운전; 도로교통,무면허운전,1,무면허운전:무면허운전; 도로교통:도로교통법
100164351,한주연,더불어민주당,기초의원비례,경기도 고양시,경기도,고양시,https://info.nec.go.kr/electioninfo/candidate_detail_info.xhtml?electionId=0020260603&huboId=100164351,2건,공직선거법; 음주·위험운전; 도로교통,공직선거법; 음주·위험운전,1,공직선거법:공직선거법; 음주·위험운전:음주운전; 도로교통:도로교통법
100164335,김영선,국민의힘,기초의원비례,경기도 고양시,경기도,고양시,https://info.nec.go.kr/electioninfo/candidate_detail_info.xhtml?electionId=0020260603&huboId=100164335,1건,명예훼손,,1,명예훼손:명예훼손
100164222,정명희,국민의힘,기초의원비례,경기도 화성시,경기도,화성시,https://info.nec.go.kr/electioninfo/candidate_detail_info.xhtml?electionId=0020260603&huboId=100164222,2건,공직선거법; 식품·보건; 건축·건설·부동산,공직선거법,1,공직선거법:공직선거법; 식품·보건:식품위생법; 건축·건설·부동산:건축법
100165774,김두일,국민의힘,기초의원비례,경기도 성남시,경기도,성남시,https://info.nec.go.kr/electioninfo/candidate_detail_info.xhtml?electionId=0020260603&huboId=100165774,4건,배임; 폭력; 도로교통,배임,1,배임:배임; 폭력:폭력행위; 도로교통:도로교통법
100165413,김정화,국민의힘,기초의원비례,경기도 부천시,경기도,부천시,https://info.nec.go.kr/electioninfo/candidate_detail_info.xhtml?electionId=0020260603&huboId=100165413,1건,공직선거법; 교통사고,공직선거법,1,공직선거법:공직선거법; 교통사고:교통사고처리특례법|교통사고처리특례
100164961,김선미,더불어민주당,기초의원비례,경기도 파주시,경기도,파주시,https://info.nec.go.kr/electioninfo/candidate_detail_info.xhtml?electionId=0020260603&huboId=100164961,1건,음주·위험운전; 도로교통,음주·위험운전,1,음주·위험운전:음주운전; 도로교통:도로교통법
100164104,김상덕,더불어민주당,기초의원비례,경기도 광주시,경기도,광주시,https://info.nec.go.kr/electioninfo/candidate_detail_info.xhtml?electionId=0020260603&huboId=100164104,1건,음주·위험운전; 도로교통,음주·위험운전,1,음주·위험운전:음주운전; 도로교통:도로교통법
100164157,김민희,더불어민주당,기초의원비례,경기도 오산시,경기도,오산시,https://info.nec.go.kr/electioninfo/candidate_detail_info.xhtml?electionId=0020260603&huboId=100164157,1건,교통사고,,0,교통사고:교통사고처리특례법|교통사고처리특례
100164276,한완수,더불어민주당,기초의원비례,경기도 동두천시,경기도,동두천시,https://info.nec.go.kr/electioninfo/candidate_detail_info.xhtml?electionId=0020260603&huboId=100164276,1건,공무집행방해,,0,공무집행방해:공무집행방해
100164517,안현정,개혁신당,기초의원비례,경상남도 창원시,경상남도,창원시,https://info.nec.go.kr/electioninfo/candidate_detail_info.xhtml?electionId=0020260603&huboId=100164517,1건,공직선거법,공직선거법,1,공직선거법:공직선거법
100165354,주선미,더불어민주당,기초의원비례,경상남도 진주시,경상남도,진주시,https://info.nec.go.kr/electioninfo/candidate_detail_info.xhtml?electionId=0020260603&huboId=100165354,1건,무면허운전; 교통사고; 도로교통,무면허운전,1,무면허운전:무면허운전; 교통사고:교통사고처리특례법|교통사고처리특례; 도로교통:도로교통법
100164695,강길선,국민의힘,기초의원비례,경상남도 진주시,경상남도,진주시,https://info.nec.go.kr/electioninfo/candidate_detail_info.xhtml?electionId=0020260603&huboId=100164695,2건,공직선거법; 교육·청소년,공직선거법,1,공직선거법:공직선거법; 교육·청소년:영유아보육법
100165278,이선임,진보당,기초의원비례,경상남도 진주시,경상남도,진주시,https://info.nec.go.kr/electioninfo/candidate_detail_info.xhtml?electionId=0020260603&huboId=100165278,1건,폭력; 주거침입,,1,폭력:폭력행위; 주거침입:주거침입
100165302,김경희,더불어민주당,기초의원비례,경상남도 통영시,경상남도,통영시,https://info.nec.go.kr/electioninfo/candidate_detail_info.xhtml?electionId=0020260603&huboId=100165302,1건,횡령; 공직선거법,횡령; 공직선거법,1,횡령:횡령; 공직선거법:공직선거법
100165365,이영숙,더불어민주당,기초의원비례,경상남도 김해시,경상남도,김해시,https://info.nec.go.kr/electioninfo/candidate_detail_info.xhtml?electionId=0020260603&huboId=100165365,1건,음주·위험운전; 교통사고,음주·위험운전,1,음주·위험운전:음주운전; 교통사고:교통사고처리특례법|교통사고처리특례
100165156,강승연,국민의힘,기초의원비례,경상남도 김해시,경상남도,김해시,https://info.nec.go.kr/electioninfo/candidate_detail_info.xhtml?electionId=0020260603&huboId=100165156,2건,사법방해; 교육·청소년,,1,사법방해:위증; 교육·청소년:영유아보육법
100164528,김광중,더불어민주당,기초의원비례,경상남도 거제시,경상남도,거제시,https://info.nec.go.kr/electioninfo/candidate_detail_info.xhtml?electionId=0020260603&huboId=100164528,1건,폭력,,1,폭력:폭력행위|상해
100164496,신수정,국민의힘,기초의원비례,경상남도 거제시,경상남도,거제시,https://info.nec.go.kr/electioninfo/candidate_detail_info.xhtml?electionId=0020260603&huboId=100164496,1건,도로교통,,1,도로교통:도로교통법
100164432,이순천,더불어민주당,기초의원비례,경상남도 양산시,경상남도,양산시,https://info.nec.go.kr/electioninfo/candidate_detail_info.xhtml?electionId=0020260603&huboId=100164432,1건,폭력,,1,폭력:폭력행위|상해
100164898,최연화,국민의힘,기초의원비례,경상남도 양산시,경상남도,양산시,https://info.nec.go.kr/electioninfo/candidate_detail_info.xhtml?electionId=0020260603&huboId=100164898,1건,음주·위험운전; 도로교통,음주·위험운전,1,음주·위험운전:음주운전; 도로교통:도로교통법
100165011,오경주,국민의힘,기초의원비례,경상남도 의령군,경상남도,의령군,https://info.nec.go.kr/electioninfo/candidate_detail_info.xhtml?electionId=0020260603&huboId=100165011,1건,농수산,,1,농수산:농수산물의원산지표시|원산지표시
100164514,하미옥,더불어민주당,기초의원비례,경상남도 함안군,경상남도,함안군,https://info.nec.go.kr/electioninfo/candidate_detail_info.xhtml?electionId=0020260603&huboId=100164514,1건,공직선거법; 교통사고,공직선거법,1,공직선거법:공직선거법; 교통사고:교통사고처리특례법|교통사고처리특례
100164844,유향,국민의힘,기초의원비례,경상남도 하동군,경상남도,하동군,https://info.nec.go.kr/electioninfo/candidate_detail_info.xhtml?electionId=0020260603&huboId=100164844,1건,음주·위험운전; 도로교통,음주·위험운전,1,음주·위험운전:음주운전; 도로교통:도로교통법
100164288,백종숙,더불어민주당,기초의원비례,경상남도 거창군,경상남도,거창군,https://info.nec.go.kr/electioninfo/candidate_detail_info.xhtml?electionId=0020260603&huboId=100164288,1건,공직선거법; 공무집행방해,공직선거법,1,공직선거법:공직선거법; 공무집행방해:공무집행방해
100164806,김승리,국민의힘,기초의원비례,경상북도 포항시,경상북도,포항시,https://info.nec.go.kr/electioninfo/candidate_detail_info.xhtml?electionId=0020260603&huboId=100164806,1건,폭력; 공무집행방해,,1,폭력:상해; 공무집행방해:공무집행방해
100165360,배정희,국민의힘,기초의원비례,경상북도 김천시,경상북도,김천시,https://info.nec.go.kr/electioninfo/candidate_detail_info.xhtml?electionId=0020260603&huboId=100165360,2건,공직선거법; 음주·위험운전; 교통사고; 도로교통,공직선거법; 음주·위험운전,1,공직선거법:공직선거법; 음주·위험운전:음주운전; 교통사고:교통사고처리특례법|교통사고처리특례; 도로교통:도로교통법
100164264,김미경,국민의힘,기초의원비례,경상북도 안동시,경상북도,안동시,https://info.nec.go.kr/electioninfo/candidate_detail_info.xhtml?electionId=0020260603&huboId=100164264,1건,사기,사기,1,사기:사기
100164268,김홍기,국민의힘,기초의원비례,경상북도 안동시,경상북도,안동시,https://info.nec.go.kr/electioninfo/candidate_detail_info.xhtml?electionId=0020260603&huboId=100164268,1건,공직선거법; 음주·위험운전; 도로교통,공직선거법; 음주·위험운전,1,공직선거법:공직선거법; 음주·위험운전:음주운전; 도로교통:도로교통법
100165359,오경숙,더불어민주당,기초의원비례,경상북도 구미시,경상북도,구미시,https://info.nec.go.kr/electioninfo/candidate_detail_info.xhtml?electionId=0020260603&huboId=100165359,1건,공직선거법; 자동차관리,공직선거법,1,공직선거법:공직선거법; 자동차관리:자동차관리법
100165096,임명섭,국민의힘,기초의원비례,경상북도 구미시,경상북도,구미시,https://info.nec.go.kr/electioninfo/candidate_detail_info.xhtml?electionId=0020260603&huboId=100165096,1건,공직선거법; 폭력,공직선거법,1,공직선거법:공직선거법; 폭력:폭력행위
100165097,김서정,국민의힘,기초의원비례,경상북도 구미시,경상북도,구미시,https://info.nec.go.kr/electioninfo/candidate_detail_info.xhtml?electionId=0020260603&huboId=100165097,1건,교육·청소년,,1,교육·청소년:청소년보호법
100165483,김명희,국민의힘,기초의원비례,경상북도 영천시,경상북도,영천시,https://info.nec.go.kr/electioninfo/candidate_detail_info.xhtml?electionId=0020260603&huboId=100165483,1건,공직선거법; 교통사고,공직선거법,1,공직선거법:공직선거법; 교통사고:교통사고처리특례법|교통사고처리특례
100165618,김장환,국민의힘,기초의원비례,경상북도 상주시,경상북도,상주시,https://info.nec.go.kr/electioninfo/candidate_detail_info.xhtml?electionId=0020260603&huboId=100165618,2건,,,0,
100164545,윤형호,국민의힘,기초의원비례,경상북도 의성군,경상북도,의성군,https://info.nec.go.kr/electioninfo/candidate_detail_info.xhtml?electionId=0020260603&huboId=100164545,1건,음주·위험운전; 도로교통,음주·위험운전,1,음주·위험운전:음주운전; 도로교통:도로교통법
100164442,황성경,국민의힘,기초의원비례,경상북도 청송군,경상북도,청송군,https://info.nec.go.kr/electioninfo/candidate_detail_info.xhtml?electionId=0020260603&huboId=100164442,1건,,,0,
100164698,김영희,국민의힘,기초의원비례,경상북도 봉화군,경상북도,봉화군,https://info.nec.go.kr/electioninfo/candidate_detail_info.xhtml?electionId=0020260603&huboId=100164698,1건,,,0,
100164891,박명숙,국민의힘,기초의원비례,경상북도 울진군,경상북도,울진군,https://info.nec.go.kr/electioninfo/candidate_detail_info.xhtml?electionId=0020260603&huboId=100164891,1건,공직선거법; 음주·위험운전,공직선거법; 음주·위험운전,1,공직선거법:공직선거법; 음주·위험운전:음주운전
100164166,나성주,더불어민주당,기초의원비례,광주광역시 서구,광주광역시,서구,https://info.nec.go.kr/electioninfo/candidate_detail_info.xhtml?electionId=0020260603&huboId=100164166,2건,사기; 공직선거법,사기; 공직선거법,1,사기:사기; 공직선거법:공직선거법
100165367,민영혜,국민의힘,기초의원비례,대구광역시 동구,대구광역시,동구,https://info.nec.go.kr/electioninfo/candidate_detail_info.xhtml?electionId=0020260603&huboId=100165367,1건,특가법; 음주·위험운전; 도로교통,특가법; 음주·위험운전,1,특가법:특정범죄가중처벌; 음주·위험운전:음주운전; 도로교통:도로교통법
100165461,배영희,개혁신당,기초의원비례,대구광역시 수성구,대구광역시,수성구,https://info.nec.go.kr/electioninfo/candidate_detail_info.xhtml?electionId=0020260603&huboId=100165461,1건,교육·청소년,,1,교육·청소년:청소년보호법
100165241,최혜연,더불어민주당,기초의원비례,대전광역시 서구,대전광역시,서구,https://info.nec.go.kr/electioninfo/candidate_detail_info.xhtml?electionId=0020260603&huboId=100165241,1건,교통사고,,1,교통사고:교통사고처리특례법|교통사고처리특례
100165386,김보경,국민의힘,기초의원비례,부산광역시 영도구,부산광역시,영도구,https://info.nec.go.kr/electioninfo/candidate_detail_info.xhtml?electionId=0020260603&huboId=100165386,1건,,,0,
100165326,고은지,국민의힘,기초의원비례,부산광역시 부산진구,부산광역시,부산진구,https://info.nec.go.kr/electioninfo/candidate_detail_info.xhtml?electionId=0020260603&huboId=100165326,1건,명예훼손,,1,명예훼손:명예훼손
100165337,박미점,국민의힘,기초의원비례,부산광역시 부산진구,부산광역시,부산진구,https://info.nec.go.kr/electioninfo/candidate_detail_info.xhtml?electionId=0020260603&huboId=100165337,1건,,,1,
100165065,양영진,국민의힘,기초의원비례,부산광역시 사하구,부산광역시,사하구,https://info.nec.go.kr/electioninfo/candidate_detail_info.xhtml?electionId=0020260603&huboId=100165065,1건,음주·위험운전; 도로교통,음주·위험운전,1,음주·위험운전:음주운전; 도로교통:도로교통법
100165548,권보성,국민의힘,기초의원비례,부산광역시 금정구,부산광역시,금정구,https://info.nec.go.kr/electioninfo/candidate_detail_info.xhtml?electionId=0020260603&huboId=100165548,1건,교통사고,,1,교통사고:교통사고처리특례법|교통사고처리특례
100165170,양민아,국민의힘,기초의원비례,서울특별시 종로구,서울특별시,종로구,https://info.nec.go.kr/electioninfo/candidate_detail_info.xhtml?electionId=0020260603&huboId=100165170,1건,공직선거법,공직선거법,1,공직선거법:공직선거법
100165075,김순자,국민의힘,기초의원비례,서울특별시 동대문구,서울특별시,동대문구,https://info.nec.go.kr/electioninfo/candidate_detail_info.xhtml?electionId=0020260603&huboId=100165075,3건,폭력; 도로교통,,1,폭력:폭력행위; 도로교통:도로교통법
100165318,하금연,국민의힘,기초의원비례,서울특별시 도봉구,서울특별시,도봉구,https://info.nec.go.kr/electioninfo/candidate_detail_info.xhtml?electionId=0020260603&huboId=100165318,1건,공직선거법; 보험·금융,공직선거법,1,공직선거법:공직선거법; 보험·금융:부정수표단속법
100164529,이채원,국민의힘,기초의원비례,서울특별시 마포구,서울특별시,마포구,https://info.nec.go.kr/electioninfo/candidate_detail_info.xhtml?electionId=0020260603&huboId=100164529,1건,공직선거법,공직선거법,1,공직선거법:공직선거법
100165004,문영식,더불어민주당,기초의원비례,서울특별시 강서구,서울특별시,강서구,https://info.nec.go.kr/electioninfo/candidate_detail_info.xhtml?electionId=0020260603&huboId=100165004,2건,음주·위험운전; 교통사고; 도로교통,음주·위험운전,1,음주·위험운전:음주운전; 교통사고:교통사고처리특례법|교통사고처리특례; 도로교통:도로교통법
100164860,노미진,더불어민주당,기초의원비례,서울특별시 강남구,서울특별시,강남구,https://info.nec.go.kr/electioninfo/candidate_detail_info.xhtml?electionId=0020260603&huboId=100164860,2건,음주·위험운전; 도로교통; 건축·건설·부동산,음주·위험운전,1,음주·위험운전:음주운전; 도로교통:도로교통법; 건축·건설·부동산:개발제한구역
100164747,김여진,국민의힘,기초의원비례,울산광역시 북구,울산광역시,북구,https://info.nec.go.kr/electioninfo/candidate_detail_info.xhtml?electionId=0020260603&huboId=100164747,2건,음주·위험운전; 도로교통,음주·위험운전,1,음주·위험운전:음주운전; 도로교통:도로교통법
100165815,김훈임,국민의힘,기초의원비례,인천광역시 제물포구,인천광역시,제물포구,https://info.nec.go.kr/electioninfo/candidate_detail_info.xhtml?electionId=0020260603&huboId=100165815,1건,음주·위험운전,음주·위험운전,1,음주·위험운전:음주운전
100164719,고화숙,더불어민주당,기초의원비례,인천광역시 부평구,인천광역시,부평구,https://info.nec.go.kr/electioninfo/candidate_detail_info.xhtml?electionId=0020260603&huboId=100164719,1건,업무방해; 집시법; 모욕,,1,업무방해:업무방해; 집시법:집회및시위|집회 및 시위; 모욕:모욕
100164780,홍육례,더불어민주당,기초의원비례,인천광역시 서구,인천광역시,서구,https://info.nec.go.kr/electioninfo/candidate_detail_info.xhtml?electionId=0020260603&huboId=100164780,1건,무면허운전; 도로교통,무면허운전,0,무면허운전:무면허운전; 도로교통:도로교통법
100165271,홍건숙,더불어민주당,기초의원비례,전라남도 목포시,전라남도,목포시,https://info.nec.go.kr/electioninfo/candidate_detail_info.xhtml?electionId=0020260603&huboId=100165271,1건,폭력,,1,폭력:폭력행위|상해
100164902,정영란,진보당,기초의원비례,전라남도 목포시,전라남도,목포시,https://info.nec.go.kr/electioninfo/candidate_detail_info.xhtml?electionId=0020260603&huboId=100164902,1건,공직선거법; 폭력; 공무집행방해; 국가보안법; 집시법,공직선거법,1,공직선거법:공직선거법; 폭력:폭력행위; 공무집행방해:공무집행방해; 국가보안법:국가보안법; 집시법:집회및시위|집회 및 시위
100165189,김남곤,정의당,기초의원비례,전라남도 목포시,전라남도,목포시,https://info.nec.go.kr/electioninfo/candidate_detail_info.xhtml?electionId=0020260603&huboId=100165189,3건,공직선거법; 음주·위험운전; 도로교통; 국가보안법,공직선거법; 음주·위험운전,1,공직선거법:공직선거법; 음주·위험운전:음주운전; 도로교통:도로교통법; 국가보안법:국가보안법
100165710,곽인숙,더불어민주당,기초의원비례,전라남도 여수시,전라남도,여수시,https://info.nec.go.kr/electioninfo/candidate_detail_info.xhtml?electionId=0020260603&huboId=100165710,3건,보조금; 식품·보건,보조금,1,보조금:보조금; 식품·보건:공중위생관리법
100164730,김옥화,더불어민주당,기초의원비례,전라남도 장흥군,전라남도,장흥군,https://info.nec.go.kr/electioninfo/candidate_detail_info.xhtml?electionId=0020260603&huboId=100164730,1건,업무방해,,1,업무방해:업무방해
100164733,김동미,더불어민주당,기초의원비례,전라남도 장흥군,전라남도,장흥군,https://info.nec.go.kr/electioninfo/candidate_detail_info.xhtml?electionId=0020260603&huboId=100164733,1건,폭력,,1,폭력:폭력행위|상해
100164361,김미경,더불어민주당,기초의원비례,전라남도 해남군,전라남도,해남군,https://info.nec.go.kr/electioninfo/candidate_detail_info.xhtml?electionId=0020260603&huboId=100164361,1건,지방공무원법,,0,지방공무원법:지방공무원법
100165816,김선옥,더불어민주당,기초의원비례,전라남도 영광군,전라남도,영광군,https://info.nec.go.kr/electioninfo/candidate_detail_info.xhtml?electionId=0020260603&huboId=100165816,1건,공직선거법,공직선거법,1,공직선거법:공직선거법
100165827,신재석,더불어민주당,기초의원비례,전북특별자치도 전주시,전북특별자치도,전주시,https://info.nec.go.kr/electioninfo/candidate_detail_info.xhtml?electionId=0020260603&huboId=100165827,2건,공직선거법,공직선거법,1,공직선거법:공직선거법
100165685,박다혜,더불어민주당,기초의원비례,전북특별자치도 군산시,전북특별자치도,군산시,https://info.nec.go.kr/electioninfo/candidate_detail_info.xhtml?electionId=0020260603&huboId=100165685,1건,공직선거법; 폭력; 주거침입,공직선거법,1,공직선거법:공직선거법; 폭력:폭력행위; 주거침입:주거침입
100165750,전기수,더불어민주당,기초의원비례,전북특별자치도 군산시,전북특별자치도,군산시,https://info.nec.go.kr/electioninfo/candidate_detail_info.xhtml?electionId=0020260603&huboId=100165750,2건,폭력; 업무방해,,1,폭력:폭행; 업무방해:업무방해
100165795,이중연,더불어민주당,기초의원비례,전북특별자치도 익산시,전북특별자치도,익산시,https://info.nec.go.kr/electioninfo/candidate_detail_info.xhtml?electionId=0020260603&huboId=100165795,1건,허위공문서·문서위조·공용서류,허위공문서·문서위조·공용서류,1,허위공문서·문서위조·공용서류:사문서|위조
100165602,정경원,더불어민주당,기초의원비례,전북특별자치도 김제시,전북특별자치도,김제시,https://info.nec.go.kr/electioninfo/candidate_detail_info.xhtml?electionId=0020260603&huboId=100165602,1건,공직선거법; 음주·위험운전; 도로교통,공직선거법; 음주·위험운전,1,공직선거법:공직선거법; 음주·위험운전:음주운전; 도로교통:도로교통법
100165789,전춘순,더불어민주당,기초의원비례,충청남도 보령시,충청남도,보령시,https://info.nec.go.kr/electioninfo/candidate_detail_info.xhtml?electionId=0020260603&huboId=100165789,1건,,,0,
100165260,강순자,국민의힘,기초의원비례,충청남도 보령시,충청남도,보령시,https://info.nec.go.kr/electioninfo/candidate_detail_info.xhtml?electionId=0020260603&huboId=100165260,1건,배임,배임,1,배임:배임
100164967,정란홍,더불어민주당,기초의원비례,충청남도 아산시,충청남도,아산시,https://info.nec.go.kr/electioninfo/candidate_detail_info.xhtml?electionId=0020260603&huboId=100164967,1건,보험·금융,,1,보험·금융:자동차손해배상보장법
100164257,김미영,국민의힘,기초의원비례,충청남도 부여군,충청남도,부여군,https://info.nec.go.kr/electioninfo/candidate_detail_info.xhtml?electionId=0020260603&huboId=100164257,1건,음주·위험운전; 도로교통,음주·위험운전,1,음주·위험운전:음주운전; 도로교통:도로교통법
100164969,김옥자,더불어민주당,기초의원비례,충청남도 예산군,충청남도,예산군,https://info.nec.go.kr/electioninfo/candidate_detail_info.xhtml?electionId=0020260603&huboId=100164969,3건,음주·위험운전; 무면허운전; 도로교통,음주·위험운전; 무면허운전,1,음주·위험운전:음주운전; 무면허운전:무면허운전; 도로교통:도로교통법
100165530,최성미,국민의힘,기초의원비례,충청남도 태안군,충청남도,태안군,https://info.nec.go.kr/electioninfo/candidate_detail_info.xhtml?electionId=0020260603&huboId=100165530,1건,공직선거법; 국가보안법,공직선거법,1,공직선거법:공직선거법; 국가보안법:국가보안법
100164244,변상호,더불어민주당,기초의원비례,충청북도 청주시,충청북도,청주시,https://info.nec.go.kr/electioninfo/candidate_detail_info.xhtml?electionId=0020260603&huboId=100164244,4건,음주·위험운전; 도로교통,음주·위험운전,1,음주·위험운전:음주운전; 도로교통:도로교통법
100164256,최익수,국민의힘,기초의원비례,충청북도 청주시,충청북도,청주시,https://info.nec.go.kr/electioninfo/candidate_detail_info.xhtml?electionId=0020260603&huboId=100164256,2건,음주·위험운전; 도로교통,음주·위험운전,1,음주·위험운전:음주운전; 도로교통:도로교통법
100164271,이소영,진보당,기초의원비례,충청북도 청주시,충청북도,청주시,https://info.nec.go.kr/electioninfo/candidate_detail_info.xhtml?electionId=0020260603&huboId=100164271,2건,폭력; 업무방해; 주거침입,,1,폭력:폭력행위|상해; 업무방해:업무방해; 주거침입:주거침입
100164061,이향숙,더불어민주당,기초의원비례,충청북도 증평군,충청북도,증평군,https://info.nec.go.kr/electioninfo/candidate_detail_info.xhtml?electionId=0020260603&huboId=100164061,1건,교통사고,,1,교통사고:교통사고처리특례법|교통사고처리특례
100164052,김은영,국민의힘,기초의원비례,충청북도 증평군,충청북도,증평군,https://info.nec.go.kr/electioninfo/candidate_detail_info.xhtml?electionId=0020260603&huboId=100164052,1건,식품·보건; 교육·청소년,,1,식품·보건:식품위생법; 교육·청소년:청소년보호법
100164567,정필순,더불어민주당,기초의원비례,충청북도 진천군,충청북도,진천군,https://info.nec.go.kr/electioninfo/candidate_detail_info.xhtml?electionId=0020260603&huboId=100164567,1건,폭력; 공무집행방해; 업무방해; 집시법,,1,폭력:폭력행위; 공무집행방해:공무집행방해; 업무방해:업무방해; 집시법:집회및시위|집회 및 시위
100165570,박소현,더불어민주당,기초의원비례,충청북도 단양군,충청북도,단양군,https://info.nec.go.kr/electioninfo/candidate_detail_info.xhtml?electionId=0020260603&huboId=100165570,1건,공직선거법; 음주·위험운전; 도로교통,공직선거법; 음주·위험운전,1,공직선거법:공직선거법; 음주·위험운전:음주운전; 도로교통:도로교통법
100153797,안민석,무소속,교육감,경기도 경기도,경기도,경기도,https://info.nec.go.kr/electioninfo/candidate_detail_info.xhtml?electionId=0020260603&huboId=100153797,2건,폭력; 공무집행방해,,1,폭력:상해; 공무집행방해:공무집행방해
100153751,오인태,무소속,교육감,경상남도 경상남도,경상남도,경상남도,https://info.nec.go.kr/electioninfo/candidate_detail_info.xhtml?electionId=0020260603&huboId=100153751,1건,도로교통,,1,도로교통:도로교통법
100153784,송영기,무소속,교육감,경상남도 경상남도,경상남도,경상남도,https://info.nec.go.kr/electioninfo/candidate_detail_info.xhtml?electionId=0020260603&huboId=100153784,1건,국가공무원법,,1,국가공무원법:국가공무원법
100153805,이용기,무소속,교육감,경상북도 경상북도,경상북도,경상북도,https://info.nec.go.kr/electioninfo/candidate_detail_info.xhtml?electionId=0020260603&huboId=100153805,1건,국가공무원법,,1,국가공무원법:국가공무원법
100162085,임성무,무소속,교육감,대구광역시 대구광역시,대구광역시,대구광역시,https://info.nec.go.kr/electioninfo/candidate_detail_info.xhtml?electionId=0020260603&huboId=100162085,2건,음주·위험운전; 폭력; 도로교통,음주·위험운전,1,음주·위험운전:음주운전; 폭력:상해; 도로교통:도로교통법
100153737,진동규,무소속,교육감,대전광역시 대전광역시,대전광역시,대전광역시,https://info.nec.go.kr/electioninfo/candidate_detail_info.xhtml?electionId=0020260603&huboId=100153737,1건,음주·위험운전; 도로교통,음주·위험운전,1,음주·위험운전:음주운전; 도로교통:도로교통법
100162788,김석준,무소속,교육감,부산광역시 부산광역시,부산광역시,부산광역시,https://info.nec.go.kr/electioninfo/candidate_detail_info.xhtml?electionId=0020260603&huboId=100162788,1건,도로교통; 집시법,,1,도로교통:일반교통방해; 집시법:집회및시위|집회 및 시위
100153800,김영배,무소속,교육감,서울특별시 서울특별시,서울특별시,서울특별시,https://info.nec.go.kr/electioninfo/candidate_detail_info.xhtml?electionId=0020260603&huboId=100153800,3건,허위공문서·문서위조·공용서류; 자동차관리; 저작권법,허위공문서·문서위조·공용서류,1,허위공문서·문서위조·공용서류:공기호부정사용|부정사용공기호; 자동차관리:자동차관리법; 저작권법:저작권법
100155563,한만중,무소속,교육감,서울특별시 서울특별시,서울특별시,서울특별시,https://info.nec.go.kr/electioninfo/candidate_detail_info.xhtml?electionId=0020260603&huboId=100155563,1건,직권남용; 국가공무원법,직권남용,1,직권남용:직권남용; 국가공무원법:국가공무원법
100153778,홍제남,무소속,교육감,서울특별시 서울특별시,서울특별시,서울특별시,https://info.nec.go.kr/electioninfo/candidate_detail_info.xhtml?electionId=0020260603&huboId=100153778,2건,허위공문서·문서위조·공용서류; 집시법,허위공문서·문서위조·공용서류,1,허위공문서·문서위조·공용서류:사문서|위조; 집시법:집회및시위|집회 및 시위
100153758,임전수,무소속,교육감,세종특별자치시 세종특별자치시,세종특별자치시,세종특별자치시,https://info.nec.go.kr/electioninfo/candidate_detail_info.xhtml?electionId=0020260603&huboId=100153758,2건,폭력; 공무집행방해; 주거침입; 집시법; 국가공무원법,,1,폭력:폭력행위|공동폭행|폭행; 공무집행방해:공무집행방해; 주거침입:주거침입; 집시법:집회및시위|집회 및 시위; 국가공무원법:국가공무원법
100160241,조용식,무소속,교육감,울산광역시 울산광역시,울산광역시,울산광역시,https://info.nec.go.kr/electioninfo/candidate_detail_info.xhtml?electionId=0020260603&huboId=100160241,3건,음주·위험운전; 도로교통; 명예훼손,음주·위험운전,0,음주·위험운전:음주운전; 도로교통:도로교통법|일반교통방해; 명예훼손:명예훼손
100153776,임병구,무소속,교육감,인천광역시 인천광역시,인천광역시,인천광역시,https://info.nec.go.kr/electioninfo/candidate_detail_info.xhtml?electionId=0020260603&huboId=100153776,2건,폭력; 업무방해; 집시법; 국가공무원법,,1,폭력:폭력행위; 업무방해:업무방해; 집시법:집회및시위|집회 및 시위; 국가공무원법:국가공무원법
100162806,김광수,무소속,교육감,제주특별자치도 제주특별자치도,제주특별자치도,제주특별자치도,https://info.nec.go.kr/electioninfo/candidate_detail_info.xhtml?electionId=0020260603&huboId=100162806,1건,,,1,
100153791,이병학,무소속,교육감,충청남도 충청남도,충청남도,충청남도,https://info.nec.go.kr/electioninfo/candidate_detail_info.xhtml?electionId=0020260603&huboId=100153791,1건,뇌물; 특가법,뇌물; 특가법,1,뇌물:뇌물; 특가법:특정범죄가중처벌
