huboid,name,party,office,region,sdName,sggName,nec_detail_url,tax_arrears_5y_thousand_krw,tax_arrears_5y_display,tax_arrears_current_thousand_krw,criminal_record_disclosure
100161543,서영훈,국민의힘,구시군의회의원,충청남도 당진시나선거구,충청남도,당진시나선거구,https://info.nec.go.kr/electioninfo/candidate_detail_info.xhtml?electionId=0020260603&huboId=100161543,1322058,13.2억원,0,없음
100162674,조동탁,국민의힘,시도의원,서울특별시 강동구제4선거구,서울특별시,강동구제4선거구,https://info.nec.go.kr/electioninfo/candidate_detail_info.xhtml?electionId=0020260603&huboId=100162674,774985,7.7억원,0,1건
100156814,한일용,국민의힘,시도의원,서울특별시 마포구제3선거구,서울특별시,마포구제3선거구,https://info.nec.go.kr/electioninfo/candidate_detail_info.xhtml?electionId=0020260603&huboId=100156814,651075,6.5억원,0,없음
100165019,최영순,기독당,광역의원비례,경기도 경기도,경기도,경기도,https://info.nec.go.kr/electioninfo/candidate_detail_info.xhtml?electionId=0020260603&huboId=100165019,389436,3.9억원,359831,없음
100164938,장일남,더불어민주당,기초의원비례,경기도 성남시,경기도,성남시,https://info.nec.go.kr/electioninfo/candidate_detail_info.xhtml?electionId=0020260603&huboId=100164938,371121,3.7억원,0,없음
100160788,구미선,더불어민주당,구시군의회의원,서울특별시 은평구마선거구,서울특별시,은평구마선거구,https://info.nec.go.kr/electioninfo/candidate_detail_info.xhtml?electionId=0020260603&huboId=100160788,342166,3.4억원,249419,없음
100155716,조용수,더불어민주당,구시군의회의원,전북특별자치도 남원시가선거구,전북특별자치도,남원시가선거구,https://info.nec.go.kr/electioninfo/candidate_detail_info.xhtml?electionId=0020260603&huboId=100155716,325734,3.3억원,325734,없음
100160734,김한기,무소속,구시군의회의원,전북특별자치도 임실군다선거구,전북특별자치도,임실군다선거구,https://info.nec.go.kr/electioninfo/candidate_detail_info.xhtml?electionId=0020260603&huboId=100160734,285785,2.9억원,279134,2건
100161878,정경민,국민의힘,구시군의회의원,경기도 파주시가선거구,경기도,파주시가선거구,https://info.nec.go.kr/electioninfo/candidate_detail_info.xhtml?electionId=0020260603&huboId=100161878,283653,2.8억원,280503,없음
100154578,손훈모,더불어민주당,기초단체장,전라남도 순천시,전라남도,순천시,https://info.nec.go.kr/electioninfo/candidate_detail_info.xhtml?electionId=0020260603&huboId=100154578,257508,2.6억원,0,없음
100157039,전재석,무소속,구시군의회의원,경상남도 사천시라선거구,경상남도,사천시라선거구,https://info.nec.go.kr/electioninfo/candidate_detail_info.xhtml?electionId=0020260603&huboId=100157039,158407,1.6억원,0,없음
100165585,김경훈,무소속,시도의원,경상북도 구미시제1선거구,경상북도,구미시제1선거구,https://info.nec.go.kr/electioninfo/candidate_detail_info.xhtml?electionId=0020260603&huboId=100165585,157319,1.6억원,150653,1건
100159615,이철우,무소속,기초단체장,경상남도 함양군,경상남도,함양군,https://info.nec.go.kr/electioninfo/candidate_detail_info.xhtml?electionId=0020260603&huboId=100159615,154135,1.5억원,0,2건
100162489,김호경,국민의힘,시도의원,서울특별시 관악구제4선거구,서울특별시,관악구제4선거구,https://info.nec.go.kr/electioninfo/candidate_detail_info.xhtml?electionId=0020260603&huboId=100162489,148303,1.5억원,0,1건
100155292,김성수,국민의힘,구시군의회의원,충청북도 청주시타선거구,충청북도,청주시타선거구,https://info.nec.go.kr/electioninfo/candidate_detail_info.xhtml?electionId=0020260603&huboId=100155292,147413,1.5억원,0,없음
100163054,전혜란,무소속,구시군의회의원,충청북도 단양군나선거구,충청북도,단양군나선거구,https://info.nec.go.kr/electioninfo/candidate_detail_info.xhtml?electionId=0020260603&huboId=100163054,143145,1.4억원,69238,없음
100162099,신동윤,국민의힘,구시군의회의원,대구광역시 달성군라선거구,대구광역시,달성군라선거구,https://info.nec.go.kr/electioninfo/candidate_detail_info.xhtml?electionId=0020260603&huboId=100162099,132283,1.3억원,0,2건
100159781,조승준,더불어민주당,구시군의회의원,전라남도 담양군나선거구,전라남도,담양군나선거구,https://info.nec.go.kr/electioninfo/candidate_detail_info.xhtml?electionId=0020260603&huboId=100159781,117346,1.2억원,0,3건
100158649,설경민,더불어민주당,구시군의회의원,전북특별자치도 군산시나선거구,전북특별자치도,군산시나선거구,https://info.nec.go.kr/electioninfo/candidate_detail_info.xhtml?electionId=0020260603&huboId=100158649,109044,1.1억원,0,없음
100161998,김명숙,더불어민주당,시도의원,경기도 평택시제2선거구,경기도,평택시제2선거구,https://info.nec.go.kr/electioninfo/candidate_detail_info.xhtml?electionId=0020260603&huboId=100161998,108018,1.1억원,0,없음
100164973,김혜영,국민의힘,구시군의회의원,경기도 평택시라선거구,경기도,평택시라선거구,https://info.nec.go.kr/electioninfo/candidate_detail_info.xhtml?electionId=0020260603&huboId=100164973,106502,1.1억원,0,없음
100165338,권진희,더불어민주당,기초의원비례,경상남도 김해시,경상남도,김해시,https://info.nec.go.kr/electioninfo/candidate_detail_info.xhtml?electionId=0020260603&huboId=100165338,103746,1억원,0,없음
100159512,임은두,더불어민주당,구시군의회의원,전북특별자치도 임실군나선거구,전북특별자치도,임실군나선거구,https://info.nec.go.kr/electioninfo/candidate_detail_info.xhtml?electionId=0020260603&huboId=100159512,102940,1억원,0,1건
100159999,이두원,무소속,기초단체장,충청남도 홍성군,충청남도,홍성군,https://info.nec.go.kr/electioninfo/candidate_detail_info.xhtml?electionId=0020260603&huboId=100159999,101037,1억원,20075,2건
100161225,박무봉,무소속,구시군의회의원,강원특별자치도 태백시가선거구,강원특별자치도,태백시가선거구,https://info.nec.go.kr/electioninfo/candidate_detail_info.xhtml?electionId=0020260603&huboId=100161225,99955,"9,996만원",57982,11건
100159106,진호건,더불어민주당,시도의원,전남광주통합특별시 곡성군선거구,전남광주통합특별시,곡성군선거구,https://info.nec.go.kr/electioninfo/candidate_detail_info.xhtml?electionId=0020260603&huboId=100159106,89953,"8,995만원",0,없음
100165548,권보성,국민의힘,기초의원비례,부산광역시 금정구,부산광역시,금정구,https://info.nec.go.kr/electioninfo/candidate_detail_info.xhtml?electionId=0020260603&huboId=100165548,74961,"7,496만원",0,1건
100158796,손경식,국민의힘,구시군의회의원,경상북도 안동시바선거구,경상북도,안동시바선거구,https://info.nec.go.kr/electioninfo/candidate_detail_info.xhtml?electionId=0020260603&huboId=100158796,67766,"6,777만원",52288,1건
100154803,정근효,진보당,시도의원,제주특별자치도 제주특별자치도 제주시 연동을선거구,제주특별자치도,제주특별자치도 제주시 연동을선거구,https://info.nec.go.kr/electioninfo/candidate_detail_info.xhtml?electionId=0020260603&huboId=100154803,65652,"6,565만원",0,없음
100161260,김혜란,국민의힘,구시군의회의원,경상남도 창원시나선거구,경상남도,창원시나선거구,https://info.nec.go.kr/electioninfo/candidate_detail_info.xhtml?electionId=0020260603&huboId=100161260,62425,"6,243만원",0,1건
100165493,이현철,더불어민주당,광역의원비례,제주특별자치도 제주특별자치도,제주특별자치도,제주특별자치도,https://info.nec.go.kr/electioninfo/candidate_detail_info.xhtml?electionId=0020260603&huboId=100165493,55924,"5,592만원",0,없음
100158581,양아영,국민의힘,구시군의회의원,경상북도 포항시바선거구,경상북도,포항시바선거구,https://info.nec.go.kr/electioninfo/candidate_detail_info.xhtml?electionId=0020260603&huboId=100158581,55528,"5,553만원",21567,1건
100157757,정재충,무소속,구시군의회의원,경상북도 안동시라선거구,경상북도,안동시라선거구,https://info.nec.go.kr/electioninfo/candidate_detail_info.xhtml?electionId=0020260603&huboId=100157757,52659,"5,266만원",46618,없음
100162619,오태원,국민의힘,기초단체장,부산광역시 북구,부산광역시,북구,https://info.nec.go.kr/electioninfo/candidate_detail_info.xhtml?electionId=0020260603&huboId=100162619,52238,"5,224만원",0,1건
100160160,전연석,국민의힘,구시군의회의원,충청남도 금산군나선거구,충청남도,금산군나선거구,https://info.nec.go.kr/electioninfo/candidate_detail_info.xhtml?electionId=0020260603&huboId=100160160,50587,"5,059만원",0,3건
100156578,김영회,더불어민주당,구시군의회의원,서울특별시 강서구가선거구,서울특별시,강서구가선거구,https://info.nec.go.kr/electioninfo/candidate_detail_info.xhtml?electionId=0020260603&huboId=100156578,48546,"4,855만원",0,없음
100158385,최원병,국민의힘,시도의원,강원특별자치도 원주시제5선거구,강원특별자치도,원주시제5선거구,https://info.nec.go.kr/electioninfo/candidate_detail_info.xhtml?electionId=0020260603&huboId=100158385,45461,"4,546만원",0,1건
100157901,황소제,더불어민주당,구시군의회의원,경기도 광주시다선거구,경기도,광주시다선거구,https://info.nec.go.kr/electioninfo/candidate_detail_info.xhtml?electionId=0020260603&huboId=100157901,44769,"4,477만원",0,없음
100163187,김익만,무소속,구시군의회의원,전라남도 장흥군가선거구,전라남도,장흥군가선거구,https://info.nec.go.kr/electioninfo/candidate_detail_info.xhtml?electionId=0020260603&huboId=100163187,44487,"4,449만원",44487,없음
100165310,강보람,조국혁신당,기초의원비례,전북특별자치도 김제시,전북특별자치도,김제시,https://info.nec.go.kr/electioninfo/candidate_detail_info.xhtml?electionId=0020260603&huboId=100165310,40274,"4,027만원",39639,없음
100155398,한정민,더불어민주당,구시군의회의원,전라남도 순천시자선거구,전라남도,순천시자선거구,https://info.nec.go.kr/electioninfo/candidate_detail_info.xhtml?electionId=0020260603&huboId=100155398,38713,"3,871만원",0,1건
100165854,이지용,국민의힘,구시군의회의원,인천광역시 미추홀구가선거구,인천광역시,미추홀구가선거구,https://info.nec.go.kr/electioninfo/candidate_detail_info.xhtml?electionId=0020260603&huboId=100165854,36819,"3,682만원",26412,2건
100155986,김정애,더불어민주당,시도의원,서울특별시 관악구제4선거구,서울특별시,관악구제4선거구,https://info.nec.go.kr/electioninfo/candidate_detail_info.xhtml?electionId=0020260603&huboId=100155986,35285,"3,529만원",0,없음
100160944,최선경,더불어민주당,구시군의회의원,충청남도 홍성군가선거구,충청남도,홍성군가선거구,https://info.nec.go.kr/electioninfo/candidate_detail_info.xhtml?electionId=0020260603&huboId=100160944,35207,"3,521만원",0,1건
100162444,남희태,무소속,시도의원,경상북도 경산시제2선거구,경상북도,경산시제2선거구,https://info.nec.go.kr/electioninfo/candidate_detail_info.xhtml?electionId=0020260603&huboId=100162444,33017,"3,302만원",0,4건
100158417,권영학,국민의힘,구시군의회의원,경기도 화성시자선거구,경기도,화성시자선거구,https://info.nec.go.kr/electioninfo/candidate_detail_info.xhtml?electionId=0020260603&huboId=100158417,32282,"3,228만원",0,없음
100163879,김진숙,더불어민주당,구시군의회의원,경기도 안산시나선거구,경기도,안산시나선거구,https://info.nec.go.kr/electioninfo/candidate_detail_info.xhtml?electionId=0020260603&huboId=100163879,31827,"3,183만원",31827,없음
100161495,이상빈,조국혁신당,구시군의회의원,서울특별시 강서구가선거구,서울특별시,강서구가선거구,https://info.nec.go.kr/electioninfo/candidate_detail_info.xhtml?electionId=0020260603&huboId=100161495,30974,"3,097만원",0,없음
100161325,박성만,더불어민주당,구시군의회의원,전북특별자치도 고창군가선거구,전북특별자치도,고창군가선거구,https://info.nec.go.kr/electioninfo/candidate_detail_info.xhtml?electionId=0020260603&huboId=100161325,29822,"2,982만원",0,1건
100160467,박세훈,국민의힘,기초단체장,인천광역시 검단구,인천광역시,검단구,https://info.nec.go.kr/electioninfo/candidate_detail_info.xhtml?electionId=0020260603&huboId=100160467,29633,"2,963만원",0,1건
100158170,손득호,개혁신당,구시군의회의원,강원특별자치도 동해시가선거구,강원특별자치도,동해시가선거구,https://info.nec.go.kr/electioninfo/candidate_detail_info.xhtml?electionId=0020260603&huboId=100158170,29225,"2,923만원",27698,1건
100162363,손효원,더불어민주당,구시군의회의원,대구광역시 서구가선거구,대구광역시,서구가선거구,https://info.nec.go.kr/electioninfo/candidate_detail_info.xhtml?electionId=0020260603&huboId=100162363,28577,"2,858만원",0,없음
100165149,주은숙,조국혁신당,기초의원비례,충청남도 천안시,충청남도,천안시,https://info.nec.go.kr/electioninfo/candidate_detail_info.xhtml?electionId=0020260603&huboId=100165149,28555,"2,856만원",0,없음
100162509,김호식,무소속,구시군의회의원,경상북도 경주시나선거구,경상북도,경주시나선거구,https://info.nec.go.kr/electioninfo/candidate_detail_info.xhtml?electionId=0020260603&huboId=100162509,28198,"2,820만원",0,2건
100162655,빈호준,국민의힘,구시군의회의원,경기도 안산시사선거구,경기도,안산시사선거구,https://info.nec.go.kr/electioninfo/candidate_detail_info.xhtml?electionId=0020260603&huboId=100162655,27736,"2,774만원",0,3건
100157639,조은희,더불어민주당,시도의원,전북특별자치도 익산시제2선거구,전북특별자치도,익산시제2선거구,https://info.nec.go.kr/electioninfo/candidate_detail_info.xhtml?electionId=0020260603&huboId=100157639,27494,"2,749만원",0,1건
100162591,김희영,국민의힘,구시군의회의원,경기도 용인시사선거구,경기도,용인시사선거구,https://info.nec.go.kr/electioninfo/candidate_detail_info.xhtml?electionId=0020260603&huboId=100162591,26936,"2,694만원",0,없음
100160119,권광기,더불어민주당,구시군의회의원,경상북도 청송군가선거구,경상북도,청송군가선거구,https://info.nec.go.kr/electioninfo/candidate_detail_info.xhtml?electionId=0020260603&huboId=100160119,26555,"2,656만원",0,3건
100156077,노광자,더불어민주당,구시군의회의원,서울특별시 관악구나선거구,서울특별시,관악구나선거구,https://info.nec.go.kr/electioninfo/candidate_detail_info.xhtml?electionId=0020260603&huboId=100156077,26432,"2,643만원",0,없음
100156020,최광선,국민의힘,시도의원,충청남도 예산군제1선거구,충청남도,예산군제1선거구,https://info.nec.go.kr/electioninfo/candidate_detail_info.xhtml?electionId=0020260603&huboId=100156020,25918,"2,592만원",0,없음
100156368,연주현,국민의힘,구시군의회의원,경기도 구리시나선거구,경기도,구리시나선거구,https://info.nec.go.kr/electioninfo/candidate_detail_info.xhtml?electionId=0020260603&huboId=100156368,25784,"2,578만원",17933,2건
100160564,김윤희,더불어민주당,구시군의회의원,서울특별시 강남구사선거구,서울특별시,강남구사선거구,https://info.nec.go.kr/electioninfo/candidate_detail_info.xhtml?electionId=0020260603&huboId=100160564,25066,"2,507만원",0,없음
100165624,조은희,국민의힘,기초의원비례,경상북도 상주시,경상북도,상주시,https://info.nec.go.kr/electioninfo/candidate_detail_info.xhtml?electionId=0020260603&huboId=100165624,24654,"2,465만원",0,없음
100157302,장재호,무소속,구시군의회의원,경상북도 김천시바선거구,경상북도,김천시바선거구,https://info.nec.go.kr/electioninfo/candidate_detail_info.xhtml?electionId=0020260603&huboId=100157302,23681,"2,368만원",3433,10건
100156697,이기범,더불어민주당,구시군의회의원,경기도 수원시타선거구,경기도,수원시타선거구,https://info.nec.go.kr/electioninfo/candidate_detail_info.xhtml?electionId=0020260603&huboId=100156697,23568,"2,357만원",0,없음
100162116,최재규,국민의힘,시도의원,대구광역시 달성군제2선거구,대구광역시,달성군제2선거구,https://info.nec.go.kr/electioninfo/candidate_detail_info.xhtml?electionId=0020260603&huboId=100162116,23516,"2,352만원",0,없음
100164707,배관구,국민의힘,광역의원비례,부산광역시 부산광역시,부산광역시,부산광역시,https://info.nec.go.kr/electioninfo/candidate_detail_info.xhtml?electionId=0020260603&huboId=100164707,22763,"2,276만원",0,2건
100161059,한규창,국민의힘,구시군의회의원,인천광역시 검단구나선거구,인천광역시,검단구나선거구,https://info.nec.go.kr/electioninfo/candidate_detail_info.xhtml?electionId=0020260603&huboId=100161059,21652,"2,165만원",0,1건
100165193,김봉환,개혁신당,광역의원비례,경상북도 경상북도,경상북도,경상북도,https://info.nec.go.kr/electioninfo/candidate_detail_info.xhtml?electionId=0020260603&huboId=100165193,21015,"2,102만원",0,1건
100165433,최인정,국민의힘,기초의원비례,서울특별시 관악구,서울특별시,관악구,https://info.nec.go.kr/electioninfo/candidate_detail_info.xhtml?electionId=0020260603&huboId=100165433,20912,"2,091만원",0,없음
100163211,김영환,국민의힘,시도지사,충청북도 충청북도,충청북도,충청북도,https://info.nec.go.kr/electioninfo/candidate_detail_info.xhtml?electionId=0020260603&huboId=100163211,20878,"2,088만원",0,없음
100158850,김재곤,국민의힘,구시군의회의원,경상북도 봉화군다선거구,경상북도,봉화군다선거구,https://info.nec.go.kr/electioninfo/candidate_detail_info.xhtml?electionId=0020260603&huboId=100158850,20732,"2,073만원",0,9건
100164618,정종태,자유와혁신,광역의원비례,서울특별시 서울특별시,서울특별시,서울특별시,https://info.nec.go.kr/electioninfo/candidate_detail_info.xhtml?electionId=0020260603&huboId=100164618,20276,"2,028만원",17102,2건
100155144,윤영섭,국민의힘,구시군의회의원,경기도 남양주시가선거구,경기도,남양주시가선거구,https://info.nec.go.kr/electioninfo/candidate_detail_info.xhtml?electionId=0020260603&huboId=100155144,20097,"2,010만원",14620,1건
100157541,김진선,국민의힘,기초단체장,서울특별시 강서구,서울특별시,강서구,https://info.nec.go.kr/electioninfo/candidate_detail_info.xhtml?electionId=0020260603&huboId=100157541,19404,"1,940만원",0,없음
100156803,박상준,더불어민주당,기초단체장,부산광역시 강서구,부산광역시,강서구,https://info.nec.go.kr/electioninfo/candidate_detail_info.xhtml?electionId=0020260603&huboId=100156803,18976,"1,898만원",0,없음
100159215,윤상훈,국민의힘,구시군의회의원,경기도 포천시나선거구,경기도,포천시나선거구,https://info.nec.go.kr/electioninfo/candidate_detail_info.xhtml?electionId=0020260603&huboId=100159215,18300,"1,830만원",0,없음
100158353,박정호,국민의힘,시도의원,경상북도 포항시제8선거구,경상북도,포항시제8선거구,https://info.nec.go.kr/electioninfo/candidate_detail_info.xhtml?electionId=0020260603&huboId=100158353,18143,"1,814만원",0,3건
100163673,윤태길,국민의힘,시도의원,경기도 하남시제4선거구,경기도,하남시제4선거구,https://info.nec.go.kr/electioninfo/candidate_detail_info.xhtml?electionId=0020260603&huboId=100163673,18080,"1,808만원",0,3건
100160016,이의명,더불어민주당,구시군의회의원,인천광역시 옹진군다선거구,인천광역시,옹진군다선거구,https://info.nec.go.kr/electioninfo/candidate_detail_info.xhtml?electionId=0020260603&huboId=100160016,18079,"1,808만원",17079,3건
100160746,김근영,더불어민주당,구시군의회의원,부산광역시 연제구나선거구,부산광역시,연제구나선거구,https://info.nec.go.kr/electioninfo/candidate_detail_info.xhtml?electionId=0020260603&huboId=100160746,17656,"1,766만원",0,없음
100156608,서동수,더불어민주당,구시군의회의원,전북특별자치도 군산시가선거구,전북특별자치도,군산시가선거구,https://info.nec.go.kr/electioninfo/candidate_detail_info.xhtml?electionId=0020260603&huboId=100156608,17609,"1,761만원",0,1건
100160767,손말남,국민의힘,구시군의회의원,경상북도 경산시가선거구,경상북도,경산시가선거구,https://info.nec.go.kr/electioninfo/candidate_detail_info.xhtml?electionId=0020260603&huboId=100160767,16377,"1,638만원",0,3건
100160298,전영탁,더불어민주당,구시군의회의원,경상북도 영주시바선거구,경상북도,영주시바선거구,https://info.nec.go.kr/electioninfo/candidate_detail_info.xhtml?electionId=0020260603&huboId=100160298,16160,"1,616만원",0,1건
100159419,양해영,무소속,구시군의회의원,전라남도 곡성군나선거구,전라남도,곡성군나선거구,https://info.nec.go.kr/electioninfo/candidate_detail_info.xhtml?electionId=0020260603&huboId=100159419,15711,"1,571만원",0,5건
100160312,윤대영,국민의힘,구시군의회의원,충청북도 진천군가선거구,충청북도,진천군가선거구,https://info.nec.go.kr/electioninfo/candidate_detail_info.xhtml?electionId=0020260603&huboId=100160312,15101,"1,510만원",0,없음
100157190,이문선,무소속,구시군의회의원,강원특별자치도 강릉시다선거구,강원특별자치도,강릉시다선거구,https://info.nec.go.kr/electioninfo/candidate_detail_info.xhtml?electionId=0020260603&huboId=100157190,15056,"1,506만원",2549,2건
100163996,강덕수,자유민주당,구시군의회의원,대구광역시 남구다선거구,대구광역시,남구다선거구,https://info.nec.go.kr/electioninfo/candidate_detail_info.xhtml?electionId=0020260603&huboId=100163996,15046,"1,505만원",13412,없음
100153791,이병학,무소속,교육감,충청남도 충청남도,충청남도,충청남도,https://info.nec.go.kr/electioninfo/candidate_detail_info.xhtml?electionId=0020260603&huboId=100153791,14989,"1,499만원",0,1건
100157398,서용덕,더불어민주당,구시군의회의원,대구광역시 중구가선거구,대구광역시,중구가선거구,https://info.nec.go.kr/electioninfo/candidate_detail_info.xhtml?electionId=0020260603&huboId=100157398,14956,"1,496만원",0,없음
100162846,안준수,무소속,구시군의회의원,경상북도 포항시다선거구,경상북도,포항시다선거구,https://info.nec.go.kr/electioninfo/candidate_detail_info.xhtml?electionId=0020260603&huboId=100162846,14369,"1,437만원",0,없음
100157504,이병길,국민의힘,시도의원,경기도 남양주시제8선거구,경기도,남양주시제8선거구,https://info.nec.go.kr/electioninfo/candidate_detail_info.xhtml?electionId=0020260603&huboId=100157504,14067,"1,407만원",11667,없음
100157043,김현희,더불어민주당,구시군의회의원,서울특별시 강서구라선거구,서울특별시,강서구라선거구,https://info.nec.go.kr/electioninfo/candidate_detail_info.xhtml?electionId=0020260603&huboId=100157043,13910,"1,391만원",13562,없음
100161222,전남주,조국혁신당,구시군의회의원,전라남도 신안군나선거구,전라남도,신안군나선거구,https://info.nec.go.kr/electioninfo/candidate_detail_info.xhtml?electionId=0020260603&huboId=100161222,13498,"1,350만원",13101,2건
100161751,윤영수,국민의힘,구시군의회의원,경상북도 김천시사선거구,경상북도,김천시사선거구,https://info.nec.go.kr/electioninfo/candidate_detail_info.xhtml?electionId=0020260603&huboId=100161751,13400,"1,340만원",0,2건
100163412,박현욱,국민의힘,시도의원,제주특별자치도 제주특별자치도 제주시 일도2동선거구,제주특별자치도,제주특별자치도 제주시 일도2동선거구,https://info.nec.go.kr/electioninfo/candidate_detail_info.xhtml?electionId=0020260603&huboId=100163412,13227,"1,323만원",14918,없음
100155097,윤지영,더불어민주당,시도의원,강원특별자치도 춘천시제1선거구,강원특별자치도,춘천시제1선거구,https://info.nec.go.kr/electioninfo/candidate_detail_info.xhtml?electionId=0020260603&huboId=100155097,13172,"1,317만원",0,없음
100157800,박해영,국민의힘,시도의원,경상남도 창원시제3선거구,경상남도,창원시제3선거구,https://info.nec.go.kr/electioninfo/candidate_detail_info.xhtml?electionId=0020260603&huboId=100157800,13150,"1,315만원",0,1건
100163553,이동한,더불어민주당,구시군의회의원,경기도 군포시다선거구,경기도,군포시다선거구,https://info.nec.go.kr/electioninfo/candidate_detail_info.xhtml?electionId=0020260603&huboId=100163553,12829,"1,283만원",0,2건
100159227,노성진,국민의힘,구시군의회의원,경상남도 통영시나선거구,경상남도,통영시나선거구,https://info.nec.go.kr/electioninfo/candidate_detail_info.xhtml?electionId=0020260603&huboId=100159227,12790,"1,279만원",0,3건
100159796,양광,더불어민주당,구시군의회의원,전라남도 진도군가선거구,전라남도,진도군가선거구,https://info.nec.go.kr/electioninfo/candidate_detail_info.xhtml?electionId=0020260603&huboId=100159796,12741,"1,274만원",9067,없음
100157479,김선임,더불어민주당,구시군의회의원,경기도 성남시나선거구,경기도,성남시나선거구,https://info.nec.go.kr/electioninfo/candidate_detail_info.xhtml?electionId=0020260603&huboId=100157479,12662,"1,266만원",0,없음
100155756,강충환,더불어민주당,구시군의회의원,경기도 안성시나선거구,경기도,안성시나선거구,https://info.nec.go.kr/electioninfo/candidate_detail_info.xhtml?electionId=0020260603&huboId=100155756,12321,"1,232만원",0,1건
100156722,정토근,무소속,구시군의회의원,경기도 안성시다선거구,경기도,안성시다선거구,https://info.nec.go.kr/electioninfo/candidate_detail_info.xhtml?electionId=0020260603&huboId=100156722,12319,"1,232만원",0,3건
100163004,장정순,더불어민주당,구시군의회의원,경기도 용인시아선거구,경기도,용인시아선거구,https://info.nec.go.kr/electioninfo/candidate_detail_info.xhtml?electionId=0020260603&huboId=100163004,12312,"1,231만원",0,없음
100163694,우태주,개혁신당,구시군의회의원,경기도 용인시카선거구,경기도,용인시카선거구,https://info.nec.go.kr/electioninfo/candidate_detail_info.xhtml?electionId=0020260603&huboId=100163694,12136,"1,214만원",0,1건
100165859,임성훈,무소속,구시군의회의원,전라남도 화순군나선거구,전라남도,화순군나선거구,https://info.nec.go.kr/electioninfo/candidate_detail_info.xhtml?electionId=0020260603&huboId=100165859,12103,"1,210만원",0,1건
100163368,조용석,무소속,구시군의회의원,강원특별자치도 원주시나선거구,강원특별자치도,원주시나선거구,https://info.nec.go.kr/electioninfo/candidate_detail_info.xhtml?electionId=0020260603&huboId=100163368,11996,"1,200만원",0,없음
100163031,공기환,국민의힘,구시군의회의원,서울특별시 양천구가선거구,서울특별시,양천구가선거구,https://info.nec.go.kr/electioninfo/candidate_detail_info.xhtml?electionId=0020260603&huboId=100163031,11553,"1,155만원",0,없음
100157772,김기준,더불어민주당,구시군의회의원,경기도 남양주시사선거구,경기도,남양주시사선거구,https://info.nec.go.kr/electioninfo/candidate_detail_info.xhtml?electionId=0020260603&huboId=100157772,11539,"1,154만원",0,없음
100162546,박미정,국민의힘,구시군의회의원,서울특별시 서초구가선거구,서울특별시,서초구가선거구,https://info.nec.go.kr/electioninfo/candidate_detail_info.xhtml?electionId=0020260603&huboId=100162546,11307,"1,131만원",0,없음
100163005,김규학,더불어민주당,시도의원,대구광역시 북구제5선거구,대구광역시,북구제5선거구,https://info.nec.go.kr/electioninfo/candidate_detail_info.xhtml?electionId=0020260603&huboId=100163005,11190,"1,119만원",0,1건
100162163,오시백,더불어민주당,구시군의회의원,충청북도 단양군나선거구,충청북도,단양군나선거구,https://info.nec.go.kr/electioninfo/candidate_detail_info.xhtml?electionId=0020260603&huboId=100162163,11091,"1,109만원",0,1건
100164243,전순자,국민의힘,광역의원비례,충청남도 충청남도,충청남도,충청남도,https://info.nec.go.kr/electioninfo/candidate_detail_info.xhtml?electionId=0020260603&huboId=100164243,11013,"1,101만원",0,없음
100160363,이춘복,무소속,구시군의회의원,전라남도 보성군가선거구,전라남도,보성군가선거구,https://info.nec.go.kr/electioninfo/candidate_detail_info.xhtml?electionId=0020260603&huboId=100160363,10978,"1,098만원",0,5건
100164100,정희정,국민의힘,기초의원비례,강원특별자치도 정선군,강원특별자치도,정선군,https://info.nec.go.kr/electioninfo/candidate_detail_info.xhtml?electionId=0020260603&huboId=100164100,10967,"1,097만원",0,없음
100164108,손경수,더불어민주당,기초의원비례,충청북도 충주시,충청북도,충주시,https://info.nec.go.kr/electioninfo/candidate_detail_info.xhtml?electionId=0020260603&huboId=100164108,10856,"1,086만원",0,없음
100164339,김익규,무소속,구시군의회의원,강원특별자치도 인제군가선거구,강원특별자치도,인제군가선거구,https://info.nec.go.kr/electioninfo/candidate_detail_info.xhtml?electionId=0020260603&huboId=100164339,10854,"1,085만원",10854,5건
100162612,김동준,무소속,구시군의회의원,경상북도 의성군다선거구,경상북도,의성군다선거구,https://info.nec.go.kr/electioninfo/candidate_detail_info.xhtml?electionId=0020260603&huboId=100162612,10709,"1,071만원",0,1건
100160594,구본길,더불어민주당,구시군의회의원,충청남도 공주시가선거구,충청남도,공주시가선거구,https://info.nec.go.kr/electioninfo/candidate_detail_info.xhtml?electionId=0020260603&huboId=100160594,10617,"1,062만원",0,1건
100157511,조은우,더불어민주당,구시군의회의원,경상남도 창원시차선거구,경상남도,창원시차선거구,https://info.nec.go.kr/electioninfo/candidate_detail_info.xhtml?electionId=0020260603&huboId=100157511,10538,"1,054만원",0,없음
100163913,장현수,국민의힘,시도의원,서울특별시 관악구제5선거구,서울특별시,관악구제5선거구,https://info.nec.go.kr/electioninfo/candidate_detail_info.xhtml?electionId=0020260603&huboId=100163913,10502,"1,050만원",5449,없음
100156851,오병관,더불어민주당,구시군의회의원,광주광역시 서구나선거구,광주광역시,서구나선거구,https://info.nec.go.kr/electioninfo/candidate_detail_info.xhtml?electionId=0020260603&huboId=100156851,10444,"1,044만원",0,1건
100158439,김병연,무소속,구시군의회의원,인천광역시 강화군나선거구,인천광역시,강화군나선거구,https://info.nec.go.kr/electioninfo/candidate_detail_info.xhtml?electionId=0020260603&huboId=100158439,10433,"1,043만원",0,15건
100165589,송치용,사회민주당,광역의원비례,경기도 경기도,경기도,경기도,https://info.nec.go.kr/electioninfo/candidate_detail_info.xhtml?electionId=0020260603&huboId=100165589,10342,"1,034만원",0,3건
100161612,김언지,국민의힘,구시군의회의원,울산광역시 남구가선거구,울산광역시,남구가선거구,https://info.nec.go.kr/electioninfo/candidate_detail_info.xhtml?electionId=0020260603&huboId=100161612,10274,"1,027만원",0,없음
100163106,김기환,더불어민주당,시도의원,제주특별자치도 제주특별자치도 제주시 이도2동갑선거구,제주특별자치도,제주특별자치도 제주시 이도2동갑선거구,https://info.nec.go.kr/electioninfo/candidate_detail_info.xhtml?electionId=0020260603&huboId=100163106,10242,"1,024만원",0,없음
100160319,김명원,국민의힘,구시군의회의원,부산광역시 기장군가선거구,부산광역시,기장군가선거구,https://info.nec.go.kr/electioninfo/candidate_detail_info.xhtml?electionId=0020260603&huboId=100160319,10238,"1,024만원",0,없음
100161914,황현철,국민의힘,구시군의회의원,경상북도 울진군다선거구,경상북도,울진군다선거구,https://info.nec.go.kr/electioninfo/candidate_detail_info.xhtml?electionId=0020260603&huboId=100161914,10182,"1,018만원",0,2건
100156309,김용균,국민의힘,구시군의회의원,충청남도 당진시라선거구,충청남도,당진시라선거구,https://info.nec.go.kr/electioninfo/candidate_detail_info.xhtml?electionId=0020260603&huboId=100156309,10144,"1,014만원",0,1건
100163052,임종훈,무소속,구시군의회의원,전북특별자치도 고창군나선거구,전북특별자치도,고창군나선거구,https://info.nec.go.kr/electioninfo/candidate_detail_info.xhtml?electionId=0020260603&huboId=100163052,10082,"1,008만원",0,없음
100165250,김영록,국민의힘,광역의원비례,경상남도 경상남도,경상남도,경상남도,https://info.nec.go.kr/electioninfo/candidate_detail_info.xhtml?electionId=0020260603&huboId=100165250,9757,976만원,139,1건
100155502,박종일,무소속,구시군의회의원,전북특별자치도 익산시자선거구,전북특별자치도,익산시자선거구,https://info.nec.go.kr/electioninfo/candidate_detail_info.xhtml?electionId=0020260603&huboId=100155502,9693,969만원,0,없음
100163920,이정훈,무소속,구시군의회의원,충청남도 계룡시나선거구,충청남도,계룡시나선거구,https://info.nec.go.kr/electioninfo/candidate_detail_info.xhtml?electionId=0020260603&huboId=100163920,9572,957만원,9572,2건
100165318,하금연,국민의힘,기초의원비례,서울특별시 도봉구,서울특별시,도봉구,https://info.nec.go.kr/electioninfo/candidate_detail_info.xhtml?electionId=0020260603&huboId=100165318,9549,955만원,8554,1건
100155374,송치윤,더불어민주당,구시군의회의원,충청남도 서산시가선거구,충청남도,서산시가선거구,https://info.nec.go.kr/electioninfo/candidate_detail_info.xhtml?electionId=0020260603&huboId=100155374,9528,953만원,0,1건
100162450,정성호,국민의힘,시도의원,서울특별시 구로구제4선거구,서울특별시,구로구제4선거구,https://info.nec.go.kr/electioninfo/candidate_detail_info.xhtml?electionId=0020260603&huboId=100162450,9512,951만원,9512,1건
100160254,김신웅,더불어민주당,시도의원,대전광역시 서구제5선거구,대전광역시,서구제5선거구,https://info.nec.go.kr/electioninfo/candidate_detail_info.xhtml?electionId=0020260603&huboId=100160254,9466,947만원,0,없음
100160074,성민호,국민의힘,구시군의회의원,경기도 수원시파선거구,경기도,수원시파선거구,https://info.nec.go.kr/electioninfo/candidate_detail_info.xhtml?electionId=0020260603&huboId=100160074,9410,941만원,0,없음
100161533,허민근,국민의힘,구시군의회의원,경상북도 구미시마선거구,경상북도,구미시마선거구,https://info.nec.go.kr/electioninfo/candidate_detail_info.xhtml?electionId=0020260603&huboId=100161533,9408,941만원,0,2건
100162863,김종보,더불어민주당,구시군의회의원,서울특별시 종로구라선거구,서울특별시,종로구라선거구,https://info.nec.go.kr/electioninfo/candidate_detail_info.xhtml?electionId=0020260603&huboId=100162863,9377,938만원,0,없음
100158989,오진택,더불어민주당,시도의원,경기도 화성시제9선거구,경기도,화성시제9선거구,https://info.nec.go.kr/electioninfo/candidate_detail_info.xhtml?electionId=0020260603&huboId=100158989,9359,936만원,8539,없음
100157269,정광섭,국민의힘,시도의원,충청남도 태안군제2선거구,충청남도,태안군제2선거구,https://info.nec.go.kr/electioninfo/candidate_detail_info.xhtml?electionId=0020260603&huboId=100157269,9285,929만원,0,1건
100163238,김경도,국민의힘,구시군의회의원,부산광역시 동구가선거구,부산광역시,동구가선거구,https://info.nec.go.kr/electioninfo/candidate_detail_info.xhtml?electionId=0020260603&huboId=100163238,9261,926만원,0,없음
100155248,배성철,더불어민주당,구시군의회의원,충청북도 청주시카선거구,충청북도,청주시카선거구,https://info.nec.go.kr/electioninfo/candidate_detail_info.xhtml?electionId=0020260603&huboId=100155248,9191,919만원,0,없음
100158394,김명길,국민의힘,구시군의회의원,강원특별자치도 속초시가선거구,강원특별자치도,속초시가선거구,https://info.nec.go.kr/electioninfo/candidate_detail_info.xhtml?electionId=0020260603&huboId=100158394,9152,915만원,0,1건
100157929,최동원,국민의힘,시도의원,경상남도 김해시제3선거구,경상남도,김해시제3선거구,https://info.nec.go.kr/electioninfo/candidate_detail_info.xhtml?electionId=0020260603&huboId=100157929,9149,915만원,0,없음
100161405,임채윤,국민의힘,구시군의회의원,울산광역시 동구가선거구,울산광역시,동구가선거구,https://info.nec.go.kr/electioninfo/candidate_detail_info.xhtml?electionId=0020260603&huboId=100161405,9077,908만원,0,없음
100165469,박선애,대한국민당,광역의원비례,경기도 경기도,경기도,경기도,https://info.nec.go.kr/electioninfo/candidate_detail_info.xhtml?electionId=0020260603&huboId=100165469,9041,904만원,2647,1건
100159107,권중건,국민의힘,구시군의회의원,울산광역시 울주군나선거구,울산광역시,울주군나선거구,https://info.nec.go.kr/electioninfo/candidate_detail_info.xhtml?electionId=0020260603&huboId=100159107,9015,902만원,0,없음
100154075,임승식,더불어민주당,시도의원,전북특별자치도 정읍시제1선거구,전북특별자치도,정읍시제1선거구,https://info.nec.go.kr/electioninfo/candidate_detail_info.xhtml?electionId=0020260603&huboId=100154075,8947,895만원,0,1건
100157388,윤재은,더불어민주당,시도의원,충청남도 계룡시선거구,충청남도,계룡시선거구,https://info.nec.go.kr/electioninfo/candidate_detail_info.xhtml?electionId=0020260603&huboId=100157388,8888,889만원,0,없음
100159298,안형진,국민의힘,시도의원,대전광역시 중구제3선거구,대전광역시,중구제3선거구,https://info.nec.go.kr/electioninfo/candidate_detail_info.xhtml?electionId=0020260603&huboId=100159298,8740,874만원,0,3건
100159032,김대진,더불어민주당,시도의원,제주특별자치도 제주특별자치도 서귀포시 동홍동선거구,제주특별자치도,제주특별자치도 서귀포시 동홍동선거구,https://info.nec.go.kr/electioninfo/candidate_detail_info.xhtml?electionId=0020260603&huboId=100159032,8698,870만원,0,없음
100155668,최규학,더불어민주당,구시군의회의원,경상북도 경주시아선거구,경상북도,경주시아선거구,https://info.nec.go.kr/electioninfo/candidate_detail_info.xhtml?electionId=0020260603&huboId=100155668,8531,853만원,0,없음
100163013,조돈준,무소속,구시군의회의원,강원특별자치도 양구군나선거구,강원특별자치도,양구군나선거구,https://info.nec.go.kr/electioninfo/candidate_detail_info.xhtml?electionId=0020260603&huboId=100163013,8400,840만원,0,2건
100161940,손혜원,무소속,구시군의회의원,전라남도 목포시라선거구,전라남도,목포시라선거구,https://info.nec.go.kr/electioninfo/candidate_detail_info.xhtml?electionId=0020260603&huboId=100161940,8394,839만원,0,2건
100162765,이봉관,개혁신당,구시군의회의원,경기도 시흥시마선거구,경기도,시흥시마선거구,https://info.nec.go.kr/electioninfo/candidate_detail_info.xhtml?electionId=0020260603&huboId=100162765,8386,839만원,0,2건
100161811,공정숙,국민의힘,구시군의회의원,인천광역시 서구다선거구,인천광역시,서구다선거구,https://info.nec.go.kr/electioninfo/candidate_detail_info.xhtml?electionId=0020260603&huboId=100161811,8245,825만원,0,없음
100161578,김용권,국민의힘,구시군의회의원,서울특별시 구로구나선거구,서울특별시,구로구나선거구,https://info.nec.go.kr/electioninfo/candidate_detail_info.xhtml?electionId=0020260603&huboId=100161578,8226,823만원,0,없음
100163576,배금강,국민의힘,구시군의회의원,부산광역시 부산진구라선거구,부산광역시,부산진구라선거구,https://info.nec.go.kr/electioninfo/candidate_detail_info.xhtml?electionId=0020260603&huboId=100163576,7976,798만원,0,1건
100160668,이종희,국민의힘,구시군의회의원,경상남도 양산시다선거구,경상남도,양산시다선거구,https://info.nec.go.kr/electioninfo/candidate_detail_info.xhtml?electionId=0020260603&huboId=100160668,7958,796만원,0,없음
100160688,김구연,국민의힘,시도의원,경상남도 하동군선거구,경상남도,하동군선거구,https://info.nec.go.kr/electioninfo/candidate_detail_info.xhtml?electionId=0020260603&huboId=100160688,7780,778만원,0,없음
100161679,김정희,국민의힘,구시군의회의원,경기도 성남시마선거구,경기도,성남시마선거구,https://info.nec.go.kr/electioninfo/candidate_detail_info.xhtml?electionId=0020260603&huboId=100161679,7719,772만원,0,없음
100157210,김순덕,더불어민주당,구시군의회의원,경상남도 통영시다선거구,경상남도,통영시다선거구,https://info.nec.go.kr/electioninfo/candidate_detail_info.xhtml?electionId=0020260603&huboId=100157210,7491,749만원,0,없음
100153800,김영배,무소속,교육감,서울특별시 서울특별시,서울특별시,서울특별시,https://info.nec.go.kr/electioninfo/candidate_detail_info.xhtml?electionId=0020260603&huboId=100153800,7394,739만원,0,3건
100160638,이복형,무소속,구시군의회의원,전북특별자치도 정읍시나선거구,전북특별자치도,정읍시나선거구,https://info.nec.go.kr/electioninfo/candidate_detail_info.xhtml?electionId=0020260603&huboId=100160638,7369,737만원,0,없음
100160282,한득수,더불어민주당,기초단체장,전북특별자치도 임실군,전북특별자치도,임실군,https://info.nec.go.kr/electioninfo/candidate_detail_info.xhtml?electionId=0020260603&huboId=100160282,7168,717만원,0,1건
100156754,현근택,더불어민주당,기초단체장,경기도 용인시,경기도,용인시,https://info.nec.go.kr/electioninfo/candidate_detail_info.xhtml?electionId=0020260603&huboId=100156754,7152,715만원,0,없음
100157949,임정구,더불어민주당,구시군의회의원,충청북도 진천군가선거구,충청북도,진천군가선거구,https://info.nec.go.kr/electioninfo/candidate_detail_info.xhtml?electionId=0020260603&huboId=100157949,7142,714만원,0,3건
100163431,허순임,자유와혁신,구시군의회의원,서울특별시 강남구다선거구,서울특별시,강남구다선거구,https://info.nec.go.kr/electioninfo/candidate_detail_info.xhtml?electionId=0020260603&huboId=100163431,7120,712만원,0,없음
100164518,김상수,국민의힘,구시군의회의원,경기도 화성시마선거구,경기도,화성시마선거구,https://info.nec.go.kr/electioninfo/candidate_detail_info.xhtml?electionId=0020260603&huboId=100164518,7112,711만원,0,4건
100154035,정연희,더불어민주당,시도의원,세종특별자치시 세종특별자치시제1선거구,세종특별자치시,세종특별자치시제1선거구,https://info.nec.go.kr/electioninfo/candidate_detail_info.xhtml?electionId=0020260603&huboId=100154035,7020,702만원,0,없음
100164323,함영진,국민의힘,기초의원비례,울산광역시 남구,울산광역시,남구,https://info.nec.go.kr/electioninfo/candidate_detail_info.xhtml?electionId=0020260603&huboId=100164323,6979,698만원,0,없음
100165644,박미연,국민의힘,기초의원비례,울산광역시 울주군,울산광역시,울주군,https://info.nec.go.kr/electioninfo/candidate_detail_info.xhtml?electionId=0020260603&huboId=100165644,6948,695만원,0,없음
100160463,신유현,국민의힘,구시군의회의원,경상남도 거제시마선거구,경상남도,거제시마선거구,https://info.nec.go.kr/electioninfo/candidate_detail_info.xhtml?electionId=0020260603&huboId=100160463,6897,690만원,0,3건
100163161,안종숙,더불어민주당,구시군의회의원,서울특별시 서초구마선거구,서울특별시,서초구마선거구,https://info.nec.go.kr/electioninfo/candidate_detail_info.xhtml?electionId=0020260603&huboId=100163161,6799,680만원,0,없음
100164720,설미경,더불어민주당,광역의원비례,충청남도 충청남도,충청남도,충청남도,https://info.nec.go.kr/electioninfo/candidate_detail_info.xhtml?electionId=0020260603&huboId=100164720,6759,676만원,0,없음
100165241,최혜연,더불어민주당,기초의원비례,대전광역시 서구,대전광역시,서구,https://info.nec.go.kr/electioninfo/candidate_detail_info.xhtml?electionId=0020260603&huboId=100165241,6671,667만원,0,1건
100155304,고옥자,더불어민주당,구시군의회의원,경상남도 김해시마선거구,경상남도,김해시마선거구,https://info.nec.go.kr/electioninfo/candidate_detail_info.xhtml?electionId=0020260603&huboId=100155304,6668,667만원,0,없음
100155983,윤성규,더불어민주당,시도의원,세종특별자치시 세종특별자치시제2선거구,세종특별자치시,세종특별자치시제2선거구,https://info.nec.go.kr/electioninfo/candidate_detail_info.xhtml?electionId=0020260603&huboId=100155983,6603,660만원,0,1건
100160227,양준식,더불어민주당,구시군의회의원,전라남도 구례군나선거구,전라남도,구례군나선거구,https://info.nec.go.kr/electioninfo/candidate_detail_info.xhtml?electionId=0020260603&huboId=100160227,6570,657만원,0,1건
100164780,홍육례,더불어민주당,기초의원비례,인천광역시 서구,인천광역시,서구,https://info.nec.go.kr/electioninfo/candidate_detail_info.xhtml?electionId=0020260603&huboId=100164780,6388,639만원,0,1건
100156716,김재광,국민의힘,구시군의회의원,충청남도 논산시가선거구,충청남도,논산시가선거구,https://info.nec.go.kr/electioninfo/candidate_detail_info.xhtml?electionId=0020260603&huboId=100156716,6237,624만원,0,2건
100158972,김광호,더불어민주당,시도의원,인천광역시 영종구제1선거구,인천광역시,영종구제1선거구,https://info.nec.go.kr/electioninfo/candidate_detail_info.xhtml?electionId=0020260603&huboId=100158972,6233,623만원,0,1건
100159280,맹승자,국민의힘,시도의원,부산광역시 기장군제2선거구,부산광역시,기장군제2선거구,https://info.nec.go.kr/electioninfo/candidate_detail_info.xhtml?electionId=0020260603&huboId=100159280,6226,623만원,0,없음
100157951,문교영,더불어민주당,구시군의회의원,충청북도 제천시마선거구,충청북도,제천시마선거구,https://info.nec.go.kr/electioninfo/candidate_detail_info.xhtml?electionId=0020260603&huboId=100157951,6207,621만원,0,없음
100161927,정지용,국민의힘,시도의원,인천광역시 부평구제3선거구,인천광역시,부평구제3선거구,https://info.nec.go.kr/electioninfo/candidate_detail_info.xhtml?electionId=0020260603&huboId=100161927,6155,616만원,0,1건
100165753,이지혜,국민의힘,광역의원비례,경기도 경기도,경기도,경기도,https://info.nec.go.kr/electioninfo/candidate_detail_info.xhtml?electionId=0020260603&huboId=100165753,6068,607만원,0,없음
100161169,박명옥,더불어민주당,시도의원,경상남도 거제시제1선거구,경상남도,거제시제1선거구,https://info.nec.go.kr/electioninfo/candidate_detail_info.xhtml?electionId=0020260603&huboId=100161169,6010,601만원,0,없음
100159139,김원순,더불어민주당,구시군의회의원,경상남도 고성군가선거구,경상남도,고성군가선거구,https://info.nec.go.kr/electioninfo/candidate_detail_info.xhtml?electionId=0020260603&huboId=100159139,5923,592만원,0,없음
100155990,문신우,더불어민주당,구시군의회의원,경상남도 양산시라선거구,경상남도,양산시라선거구,https://info.nec.go.kr/electioninfo/candidate_detail_info.xhtml?electionId=0020260603&huboId=100155990,5912,591만원,0,1건
100154720,고민수,무소속,시도의원,제주특별자치도 제주특별자치도 제주시 노형동을선거구,제주특별자치도,제주특별자치도 제주시 노형동을선거구,https://info.nec.go.kr/electioninfo/candidate_detail_info.xhtml?electionId=0020260603&huboId=100154720,5827,583만원,0,1건
100158842,이동일,국민의힘,구시군의회의원,서울특별시 관악구사선거구,서울특별시,관악구사선거구,https://info.nec.go.kr/electioninfo/candidate_detail_info.xhtml?electionId=0020260603&huboId=100158842,5814,581만원,5814,없음
100155024,이상원,국민의힘,시도의원,경기도 하남시제1선거구,경기도,하남시제1선거구,https://info.nec.go.kr/electioninfo/candidate_detail_info.xhtml?electionId=0020260603&huboId=100155024,5796,580만원,0,없음
100163202,양정무,국민의힘,시도지사,전북특별자치도 전북특별자치도,전북특별자치도,전북특별자치도,https://info.nec.go.kr/electioninfo/candidate_detail_info.xhtml?electionId=0020260603&huboId=100163202,5752,575만원,0,9건
100158537,김영삼,무소속,구시군의회의원,울산광역시 남구다선거구,울산광역시,남구다선거구,https://info.nec.go.kr/electioninfo/candidate_detail_info.xhtml?electionId=0020260603&huboId=100158537,5733,573만원,0,1건
100163164,모정환,더불어민주당,시도의원,전남광주통합특별시 함평군선거구,전남광주통합특별시,함평군선거구,https://info.nec.go.kr/electioninfo/candidate_detail_info.xhtml?electionId=0020260603&huboId=100163164,5658,566만원,0,없음
100157969,김경환,무소속,구시군의회의원,경상북도 문경시가선거구,경상북도,문경시가선거구,https://info.nec.go.kr/electioninfo/candidate_detail_info.xhtml?electionId=0020260603&huboId=100157969,5580,558만원,0,2건
100163390,이윤구,더불어민주당,시도의원,경상남도 양산시제4선거구,경상남도,양산시제4선거구,https://info.nec.go.kr/electioninfo/candidate_detail_info.xhtml?electionId=0020260603&huboId=100163390,5543,554만원,0,없음
100157614,설승표,국민의힘,구시군의회의원,경상남도 김해시가선거구,경상남도,김해시가선거구,https://info.nec.go.kr/electioninfo/candidate_detail_info.xhtml?electionId=0020260603&huboId=100157614,5509,551만원,0,없음
100155645,양준모,개혁신당,구시군의회의원,경기도 파주시마선거구,경기도,파주시마선거구,https://info.nec.go.kr/electioninfo/candidate_detail_info.xhtml?electionId=0020260603&huboId=100155645,5483,548만원,1669,없음
100156298,윤영숙,더불어민주당,구시군의회의원,충청남도 아산시나선거구,충청남도,아산시나선거구,https://info.nec.go.kr/electioninfo/candidate_detail_info.xhtml?electionId=0020260603&huboId=100156298,5416,542만원,0,없음
100160717,정덕석,무소속,구시군의회의원,경상북도 청도군나선거구,경상북도,청도군나선거구,https://info.nec.go.kr/electioninfo/candidate_detail_info.xhtml?electionId=0020260603&huboId=100160717,5404,540만원,0,2건
100155239,서동학,더불어민주당,시도의원,충청북도 충주시제4선거구,충청북도,충주시제4선거구,https://info.nec.go.kr/electioninfo/candidate_detail_info.xhtml?electionId=0020260603&huboId=100155239,5398,540만원,0,1건
100163300,김혁종,무소속,국회의원(재보궐),충청남도 공주시부여군청양군,충청남도,공주시부여군청양군,https://info.nec.go.kr/electioninfo/candidate_detail_info.xhtml?electionId=0020260603&huboId=100163300,5395,540만원,0,3건
100156061,류정화,더불어민주당,구시군의회의원,경기도 평택시바선거구,경기도,평택시바선거구,https://info.nec.go.kr/electioninfo/candidate_detail_info.xhtml?electionId=0020260603&huboId=100156061,5386,539만원,0,없음
100161764,이태모,국민의힘,구시군의회의원,충청남도 논산시다선거구,충청남도,논산시다선거구,https://info.nec.go.kr/electioninfo/candidate_detail_info.xhtml?electionId=0020260603&huboId=100161764,5332,533만원,0,없음
100155512,이용철,더불어민주당,구시군의회의원,강원특별자치도 원주시사선거구,강원특별자치도,원주시사선거구,https://info.nec.go.kr/electioninfo/candidate_detail_info.xhtml?electionId=0020260603&huboId=100155512,5314,531만원,5138,없음
100158156,박지혁,국민의힘,시도의원,경상북도 의성군제1선거구,경상북도,의성군제1선거구,https://info.nec.go.kr/electioninfo/candidate_detail_info.xhtml?electionId=0020260603&huboId=100158156,5309,531만원,0,1건
100163530,강한곤,국민의힘,구시군의회의원,대구광역시 달서구라선거구,대구광역시,달서구라선거구,https://info.nec.go.kr/electioninfo/candidate_detail_info.xhtml?electionId=0020260603&huboId=100163530,5236,524만원,0,3건
100161184,한신,더불어민주당,시도의원,서울특별시 성북구제1선거구,서울특별시,성북구제1선거구,https://info.nec.go.kr/electioninfo/candidate_detail_info.xhtml?electionId=0020260603&huboId=100161184,5203,520만원,0,없음
100159346,이재진,더불어민주당,구시군의회의원,인천광역시 영종구나선거구,인천광역시,영종구나선거구,https://info.nec.go.kr/electioninfo/candidate_detail_info.xhtml?electionId=0020260603&huboId=100159346,5199,520만원,0,없음
100160181,이은창,더불어민주당,구시군의회의원,전라남도 함평군가선거구,전라남도,함평군가선거구,https://info.nec.go.kr/electioninfo/candidate_detail_info.xhtml?electionId=0020260603&huboId=100160181,5164,516만원,0,없음
100162468,최건,국민의힘,구시군의회의원,대구광역시 동구마선거구,대구광역시,동구마선거구,https://info.nec.go.kr/electioninfo/candidate_detail_info.xhtml?electionId=0020260603&huboId=100162468,5145,515만원,0,3건
100158191,김선희,국민의힘,시도의원,경기도 용인시제6선거구,경기도,용인시제6선거구,https://info.nec.go.kr/electioninfo/candidate_detail_info.xhtml?electionId=0020260603&huboId=100158191,5112,511만원,0,없음
100156305,신동이,더불어민주당,구시군의회의원,전북특별자치도 전주시차선거구,전북특별자치도,전주시차선거구,https://info.nec.go.kr/electioninfo/candidate_detail_info.xhtml?electionId=0020260603&huboId=100156305,5110,511만원,0,없음
100160389,김영진,국민의힘,구시군의회의원,충청남도 예산군라선거구,충청남도,예산군라선거구,https://info.nec.go.kr/electioninfo/candidate_detail_info.xhtml?electionId=0020260603&huboId=100160389,5090,509만원,0,6건
100160014,신창진,무소속,구시군의회의원,경상남도 산청군나선거구,경상남도,산청군나선거구,https://info.nec.go.kr/electioninfo/candidate_detail_info.xhtml?electionId=0020260603&huboId=100160014,5038,504만원,0,없음
100161424,김태계,국민의힘,시도의원,인천광역시 미추홀구제3선거구,인천광역시,미추홀구제3선거구,https://info.nec.go.kr/electioninfo/candidate_detail_info.xhtml?electionId=0020260603&huboId=100161424,4982,498만원,0,3건
100161816,서진수,더불어민주당,시도의원,울산광역시 남구제2선거구,울산광역시,남구제2선거구,https://info.nec.go.kr/electioninfo/candidate_detail_info.xhtml?electionId=0020260603&huboId=100161816,4951,495만원,0,1건
100164014,김혜원,국민의힘,기초의원비례,대전광역시 동구,대전광역시,동구,https://info.nec.go.kr/electioninfo/candidate_detail_info.xhtml?electionId=0020260603&huboId=100164014,4904,490만원,0,없음
100161144,권창환,국민의힘,구시군의회의원,부산광역시 수영구가선거구,부산광역시,수영구가선거구,https://info.nec.go.kr/electioninfo/candidate_detail_info.xhtml?electionId=0020260603&huboId=100161144,4890,489만원,0,없음
100154808,백철,무소속,기초단체장,서울특별시 강서구,서울특별시,강서구,https://info.nec.go.kr/electioninfo/candidate_detail_info.xhtml?electionId=0020260603&huboId=100154808,4885,489만원,0,없음
100162117,손도신,국민의힘,시도의원,충청남도 아산시제4선거구,충청남도,아산시제4선거구,https://info.nec.go.kr/electioninfo/candidate_detail_info.xhtml?electionId=0020260603&huboId=100162117,4863,486만원,0,2건
100161499,박상영,더불어민주당,구시군의회의원,경기도 광주시라선거구,경기도,광주시라선거구,https://info.nec.go.kr/electioninfo/candidate_detail_info.xhtml?electionId=0020260603&huboId=100161499,4777,478만원,0,3건
100160836,한진수,국민의힘,구시군의회의원,서울특별시 강동구가선거구,서울특별시,강동구가선거구,https://info.nec.go.kr/electioninfo/candidate_detail_info.xhtml?electionId=0020260603&huboId=100160836,4713,471만원,0,없음
100161789,이승우,무소속,구시군의회의원,경상북도 김천시다선거구,경상북도,김천시다선거구,https://info.nec.go.kr/electioninfo/candidate_detail_info.xhtml?electionId=0020260603&huboId=100161789,4608,461만원,0,없음
100159259,손재호,더불어민주당,구시군의회의원,부산광역시 부산진구가선거구,부산광역시,부산진구가선거구,https://info.nec.go.kr/electioninfo/candidate_detail_info.xhtml?electionId=0020260603&huboId=100159259,4596,460만원,0,없음
100159370,위정복,무소속,구시군의회의원,충청북도 영동군가선거구,충청북도,영동군가선거구,https://info.nec.go.kr/electioninfo/candidate_detail_info.xhtml?electionId=0020260603&huboId=100159370,4571,457만원,0,1건
100157754,김금희,국민의힘,구시군의회의원,서울특별시 관악구가선거구,서울특별시,관악구가선거구,https://info.nec.go.kr/electioninfo/candidate_detail_info.xhtml?electionId=0020260603&huboId=100157754,4567,457만원,961,1건
100164281,최상미,국민의힘,기초의원비례,충청북도 진천군,충청북도,진천군,https://info.nec.go.kr/electioninfo/candidate_detail_info.xhtml?electionId=0020260603&huboId=100164281,4552,455만원,4552,없음
100155929,허희준,더불어민주당,구시군의회의원,경기도 안양시다선거구,경기도,안양시다선거구,https://info.nec.go.kr/electioninfo/candidate_detail_info.xhtml?electionId=0020260603&huboId=100155929,4508,451만원,0,1건
100160898,황경화,국민의힘,구시군의회의원,강원특별자치도 홍천군가선거구,강원특별자치도,홍천군가선거구,https://info.nec.go.kr/electioninfo/candidate_detail_info.xhtml?electionId=0020260603&huboId=100160898,4486,449만원,4486,2건
100155789,김태호,더불어민주당,구시군의회의원,서울특별시 영등포구바선거구,서울특별시,영등포구바선거구,https://info.nec.go.kr/electioninfo/candidate_detail_info.xhtml?electionId=0020260603&huboId=100155789,4476,448만원,0,1건
100162787,김동진,더불어민주당,시도의원,강원특별자치도 양양군선거구,강원특별자치도,양양군선거구,https://info.nec.go.kr/electioninfo/candidate_detail_info.xhtml?electionId=0020260603&huboId=100162787,4448,445만원,0,없음
100163175,손병찬,무소속,구시군의회의원,경상남도 하동군다선거구,경상남도,하동군다선거구,https://info.nec.go.kr/electioninfo/candidate_detail_info.xhtml?electionId=0020260603&huboId=100163175,4404,440만원,0,없음
100162893,윤병열,국민의힘,구시군의회의원,경상남도 의령군다선거구,경상남도,의령군다선거구,https://info.nec.go.kr/electioninfo/candidate_detail_info.xhtml?electionId=0020260603&huboId=100162893,4401,440만원,0,없음
100164269,김현지,더불어민주당,기초의원비례,서울특별시 구로구,서울특별시,구로구,https://info.nec.go.kr/electioninfo/candidate_detail_info.xhtml?electionId=0020260603&huboId=100164269,4302,430만원,0,없음
100163480,오우택,국민의힘,구시군의회의원,부산광역시 부산진구가선거구,부산광역시,부산진구가선거구,https://info.nec.go.kr/electioninfo/candidate_detail_info.xhtml?electionId=0020260603&huboId=100163480,4295,430만원,0,1건
100160502,하재선,무소속,구시군의회의원,경기도 가평군가선거구,경기도,가평군가선거구,https://info.nec.go.kr/electioninfo/candidate_detail_info.xhtml?electionId=0020260603&huboId=100160502,4237,424만원,0,3건
100155807,안계명,더불어민주당,시도의원,경기도 평택시제5선거구,경기도,평택시제5선거구,https://info.nec.go.kr/electioninfo/candidate_detail_info.xhtml?electionId=0020260603&huboId=100155807,4221,422만원,0,1건
100162778,백일권,국민의힘,구시군의회의원,대구광역시 서구라선거구,대구광역시,서구라선거구,https://info.nec.go.kr/electioninfo/candidate_detail_info.xhtml?electionId=0020260603&huboId=100162778,4205,421만원,0,3건
100154426,신승현,더불어민주당,구시군의회의원,서울특별시 구로구가선거구,서울특별시,구로구가선거구,https://info.nec.go.kr/electioninfo/candidate_detail_info.xhtml?electionId=0020260603&huboId=100154426,4154,415만원,0,없음
100165093,김미선,더불어민주당,기초의원비례,경상남도 사천시,경상남도,사천시,https://info.nec.go.kr/electioninfo/candidate_detail_info.xhtml?electionId=0020260603&huboId=100165093,4145,415만원,0,없음
100157944,박영근,조국혁신당,구시군의회의원,전라남도 목포시사선거구,전라남도,목포시사선거구,https://info.nec.go.kr/electioninfo/candidate_detail_info.xhtml?electionId=0020260603&huboId=100157944,4083,408만원,0,3건
100158988,이재익,더불어민주당,구시군의회의원,충청북도 보은군가선거구,충청북도,보은군가선거구,https://info.nec.go.kr/electioninfo/candidate_detail_info.xhtml?electionId=0020260603&huboId=100158988,4028,403만원,0,1건
100160208,김영범,국민의힘,구시군의회의원,경상북도 울릉군가선거구,경상북도,울릉군가선거구,https://info.nec.go.kr/electioninfo/candidate_detail_info.xhtml?electionId=0020260603&huboId=100160208,3994,399만원,0,3건
100161823,한원찬,국민의힘,시도의원,경기도 수원시제6선거구,경기도,수원시제6선거구,https://info.nec.go.kr/electioninfo/candidate_detail_info.xhtml?electionId=0020260603&huboId=100161823,3976,398만원,0,2건
100162539,노성철,더불어민주당,시도의원,서울특별시 동작구제3선거구,서울특별시,동작구제3선거구,https://info.nec.go.kr/electioninfo/candidate_detail_info.xhtml?electionId=0020260603&huboId=100162539,3951,395만원,0,2건
100162800,김미영,국민의힘,구시군의회의원,경기도 화성시바선거구,경기도,화성시바선거구,https://info.nec.go.kr/electioninfo/candidate_detail_info.xhtml?electionId=0020260603&huboId=100162800,3946,395만원,0,없음
100155217,김정규,국민의힘,구시군의회의원,경상북도 상주시가선거구,경상북도,상주시가선거구,https://info.nec.go.kr/electioninfo/candidate_detail_info.xhtml?electionId=0020260603&huboId=100155217,3944,394만원,0,없음
100162388,남정호,국민의힘,구시군의회의원,대구광역시 수성구나선거구,대구광역시,수성구나선거구,https://info.nec.go.kr/electioninfo/candidate_detail_info.xhtml?electionId=0020260603&huboId=100162388,3938,394만원,0,1건
100154922,이진,더불어민주당,구시군의회의원,강원특별자치도 원주시자선거구,강원특별자치도,원주시자선거구,https://info.nec.go.kr/electioninfo/candidate_detail_info.xhtml?electionId=0020260603&huboId=100154922,3856,386만원,0,없음
100154464,손동호,조국혁신당,구시군의회의원,부산광역시 강서구가선거구,부산광역시,강서구가선거구,https://info.nec.go.kr/electioninfo/candidate_detail_info.xhtml?electionId=0020260603&huboId=100154464,3853,385만원,0,없음
100162493,유지웅,국민의힘,구시군의회의원,서울특별시 서초구다선거구,서울특별시,서초구다선거구,https://info.nec.go.kr/electioninfo/candidate_detail_info.xhtml?electionId=0020260603&huboId=100162493,3843,384만원,0,1건
100161209,박성민,더불어민주당,구시군의회의원,경기도 광명시가선거구,경기도,광명시가선거구,https://info.nec.go.kr/electioninfo/candidate_detail_info.xhtml?electionId=0020260603&huboId=100161209,3824,382만원,0,없음
100163682,이정임,더불어민주당,구시군의회의원,경상북도 구미시바선거구,경상북도,구미시바선거구,https://info.nec.go.kr/electioninfo/candidate_detail_info.xhtml?electionId=0020260603&huboId=100163682,3823,382만원,0,2건
100162369,최인순,국민의힘,구시군의회의원,서울특별시 영등포구나선거구,서울특별시,영등포구나선거구,https://info.nec.go.kr/electioninfo/candidate_detail_info.xhtml?electionId=0020260603&huboId=100162369,3775,378만원,0,없음
100158243,김민섭,국민의힘,구시군의회의원,서울특별시 강북구라선거구,서울특별시,강북구라선거구,https://info.nec.go.kr/electioninfo/candidate_detail_info.xhtml?electionId=0020260603&huboId=100158243,3756,376만원,0,3건
100155247,박은정,국민의힘,구시군의회의원,대전광역시 대덕구나선거구,대전광역시,대덕구나선거구,https://info.nec.go.kr/electioninfo/candidate_detail_info.xhtml?electionId=0020260603&huboId=100155247,3755,376만원,0,없음
100161338,백종진,국민의힘,시도의원,경기도 광명시제1선거구,경기도,광명시제1선거구,https://info.nec.go.kr/electioninfo/candidate_detail_info.xhtml?electionId=0020260603&huboId=100161338,3711,371만원,2831,1건
100158635,김종국,더불어민주당,구시군의회의원,인천광역시 제물포구나선거구,인천광역시,제물포구나선거구,https://info.nec.go.kr/electioninfo/candidate_detail_info.xhtml?electionId=0020260603&huboId=100158635,3672,367만원,0,1건
100154619,김주년,조국혁신당,구시군의회의원,전북특별자치도 전주시다선거구,전북특별자치도,전주시다선거구,https://info.nec.go.kr/electioninfo/candidate_detail_info.xhtml?electionId=0020260603&huboId=100154619,3667,367만원,0,3건
100163016,전용길,조국혁신당,구시군의회의원,충청남도 천안시바선거구,충청남도,천안시바선거구,https://info.nec.go.kr/electioninfo/candidate_detail_info.xhtml?electionId=0020260603&huboId=100163016,3661,366만원,0,2건
100160059,김주석,더불어민주당,시도의원,경상남도 함안군제1선거구,경상남도,함안군제1선거구,https://info.nec.go.kr/electioninfo/candidate_detail_info.xhtml?electionId=0020260603&huboId=100160059,3563,356만원,0,3건
100162230,김득환,더불어민주당,시도의원,경상북도 구미시제6선거구,경상북도,구미시제6선거구,https://info.nec.go.kr/electioninfo/candidate_detail_info.xhtml?electionId=0020260603&huboId=100162230,3552,355만원,0,1건
100157515,박지효,국민의힘,구시군의회의원,서울특별시 송파구차선거구,서울특별시,송파구차선거구,https://info.nec.go.kr/electioninfo/candidate_detail_info.xhtml?electionId=0020260603&huboId=100157515,3519,352만원,0,없음
100165549,이지연,개혁신당,기초의원비례,경상남도 창원시,경상남도,창원시,https://info.nec.go.kr/electioninfo/candidate_detail_info.xhtml?electionId=0020260603&huboId=100165549,3512,351만원,0,없음
100162547,윤종호,국민의힘,시도의원,경상북도 구미시제6선거구,경상북도,구미시제6선거구,https://info.nec.go.kr/electioninfo/candidate_detail_info.xhtml?electionId=0020260603&huboId=100162547,3508,351만원,0,없음
100162060,김현찬,국민의힘,구시군의회의원,경상북도 의성군가선거구,경상북도,의성군가선거구,https://info.nec.go.kr/electioninfo/candidate_detail_info.xhtml?electionId=0020260603&huboId=100162060,3448,345만원,0,1건
100165447,오유진,국민의힘,기초의원비례,경기도 파주시,경기도,파주시,https://info.nec.go.kr/electioninfo/candidate_detail_info.xhtml?electionId=0020260603&huboId=100165447,3404,340만원,2512,없음
100157193,정무신,더불어민주당,구시군의회의원,충청북도 청주시나선거구,충청북도,청주시나선거구,https://info.nec.go.kr/electioninfo/candidate_detail_info.xhtml?electionId=0020260603&huboId=100157193,3399,340만원,0,없음
100160127,이정희,국민의힘,구시군의회의원,경상남도 창원시마선거구,경상남도,창원시마선거구,https://info.nec.go.kr/electioninfo/candidate_detail_info.xhtml?electionId=0020260603&huboId=100160127,3357,336만원,0,없음
100157560,남궁윤,더불어민주당,구시군의회의원,전북특별자치도 김제시가선거구,전북특별자치도,김제시가선거구,https://info.nec.go.kr/electioninfo/candidate_detail_info.xhtml?electionId=0020260603&huboId=100157560,3348,335만원,0,없음
100163912,김대진,국민의힘,시도의원,경상북도 안동시제1선거구,경상북도,안동시제1선거구,https://info.nec.go.kr/electioninfo/candidate_detail_info.xhtml?electionId=0020260603&huboId=100163912,3307,331만원,0,2건
100161694,장영진,무소속,구시군의회의원,부산광역시 동래구마선거구,부산광역시,동래구마선거구,https://info.nec.go.kr/electioninfo/candidate_detail_info.xhtml?electionId=0020260603&huboId=100161694,3303,330만원,0,없음
100156660,이주연,더불어민주당,구시군의회의원,경기도 용인시차선거구,경기도,용인시차선거구,https://info.nec.go.kr/electioninfo/candidate_detail_info.xhtml?electionId=0020260603&huboId=100156660,3301,330만원,0,없음
100161712,권기창,국민의힘,기초단체장,경상북도 안동시,경상북도,안동시,https://info.nec.go.kr/electioninfo/candidate_detail_info.xhtml?electionId=0020260603&huboId=100161712,3265,327만원,0,없음
100158774,홍정우,국민의힘,구시군의회의원,인천광역시 강화군나선거구,인천광역시,강화군나선거구,https://info.nec.go.kr/electioninfo/candidate_detail_info.xhtml?electionId=0020260603&huboId=100158774,3245,325만원,0,없음
100155866,이정학,더불어민주당,기초단체장,강원특별자치도 동해시,강원특별자치도,동해시,https://info.nec.go.kr/electioninfo/candidate_detail_info.xhtml?electionId=0020260603&huboId=100155866,3240,324만원,0,없음
100158297,박은미,더불어민주당,기초단체장,경기도 양평군,경기도,양평군,https://info.nec.go.kr/electioninfo/candidate_detail_info.xhtml?electionId=0020260603&huboId=100158297,3236,324만원,0,없음
100165261,이경미,국민의힘,기초의원비례,서울특별시 성동구,서울특별시,성동구,https://info.nec.go.kr/electioninfo/candidate_detail_info.xhtml?electionId=0020260603&huboId=100165261,3228,323만원,0,없음
100163213,김규성,무소속,구시군의회의원,인천광역시 옹진군다선거구,인천광역시,옹진군다선거구,https://info.nec.go.kr/electioninfo/candidate_detail_info.xhtml?electionId=0020260603&huboId=100163213,3188,319만원,0,없음
100161207,정능호,더불어민주당,구시군의회의원,대전광역시 서구라선거구,대전광역시,서구라선거구,https://info.nec.go.kr/electioninfo/candidate_detail_info.xhtml?electionId=0020260603&huboId=100161207,3181,318만원,0,없음
100157123,김광선,국민의힘,시도의원,경기도 파주시제2선거구,경기도,파주시제2선거구,https://info.nec.go.kr/electioninfo/candidate_detail_info.xhtml?electionId=0020260603&huboId=100157123,3171,317만원,0,1건
100158428,이재덕,더불어민주당,구시군의회의원,경기도 여주시나선거구,경기도,여주시나선거구,https://info.nec.go.kr/electioninfo/candidate_detail_info.xhtml?electionId=0020260603&huboId=100158428,3166,317만원,0,2건
100160602,이현명,더불어민주당,시도의원,전남광주통합특별시 진도군선거구,전남광주통합특별시,진도군선거구,https://info.nec.go.kr/electioninfo/candidate_detail_info.xhtml?electionId=0020260603&huboId=100160602,3156,316만원,0,1건
100162898,차우미,더불어민주당,시도의원,대구광역시 달서구제3선거구,대구광역시,달서구제3선거구,https://info.nec.go.kr/electioninfo/candidate_detail_info.xhtml?electionId=0020260603&huboId=100162898,3155,316만원,0,없음
100163389,신윤경,더불어민주당,구시군의회의원,서울특별시 은평구바선거구,서울특별시,은평구바선거구,https://info.nec.go.kr/electioninfo/candidate_detail_info.xhtml?electionId=0020260603&huboId=100163389,3143,314만원,0,없음
100159879,김철우,더불어민주당,기초단체장,전라남도 보성군,전라남도,보성군,https://info.nec.go.kr/electioninfo/candidate_detail_info.xhtml?electionId=0020260603&huboId=100159879,3124,312만원,0,2건
100157820,박오임,국민의힘,구시군의회의원,서울특별시 금천구나선거구,서울특별시,금천구나선거구,https://info.nec.go.kr/electioninfo/candidate_detail_info.xhtml?electionId=0020260603&huboId=100157820,3114,311만원,0,없음
100154819,김우성,더불어민주당,시도의원,인천광역시 연수구제2선거구,인천광역시,연수구제2선거구,https://info.nec.go.kr/electioninfo/candidate_detail_info.xhtml?electionId=0020260603&huboId=100154819,3110,311만원,0,없음
100165035,방지현,더불어민주당,광역의원비례,인천광역시 인천광역시,인천광역시,인천광역시,https://info.nec.go.kr/electioninfo/candidate_detail_info.xhtml?electionId=0020260603&huboId=100165035,3046,305만원,0,없음
100157785,이영란,더불어민주당,구시군의회의원,부산광역시 북구가선거구,부산광역시,북구가선거구,https://info.nec.go.kr/electioninfo/candidate_detail_info.xhtml?electionId=0020260603&huboId=100157785,3041,304만원,0,없음
100162726,최혜숙,국민의힘,구시군의회의원,서울특별시 양천구아선거구,서울특별시,양천구아선거구,https://info.nec.go.kr/electioninfo/candidate_detail_info.xhtml?electionId=0020260603&huboId=100162726,3037,304만원,0,없음
100154232,이정석,국민의힘,구시군의회의원,경상북도 영주시가선거구,경상북도,영주시가선거구,https://info.nec.go.kr/electioninfo/candidate_detail_info.xhtml?electionId=0020260603&huboId=100154232,2994,299만원,0,없음
100154209,오춘근,국민의힘,구시군의회의원,경상남도 창원시다선거구,경상남도,창원시다선거구,https://info.nec.go.kr/electioninfo/candidate_detail_info.xhtml?electionId=0020260603&huboId=100154209,2954,295만원,0,1건
100164450,박창석,국민의힘,시도의원,대구광역시 군위군선거구,대구광역시,군위군선거구,https://info.nec.go.kr/electioninfo/candidate_detail_info.xhtml?electionId=0020260603&huboId=100164450,2873,287만원,0,7건
100165060,박영애,기본소득당,광역의원비례,강원특별자치도 강원특별자치도,강원특별자치도,강원특별자치도,https://info.nec.go.kr/electioninfo/candidate_detail_info.xhtml?electionId=0020260603&huboId=100165060,2869,287만원,0,없음
100160197,채명기,더불어민주당,시도의원,경기도 수원시제8선거구,경기도,수원시제8선거구,https://info.nec.go.kr/electioninfo/candidate_detail_info.xhtml?electionId=0020260603&huboId=100160197,2800,280만원,0,1건
100161833,임종훈,무소속,구시군의회의원,경기도 포천시가선거구,경기도,포천시가선거구,https://info.nec.go.kr/electioninfo/candidate_detail_info.xhtml?electionId=0020260603&huboId=100161833,2797,280만원,0,1건
100158084,조재영,국민의힘,구시군의회의원,부산광역시 사하구다선거구,부산광역시,사하구다선거구,https://info.nec.go.kr/electioninfo/candidate_detail_info.xhtml?electionId=0020260603&huboId=100158084,2792,279만원,0,1건
100158267,오재영,국민의힘,구시군의회의원,서울특별시 동작구가선거구,서울특별시,동작구가선거구,https://info.nec.go.kr/electioninfo/candidate_detail_info.xhtml?electionId=0020260603&huboId=100158267,2786,279만원,0,없음
100165183,권애임,더불어민주당,기초의원비례,전라남도 순천시,전라남도,순천시,https://info.nec.go.kr/electioninfo/candidate_detail_info.xhtml?electionId=0020260603&huboId=100165183,2777,278만원,0,없음
100162374,이상욱,국민의힘,시도의원,부산광역시 동구제1선거구,부산광역시,동구제1선거구,https://info.nec.go.kr/electioninfo/candidate_detail_info.xhtml?electionId=0020260603&huboId=100162374,2767,277만원,0,1건
100159111,김연성,국민의힘,구시군의회의원,강원특별자치도 양구군나선거구,강원특별자치도,양구군나선거구,https://info.nec.go.kr/electioninfo/candidate_detail_info.xhtml?electionId=0020260603&huboId=100159111,2762,276만원,0,없음
100163255,김용남,더불어민주당,국회의원(재보궐),경기도 평택시을,경기도,평택시을,https://info.nec.go.kr/electioninfo/candidate_detail_info.xhtml?electionId=0020260603&huboId=100163255,2740,274만원,0,없음
100153807,황교안,자유와혁신,국회의원(재보궐),경기도 평택시을,경기도,평택시을,https://info.nec.go.kr/electioninfo/candidate_detail_info.xhtml?electionId=0020260603&huboId=100153807,2709,271만원,0,없음
100161734,우지연,국민의힘,구시군의회의원,경상북도 김천시가선거구,경상북도,김천시가선거구,https://info.nec.go.kr/electioninfo/candidate_detail_info.xhtml?electionId=0020260603&huboId=100161734,2691,269만원,0,없음
100162983,최유희,국민의힘,시도의원,서울특별시 용산구제2선거구,서울특별시,용산구제2선거구,https://info.nec.go.kr/electioninfo/candidate_detail_info.xhtml?electionId=0020260603&huboId=100162983,2670,267만원,0,없음
100163296,한중일,국민의힘,시도의원,강원특별자치도 춘천시제1선거구,강원특별자치도,춘천시제1선거구,https://info.nec.go.kr/electioninfo/candidate_detail_info.xhtml?electionId=0020260603&huboId=100163296,2664,266만원,0,2건
100162494,차해영,더불어민주당,구시군의회의원,서울특별시 마포구바선거구,서울특별시,마포구바선거구,https://info.nec.go.kr/electioninfo/candidate_detail_info.xhtml?electionId=0020260603&huboId=100162494,2642,264만원,0,없음
100158708,윤대성,국민의힘,구시군의회의원,충청북도 보은군가선거구,충청북도,보은군가선거구,https://info.nec.go.kr/electioninfo/candidate_detail_info.xhtml?electionId=0020260603&huboId=100158708,2641,264만원,0,2건
100165425,정서연,더불어민주당,기초의원비례,전라남도 나주시,전라남도,나주시,https://info.nec.go.kr/electioninfo/candidate_detail_info.xhtml?electionId=0020260603&huboId=100165425,2633,263만원,0,없음
100154354,김학래,국민의힘,구시군의회의원,강원특별자치도 강릉시다선거구,강원특별자치도,강릉시다선거구,https://info.nec.go.kr/electioninfo/candidate_detail_info.xhtml?electionId=0020260603&huboId=100154354,2579,258만원,0,1건
100162011,김병창,무소속,구시군의회의원,경상북도 영주시다선거구,경상북도,영주시다선거구,https://info.nec.go.kr/electioninfo/candidate_detail_info.xhtml?electionId=0020260603&huboId=100162011,2530,253만원,0,없음
100162185,김순조,자유와혁신,구시군의회의원,경상북도 구미시사선거구,경상북도,구미시사선거구,https://info.nec.go.kr/electioninfo/candidate_detail_info.xhtml?electionId=0020260603&huboId=100162185,2511,251만원,0,없음
100164898,최연화,국민의힘,기초의원비례,경상남도 양산시,경상남도,양산시,https://info.nec.go.kr/electioninfo/candidate_detail_info.xhtml?electionId=0020260603&huboId=100164898,2511,251만원,0,1건
100159600,김시환,더불어민주당,기초단체장,경상북도 칠곡군,경상북도,칠곡군,https://info.nec.go.kr/electioninfo/candidate_detail_info.xhtml?electionId=0020260603&huboId=100159600,2505,251만원,0,없음
100156226,박태경,국민의힘,기초단체장,경기도 화성시,경기도,화성시,https://info.nec.go.kr/electioninfo/candidate_detail_info.xhtml?electionId=0020260603&huboId=100156226,2493,249만원,1225,없음
100162044,강주희,무소속,구시군의회의원,부산광역시 중구나선거구,부산광역시,중구나선거구,https://info.nec.go.kr/electioninfo/candidate_detail_info.xhtml?electionId=0020260603&huboId=100162044,2480,248만원,2480,없음
100155185,최인희,더불어민주당,구시군의회의원,부산광역시 부산진구다선거구,부산광역시,부산진구다선거구,https://info.nec.go.kr/electioninfo/candidate_detail_info.xhtml?electionId=0020260603&huboId=100155185,2452,245만원,0,없음
100163667,권기한,국민의힘,구시군의회의원,경상북도 영천시라선거구,경상북도,영천시라선거구,https://info.nec.go.kr/electioninfo/candidate_detail_info.xhtml?electionId=0020260603&huboId=100163667,2451,245만원,0,3건
100158638,안선환,국민의힘,구시군의회의원,경상남도 김해시바선거구,경상남도,김해시바선거구,https://info.nec.go.kr/electioninfo/candidate_detail_info.xhtml?electionId=0020260603&huboId=100158638,2447,245만원,0,2건
100159235,기완수,국민의힘,구시군의회의원,인천광역시 남동구라선거구,인천광역시,남동구라선거구,https://info.nec.go.kr/electioninfo/candidate_detail_info.xhtml?electionId=0020260603&huboId=100159235,2447,245만원,0,2건
100165219,박혜경,조국혁신당,광역의원비례,경상남도 경상남도,경상남도,경상남도,https://info.nec.go.kr/electioninfo/candidate_detail_info.xhtml?electionId=0020260603&huboId=100165219,2444,244만원,2444,1건
100165067,국중숙,더불어민주당,기초의원비례,충청남도 논산시,충청남도,논산시,https://info.nec.go.kr/electioninfo/candidate_detail_info.xhtml?electionId=0020260603&huboId=100165067,2439,244만원,0,없음
100162322,채영병,무소속,구시군의회의원,전북특별자치도 전주시바선거구,전북특별자치도,전주시바선거구,https://info.nec.go.kr/electioninfo/candidate_detail_info.xhtml?electionId=0020260603&huboId=100162322,2365,237만원,0,없음
100162742,박영환,국민의힘,구시군의회의원,대구광역시 수성구다선거구,대구광역시,수성구다선거구,https://info.nec.go.kr/electioninfo/candidate_detail_info.xhtml?electionId=0020260603&huboId=100162742,2346,235만원,0,1건
100159896,이기현,조국혁신당,구시군의회의원,전라남도 장성군가선거구,전라남도,장성군가선거구,https://info.nec.go.kr/electioninfo/candidate_detail_info.xhtml?electionId=0020260603&huboId=100159896,2312,231만원,0,없음
100156304,서수형,진보당,구시군의회의원,전라남도 여수시라선거구,전라남도,여수시라선거구,https://info.nec.go.kr/electioninfo/candidate_detail_info.xhtml?electionId=0020260603&huboId=100156304,2297,230만원,0,없음
100160173,최영진,더불어민주당,구시군의회의원,전라남도 신안군가선거구,전라남도,신안군가선거구,https://info.nec.go.kr/electioninfo/candidate_detail_info.xhtml?electionId=0020260603&huboId=100160173,2292,229만원,0,없음
100165221,김경애,국민의힘,광역의원비례,제주특별자치도 제주특별자치도,제주특별자치도,제주특별자치도,https://info.nec.go.kr/electioninfo/candidate_detail_info.xhtml?electionId=0020260603&huboId=100165221,2273,227만원,0,1건
100157746,정영수,더불어민주당,시도의원,부산광역시 강서구제2선거구,부산광역시,강서구제2선거구,https://info.nec.go.kr/electioninfo/candidate_detail_info.xhtml?electionId=0020260603&huboId=100157746,2228,223만원,0,없음
100157275,조휘제,더불어민주당,구시군의회의원,충청남도 공주시나선거구,충청남도,공주시나선거구,https://info.nec.go.kr/electioninfo/candidate_detail_info.xhtml?electionId=0020260603&huboId=100157275,2201,220만원,0,1건
100162380,홍성기,국민의힘,시도의원,강원특별자치도 홍천군제2선거구,강원특별자치도,홍천군제2선거구,https://info.nec.go.kr/electioninfo/candidate_detail_info.xhtml?electionId=0020260603&huboId=100162380,2193,219만원,0,없음
100163534,장철식,국민의힘,구시군의회의원,대구광역시 군위군나선거구,대구광역시,군위군나선거구,https://info.nec.go.kr/electioninfo/candidate_detail_info.xhtml?electionId=0020260603&huboId=100163534,2155,216만원,0,1건
100156938,정기성,더불어민주당,시도의원,전남광주통합특별시 장성군제2선거구,전남광주통합특별시,장성군제2선거구,https://info.nec.go.kr/electioninfo/candidate_detail_info.xhtml?electionId=0020260603&huboId=100156938,2140,214만원,0,1건
100154421,조주환,더불어민주당,구시군의회의원,경기도 이천시가선거구,경기도,이천시가선거구,https://info.nec.go.kr/electioninfo/candidate_detail_info.xhtml?electionId=0020260603&huboId=100154421,2119,212만원,0,1건
100155357,박홍률,조국혁신당,기초단체장,전라남도 목포시,전라남도,목포시,https://info.nec.go.kr/electioninfo/candidate_detail_info.xhtml?electionId=0020260603&huboId=100155357,2112,211만원,0,없음
100157533,최승순,국민의힘,시도의원,강원특별자치도 강릉시제5선거구,강원특별자치도,강릉시제5선거구,https://info.nec.go.kr/electioninfo/candidate_detail_info.xhtml?electionId=0020260603&huboId=100157533,2099,210만원,0,없음
100153999,김춘구,더불어민주당,구시군의회의원,광주광역시 남구가선거구,광주광역시,남구가선거구,https://info.nec.go.kr/electioninfo/candidate_detail_info.xhtml?electionId=0020260603&huboId=100153999,2085,209만원,0,1건
100162882,조미선,국민의힘,구시군의회의원,경기도 오산시나선거구,경기도,오산시나선거구,https://info.nec.go.kr/electioninfo/candidate_detail_info.xhtml?electionId=0020260603&huboId=100162882,2082,208만원,0,없음
100165799,최미자,더불어민주당,기초의원비례,충청남도 보령시,충청남도,보령시,https://info.nec.go.kr/electioninfo/candidate_detail_info.xhtml?electionId=0020260603&huboId=100165799,2070,207만원,0,없음
100161386,이현숙,국민의힘,구시군의회의원,서울특별시 서초구라선거구,서울특별시,서초구라선거구,https://info.nec.go.kr/electioninfo/candidate_detail_info.xhtml?electionId=0020260603&huboId=100161386,2064,206만원,0,없음
100154367,유지곤,조국혁신당,기초단체장,대전광역시 서구,대전광역시,서구,https://info.nec.go.kr/electioninfo/candidate_detail_info.xhtml?electionId=0020260603&huboId=100154367,2031,203만원,0,2건
100154357,강학서,더불어민주당,시도의원,충청남도 보령시제2선거구,충청남도,보령시제2선거구,https://info.nec.go.kr/electioninfo/candidate_detail_info.xhtml?electionId=0020260603&huboId=100154357,2030,203만원,0,없음
100158232,조대용,국민의힘,구시군의회의원,경상남도 거제시라선거구,경상남도,거제시라선거구,https://info.nec.go.kr/electioninfo/candidate_detail_info.xhtml?electionId=0020260603&huboId=100158232,2025,203만원,0,없음
100163918,이은창,개혁신당,국회의원(재보궐),충청남도 공주시부여군청양군,충청남도,공주시부여군청양군,https://info.nec.go.kr/electioninfo/candidate_detail_info.xhtml?electionId=0020260603&huboId=100163918,2019,202만원,0,없음
100164917,김보경,사회민주당,광역의원비례,인천광역시 인천광역시,인천광역시,인천광역시,https://info.nec.go.kr/electioninfo/candidate_detail_info.xhtml?electionId=0020260603&huboId=100164917,2007,201만원,0,없음
100162269,원강수,국민의힘,기초단체장,강원특별자치도 원주시,강원특별자치도,원주시,https://info.nec.go.kr/electioninfo/candidate_detail_info.xhtml?electionId=0020260603&huboId=100162269,1994,199만원,0,없음
100159094,박노일,국민의힘,구시군의회의원,강원특별자치도 춘천시마선거구,강원특별자치도,춘천시마선거구,https://info.nec.go.kr/electioninfo/candidate_detail_info.xhtml?electionId=0020260603&huboId=100159094,1990,199만원,0,없음
100157789,유기주,더불어민주당,구시군의회의원,충청남도 부여군나선거구,충청남도,부여군나선거구,https://info.nec.go.kr/electioninfo/candidate_detail_info.xhtml?electionId=0020260603&huboId=100157789,1974,197만원,0,2건
100160571,김한균,무소속,기초단체장,전라남도 영광군,전라남도,영광군,https://info.nec.go.kr/electioninfo/candidate_detail_info.xhtml?electionId=0020260603&huboId=100160571,1954,195만원,0,5건
100154298,서명일,더불어민주당,구시군의회의원,경상남도 창원시타선거구,경상남도,창원시타선거구,https://info.nec.go.kr/electioninfo/candidate_detail_info.xhtml?electionId=0020260603&huboId=100154298,1915,192만원,0,1건
100161813,윤유현,무소속,구시군의회의원,서울특별시 서대문구마선거구,서울특별시,서대문구마선거구,https://info.nec.go.kr/electioninfo/candidate_detail_info.xhtml?electionId=0020260603&huboId=100161813,1897,190만원,0,4건
100160012,최관선,무소속,구시군의회의원,충청북도 괴산군가선거구,충청북도,괴산군가선거구,https://info.nec.go.kr/electioninfo/candidate_detail_info.xhtml?electionId=0020260603&huboId=100160012,1897,190만원,0,4건
100160293,김영동,더불어민주당,구시군의회의원,경상남도 함안군다선거구,경상남도,함안군다선거구,https://info.nec.go.kr/electioninfo/candidate_detail_info.xhtml?electionId=0020260603&huboId=100160293,1889,189만원,0,1건
100164835,박은화,국민의힘,기초의원비례,경상북도 칠곡군,경상북도,칠곡군,https://info.nec.go.kr/electioninfo/candidate_detail_info.xhtml?electionId=0020260603&huboId=100164835,1887,189만원,0,없음
100160610,이정열,국민의힘,구시군의회의원,경기도 용인시카선거구,경기도,용인시카선거구,https://info.nec.go.kr/electioninfo/candidate_detail_info.xhtml?electionId=0020260603&huboId=100160610,1880,188만원,0,2건
100161672,고점례,더불어민주당,구시군의회의원,광주광역시 북구가선거구,광주광역시,북구가선거구,https://info.nec.go.kr/electioninfo/candidate_detail_info.xhtml?electionId=0020260603&huboId=100161672,1874,187만원,0,없음
100160120,이강선,국민의힘,구시군의회의원,충청북도 진천군나선거구,충청북도,진천군나선거구,https://info.nec.go.kr/electioninfo/candidate_detail_info.xhtml?electionId=0020260603&huboId=100160120,1856,186만원,1062,1건
100164427,안선영,국민의힘,기초의원비례,부산광역시 동래구,부산광역시,동래구,https://info.nec.go.kr/electioninfo/candidate_detail_info.xhtml?electionId=0020260603&huboId=100164427,1846,185만원,0,없음
100163143,신현철,개혁신당,기초단체장,경기도 고양시,경기도,고양시,https://info.nec.go.kr/electioninfo/candidate_detail_info.xhtml?electionId=0020260603&huboId=100163143,1840,184만원,2721,없음
100162747,위영란,더불어민주당,구시군의회의원,경기도 화성시바선거구,경기도,화성시바선거구,https://info.nec.go.kr/electioninfo/candidate_detail_info.xhtml?electionId=0020260603&huboId=100162747,1837,184만원,0,없음
100163259,전경구,국민의힘,구시군의회의원,서울특별시 중랑구마선거구,서울특별시,중랑구마선거구,https://info.nec.go.kr/electioninfo/candidate_detail_info.xhtml?electionId=0020260603&huboId=100163259,1826,183만원,0,1건
100161820,강선영,더불어민주당,구시군의회의원,서울특별시 강서구아선거구,서울특별시,강서구아선거구,https://info.nec.go.kr/electioninfo/candidate_detail_info.xhtml?electionId=0020260603&huboId=100161820,1798,180만원,0,없음
100156747,이귀순,더불어민주당,시도의원,전남광주통합특별시 광산구제4선거구,전남광주통합특별시,광산구제4선거구,https://info.nec.go.kr/electioninfo/candidate_detail_info.xhtml?electionId=0020260603&huboId=100156747,1797,180만원,0,없음
100158612,김성태,더불어민주당,구시군의회의원,경기도 구리시나선거구,경기도,구리시나선거구,https://info.nec.go.kr/electioninfo/candidate_detail_info.xhtml?electionId=0020260603&huboId=100158612,1796,180만원,0,1건
100162024,김응숙,국민의힘,구시군의회의원,경상북도 김천시나선거구,경상북도,김천시나선거구,https://info.nec.go.kr/electioninfo/candidate_detail_info.xhtml?electionId=0020260603&huboId=100162024,1791,179만원,0,1건
100164421,신선애,국민의힘,기초의원비례,강원특별자치도 양양군,강원특별자치도,양양군,https://info.nec.go.kr/electioninfo/candidate_detail_info.xhtml?electionId=0020260603&huboId=100164421,1790,179만원,532,없음
100162479,홍준연,무소속,구시군의회의원,대구광역시 중구나선거구,대구광역시,중구나선거구,https://info.nec.go.kr/electioninfo/candidate_detail_info.xhtml?electionId=0020260603&huboId=100162479,1789,179만원,0,없음
100160270,김동일,더불어민주당,구시군의회의원,부산광역시 사상구가선거구,부산광역시,사상구가선거구,https://info.nec.go.kr/electioninfo/candidate_detail_info.xhtml?electionId=0020260603&huboId=100160270,1787,179만원,0,2건
100155450,이윤수,더불어민주당,구시군의회의원,전라남도 광양시라선거구,전라남도,광양시라선거구,https://info.nec.go.kr/electioninfo/candidate_detail_info.xhtml?electionId=0020260603&huboId=100155450,1786,179만원,0,1건
100163322,성흠제,더불어민주당,시도의원,서울특별시 은평구제1선거구,서울특별시,은평구제1선거구,https://info.nec.go.kr/electioninfo/candidate_detail_info.xhtml?electionId=0020260603&huboId=100163322,1781,178만원,0,없음
100165592,박수규,더불어민주당,기초의원비례,충청남도 당진시,충청남도,당진시,https://info.nec.go.kr/electioninfo/candidate_detail_info.xhtml?electionId=0020260603&huboId=100165592,1769,177만원,0,없음
100155908,최홍화,국민의힘,구시군의회의원,경기도 포천시나선거구,경기도,포천시나선거구,https://info.nec.go.kr/electioninfo/candidate_detail_info.xhtml?electionId=0020260603&huboId=100155908,1767,177만원,0,1건
100159658,원영희,국민의힘,구시군의회의원,강원특별자치도 횡성군나선거구,강원특별자치도,횡성군나선거구,https://info.nec.go.kr/electioninfo/candidate_detail_info.xhtml?electionId=0020260603&huboId=100159658,1754,175만원,0,없음
100165801,전경자,국민대통합당,광역의원비례,서울특별시 서울특별시,서울특별시,서울특별시,https://info.nec.go.kr/electioninfo/candidate_detail_info.xhtml?electionId=0020260603&huboId=100165801,1753,175만원,0,없음
100156857,은봉희,더불어민주당,구시군의회의원,광주광역시 남구나선거구,광주광역시,남구나선거구,https://info.nec.go.kr/electioninfo/candidate_detail_info.xhtml?electionId=0020260603&huboId=100156857,1749,175만원,0,1건
100164646,오인태,조국혁신당,광역의원비례,서울특별시 서울특별시,서울특별시,서울특별시,https://info.nec.go.kr/electioninfo/candidate_detail_info.xhtml?electionId=0020260603&huboId=100164646,1747,175만원,0,없음
100154971,신영욱,더불어민주당,시도의원,경상남도 김해시제1선거구,경상남도,김해시제1선거구,https://info.nec.go.kr/electioninfo/candidate_detail_info.xhtml?electionId=0020260603&huboId=100154971,1746,175만원,0,3건
100156249,송영탁,무소속,구시군의회의원,경상북도 문경시라선거구,경상북도,문경시라선거구,https://info.nec.go.kr/electioninfo/candidate_detail_info.xhtml?electionId=0020260603&huboId=100156249,1745,175만원,0,1건
100163442,김형원,더불어민주당,구시군의회의원,서울특별시 용산구마선거구,서울특별시,용산구마선거구,https://info.nec.go.kr/electioninfo/candidate_detail_info.xhtml?electionId=0020260603&huboId=100163442,1729,173만원,0,없음
100153874,김상헌,더불어민주당,시도의원,경상북도 포항시제9선거구,경상북도,포항시제9선거구,https://info.nec.go.kr/electioninfo/candidate_detail_info.xhtml?electionId=0020260603&huboId=100153874,1724,172만원,0,2건
100162731,서회원,국민의힘,구시군의회의원,서울특별시 강동구나선거구,서울특별시,강동구나선거구,https://info.nec.go.kr/electioninfo/candidate_detail_info.xhtml?electionId=0020260603&huboId=100162731,1724,172만원,0,2건
100162558,김영헌,국민의힘,구시군의회의원,경상북도 포항시아선거구,경상북도,포항시아선거구,https://info.nec.go.kr/electioninfo/candidate_detail_info.xhtml?electionId=0020260603&huboId=100162558,1703,170만원,0,2건
100158666,김현규,더불어민주당,구시군의회의원,경기도 포천시나선거구,경기도,포천시나선거구,https://info.nec.go.kr/electioninfo/candidate_detail_info.xhtml?electionId=0020260603&huboId=100158666,1694,169만원,0,1건
100162071,박주언,국민의힘,시도의원,경상남도 거창군제1선거구,경상남도,거창군제1선거구,https://info.nec.go.kr/electioninfo/candidate_detail_info.xhtml?electionId=0020260603&huboId=100162071,1682,168만원,0,1건
100158882,정연철,국민의힘,시도의원,강원특별자치도 삼척시제2선거구,강원특별자치도,삼척시제2선거구,https://info.nec.go.kr/electioninfo/candidate_detail_info.xhtml?electionId=0020260603&huboId=100158882,1675,168만원,0,2건
100155732,정종식,국민의힘,구시군의회의원,경상북도 포항시라선거구,경상북도,포항시라선거구,https://info.nec.go.kr/electioninfo/candidate_detail_info.xhtml?electionId=0020260603&huboId=100155732,1669,167만원,0,없음
100155508,전태우,더불어민주당,시도의원,서울특별시 서초구제1선거구,서울특별시,서초구제1선거구,https://info.nec.go.kr/electioninfo/candidate_detail_info.xhtml?electionId=0020260603&huboId=100155508,1653,165만원,0,없음
100154212,서종협,더불어민주당,구시군의회의원,강원특별자치도 삼척시나선거구,강원특별자치도,삼척시나선거구,https://info.nec.go.kr/electioninfo/candidate_detail_info.xhtml?electionId=0020260603&huboId=100154212,1653,165만원,0,1건
100159854,조해승,국민의힘,구시군의회의원,경기도 가평군나선거구,경기도,가평군나선거구,https://info.nec.go.kr/electioninfo/candidate_detail_info.xhtml?electionId=0020260603&huboId=100159854,1646,165만원,0,3건
100158426,임철호,국민의힘,시도의원,경기도 안양시제3선거구,경기도,안양시제3선거구,https://info.nec.go.kr/electioninfo/candidate_detail_info.xhtml?electionId=0020260603&huboId=100158426,1644,164만원,0,없음
100163976,김민석,국민의힘,시도의원,경기도 광주시제2선거구,경기도,광주시제2선거구,https://info.nec.go.kr/electioninfo/candidate_detail_info.xhtml?electionId=0020260603&huboId=100163976,1639,164만원,0,없음
100160632,송민우,국민의힘,구시군의회의원,부산광역시 해운대구아선거구,부산광역시,해운대구아선거구,https://info.nec.go.kr/electioninfo/candidate_detail_info.xhtml?electionId=0020260603&huboId=100160632,1628,163만원,0,없음
100161171,박철규,무소속,구시군의회의원,전라남도 곡성군가선거구,전라남도,곡성군가선거구,https://info.nec.go.kr/electioninfo/candidate_detail_info.xhtml?electionId=0020260603&huboId=100161171,1618,162만원,0,2건
100153885,황병직,국민의힘,기초단체장,경상북도 영주시,경상북도,영주시,https://info.nec.go.kr/electioninfo/candidate_detail_info.xhtml?electionId=0020260603&huboId=100153885,1616,162만원,0,2건
100155681,신원근,더불어민주당,구시군의회의원,광주광역시 북구가선거구,광주광역시,북구가선거구,https://info.nec.go.kr/electioninfo/candidate_detail_info.xhtml?electionId=0020260603&huboId=100155681,1611,161만원,0,없음
100164189,변진웅,조국혁신당,구시군의회의원,부산광역시 동구가선거구,부산광역시,동구가선거구,https://info.nec.go.kr/electioninfo/candidate_detail_info.xhtml?electionId=0020260603&huboId=100164189,1608,161만원,0,3건
100156372,정재동,더불어민주당,구시군의회의원,서울특별시 금천구다선거구,서울특별시,금천구다선거구,https://info.nec.go.kr/electioninfo/candidate_detail_info.xhtml?electionId=0020260603&huboId=100156372,1607,161만원,0,없음
100160105,이희성,더불어민주당,구시군의회의원,경기도 김포시라선거구,경기도,김포시라선거구,https://info.nec.go.kr/electioninfo/candidate_detail_info.xhtml?electionId=0020260603&huboId=100160105,1605,161만원,0,없음
100155208,김연자,국민의힘,구시군의회의원,인천광역시 계양구가선거구,인천광역시,계양구가선거구,https://info.nec.go.kr/electioninfo/candidate_detail_info.xhtml?electionId=0020260603&huboId=100155208,1604,160만원,0,없음
100156896,김철현,국민의힘,구시군의회의원,부산광역시 남구나선거구,부산광역시,남구나선거구,https://info.nec.go.kr/electioninfo/candidate_detail_info.xhtml?electionId=0020260603&huboId=100156896,1595,160만원,0,없음
100165264,백승흥,국민의힘,광역의원비례,경상남도 경상남도,경상남도,경상남도,https://info.nec.go.kr/electioninfo/candidate_detail_info.xhtml?electionId=0020260603&huboId=100165264,1595,160만원,0,1건
100160626,안선홍,무소속,구시군의회의원,전북특별자치도 고창군나선거구,전북특별자치도,고창군나선거구,https://info.nec.go.kr/electioninfo/candidate_detail_info.xhtml?electionId=0020260603&huboId=100160626,1586,159만원,0,3건
100165691,서용택,자유와혁신,구시군의회의원,서울특별시 서초구라선거구,서울특별시,서초구라선거구,https://info.nec.go.kr/electioninfo/candidate_detail_info.xhtml?electionId=0020260603&huboId=100165691,1583,158만원,0,1건
100164130,남궁현숙,국민의힘,광역의원비례,대구광역시 대구광역시,대구광역시,대구광역시,https://info.nec.go.kr/electioninfo/candidate_detail_info.xhtml?electionId=0020260603&huboId=100164130,1579,158만원,0,없음
100161136,최종수,국민의힘,시도의원,강원특별자치도 평창군제2선거구,강원특별자치도,평창군제2선거구,https://info.nec.go.kr/electioninfo/candidate_detail_info.xhtml?electionId=0020260603&huboId=100161136,1575,158만원,0,없음
100159739,이미행,조국혁신당,구시군의회의원,전라남도 담양군라선거구,전라남도,담양군라선거구,https://info.nec.go.kr/electioninfo/candidate_detail_info.xhtml?electionId=0020260603&huboId=100159739,1567,157만원,0,없음
100163457,정수남,무소속,구시군의회의원,대구광역시 수성구마선거구,대구광역시,수성구마선거구,https://info.nec.go.kr/electioninfo/candidate_detail_info.xhtml?electionId=0020260603&huboId=100163457,1561,156만원,0,없음
100157734,서창수,더불어민주당,구시군의회의원,경기도 의왕시가선거구,경기도,의왕시가선거구,https://info.nec.go.kr/electioninfo/candidate_detail_info.xhtml?electionId=0020260603&huboId=100157734,1551,155만원,0,2건
100160140,홍명기,국민의힘,구시군의회의원,경상남도 산청군다선거구,경상남도,산청군다선거구,https://info.nec.go.kr/electioninfo/candidate_detail_info.xhtml?electionId=0020260603&huboId=100160140,1545,155만원,0,없음
100161300,고영임,더불어민주당,구시군의회의원,광주광역시 북구가선거구,광주광역시,북구가선거구,https://info.nec.go.kr/electioninfo/candidate_detail_info.xhtml?electionId=0020260603&huboId=100161300,1545,155만원,0,없음
100154176,김진석,더불어민주당,구시군의회의원,충청북도 청주시마선거구,충청북도,청주시마선거구,https://info.nec.go.kr/electioninfo/candidate_detail_info.xhtml?electionId=0020260603&huboId=100154176,1542,154만원,0,없음
100161401,이인교,국민의힘,시도의원,인천광역시 남동구제6선거구,인천광역시,남동구제6선거구,https://info.nec.go.kr/electioninfo/candidate_detail_info.xhtml?electionId=0020260603&huboId=100161401,1541,154만원,0,없음
100165808,천현영,국민의힘,기초의원비례,울산광역시 동구,울산광역시,동구,https://info.nec.go.kr/electioninfo/candidate_detail_info.xhtml?electionId=0020260603&huboId=100165808,1536,154만원,0,없음
100161460,조용훈,더불어민주당,구시군의회의원,충청남도 논산시가선거구,충청남도,논산시가선거구,https://info.nec.go.kr/electioninfo/candidate_detail_info.xhtml?electionId=0020260603&huboId=100161460,1520,152만원,0,없음
100159380,공진혁,국민의힘,시도의원,울산광역시 울주군제1선거구,울산광역시,울주군제1선거구,https://info.nec.go.kr/electioninfo/candidate_detail_info.xhtml?electionId=0020260603&huboId=100159380,1517,152만원,0,2건
100157569,황정재,더불어민주당,기초단체장,부산광역시 서구,부산광역시,서구,https://info.nec.go.kr/electioninfo/candidate_detail_info.xhtml?electionId=0020260603&huboId=100157569,1503,150만원,0,없음
100159216,김경호,더불어민주당,기초단체장,경기도 가평군,경기도,가평군,https://info.nec.go.kr/electioninfo/candidate_detail_info.xhtml?electionId=0020260603&huboId=100159216,1491,149만원,0,1건
100158002,최지선,더불어민주당,구시군의회의원,전라남도 목포시사선거구,전라남도,목포시사선거구,https://info.nec.go.kr/electioninfo/candidate_detail_info.xhtml?electionId=0020260603&huboId=100158002,1489,149만원,0,없음
100160461,이상우,더불어민주당,구시군의회의원,울산광역시 울주군나선거구,울산광역시,울주군나선거구,https://info.nec.go.kr/electioninfo/candidate_detail_info.xhtml?electionId=0020260603&huboId=100160461,1486,149만원,0,2건
100165601,나영호,무소속,구시군의회의원,부산광역시 서구가선거구,부산광역시,서구가선거구,https://info.nec.go.kr/electioninfo/candidate_detail_info.xhtml?electionId=0020260603&huboId=100165601,1483,148만원,0,없음
100156568,임의빈,더불어민주당,구시군의회의원,경기도 양주시다선거구,경기도,양주시다선거구,https://info.nec.go.kr/electioninfo/candidate_detail_info.xhtml?electionId=0020260603&huboId=100156568,1473,147만원,0,없음
100165632,전인숙,더불어민주당,기초의원비례,전북특별자치도 남원시,전북특별자치도,남원시,https://info.nec.go.kr/electioninfo/candidate_detail_info.xhtml?electionId=0020260603&huboId=100165632,1470,147만원,0,없음
100156535,김혜진,더불어민주당,시도의원,대구광역시 중구제2선거구,대구광역시,중구제2선거구,https://info.nec.go.kr/electioninfo/candidate_detail_info.xhtml?electionId=0020260603&huboId=100156535,1462,146만원,0,1건
100164567,정필순,더불어민주당,기초의원비례,충청북도 진천군,충청북도,진천군,https://info.nec.go.kr/electioninfo/candidate_detail_info.xhtml?electionId=0020260603&huboId=100164567,1455,146만원,0,1건
100160036,김옥수,국민의힘,구시군의회의원,경기도 성남시마선거구,경기도,성남시마선거구,https://info.nec.go.kr/electioninfo/candidate_detail_info.xhtml?electionId=0020260603&huboId=100160036,1454,145만원,1058,없음
100157031,황숲,더불어민주당,시도의원,울산광역시 남구제5선거구,울산광역시,남구제5선거구,https://info.nec.go.kr/electioninfo/candidate_detail_info.xhtml?electionId=0020260603&huboId=100157031,1453,145만원,0,없음
100160900,심상휴,국민의힘,구시군의회의원,경상북도 청송군가선거구,경상북도,청송군가선거구,https://info.nec.go.kr/electioninfo/candidate_detail_info.xhtml?electionId=0020260603&huboId=100160900,1453,145만원,0,1건
100165442,이지영,국민의힘,기초의원비례,대구광역시 수성구,대구광역시,수성구,https://info.nec.go.kr/electioninfo/candidate_detail_info.xhtml?electionId=0020260603&huboId=100165442,1451,145만원,0,없음
100156045,방인혜,더불어민주당,구시군의회의원,경기도 파주시가선거구,경기도,파주시가선거구,https://info.nec.go.kr/electioninfo/candidate_detail_info.xhtml?electionId=0020260603&huboId=100156045,1432,143만원,0,2건
100162389,김명현,국민의힘,구시군의회의원,대전광역시 서구마선거구,대전광역시,서구마선거구,https://info.nec.go.kr/electioninfo/candidate_detail_info.xhtml?electionId=0020260603&huboId=100162389,1419,142만원,0,4건
100158674,김희성,국민의힘,구시군의회의원,경기도 남양주시다선거구,경기도,남양주시다선거구,https://info.nec.go.kr/electioninfo/candidate_detail_info.xhtml?electionId=0020260603&huboId=100158674,1417,142만원,0,없음
100162460,이은미,더불어민주당,시도의원,경기도 안산시제5선거구,경기도,안산시제5선거구,https://info.nec.go.kr/electioninfo/candidate_detail_info.xhtml?electionId=0020260603&huboId=100162460,1412,141만원,0,없음
100163230,권성철,더불어민주당,시도의원,경상북도 구미시제2선거구,경상북도,구미시제2선거구,https://info.nec.go.kr/electioninfo/candidate_detail_info.xhtml?electionId=0020260603&huboId=100163230,1412,141만원,0,2건
100160973,신향순,국민의힘,구시군의회의원,경상북도 예천군가선거구,경상북도,예천군가선거구,https://info.nec.go.kr/electioninfo/candidate_detail_info.xhtml?electionId=0020260603&huboId=100160973,1406,141만원,0,없음
100155759,김효주,더불어민주당,구시군의회의원,전북특별자치도 군산시사선거구,전북특별자치도,군산시사선거구,https://info.nec.go.kr/electioninfo/candidate_detail_info.xhtml?electionId=0020260603&huboId=100155759,1400,140만원,0,없음
100163949,김태훈,무소속,시도의원,전남광주통합특별시 순천시제4선거구,전남광주통합특별시,순천시제4선거구,https://info.nec.go.kr/electioninfo/candidate_detail_info.xhtml?electionId=0020260603&huboId=100163949,1398,140만원,0,없음
100165851,이강미,국민의힘,기초의원비례,충청남도 아산시,충청남도,아산시,https://info.nec.go.kr/electioninfo/candidate_detail_info.xhtml?electionId=0020260603&huboId=100165851,1385,139만원,0,없음
100161872,김세호,국민의힘,구시군의회의원,경상북도 김천시마선거구,경상북도,김천시마선거구,https://info.nec.go.kr/electioninfo/candidate_detail_info.xhtml?electionId=0020260603&huboId=100161872,1356,136만원,0,없음
100162278,강태만,무소속,시도의원,경기도 가평군선거구,경기도,가평군선거구,https://info.nec.go.kr/electioninfo/candidate_detail_info.xhtml?electionId=0020260603&huboId=100162278,1355,136만원,0,3건
100163524,하정미,국민의힘,구시군의회의원,경상남도 하동군다선거구,경상남도,하동군다선거구,https://info.nec.go.kr/electioninfo/candidate_detail_info.xhtml?electionId=0020260603&huboId=100163524,1350,135만원,0,없음
100162698,김남원,더불어민주당,구시군의회의원,인천광역시 검단구가선거구,인천광역시,검단구가선거구,https://info.nec.go.kr/electioninfo/candidate_detail_info.xhtml?electionId=0020260603&huboId=100162698,1333,133만원,0,없음
100154087,백진오,조국혁신당,구시군의회의원,전라남도 여수시나선거구,전라남도,여수시나선거구,https://info.nec.go.kr/electioninfo/candidate_detail_info.xhtml?electionId=0020260603&huboId=100154087,1322,132만원,0,3건
100164223,정경호,조국혁신당,광역의원비례,경기도 경기도,경기도,경기도,https://info.nec.go.kr/electioninfo/candidate_detail_info.xhtml?electionId=0020260603&huboId=100164223,1309,131만원,0,없음
100154806,임현철,국민의힘,기초단체장,울산광역시 남구,울산광역시,남구,https://info.nec.go.kr/electioninfo/candidate_detail_info.xhtml?electionId=0020260603&huboId=100154806,1297,130만원,0,1건
100158075,김두겸,국민의힘,구시군의회의원,대전광역시 중구다선거구,대전광역시,중구다선거구,https://info.nec.go.kr/electioninfo/candidate_detail_info.xhtml?electionId=0020260603&huboId=100158075,1295,130만원,0,없음
100154561,김일중,국민의힘,구시군의회의원,인천광역시 연수구나선거구,인천광역시,연수구나선거구,https://info.nec.go.kr/electioninfo/candidate_detail_info.xhtml?electionId=0020260603&huboId=100154561,1295,130만원,0,없음
100155340,오재원,국민의힘,구시군의회의원,충청남도 공주시나선거구,충청남도,공주시나선거구,https://info.nec.go.kr/electioninfo/candidate_detail_info.xhtml?electionId=0020260603&huboId=100155340,1286,129만원,0,없음
100163545,김형석,무소속,시도의원,경상남도 진주시제3선거구,경상남도,진주시제3선거구,https://info.nec.go.kr/electioninfo/candidate_detail_info.xhtml?electionId=0020260603&huboId=100163545,1276,128만원,0,1건
100163656,김상일,국민의힘,시도의원,경상북도 포항시제3선거구,경상북도,포항시제3선거구,https://info.nec.go.kr/electioninfo/candidate_detail_info.xhtml?electionId=0020260603&huboId=100163656,1265,127만원,0,1건
100157004,오현주,더불어민주당,구시군의회의원,경기도 광주시나선거구,경기도,광주시나선거구,https://info.nec.go.kr/electioninfo/candidate_detail_info.xhtml?electionId=0020260603&huboId=100157004,1255,126만원,0,없음
100159339,전석재,국민의힘,구시군의회의원,경상북도 울진군나선거구,경상북도,울진군나선거구,https://info.nec.go.kr/electioninfo/candidate_detail_info.xhtml?electionId=0020260603&huboId=100159339,1253,125만원,0,3건
100163381,김현주,국민의힘,구시군의회의원,경기도 김포시라선거구,경기도,김포시라선거구,https://info.nec.go.kr/electioninfo/candidate_detail_info.xhtml?electionId=0020260603&huboId=100163381,1247,125만원,0,없음
100163313,이순걸,국민의힘,기초단체장,울산광역시 울주군,울산광역시,울주군,https://info.nec.go.kr/electioninfo/candidate_detail_info.xhtml?electionId=0020260603&huboId=100163313,1243,124만원,0,없음
100158997,나현주,국민의힘,구시군의회의원,경상북도 영덕군가선거구,경상북도,영덕군가선거구,https://info.nec.go.kr/electioninfo/candidate_detail_info.xhtml?electionId=0020260603&huboId=100158997,1242,124만원,0,없음
100157902,오상균,개혁신당,구시군의회의원,서울특별시 성동구다선거구,서울특별시,성동구다선거구,https://info.nec.go.kr/electioninfo/candidate_detail_info.xhtml?electionId=0020260603&huboId=100157902,1219,122만원,0,1건
100160234,김은수,국민의힘,구시군의회의원,경기도 수원시나선거구,경기도,수원시나선거구,https://info.nec.go.kr/electioninfo/candidate_detail_info.xhtml?electionId=0020260603&huboId=100160234,1218,122만원,0,없음
100163029,김영식,국민의힘,구시군의회의원,경기도 용인시다선거구,경기도,용인시다선거구,https://info.nec.go.kr/electioninfo/candidate_detail_info.xhtml?electionId=0020260603&huboId=100163029,1214,121만원,0,없음
100155020,유승현,더불어민주당,구시군의회의원,경기도 부천시사선거구,경기도,부천시사선거구,https://info.nec.go.kr/electioninfo/candidate_detail_info.xhtml?electionId=0020260603&huboId=100155020,1212,121만원,0,없음
100160805,박재길,국민의힘,구시군의회의원,경상북도 예천군다선거구,경상북도,예천군다선거구,https://info.nec.go.kr/electioninfo/candidate_detail_info.xhtml?electionId=0020260603&huboId=100160805,1211,121만원,0,1건
100154640,최혜령,더불어민주당,구시군의회의원,경기도 의정부시라선거구,경기도,의정부시라선거구,https://info.nec.go.kr/electioninfo/candidate_detail_info.xhtml?electionId=0020260603&huboId=100154640,1209,121만원,0,없음
100160560,이주훈,국민의힘,시도의원,경기도 광주시제4선거구,경기도,광주시제4선거구,https://info.nec.go.kr/electioninfo/candidate_detail_info.xhtml?electionId=0020260603&huboId=100160560,1199,120만원,0,1건
100164264,김미경,국민의힘,기초의원비례,경상북도 안동시,경상북도,안동시,https://info.nec.go.kr/electioninfo/candidate_detail_info.xhtml?electionId=0020260603&huboId=100164264,1196,120만원,0,1건
100155051,반인숙,더불어민주당,구시군의회의원,경기도 안성시다선거구,경기도,안성시다선거구,https://info.nec.go.kr/electioninfo/candidate_detail_info.xhtml?electionId=0020260603&huboId=100155051,1195,120만원,0,1건
100162930,최신성,개혁신당,시도의원,울산광역시 남구제5선거구,울산광역시,남구제5선거구,https://info.nec.go.kr/electioninfo/candidate_detail_info.xhtml?electionId=0020260603&huboId=100162930,1184,118만원,1184,없음
100160954,윤희주,국민의힘,구시군의회의원,강원특별자치도 강릉시다선거구,강원특별자치도,강릉시다선거구,https://info.nec.go.kr/electioninfo/candidate_detail_info.xhtml?electionId=0020260603&huboId=100160954,1180,118만원,0,없음
100159545,조주홍,국민의힘,기초단체장,경상북도 영덕군,경상북도,영덕군,https://info.nec.go.kr/electioninfo/candidate_detail_info.xhtml?electionId=0020260603&huboId=100159545,1166,117만원,0,3건
100162613,고상순,국민의힘,구시군의회의원,서울특별시 광진구다선거구,서울특별시,광진구다선거구,https://info.nec.go.kr/electioninfo/candidate_detail_info.xhtml?electionId=0020260603&huboId=100162613,1159,116만원,0,없음
100163595,안돈의,국민의힘,구시군의회의원,경기도 시흥시다선거구,경기도,시흥시다선거구,https://info.nec.go.kr/electioninfo/candidate_detail_info.xhtml?electionId=0020260603&huboId=100163595,1156,116만원,0,2건
100162889,박혜숙,국민의힘,구시군의회의원,경기도 의왕시가선거구,경기도,의왕시가선거구,https://info.nec.go.kr/electioninfo/candidate_detail_info.xhtml?electionId=0020260603&huboId=100162889,1155,116만원,0,없음
100162523,이민수,개혁신당,구시군의회의원,서울특별시 동작구가선거구,서울특별시,동작구가선거구,https://info.nec.go.kr/electioninfo/candidate_detail_info.xhtml?electionId=0020260603&huboId=100162523,1153,115만원,0,없음
100162133,장향숙,국민의힘,구시군의회의원,경기도 구리시가선거구,경기도,구리시가선거구,https://info.nec.go.kr/electioninfo/candidate_detail_info.xhtml?electionId=0020260603&huboId=100162133,1151,115만원,0,1건
100163253,구봉진,무소속,구시군의회의원,대구광역시 달성군라선거구,대구광역시,달성군라선거구,https://info.nec.go.kr/electioninfo/candidate_detail_info.xhtml?electionId=0020260603&huboId=100163253,1138,114만원,0,없음
100165754,정경,국민의힘,기초의원비례,경기도 시흥시,경기도,시흥시,https://info.nec.go.kr/electioninfo/candidate_detail_info.xhtml?electionId=0020260603&huboId=100165754,1135,114만원,0,없음
100154865,정인봉,더불어민주당,시도의원,경기도 양평군제1선거구,경기도,양평군제1선거구,https://info.nec.go.kr/electioninfo/candidate_detail_info.xhtml?electionId=0020260603&huboId=100154865,1134,113만원,0,1건
100155646,오현,국민의힘,구시군의회의원,대전광역시 유성구가선거구,대전광역시,유성구가선거구,https://info.nec.go.kr/electioninfo/candidate_detail_info.xhtml?electionId=0020260603&huboId=100155646,1132,113만원,0,없음
100162576,정택진,국민의힘,구시군의회의원,서울특별시 양천구바선거구,서울특별시,양천구바선거구,https://info.nec.go.kr/electioninfo/candidate_detail_info.xhtml?electionId=0020260603&huboId=100162576,1125,113만원,0,없음
100161430,손세영,더불어민주당,구시군의회의원,서울특별시 동대문구나선거구,서울특별시,동대문구나선거구,https://info.nec.go.kr/electioninfo/candidate_detail_info.xhtml?electionId=0020260603&huboId=100161430,1107,111만원,0,없음
100165756,오남석,국민의힘,광역의원비례,경기도 경기도,경기도,경기도,https://info.nec.go.kr/electioninfo/candidate_detail_info.xhtml?electionId=0020260603&huboId=100165756,1086,109만원,0,1건
100157343,이선영,더불어민주당,구시군의회의원,강원특별자치도 춘천시나선거구,강원특별자치도,춘천시나선거구,https://info.nec.go.kr/electioninfo/candidate_detail_info.xhtml?electionId=0020260603&huboId=100157343,1085,109만원,0,없음
100155184,이영순,더불어민주당,시도의원,전남광주통합특별시 광산구제2선거구,전남광주통합특별시,광산구제2선거구,https://info.nec.go.kr/electioninfo/candidate_detail_info.xhtml?electionId=0020260603&huboId=100155184,1072,107만원,0,없음
100160419,송영천,국민의힘,구시군의회의원,충청남도 금산군가선거구,충청남도,금산군가선거구,https://info.nec.go.kr/electioninfo/candidate_detail_info.xhtml?electionId=0020260603&huboId=100160419,1070,107만원,0,없음
100157600,김경식,더불어민주당,구시군의회의원,전북특별자치도 군산시아선거구,전북특별자치도,군산시아선거구,https://info.nec.go.kr/electioninfo/candidate_detail_info.xhtml?electionId=0020260603&huboId=100157600,1061,106만원,0,없음
100159984,임문희,더불어민주당,구시군의회의원,강원특별자치도 인제군가선거구,강원특별자치도,인제군가선거구,https://info.nec.go.kr/electioninfo/candidate_detail_info.xhtml?electionId=0020260603&huboId=100159984,1059,106만원,0,1건
100159430,윤희신,국민의힘,기초단체장,충청남도 태안군,충청남도,태안군,https://info.nec.go.kr/electioninfo/candidate_detail_info.xhtml?electionId=0020260603&huboId=100159430,1052,105만원,0,없음
100155518,이미숙,더불어민주당,구시군의회의원,경기도 포천시나선거구,경기도,포천시나선거구,https://info.nec.go.kr/electioninfo/candidate_detail_info.xhtml?electionId=0020260603&huboId=100155518,1043,104만원,0,없음
100158636,이영규,더불어민주당,구시군의회의원,경상북도 구미시라선거구,경상북도,구미시라선거구,https://info.nec.go.kr/electioninfo/candidate_detail_info.xhtml?electionId=0020260603&huboId=100158636,1040,104만원,0,1건
100157339,김승일,더불어민주당,구시군의회의원,전북특별자치도 김제시라선거구,전북특별자치도,김제시라선거구,https://info.nec.go.kr/electioninfo/candidate_detail_info.xhtml?electionId=0020260603&huboId=100157339,1037,104만원,0,없음
100157044,소길영,더불어민주당,구시군의회의원,전북특별자치도 익산시아선거구,전북특별자치도,익산시아선거구,https://info.nec.go.kr/electioninfo/candidate_detail_info.xhtml?electionId=0020260603&huboId=100157044,1032,103만원,0,1건
100158099,김재훈,국민의힘,시도의원,경기도 안양시제4선거구,경기도,안양시제4선거구,https://info.nec.go.kr/electioninfo/candidate_detail_info.xhtml?electionId=0020260603&huboId=100158099,1026,103만원,0,없음
100159218,안병두,개혁신당,구시군의회의원,서울특별시 서초구다선거구,서울특별시,서초구다선거구,https://info.nec.go.kr/electioninfo/candidate_detail_info.xhtml?electionId=0020260603&huboId=100159218,1024,102만원,0,없음
100162683,이상식,국민의힘,구시군의회의원,경상북도 울릉군나선거구,경상북도,울릉군나선거구,https://info.nec.go.kr/electioninfo/candidate_detail_info.xhtml?electionId=0020260603&huboId=100162683,1010,101만원,0,1건
100159058,김건우,국민의힘,구시군의회의원,부산광역시 서구나선거구,부산광역시,서구나선거구,https://info.nec.go.kr/electioninfo/candidate_detail_info.xhtml?electionId=0020260603&huboId=100159058,1006,101만원,0,1건
100162498,정은주,국민의힘,시도의원,세종특별자치시 세종특별자치시제18선거구,세종특별자치시,세종특별자치시제18선거구,https://info.nec.go.kr/electioninfo/candidate_detail_info.xhtml?electionId=0020260603&huboId=100162498,994,99만원,0,없음
100162780,김경훈,국민의힘,시도의원,서울특별시 강서구제5선거구,서울특별시,강서구제5선거구,https://info.nec.go.kr/electioninfo/candidate_detail_info.xhtml?electionId=0020260603&huboId=100162780,990,99만원,0,없음
100154031,서용숙,국민의힘,시도의원,세종특별자치시 세종특별자치시제12선거구,세종특별자치시,세종특별자치시제12선거구,https://info.nec.go.kr/electioninfo/candidate_detail_info.xhtml?electionId=0020260603&huboId=100154031,990,99만원,0,없음
100160096,윤요섭,조국혁신당,구시군의회의원,전북특별자치도 군산시나선거구,전북특별자치도,군산시나선거구,https://info.nec.go.kr/electioninfo/candidate_detail_info.xhtml?electionId=0020260603&huboId=100160096,990,99만원,0,1건
100155439,김길화,더불어민주당,구시군의회의원,광주광역시 광산구가선거구,광주광역시,광산구가선거구,https://info.nec.go.kr/electioninfo/candidate_detail_info.xhtml?electionId=0020260603&huboId=100155439,982,98만원,0,없음
100161979,남진복,무소속,기초단체장,경상북도 울릉군,경상북도,울릉군,https://info.nec.go.kr/electioninfo/candidate_detail_info.xhtml?electionId=0020260603&huboId=100161979,975,98만원,0,1건
100163605,박운표,무소속,구시군의회의원,대구광역시 군위군가선거구,대구광역시,군위군가선거구,https://info.nec.go.kr/electioninfo/candidate_detail_info.xhtml?electionId=0020260603&huboId=100163605,974,97만원,0,2건
100165248,유미자,국민의힘,기초의원비례,대전광역시 유성구,대전광역시,유성구,https://info.nec.go.kr/electioninfo/candidate_detail_info.xhtml?electionId=0020260603&huboId=100165248,972,97만원,0,없음
100157036,정근수,더불어민주당,시도의원,충청남도 천안시제10선거구,충청남도,천안시제10선거구,https://info.nec.go.kr/electioninfo/candidate_detail_info.xhtml?electionId=0020260603&huboId=100157036,961,96만원,0,없음
100163624,김영일,더불어민주당,구시군의회의원,전북특별자치도 군산시마선거구,전북특별자치도,군산시마선거구,https://info.nec.go.kr/electioninfo/candidate_detail_info.xhtml?electionId=0020260603&huboId=100163624,958,96만원,0,1건
100155723,양기택,국민의힘,구시군의회의원,경상북도 영주시바선거구,경상북도,영주시바선거구,https://info.nec.go.kr/electioninfo/candidate_detail_info.xhtml?electionId=0020260603&huboId=100155723,950,95만원,0,없음
100164526,박해선,조국혁신당,광역의원비례,울산광역시 울산광역시,울산광역시,울산광역시,https://info.nec.go.kr/electioninfo/candidate_detail_info.xhtml?electionId=0020260603&huboId=100164526,950,95만원,0,없음
100161426,최영호,국민의힘,시도의원,경상남도 양산시제3선거구,경상남도,양산시제3선거구,https://info.nec.go.kr/electioninfo/candidate_detail_info.xhtml?electionId=0020260603&huboId=100161426,945,95만원,0,없음
100160005,김태희,더불어민주당,시도의원,부산광역시 북구제4선거구,부산광역시,북구제4선거구,https://info.nec.go.kr/electioninfo/candidate_detail_info.xhtml?electionId=0020260603&huboId=100160005,944,94만원,0,없음
100162615,이단비,국민의힘,기초단체장,인천광역시 부평구,인천광역시,부평구,https://info.nec.go.kr/electioninfo/candidate_detail_info.xhtml?electionId=0020260603&huboId=100162615,941,94만원,0,없음
100162620,조병제,국민의힘,시도의원,부산광역시 수영구제1선거구,부산광역시,수영구제1선거구,https://info.nec.go.kr/electioninfo/candidate_detail_info.xhtml?electionId=0020260603&huboId=100162620,941,94만원,0,없음
100162465,이상승,국민의힘,구시군의회의원,경상북도 칠곡군나선거구,경상북도,칠곡군나선거구,https://info.nec.go.kr/electioninfo/candidate_detail_info.xhtml?electionId=0020260603&huboId=100162465,934,93만원,0,없음
100158915,유영현,더불어민주당,구시군의회의원,부산광역시 사하구라선거구,부산광역시,사하구라선거구,https://info.nec.go.kr/electioninfo/candidate_detail_info.xhtml?electionId=0020260603&huboId=100158915,932,93만원,0,없음
100165743,김민주,공화당,광역의원비례,경기도 경기도,경기도,경기도,https://info.nec.go.kr/electioninfo/candidate_detail_info.xhtml?electionId=0020260603&huboId=100165743,931,93만원,0,없음
100165275,김동근,무소속,구시군의회의원,전라남도 신안군나선거구,전라남도,신안군나선거구,https://info.nec.go.kr/electioninfo/candidate_detail_info.xhtml?electionId=0020260603&huboId=100165275,928,93만원,0,2건
100161431,박종부,무소속,구시군의회의원,전라남도 해남군라선거구,전라남도,해남군라선거구,https://info.nec.go.kr/electioninfo/candidate_detail_info.xhtml?electionId=0020260603&huboId=100161431,927,93만원,0,4건
100155816,최미정,더불어민주당,구시군의회의원,광주광역시 남구나선거구,광주광역시,남구나선거구,https://info.nec.go.kr/electioninfo/candidate_detail_info.xhtml?electionId=0020260603&huboId=100155816,918,92만원,0,없음
100157183,서정호,국민의힘,구시군의회의원,충청남도 보령시나선거구,충청남도,보령시나선거구,https://info.nec.go.kr/electioninfo/candidate_detail_info.xhtml?electionId=0020260603&huboId=100157183,915,92만원,0,1건
100157654,이태진,국민의힘,구시군의회의원,경상남도 진주시사선거구,경상남도,진주시사선거구,https://info.nec.go.kr/electioninfo/candidate_detail_info.xhtml?electionId=0020260603&huboId=100157654,910,91만원,0,2건
100162236,문백청,국민의힘,시도의원,경상남도 양산시제1선거구,경상남도,양산시제1선거구,https://info.nec.go.kr/electioninfo/candidate_detail_info.xhtml?electionId=0020260603&huboId=100162236,908,91만원,0,없음
100157867,박종철,더불어민주당,구시군의회의원,전북특별자치도 익산시라선거구,전북특별자치도,익산시라선거구,https://info.nec.go.kr/electioninfo/candidate_detail_info.xhtml?electionId=0020260603&huboId=100157867,904,90만원,0,없음
100161785,정유경,개혁신당,구시군의회의원,경기도 부천시사선거구,경기도,부천시사선거구,https://info.nec.go.kr/electioninfo/candidate_detail_info.xhtml?electionId=0020260603&huboId=100161785,898,90만원,0,없음
100163329,김하식,국민의힘,구시군의회의원,경기도 이천시다선거구,경기도,이천시다선거구,https://info.nec.go.kr/electioninfo/candidate_detail_info.xhtml?electionId=0020260603&huboId=100163329,897,90만원,0,2건
100155153,김대영,국민의힘,기초단체장,경기도 안양시,경기도,안양시,https://info.nec.go.kr/electioninfo/candidate_detail_info.xhtml?electionId=0020260603&huboId=100155153,895,90만원,0,없음
100157507,김영숙,국민의힘,구시군의회의원,경상북도 문경시라선거구,경상북도,문경시라선거구,https://info.nec.go.kr/electioninfo/candidate_detail_info.xhtml?electionId=0020260603&huboId=100157507,895,90만원,0,없음
100165578,이미옥,국민의힘,광역의원비례,인천광역시 인천광역시,인천광역시,인천광역시,https://info.nec.go.kr/electioninfo/candidate_detail_info.xhtml?electionId=0020260603&huboId=100165578,895,90만원,0,없음
100162147,최민국,국민의힘,구시군의회의원,경상남도 진주시마선거구,경상남도,진주시마선거구,https://info.nec.go.kr/electioninfo/candidate_detail_info.xhtml?electionId=0020260603&huboId=100162147,891,89만원,0,없음
100159179,전동표,더불어민주당,구시군의회의원,강원특별자치도 정선군가선거구,강원특별자치도,정선군가선거구,https://info.nec.go.kr/electioninfo/candidate_detail_info.xhtml?electionId=0020260603&huboId=100159179,888,89만원,0,없음
100154098,윤신애,더불어민주당,구시군의회의원,전북특별자치도 군산시사선거구,전북특별자치도,군산시사선거구,https://info.nec.go.kr/electioninfo/candidate_detail_info.xhtml?electionId=0020260603&huboId=100154098,880,88만원,0,없음
100155042,남우모,더불어민주당,구시군의회의원,경상북도 경주시가선거구,경상북도,경주시가선거구,https://info.nec.go.kr/electioninfo/candidate_detail_info.xhtml?electionId=0020260603&huboId=100155042,877,88만원,0,없음
100165794,이은옥,더불어민주당,기초의원비례,충청남도 보령시,충청남도,보령시,https://info.nec.go.kr/electioninfo/candidate_detail_info.xhtml?electionId=0020260603&huboId=100165794,876,88만원,0,없음
100156824,박영숙,더불어민주당,구시군의회의원,부산광역시 금정구라선거구,부산광역시,금정구라선거구,https://info.nec.go.kr/electioninfo/candidate_detail_info.xhtml?electionId=0020260603&huboId=100156824,873,87만원,0,없음
100156023,강종국,더불어민주당,시도의원,충청남도 태안군제2선거구,충청남도,태안군제2선거구,https://info.nec.go.kr/electioninfo/candidate_detail_info.xhtml?electionId=0020260603&huboId=100156023,860,86만원,0,1건
100158967,유명현,국민의힘,기초단체장,경상남도 산청군,경상남도,산청군,https://info.nec.go.kr/electioninfo/candidate_detail_info.xhtml?electionId=0020260603&huboId=100158967,856,86만원,0,없음
100160426,류영길,더불어민주당,구시군의회의원,전라남도 화순군다선거구,전라남도,화순군다선거구,https://info.nec.go.kr/electioninfo/candidate_detail_info.xhtml?electionId=0020260603&huboId=100160426,856,86만원,0,없음
100162284,강영웅,국민의힘,구시군의회의원,경기도 용인시아선거구,경기도,용인시아선거구,https://info.nec.go.kr/electioninfo/candidate_detail_info.xhtml?electionId=0020260603&huboId=100162284,854,85만원,0,없음
100157630,김정용,더불어민주당,구시군의회의원,부산광역시 강서구가선거구,부산광역시,강서구가선거구,https://info.nec.go.kr/electioninfo/candidate_detail_info.xhtml?electionId=0020260603&huboId=100157630,853,85만원,0,1건
100157187,김수봉,국민의힘,시도의원,경상남도 함안군제2선거구,경상남도,함안군제2선거구,https://info.nec.go.kr/electioninfo/candidate_detail_info.xhtml?electionId=0020260603&huboId=100157187,852,85만원,0,없음
100161185,이석균,국민의힘,시도의원,경기도 남양주시제1선거구,경기도,남양주시제1선거구,https://info.nec.go.kr/electioninfo/candidate_detail_info.xhtml?electionId=0020260603&huboId=100161185,851,85만원,0,없음
100155906,김산,더불어민주당,시도의원,강원특별자치도 춘천시제8선거구,강원특별자치도,춘천시제8선거구,https://info.nec.go.kr/electioninfo/candidate_detail_info.xhtml?electionId=0020260603&huboId=100155906,842,84만원,0,없음
100162505,김은옥,국민의힘,구시군의회의원,대구광역시 동구바선거구,대구광역시,동구바선거구,https://info.nec.go.kr/electioninfo/candidate_detail_info.xhtml?electionId=0020260603&huboId=100162505,840,84만원,282,없음
100159953,김동훈,무소속,구시군의회의원,경상북도 예천군다선거구,경상북도,예천군다선거구,https://info.nec.go.kr/electioninfo/candidate_detail_info.xhtml?electionId=0020260603&huboId=100159953,838,84만원,0,없음
100160436,이종춘,더불어민주당,시도의원,경기도 파주시제5선거구,경기도,파주시제5선거구,https://info.nec.go.kr/electioninfo/candidate_detail_info.xhtml?electionId=0020260603&huboId=100160436,834,83만원,0,2건
100162466,장경민,국민의힘,구시군의회의원,경기도 군포시가선거구,경기도,군포시가선거구,https://info.nec.go.kr/electioninfo/candidate_detail_info.xhtml?electionId=0020260603&huboId=100162466,832,83만원,0,없음
100163654,구가환,개혁신당,구시군의회의원,서울특별시 관악구다선거구,서울특별시,관악구다선거구,https://info.nec.go.kr/electioninfo/candidate_detail_info.xhtml?electionId=0020260603&huboId=100163654,832,83만원,0,2건
100161018,박지현,더불어민주당,구시군의회의원,경기도 광주시다선거구,경기도,광주시다선거구,https://info.nec.go.kr/electioninfo/candidate_detail_info.xhtml?electionId=0020260603&huboId=100161018,829,83만원,0,없음
100164381,최현숙,더불어민주당,기초의원비례,광주광역시 남구,광주광역시,남구,https://info.nec.go.kr/electioninfo/candidate_detail_info.xhtml?electionId=0020260603&huboId=100164381,828,83만원,0,없음
100165832,김선아,더불어민주당,기초의원비례,인천광역시 연수구,인천광역시,연수구,https://info.nec.go.kr/electioninfo/candidate_detail_info.xhtml?electionId=0020260603&huboId=100165832,828,83만원,0,없음
100165407,조나은,무소속,구시군의회의원,강원특별자치도 강릉시다선거구,강원특별자치도,강릉시다선거구,https://info.nec.go.kr/electioninfo/candidate_detail_info.xhtml?electionId=0020260603&huboId=100165407,826,83만원,0,없음
100165099,이재경,더불어민주당,기초의원비례,경기도 시흥시,경기도,시흥시,https://info.nec.go.kr/electioninfo/candidate_detail_info.xhtml?electionId=0020260603&huboId=100165099,825,83만원,0,없음
100165484,김상운,국민의힘,기초의원비례,경상북도 영천시,경상북도,영천시,https://info.nec.go.kr/electioninfo/candidate_detail_info.xhtml?electionId=0020260603&huboId=100165484,824,82만원,0,없음
100159751,이상수,조국혁신당,구시군의회의원,전북특별자치도 부안군라선거구,전북특별자치도,부안군라선거구,https://info.nec.go.kr/electioninfo/candidate_detail_info.xhtml?electionId=0020260603&huboId=100159751,822,82만원,0,5건
100158787,김은아,국민의힘,구시군의회의원,충청남도 아산시마선거구,충청남도,아산시마선거구,https://info.nec.go.kr/electioninfo/candidate_detail_info.xhtml?electionId=0020260603&huboId=100158787,819,82만원,0,없음
100158499,심영미,국민의힘,구시군의회의원,강원특별자치도 원주시차선거구,강원특별자치도,원주시차선거구,https://info.nec.go.kr/electioninfo/candidate_detail_info.xhtml?electionId=0020260603&huboId=100158499,814,81만원,0,없음
100162656,김종선,국민의힘,구시군의회의원,부산광역시 사상구나선거구,부산광역시,사상구나선거구,https://info.nec.go.kr/electioninfo/candidate_detail_info.xhtml?electionId=0020260603&huboId=100162656,810,81만원,0,1건
100160880,문현섭,국민의힘,구시군의회의원,서울특별시 강동구다선거구,서울특별시,강동구다선거구,https://info.nec.go.kr/electioninfo/candidate_detail_info.xhtml?electionId=0020260603&huboId=100160880,804,80만원,0,없음
100162611,박종승,조국혁신당,구시군의회의원,서울특별시 성동구라선거구,서울특별시,성동구라선거구,https://info.nec.go.kr/electioninfo/candidate_detail_info.xhtml?electionId=0020260603&huboId=100162611,800,80만원,0,1건
100156138,김경민,국민의힘,구시군의회의원,경상남도 사천시라선거구,경상남도,사천시라선거구,https://info.nec.go.kr/electioninfo/candidate_detail_info.xhtml?electionId=0020260603&huboId=100156138,795,80만원,0,없음
100163618,김연옥,무소속,구시군의회의원,경상북도 봉화군다선거구,경상북도,봉화군다선거구,https://info.nec.go.kr/electioninfo/candidate_detail_info.xhtml?electionId=0020260603&huboId=100163618,792,79만원,0,없음
100153830,김태균,국민의힘,구시군의회의원,경상남도 통영시라선거구,경상남도,통영시라선거구,https://info.nec.go.kr/electioninfo/candidate_detail_info.xhtml?electionId=0020260603&huboId=100153830,786,79만원,0,1건
100163625,연규식,국민의힘,시도의원,경상북도 포항시제4선거구,경상북도,포항시제4선거구,https://info.nec.go.kr/electioninfo/candidate_detail_info.xhtml?electionId=0020260603&huboId=100163625,785,79만원,0,없음
100155288,오명제,더불어민주당,구시군의회의원,전북특별자치도 정읍시가선거구,전북특별자치도,정읍시가선거구,https://info.nec.go.kr/electioninfo/candidate_detail_info.xhtml?electionId=0020260603&huboId=100155288,778,78만원,0,없음
100165668,조혜원,더불어민주당,기초의원비례,부산광역시 기장군,부산광역시,기장군,https://info.nec.go.kr/electioninfo/candidate_detail_info.xhtml?electionId=0020260603&huboId=100165668,778,78만원,0,없음
100158564,정구현,국민의힘,구시군의회의원,충청남도 서산시마선거구,충청남도,서산시마선거구,https://info.nec.go.kr/electioninfo/candidate_detail_info.xhtml?electionId=0020260603&huboId=100158564,777,78만원,0,없음
100164388,정민우,개혁신당,구시군의회의원,서울특별시 강동구바선거구,서울특별시,강동구바선거구,https://info.nec.go.kr/electioninfo/candidate_detail_info.xhtml?electionId=0020260603&huboId=100164388,776,78만원,0,없음
100159005,박승엽,국민의힘,시도의원,경상남도 창원시제13선거구,경상남도,창원시제13선거구,https://info.nec.go.kr/electioninfo/candidate_detail_info.xhtml?electionId=0020260603&huboId=100159005,773,77만원,0,없음
100163561,우영식,더불어민주당,시도의원,대구광역시 달서구제4선거구,대구광역시,달서구제4선거구,https://info.nec.go.kr/electioninfo/candidate_detail_info.xhtml?electionId=0020260603&huboId=100163561,770,77만원,0,없음
100160932,김동하,국민의힘,시도의원,부산광역시 동래구제1선거구,부산광역시,동래구제1선거구,https://info.nec.go.kr/electioninfo/candidate_detail_info.xhtml?electionId=0020260603&huboId=100160932,768,77만원,0,1건
100162877,김인성,더불어민주당,구시군의회의원,광주광역시 서구다선거구,광주광역시,서구다선거구,https://info.nec.go.kr/electioninfo/candidate_detail_info.xhtml?electionId=0020260603&huboId=100162877,765,77만원,0,3건
100154299,박영주,더불어민주당,구시군의회의원,경상남도 창원시파선거구,경상남도,창원시파선거구,https://info.nec.go.kr/electioninfo/candidate_detail_info.xhtml?electionId=0020260603&huboId=100154299,764,76만원,0,없음
100165490,강영아,더불어민주당,광역의원비례,제주특별자치도 제주특별자치도,제주특별자치도,제주특별자치도,https://info.nec.go.kr/electioninfo/candidate_detail_info.xhtml?electionId=0020260603&huboId=100165490,763,76만원,0,1건
100163880,윤오일,더불어민주당,구시군의회의원,경기도 안산시다선거구,경기도,안산시다선거구,https://info.nec.go.kr/electioninfo/candidate_detail_info.xhtml?electionId=0020260603&huboId=100163880,760,76만원,0,1건
100154863,강창수,국민의힘,구시군의회의원,경기도 평택시마선거구,경기도,평택시마선거구,https://info.nec.go.kr/electioninfo/candidate_detail_info.xhtml?electionId=0020260603&huboId=100154863,759,76만원,0,없음
100163905,신은숙,무소속,구시군의회의원,서울특별시 강서구가선거구,서울특별시,강서구가선거구,https://info.nec.go.kr/electioninfo/candidate_detail_info.xhtml?electionId=0020260603&huboId=100163905,756,76만원,0,없음
100155119,홍순철,국민의힘,구시군의회의원,충청남도 아산시바선거구,충청남도,아산시바선거구,https://info.nec.go.kr/electioninfo/candidate_detail_info.xhtml?electionId=0020260603&huboId=100155119,754,75만원,0,없음
100163055,정일경,개혁신당,구시군의회의원,울산광역시 남구마선거구,울산광역시,남구마선거구,https://info.nec.go.kr/electioninfo/candidate_detail_info.xhtml?electionId=0020260603&huboId=100163055,751,75만원,0,없음
100162360,김영훈,국민의힘,시도의원,인천광역시 서구제1선거구,인천광역시,서구제1선거구,https://info.nec.go.kr/electioninfo/candidate_detail_info.xhtml?electionId=0020260603&huboId=100162360,746,75만원,0,없음
100161112,한경봉,무소속,구시군의회의원,전북특별자치도 군산시바선거구,전북특별자치도,군산시바선거구,https://info.nec.go.kr/electioninfo/candidate_detail_info.xhtml?electionId=0020260603&huboId=100161112,745,75만원,0,1건
100154933,박해규,더불어민주당,구시군의회의원,경기도 용인시사선거구,경기도,용인시사선거구,https://info.nec.go.kr/electioninfo/candidate_detail_info.xhtml?electionId=0020260603&huboId=100154933,743,74만원,0,1건
100158463,이기애,국민의힘,구시군의회의원,충청남도 아산시가선거구,충청남도,아산시가선거구,https://info.nec.go.kr/electioninfo/candidate_detail_info.xhtml?electionId=0020260603&huboId=100158463,736,74만원,0,1건
100159269,정준호,더불어민주당,구시군의회의원,경상남도 김해시라선거구,경상남도,김해시라선거구,https://info.nec.go.kr/electioninfo/candidate_detail_info.xhtml?electionId=0020260603&huboId=100159269,733,73만원,0,2건
100158594,이양섭,국민의힘,기초단체장,충청북도 진천군,충청북도,진천군,https://info.nec.go.kr/electioninfo/candidate_detail_info.xhtml?electionId=0020260603&huboId=100158594,721,72만원,549,1건
100159970,박재주,국민의힘,시도의원,충청북도 청주시제6선거구,충청북도,청주시제6선거구,https://info.nec.go.kr/electioninfo/candidate_detail_info.xhtml?electionId=0020260603&huboId=100159970,721,72만원,0,없음
100159563,정인준,무소속,기초단체장,전북특별자치도 임실군,전북특별자치도,임실군,https://info.nec.go.kr/electioninfo/candidate_detail_info.xhtml?electionId=0020260603&huboId=100159563,713,71만원,0,1건
100163036,이희승,더불어민주당,구시군의회의원,경기도 수원시파선거구,경기도,수원시파선거구,https://info.nec.go.kr/electioninfo/candidate_detail_info.xhtml?electionId=0020260603&huboId=100163036,706,71만원,0,없음
100163149,원종범,국민의힘,구시군의회의원,경기도 고양시바선거구,경기도,고양시바선거구,https://info.nec.go.kr/electioninfo/candidate_detail_info.xhtml?electionId=0020260603&huboId=100163149,704,70만원,0,없음
100164739,박근영,더불어민주당,기초단체장,경상북도 경주시,경상북도,경주시,https://info.nec.go.kr/electioninfo/candidate_detail_info.xhtml?electionId=0020260603&huboId=100164739,700,70만원,0,없음
100157625,백석민,더불어민주당,구시군의회의원,부산광역시 남구다선거구,부산광역시,남구다선거구,https://info.nec.go.kr/electioninfo/candidate_detail_info.xhtml?electionId=0020260603&huboId=100157625,700,70만원,0,2건
100165648,고아영,자유와혁신,광역의원비례,인천광역시 인천광역시,인천광역시,인천광역시,https://info.nec.go.kr/electioninfo/candidate_detail_info.xhtml?electionId=0020260603&huboId=100165648,698,70만원,0,없음
100154038,김홍열,국민의힘,구시군의회의원,경상북도 포항시차선거구,경상북도,포항시차선거구,https://info.nec.go.kr/electioninfo/candidate_detail_info.xhtml?electionId=0020260603&huboId=100154038,693,69만원,0,3건
100158966,정영길,국민의힘,기초단체장,경상북도 성주군,경상북도,성주군,https://info.nec.go.kr/electioninfo/candidate_detail_info.xhtml?electionId=0020260603&huboId=100158966,692,69만원,0,없음
100158754,배준서,국민의힘,구시군의회의원,경기도 수원시타선거구,경기도,수원시타선거구,https://info.nec.go.kr/electioninfo/candidate_detail_info.xhtml?electionId=0020260603&huboId=100158754,686,69만원,0,3건
100154125,엄정은,더불어민주당,구시군의회의원,강원특별자치도 춘천시다선거구,강원특별자치도,춘천시다선거구,https://info.nec.go.kr/electioninfo/candidate_detail_info.xhtml?electionId=0020260603&huboId=100154125,684,68만원,0,없음
100161247,박우식,국민의힘,구시군의회의원,부산광역시 기장군다선거구,부산광역시,기장군다선거구,https://info.nec.go.kr/electioninfo/candidate_detail_info.xhtml?electionId=0020260603&huboId=100161247,684,68만원,0,없음
100160730,이지영,더불어민주당,구시군의회의원,부산광역시 동래구라선거구,부산광역시,동래구라선거구,https://info.nec.go.kr/electioninfo/candidate_detail_info.xhtml?electionId=0020260603&huboId=100160730,677,68만원,677,없음
100161688,송인석,국민의힘,시도의원,대전광역시 동구제1선거구,대전광역시,동구제1선거구,https://info.nec.go.kr/electioninfo/candidate_detail_info.xhtml?electionId=0020260603&huboId=100161688,675,68만원,0,없음
100156676,송현미,더불어민주당,구시군의회의원,경기도 화성시나선거구,경기도,화성시나선거구,https://info.nec.go.kr/electioninfo/candidate_detail_info.xhtml?electionId=0020260603&huboId=100156676,675,68만원,0,없음
100164905,양순정,더불어민주당,기초의원비례,대구광역시 중구,대구광역시,중구,https://info.nec.go.kr/electioninfo/candidate_detail_info.xhtml?electionId=0020260603&huboId=100164905,674,67만원,0,없음
100162432,전진선,국민의힘,기초단체장,경기도 양평군,경기도,양평군,https://info.nec.go.kr/electioninfo/candidate_detail_info.xhtml?electionId=0020260603&huboId=100162432,663,66만원,0,없음
100156302,최종혁,국민의힘,구시군의회의원,강원특별자치도 강릉시가선거구,강원특별자치도,강릉시가선거구,https://info.nec.go.kr/electioninfo/candidate_detail_info.xhtml?electionId=0020260603&huboId=100156302,658,66만원,0,1건
100157649,최경운,국민의힘,구시군의회의원,충청남도 보령시다선거구,충청남도,보령시다선거구,https://info.nec.go.kr/electioninfo/candidate_detail_info.xhtml?electionId=0020260603&huboId=100157649,656,66만원,0,1건
100158492,박천수,국민의힘,구시군의회의원,충청남도 공주시가선거구,충청남도,공주시가선거구,https://info.nec.go.kr/electioninfo/candidate_detail_info.xhtml?electionId=0020260603&huboId=100158492,651,65만원,0,2건
100158290,안광호,조국혁신당,기초단체장,인천광역시 영종구,인천광역시,영종구,https://info.nec.go.kr/electioninfo/candidate_detail_info.xhtml?electionId=0020260603&huboId=100158290,637,64만원,0,없음
100161701,이선옥,국민의힘,시도의원,인천광역시 남동구제2선거구,인천광역시,남동구제2선거구,https://info.nec.go.kr/electioninfo/candidate_detail_info.xhtml?electionId=0020260603&huboId=100161701,633,63만원,633,없음
100158688,오한숙,국민의힘,시도의원,대전광역시 중구제2선거구,대전광역시,중구제2선거구,https://info.nec.go.kr/electioninfo/candidate_detail_info.xhtml?electionId=0020260603&huboId=100158688,632,63만원,0,없음
100154646,고우람,조국혁신당,구시군의회의원,광주광역시 남구나선거구,광주광역시,남구나선거구,https://info.nec.go.kr/electioninfo/candidate_detail_info.xhtml?electionId=0020260603&huboId=100154646,630,63만원,0,2건
100165544,정소혜,더불어민주당,기초의원비례,전라남도 무안군,전라남도,무안군,https://info.nec.go.kr/electioninfo/candidate_detail_info.xhtml?electionId=0020260603&huboId=100165544,618,62만원,0,없음
100157887,박두형,국민의힘,구시군의회의원,경기도 여주시가선거구,경기도,여주시가선거구,https://info.nec.go.kr/electioninfo/candidate_detail_info.xhtml?electionId=0020260603&huboId=100157887,614,61만원,0,1건
100159744,최윤선,더불어민주당,구시군의회의원,전북특별자치도 무주군가선거구,전북특별자치도,무주군가선거구,https://info.nec.go.kr/electioninfo/candidate_detail_info.xhtml?electionId=0020260603&huboId=100159744,613,61만원,0,없음
100158390,박병철,국민의힘,시도의원,서울특별시 종로구제2선거구,서울특별시,종로구제2선거구,https://info.nec.go.kr/electioninfo/candidate_detail_info.xhtml?electionId=0020260603&huboId=100158390,607,61만원,0,1건
100163564,박정임,무소속,기초단체장,경상남도 창원시,경상남도,창원시,https://info.nec.go.kr/electioninfo/candidate_detail_info.xhtml?electionId=0020260603&huboId=100163564,598,60만원,0,1건
100163216,이천수,국민의힘,구시군의회의원,경상남도 창원시아선거구,경상남도,창원시아선거구,https://info.nec.go.kr/electioninfo/candidate_detail_info.xhtml?electionId=0020260603&huboId=100163216,598,60만원,0,없음
100155727,양순봉,더불어민주당,시도의원,전남광주통합특별시 나주시제3선거구,전남광주통합특별시,나주시제3선거구,https://info.nec.go.kr/electioninfo/candidate_detail_info.xhtml?electionId=0020260603&huboId=100155727,596,60만원,0,1건
100158888,정세열,국민의힘,구시군의회의원,서울특별시 동작구마선거구,서울특별시,동작구마선거구,https://info.nec.go.kr/electioninfo/candidate_detail_info.xhtml?electionId=0020260603&huboId=100158888,589,59만원,0,1건
100161030,황기호,무소속,시도의원,대구광역시 수성구제2선거구,대구광역시,수성구제2선거구,https://info.nec.go.kr/electioninfo/candidate_detail_info.xhtml?electionId=0020260603&huboId=100161030,588,59만원,0,1건
100156054,정세경,진보당,구시군의회의원,경기도 안산시사선거구,경기도,안산시사선거구,https://info.nec.go.kr/electioninfo/candidate_detail_info.xhtml?electionId=0020260603&huboId=100156054,588,59만원,0,없음
100165556,이경숙,국민의힘,기초의원비례,서울특별시 강동구,서울특별시,강동구,https://info.nec.go.kr/electioninfo/candidate_detail_info.xhtml?electionId=0020260603&huboId=100165556,585,59만원,0,없음
100154121,김영자,무소속,구시군의회의원,전북특별자치도 군산시라선거구,전북특별자치도,군산시라선거구,https://info.nec.go.kr/electioninfo/candidate_detail_info.xhtml?electionId=0020260603&huboId=100154121,584,58만원,0,없음
100162767,배진수,무소속,구시군의회의원,부산광역시 사하구가선거구,부산광역시,사하구가선거구,https://info.nec.go.kr/electioninfo/candidate_detail_info.xhtml?electionId=0020260603&huboId=100162767,577,58만원,0,없음
100158454,이상수,국민의힘,구시군의회의원,인천광역시 남동구마선거구,인천광역시,남동구마선거구,https://info.nec.go.kr/electioninfo/candidate_detail_info.xhtml?electionId=0020260603&huboId=100158454,576,58만원,0,1건
100161350,최준구,국민의힘,구시군의회의원,경기도 평택시라선거구,경기도,평택시라선거구,https://info.nec.go.kr/electioninfo/candidate_detail_info.xhtml?electionId=0020260603&huboId=100161350,573,57만원,0,1건
100155350,서태모,개혁신당,구시군의회의원,충청남도 서산시마선거구,충청남도,서산시마선거구,https://info.nec.go.kr/electioninfo/candidate_detail_info.xhtml?electionId=0020260603&huboId=100155350,571,57만원,0,없음
100164335,김영선,국민의힘,기초의원비례,경기도 고양시,경기도,고양시,https://info.nec.go.kr/electioninfo/candidate_detail_info.xhtml?electionId=0020260603&huboId=100164335,571,57만원,0,1건
100164779,이솔,더불어민주당,기초의원비례,경상북도 포항시,경상북도,포항시,https://info.nec.go.kr/electioninfo/candidate_detail_info.xhtml?electionId=0020260603&huboId=100164779,569,57만원,0,없음
100163408,도성훈,무소속,교육감,인천광역시 인천광역시,인천광역시,인천광역시,https://info.nec.go.kr/electioninfo/candidate_detail_info.xhtml?electionId=0020260603&huboId=100163408,568,57만원,0,없음
100163349,강범석,국민의힘,기초단체장,인천광역시 서구,인천광역시,서구,https://info.nec.go.kr/electioninfo/candidate_detail_info.xhtml?electionId=0020260603&huboId=100163349,567,57만원,0,1건
100156256,백창민,무소속,시도의원,전북특별자치도 김제시제2선거구,전북특별자치도,김제시제2선거구,https://info.nec.go.kr/electioninfo/candidate_detail_info.xhtml?electionId=0020260603&huboId=100156256,563,56만원,0,없음
100161102,김상선,더불어민주당,구시군의회의원,경상북도 영양군가선거구,경상북도,영양군가선거구,https://info.nec.go.kr/electioninfo/candidate_detail_info.xhtml?electionId=0020260603&huboId=100161102,559,56만원,0,1건
100155799,양달막,더불어민주당,구시군의회의원,부산광역시 금정구가선거구,부산광역시,금정구가선거구,https://info.nec.go.kr/electioninfo/candidate_detail_info.xhtml?electionId=0020260603&huboId=100155799,553,55만원,0,없음
100155845,김진희,더불어민주당,구시군의회의원,경기도 남양주시사선거구,경기도,남양주시사선거구,https://info.nec.go.kr/electioninfo/candidate_detail_info.xhtml?electionId=0020260603&huboId=100155845,549,55만원,0,3건
100155611,민경선,더불어민주당,기초단체장,경기도 고양시,경기도,고양시,https://info.nec.go.kr/electioninfo/candidate_detail_info.xhtml?electionId=0020260603&huboId=100155611,547,55만원,0,1건
100162820,김성욱,개혁신당,구시군의회의원,경기도 화성시다선거구,경기도,화성시다선거구,https://info.nec.go.kr/electioninfo/candidate_detail_info.xhtml?electionId=0020260603&huboId=100162820,545,55만원,0,없음
100160448,박성곤,국민의힘,구시군의회의원,경상북도 청도군나선거구,경상북도,청도군나선거구,https://info.nec.go.kr/electioninfo/candidate_detail_info.xhtml?electionId=0020260603&huboId=100160448,542,54만원,0,1건
100157957,허윤옥,국민의힘,구시군의회의원,경상남도 김해시마선거구,경상남도,김해시마선거구,https://info.nec.go.kr/electioninfo/candidate_detail_info.xhtml?electionId=0020260603&huboId=100157957,539,54만원,0,없음
100165661,윤미숙,더불어민주당,기초의원비례,경기도 의정부시,경기도,의정부시,https://info.nec.go.kr/electioninfo/candidate_detail_info.xhtml?electionId=0020260603&huboId=100165661,536,54만원,0,없음
100164206,서주영,더불어민주당,기초의원비례,인천광역시 남동구,인천광역시,남동구,https://info.nec.go.kr/electioninfo/candidate_detail_info.xhtml?electionId=0020260603&huboId=100164206,530,53만원,0,없음
100161075,구점득,국민의힘,구시군의회의원,경상남도 창원시나선거구,경상남도,창원시나선거구,https://info.nec.go.kr/electioninfo/candidate_detail_info.xhtml?electionId=0020260603&huboId=100161075,529,53만원,0,없음
100163610,안치용,국민의힘,구시군의회의원,경기도 용인시라선거구,경기도,용인시라선거구,https://info.nec.go.kr/electioninfo/candidate_detail_info.xhtml?electionId=0020260603&huboId=100163610,528,53만원,0,없음
100157584,황금석,국민의힘,구시군의회의원,경기도 성남시라선거구,경기도,성남시라선거구,https://info.nec.go.kr/electioninfo/candidate_detail_info.xhtml?electionId=0020260603&huboId=100157584,528,53만원,0,없음
100157554,박기범,더불어민주당,구시군의회의원,경기도 성남시다선거구,경기도,성남시다선거구,https://info.nec.go.kr/electioninfo/candidate_detail_info.xhtml?electionId=0020260603&huboId=100157554,525,53만원,0,없음
100163057,이대준,무소속,구시군의회의원,서울특별시 서대문구마선거구,서울특별시,서대문구마선거구,https://info.nec.go.kr/electioninfo/candidate_detail_info.xhtml?electionId=0020260603&huboId=100163057,525,53만원,0,없음
100161511,이금선,국민의힘,시도의원,대전광역시 유성구제4선거구,대전광역시,유성구제4선거구,https://info.nec.go.kr/electioninfo/candidate_detail_info.xhtml?electionId=0020260603&huboId=100161511,524,52만원,0,없음
100158418,조상기,조국혁신당,구시군의회의원,충청남도 천안시차선거구,충청남도,천안시차선거구,https://info.nec.go.kr/electioninfo/candidate_detail_info.xhtml?electionId=0020260603&huboId=100158418,520,52만원,0,1건
100154878,송경남,진보당,시도의원,제주특별자치도 제주특별자치도 제주시 이도2동을선거구,제주특별자치도,제주특별자치도 제주시 이도2동을선거구,https://info.nec.go.kr/electioninfo/candidate_detail_info.xhtml?electionId=0020260603&huboId=100154878,519,52만원,0,없음
100161627,여주희,국민의힘,구시군의회의원,경상북도 안동시가선거구,경상북도,안동시가선거구,https://info.nec.go.kr/electioninfo/candidate_detail_info.xhtml?electionId=0020260603&huboId=100161627,518,52만원,0,없음
100159420,김성현,국민의힘,구시군의회의원,경상북도 의성군라선거구,경상북도,의성군라선거구,https://info.nec.go.kr/electioninfo/candidate_detail_info.xhtml?electionId=0020260603&huboId=100159420,517,52만원,0,1건
100155250,박선우영,더불어민주당,구시군의회의원,광주광역시 남구다선거구,광주광역시,남구다선거구,https://info.nec.go.kr/electioninfo/candidate_detail_info.xhtml?electionId=0020260603&huboId=100155250,517,52만원,0,1건
100160344,황준우,더불어민주당,구시군의회의원,부산광역시 기장군나선거구,부산광역시,기장군나선거구,https://info.nec.go.kr/electioninfo/candidate_detail_info.xhtml?electionId=0020260603&huboId=100160344,513,51만원,0,없음
100159963,김지숙,진보당,구시군의회의원,충청남도 부여군다선거구,충청남도,부여군다선거구,https://info.nec.go.kr/electioninfo/candidate_detail_info.xhtml?electionId=0020260603&huboId=100159963,511,51만원,0,없음
100161722,김경호,국민의힘,구시군의회의원,경상북도 성주군가선거구,경상북도,성주군가선거구,https://info.nec.go.kr/electioninfo/candidate_detail_info.xhtml?electionId=0020260603&huboId=100161722,509,51만원,0,없음
100160236,김정원,무소속,구시군의회의원,전라남도 신안군가선거구,전라남도,신안군가선거구,https://info.nec.go.kr/electioninfo/candidate_detail_info.xhtml?electionId=0020260603&huboId=100160236,503,50만원,0,1건
100155655,강석환,더불어민주당,구시군의회의원,충청남도 서산시다선거구,충청남도,서산시다선거구,https://info.nec.go.kr/electioninfo/candidate_detail_info.xhtml?electionId=0020260603&huboId=100155655,501,50만원,0,없음
100163266,전석광,국민의힘,구시군의회의원,대전광역시 대덕구다선거구,대전광역시,대덕구다선거구,https://info.nec.go.kr/electioninfo/candidate_detail_info.xhtml?electionId=0020260603&huboId=100163266,500,50만원,0,1건
100154987,김명숙,진보당,구시군의회의원,광주광역시 광산구라선거구,광주광역시,광산구라선거구,https://info.nec.go.kr/electioninfo/candidate_detail_info.xhtml?electionId=0020260603&huboId=100154987,499,50만원,0,1건
100161236,안재철,무소속,구시군의회의원,경상북도 경주시가선거구,경상북도,경주시가선거구,https://info.nec.go.kr/electioninfo/candidate_detail_info.xhtml?electionId=0020260603&huboId=100161236,497,50만원,0,4건
100160804,김학기,국민의힘,시도의원,경기도 의왕시제2선거구,경기도,의왕시제2선거구,https://info.nec.go.kr/electioninfo/candidate_detail_info.xhtml?electionId=0020260603&huboId=100160804,496,50만원,0,없음
100158452,장갑순,국민의힘,구시군의회의원,충청남도 서산시가선거구,충청남도,서산시가선거구,https://info.nec.go.kr/electioninfo/candidate_detail_info.xhtml?electionId=0020260603&huboId=100158452,494,49만원,0,없음
100164110,곽애자,더불어민주당,기초의원비례,충청북도 충주시,충청북도,충주시,https://info.nec.go.kr/electioninfo/candidate_detail_info.xhtml?electionId=0020260603&huboId=100164110,487,49만원,0,없음
100156967,엄승용,국민의힘,기초단체장,충청남도 보령시,충청남도,보령시,https://info.nec.go.kr/electioninfo/candidate_detail_info.xhtml?electionId=0020260603&huboId=100156967,484,48만원,0,없음
100161486,이승로,더불어민주당,기초단체장,서울특별시 성북구,서울특별시,성북구,https://info.nec.go.kr/electioninfo/candidate_detail_info.xhtml?electionId=0020260603&huboId=100161486,481,48만원,0,없음
100155801,윤권근,무소속,시도의원,대구광역시 달서구제5선거구,대구광역시,달서구제5선거구,https://info.nec.go.kr/electioninfo/candidate_detail_info.xhtml?electionId=0020260603&huboId=100155801,476,48만원,0,없음
100155875,이경민,더불어민주당,구시군의회의원,강원특별자치도 원주시아선거구,강원특별자치도,원주시아선거구,https://info.nec.go.kr/electioninfo/candidate_detail_info.xhtml?electionId=0020260603&huboId=100155875,473,47만원,0,1건
100156284,임동현,더불어민주당,시도의원,충청북도 청주시제14선거구,충청북도,청주시제14선거구,https://info.nec.go.kr/electioninfo/candidate_detail_info.xhtml?electionId=0020260603&huboId=100156284,471,47만원,0,1건
100160536,정현웅,더불어민주당,구시군의회의원,전라남도 함평군나선거구,전라남도,함평군나선거구,https://info.nec.go.kr/electioninfo/candidate_detail_info.xhtml?electionId=0020260603&huboId=100160536,469,47만원,0,1건
100161753,박재성,국민의힘,구시군의회의원,인천광역시 계양구나선거구,인천광역시,계양구나선거구,https://info.nec.go.kr/electioninfo/candidate_detail_info.xhtml?electionId=0020260603&huboId=100161753,468,47만원,0,1건
100162087,유충상,무소속,구시군의회의원,경상북도 영주시나선거구,경상북도,영주시나선거구,https://info.nec.go.kr/electioninfo/candidate_detail_info.xhtml?electionId=0020260603&huboId=100162087,463,46만원,0,1건
100163542,이희정,더불어민주당,구시군의회의원,충청남도 계룡시가선거구,충청남도,계룡시가선거구,https://info.nec.go.kr/electioninfo/candidate_detail_info.xhtml?electionId=0020260603&huboId=100163542,458,46만원,0,없음
100162436,민병춘,무소속,구시군의회의원,충청남도 논산시다선거구,충청남도,논산시다선거구,https://info.nec.go.kr/electioninfo/candidate_detail_info.xhtml?electionId=0020260603&huboId=100162436,457,46만원,0,없음
100161691,문정환,더불어민주당,구시군의회의원,강원특별자치도 원주시자선거구,강원특별자치도,원주시자선거구,https://info.nec.go.kr/electioninfo/candidate_detail_info.xhtml?electionId=0020260603&huboId=100161691,455,46만원,0,2건
100164499,문수연,조국혁신당,광역의원비례,대전광역시 대전광역시,대전광역시,대전광역시,https://info.nec.go.kr/electioninfo/candidate_detail_info.xhtml?electionId=0020260603&huboId=100164499,454,45만원,0,없음
100161570,김기남,더불어민주당,구시군의회의원,경기도 김포시나선거구,경기도,김포시나선거구,https://info.nec.go.kr/electioninfo/candidate_detail_info.xhtml?electionId=0020260603&huboId=100161570,452,45만원,0,없음
100157509,임준택,무소속,구시군의회의원,전라남도 나주시라선거구,전라남도,나주시라선거구,https://info.nec.go.kr/electioninfo/candidate_detail_info.xhtml?electionId=0020260603&huboId=100157509,448,45만원,0,2건
100161958,김대순,무소속,구시군의회의원,경상북도 문경시다선거구,경상북도,문경시다선거구,https://info.nec.go.kr/electioninfo/candidate_detail_info.xhtml?electionId=0020260603&huboId=100161958,447,45만원,0,6건
100158139,김석훈,국민의힘,국회의원(재보궐),경기도 안산시갑,경기도,안산시갑,https://info.nec.go.kr/electioninfo/candidate_detail_info.xhtml?electionId=0020260603&huboId=100158139,446,45만원,0,4건
100158795,이덕무,무소속,구시군의회의원,경상남도 함안군다선거구,경상남도,함안군다선거구,https://info.nec.go.kr/electioninfo/candidate_detail_info.xhtml?electionId=0020260603&huboId=100158795,445,45만원,0,1건
100163134,유정복,국민의힘,시도지사,인천광역시 인천광역시,인천광역시,인천광역시,https://info.nec.go.kr/electioninfo/candidate_detail_info.xhtml?electionId=0020260603&huboId=100163134,443,44만원,0,없음
100162225,임문주,무소속,구시군의회의원,서울특별시 강서구나선거구,서울특별시,강서구나선거구,https://info.nec.go.kr/electioninfo/candidate_detail_info.xhtml?electionId=0020260603&huboId=100162225,441,44만원,0,없음
100161196,김세윤,더불어민주당,구시군의회의원,전라남도 완도군나선거구,전라남도,완도군나선거구,https://info.nec.go.kr/electioninfo/candidate_detail_info.xhtml?electionId=0020260603&huboId=100161196,440,44만원,0,1건
100161695,정재정,무소속,구시군의회의원,경상북도 김천시다선거구,경상북도,김천시다선거구,https://info.nec.go.kr/electioninfo/candidate_detail_info.xhtml?electionId=0020260603&huboId=100161695,437,44만원,0,1건
100164595,장갑호,더불어민주당,시도의원,대구광역시 달서구제2선거구,대구광역시,달서구제2선거구,https://info.nec.go.kr/electioninfo/candidate_detail_info.xhtml?electionId=0020260603&huboId=100164595,436,44만원,0,1건
100162008,김성호,국민의힘,구시군의회의원,경상북도 영덕군나선거구,경상북도,영덕군나선거구,https://info.nec.go.kr/electioninfo/candidate_detail_info.xhtml?electionId=0020260603&huboId=100162008,433,43만원,0,3건
100161461,송민선,국민의힘,구시군의회의원,대구광역시 남구나선거구,대구광역시,남구나선거구,https://info.nec.go.kr/electioninfo/candidate_detail_info.xhtml?electionId=0020260603&huboId=100161461,429,43만원,0,없음
100165467,윤행연,진보당,기초의원비례,경기도 고양시,경기도,고양시,https://info.nec.go.kr/electioninfo/candidate_detail_info.xhtml?electionId=0020260603&huboId=100165467,429,43만원,0,없음
100160390,우영훈,개혁신당,구시군의회의원,대구광역시 달성군가선거구,대구광역시,달성군가선거구,https://info.nec.go.kr/electioninfo/candidate_detail_info.xhtml?electionId=0020260603&huboId=100160390,427,43만원,0,없음
100164667,김은희,진보당,기초의원비례,광주광역시 광산구,광주광역시,광산구,https://info.nec.go.kr/electioninfo/candidate_detail_info.xhtml?electionId=0020260603&huboId=100164667,427,43만원,0,없음
100156351,이경철,더불어민주당,시도의원,제주특별자치도 제주특별자치도 서귀포시 대정읍선거구,제주특별자치도,제주특별자치도 서귀포시 대정읍선거구,https://info.nec.go.kr/electioninfo/candidate_detail_info.xhtml?electionId=0020260603&huboId=100156351,426,43만원,0,4건
100154475,조용봉,더불어민주당,구시군의회의원,전라남도 순천시나선거구,전라남도,순천시나선거구,https://info.nec.go.kr/electioninfo/candidate_detail_info.xhtml?electionId=0020260603&huboId=100154475,426,43만원,0,3건
100158545,김동규,국민의힘,구시군의회의원,인천광역시 부평구다선거구,인천광역시,부평구다선거구,https://info.nec.go.kr/electioninfo/candidate_detail_info.xhtml?electionId=0020260603&huboId=100158545,423,42만원,0,없음
100163309,정철,무소속,시도의원,전남광주통합특별시 장성군제1선거구,전남광주통합특별시,장성군제1선거구,https://info.nec.go.kr/electioninfo/candidate_detail_info.xhtml?electionId=0020260603&huboId=100163309,422,42만원,0,2건
100154213,문상엽,더불어민주당,구시군의회의원,전라남도 여수시사선거구,전라남도,여수시사선거구,https://info.nec.go.kr/electioninfo/candidate_detail_info.xhtml?electionId=0020260603&huboId=100154213,422,42만원,0,없음
100155174,심기보,더불어민주당,시도의원,충청북도 충주시제2선거구,충청북도,충주시제2선거구,https://info.nec.go.kr/electioninfo/candidate_detail_info.xhtml?electionId=0020260603&huboId=100155174,421,42만원,0,2건
100155335,김영근,국민의힘,구시군의회의원,경상북도 상주시나선거구,경상북도,상주시나선거구,https://info.nec.go.kr/electioninfo/candidate_detail_info.xhtml?electionId=0020260603&huboId=100155335,420,42만원,0,6건
100158211,반미선,더불어민주당,구시군의회의원,인천광역시 남동구다선거구,인천광역시,남동구다선거구,https://info.nec.go.kr/electioninfo/candidate_detail_info.xhtml?electionId=0020260603&huboId=100158211,418,42만원,0,1건
100158854,엄기섭,무소속,구시군의회의원,경상북도 봉화군다선거구,경상북도,봉화군다선거구,https://info.nec.go.kr/electioninfo/candidate_detail_info.xhtml?electionId=0020260603&huboId=100158854,417,42만원,0,없음
100157410,주동열,국민의힘,구시군의회의원,경상북도 경주시다선거구,경상북도,경주시다선거구,https://info.nec.go.kr/electioninfo/candidate_detail_info.xhtml?electionId=0020260603&huboId=100157410,415,42만원,0,1건
100165409,김정아,국민의힘,기초의원비례,인천광역시 연수구,인천광역시,연수구,https://info.nec.go.kr/electioninfo/candidate_detail_info.xhtml?electionId=0020260603&huboId=100165409,414,41만원,0,없음
100163344,배훈천,무소속,시도의원,전남광주통합특별시 북구제2선거구,전남광주통합특별시,북구제2선거구,https://info.nec.go.kr/electioninfo/candidate_detail_info.xhtml?electionId=0020260603&huboId=100163344,412,41만원,0,없음
100161773,김기준,더불어민주당,시도의원,충청남도 청양군선거구,충청남도,청양군선거구,https://info.nec.go.kr/electioninfo/candidate_detail_info.xhtml?electionId=0020260603&huboId=100161773,412,41만원,0,없음
100154871,최용석,더불어민주당,구시군의회의원,경상남도 사천시나선거구,경상남도,사천시나선거구,https://info.nec.go.kr/electioninfo/candidate_detail_info.xhtml?electionId=0020260603&huboId=100154871,411,41만원,0,없음
100163352,조규화,국민의힘,구시군의회의원,대구광역시 수성구마선거구,대구광역시,수성구마선거구,https://info.nec.go.kr/electioninfo/candidate_detail_info.xhtml?electionId=0020260603&huboId=100163352,410,41만원,0,없음
100165321,변소영,국민의힘,기초의원비례,경상북도 청도군,경상북도,청도군,https://info.nec.go.kr/electioninfo/candidate_detail_info.xhtml?electionId=0020260603&huboId=100165321,410,41만원,0,없음
100158634,지민희,국민의힘,구시군의회의원,경기도 양평군나선거구,경기도,양평군나선거구,https://info.nec.go.kr/electioninfo/candidate_detail_info.xhtml?electionId=0020260603&huboId=100158634,407,41만원,0,1건
100161219,이정희,국민의힘,구시군의회의원,경상북도 구미시가선거구,경상북도,구미시가선거구,https://info.nec.go.kr/electioninfo/candidate_detail_info.xhtml?electionId=0020260603&huboId=100161219,407,41만원,0,없음
100161892,지무진,국민의힘,구시군의회의원,경상북도 의성군가선거구,경상북도,의성군가선거구,https://info.nec.go.kr/electioninfo/candidate_detail_info.xhtml?electionId=0020260603&huboId=100161892,406,41만원,0,1건
100162386,최용근,국민의힘,시도의원,경기도 하남시제3선거구,경기도,하남시제3선거구,https://info.nec.go.kr/electioninfo/candidate_detail_info.xhtml?electionId=0020260603&huboId=100162386,403,40만원,0,없음
100160710,김정환,더불어민주당,시도의원,서울특별시 동작구제1선거구,서울특별시,동작구제1선거구,https://info.nec.go.kr/electioninfo/candidate_detail_info.xhtml?electionId=0020260603&huboId=100160710,403,40만원,0,1건
100153758,임전수,무소속,교육감,세종특별자치시 세종특별자치시,세종특별자치시,세종특별자치시,https://info.nec.go.kr/electioninfo/candidate_detail_info.xhtml?electionId=0020260603&huboId=100153758,402,40만원,0,2건
100164819,최재인,국민의힘,기초의원비례,충청남도 당진시,충청남도,당진시,https://info.nec.go.kr/electioninfo/candidate_detail_info.xhtml?electionId=0020260603&huboId=100164819,400,40만원,0,없음
100159037,문병오,더불어민주당,구시군의회의원,충청남도 홍성군나선거구,충청남도,홍성군나선거구,https://info.nec.go.kr/electioninfo/candidate_detail_info.xhtml?electionId=0020260603&huboId=100159037,398,40만원,0,없음
100157661,김지현,진보당,구시군의회의원,울산광역시 북구다선거구,울산광역시,북구다선거구,https://info.nec.go.kr/electioninfo/candidate_detail_info.xhtml?electionId=0020260603&huboId=100157661,397,40만원,0,없음
100160253,최정욱,더불어민주당,구시군의회의원,전라남도 완도군가선거구,전라남도,완도군가선거구,https://info.nec.go.kr/electioninfo/candidate_detail_info.xhtml?electionId=0020260603&huboId=100160253,397,40만원,0,1건
100164732,정원환,무소속,기초단체장,전북특별자치도 고창군,전북특별자치도,고창군,https://info.nec.go.kr/electioninfo/candidate_detail_info.xhtml?electionId=0020260603&huboId=100164732,396,40만원,1084,7건
100161466,박근혜,국민의힘,구시군의회의원,경상북도 김천시바선거구,경상북도,김천시바선거구,https://info.nec.go.kr/electioninfo/candidate_detail_info.xhtml?electionId=0020260603&huboId=100161466,395,40만원,0,없음
100162474,조성범,자유와혁신,시도의원,경기도 군포시제1선거구,경기도,군포시제1선거구,https://info.nec.go.kr/electioninfo/candidate_detail_info.xhtml?electionId=0020260603&huboId=100162474,394,39만원,0,없음
100162671,오은규,조국혁신당,구시군의회의원,대전광역시 중구다선거구,대전광역시,중구다선거구,https://info.nec.go.kr/electioninfo/candidate_detail_info.xhtml?electionId=0020260603&huboId=100162671,391,39만원,0,없음
100163687,왕정순,조국혁신당,구시군의회의원,서울특별시 관악구나선거구,서울특별시,관악구나선거구,https://info.nec.go.kr/electioninfo/candidate_detail_info.xhtml?electionId=0020260603&huboId=100163687,391,39만원,0,없음
100164746,김은하,더불어민주당,기초의원비례,대구광역시 남구,대구광역시,남구,https://info.nec.go.kr/electioninfo/candidate_detail_info.xhtml?electionId=0020260603&huboId=100164746,391,39만원,0,없음
100154995,김윤수,더불어민주당,구시군의회의원,전북특별자치도 전주시아선거구,전북특별자치도,전주시아선거구,https://info.nec.go.kr/electioninfo/candidate_detail_info.xhtml?electionId=0020260603&huboId=100154995,389,39만원,0,2건
100162488,서지원,국민의힘,구시군의회의원,대전광역시 서구라선거구,대전광역시,서구라선거구,https://info.nec.go.kr/electioninfo/candidate_detail_info.xhtml?electionId=0020260603&huboId=100162488,387,39만원,0,없음
100155328,최훈,더불어민주당,시도의원,충청남도 공주시제1선거구,충청남도,공주시제1선거구,https://info.nec.go.kr/electioninfo/candidate_detail_info.xhtml?electionId=0020260603&huboId=100155328,385,39만원,0,3건
100163236,김미리,국민의힘,시도의원,경기도 남양주시제2선거구,경기도,남양주시제2선거구,https://info.nec.go.kr/electioninfo/candidate_detail_info.xhtml?electionId=0020260603&huboId=100163236,383,38만원,0,없음
100161135,장수상,국민의힘,구시군의회의원,경상북도 영양군나선거구,경상북도,영양군나선거구,https://info.nec.go.kr/electioninfo/candidate_detail_info.xhtml?electionId=0020260603&huboId=100161135,383,38만원,0,1건
100164608,허윤정,더불어민주당,광역의원비례,서울특별시 서울특별시,서울특별시,서울특별시,https://info.nec.go.kr/electioninfo/candidate_detail_info.xhtml?electionId=0020260603&huboId=100164608,380,38만원,0,1건
100165473,박지우,국민의힘,기초의원비례,경상북도 경주시,경상북도,경주시,https://info.nec.go.kr/electioninfo/candidate_detail_info.xhtml?electionId=0020260603&huboId=100165473,379,38만원,0,없음
100154237,최동민,더불어민주당,기초단체장,서울특별시 동대문구,서울특별시,동대문구,https://info.nec.go.kr/electioninfo/candidate_detail_info.xhtml?electionId=0020260603&huboId=100154237,378,38만원,0,3건
100162077,이명규,국민의힘,시도의원,인천광역시 부평구제1선거구,인천광역시,부평구제1선거구,https://info.nec.go.kr/electioninfo/candidate_detail_info.xhtml?electionId=0020260603&huboId=100162077,378,38만원,0,1건
100163660,나성주,국민의힘,시도의원,경기도 남양주시제6선거구,경기도,남양주시제6선거구,https://info.nec.go.kr/electioninfo/candidate_detail_info.xhtml?electionId=0020260603&huboId=100163660,377,38만원,0,1건
100156009,심철의,더불어민주당,시도의원,전남광주통합특별시 서구제4선거구,전남광주통합특별시,서구제4선거구,https://info.nec.go.kr/electioninfo/candidate_detail_info.xhtml?electionId=0020260603&huboId=100156009,377,38만원,0,없음
100157134,박희현,더불어민주당,구시군의회의원,경상북도 김천시바선거구,경상북도,김천시바선거구,https://info.nec.go.kr/electioninfo/candidate_detail_info.xhtml?electionId=0020260603&huboId=100157134,375,38만원,0,없음
100163691,권백신,국민의힘,시도의원,경상북도 안동시제2선거구,경상북도,안동시제2선거구,https://info.nec.go.kr/electioninfo/candidate_detail_info.xhtml?electionId=0020260603&huboId=100163691,374,37만원,0,1건
100163078,신미정,더불어민주당,구시군의회의원,경상남도 거창군가선거구,경상남도,거창군가선거구,https://info.nec.go.kr/electioninfo/candidate_detail_info.xhtml?electionId=0020260603&huboId=100163078,373,37만원,0,없음
100165369,정대영,국민의힘,기초의원비례,경기도 광주시,경기도,광주시,https://info.nec.go.kr/electioninfo/candidate_detail_info.xhtml?electionId=0020260603&huboId=100165369,373,37만원,0,없음
100162164,김정중,국민의힘,구시군의회의원,경기도 안양시가선거구,경기도,안양시가선거구,https://info.nec.go.kr/electioninfo/candidate_detail_info.xhtml?electionId=0020260603&huboId=100162164,372,37만원,0,없음
100154302,김정한,국민의힘,구시군의회의원,경상남도 창원시파선거구,경상남도,창원시파선거구,https://info.nec.go.kr/electioninfo/candidate_detail_info.xhtml?electionId=0020260603&huboId=100154302,371,37만원,0,1건
100161632,노한종,무소속,구시군의회의원,광주광역시 북구라선거구,광주광역시,북구라선거구,https://info.nec.go.kr/electioninfo/candidate_detail_info.xhtml?electionId=0020260603&huboId=100161632,371,37만원,0,3건
100163638,최영일,더불어민주당,기초단체장,전북특별자치도 순창군,전북특별자치도,순창군,https://info.nec.go.kr/electioninfo/candidate_detail_info.xhtml?electionId=0020260603&huboId=100163638,370,37만원,0,1건
100160914,김연수,더불어민주당,구시군의회의원,전라남도 장성군가선거구,전라남도,장성군가선거구,https://info.nec.go.kr/electioninfo/candidate_detail_info.xhtml?electionId=0020260603&huboId=100160914,368,37만원,0,없음
100157958,이철훈,국민의힘,구시군의회의원,경상남도 김해시나선거구,경상남도,김해시나선거구,https://info.nec.go.kr/electioninfo/candidate_detail_info.xhtml?electionId=0020260603&huboId=100157958,367,37만원,0,1건
100161895,김영준,무소속,구시군의회의원,경상북도 영덕군나선거구,경상북도,영덕군나선거구,https://info.nec.go.kr/electioninfo/candidate_detail_info.xhtml?electionId=0020260603&huboId=100161895,367,37만원,0,1건
100165197,이화숙,조국혁신당,기초의원비례,전북특별자치도 군산시,전북특별자치도,군산시,https://info.nec.go.kr/electioninfo/candidate_detail_info.xhtml?electionId=0020260603&huboId=100165197,365,37만원,0,없음
100156674,안태자,더불어민주당,구시군의회의원,광주광역시 동구나선거구,광주광역시,동구나선거구,https://info.nec.go.kr/electioninfo/candidate_detail_info.xhtml?electionId=0020260603&huboId=100156674,364,36만원,0,없음
100157883,조한석,국민의힘,구시군의회의원,경기도 김포시다선거구,경기도,김포시다선거구,https://info.nec.go.kr/electioninfo/candidate_detail_info.xhtml?electionId=0020260603&huboId=100157883,363,36만원,0,2건
100160858,이제성,국민의힘,구시군의회의원,경기도 용인시차선거구,경기도,용인시차선거구,https://info.nec.go.kr/electioninfo/candidate_detail_info.xhtml?electionId=0020260603&huboId=100160858,362,36만원,0,없음
100158381,한승훈,더불어민주당,시도의원,경기도 평택시제6선거구,경기도,평택시제6선거구,https://info.nec.go.kr/electioninfo/candidate_detail_info.xhtml?electionId=0020260603&huboId=100158381,360,36만원,0,2건
100161726,유승용,더불어민주당,구시군의회의원,서울특별시 영등포구사선거구,서울특별시,영등포구사선거구,https://info.nec.go.kr/electioninfo/candidate_detail_info.xhtml?electionId=0020260603&huboId=100161726,360,36만원,0,1건
100161178,김원석,국민의힘,구시군의회의원,경상북도 의성군다선거구,경상북도,의성군다선거구,https://info.nec.go.kr/electioninfo/candidate_detail_info.xhtml?electionId=0020260603&huboId=100161178,359,36만원,0,없음
100165157,김승자,국민의힘,기초의원비례,인천광역시 미추홀구,인천광역시,미추홀구,https://info.nec.go.kr/electioninfo/candidate_detail_info.xhtml?electionId=0020260603&huboId=100165157,358,36만원,0,없음
100156270,장소영,더불어민주당,구시군의회의원,경상남도 창원시가선거구,경상남도,창원시가선거구,https://info.nec.go.kr/electioninfo/candidate_detail_info.xhtml?electionId=0020260603&huboId=100156270,355,36만원,0,없음
100162931,김기현,개혁신당,구시군의회의원,경기도 화성시라선거구,경기도,화성시라선거구,https://info.nec.go.kr/electioninfo/candidate_detail_info.xhtml?electionId=0020260603&huboId=100162931,351,35만원,0,없음
100161622,정미진,국민의힘,구시군의회의원,경상북도 청송군나선거구,경상북도,청송군나선거구,https://info.nec.go.kr/electioninfo/candidate_detail_info.xhtml?electionId=0020260603&huboId=100161622,351,35만원,0,없음
100162215,안신일,더불어민주당,시도의원,세종특별자치시 세종특별자치시제6선거구,세종특별자치시,세종특별자치시제6선거구,https://info.nec.go.kr/electioninfo/candidate_detail_info.xhtml?electionId=0020260603&huboId=100162215,347,35만원,0,없음
100157380,강상태,더불어민주당,구시군의회의원,경기도 성남시가선거구,경기도,성남시가선거구,https://info.nec.go.kr/electioninfo/candidate_detail_info.xhtml?electionId=0020260603&huboId=100157380,347,35만원,0,2건
100160000,손형순,무소속,구시군의회의원,경상북도 고령군나선거구,경상북도,고령군나선거구,https://info.nec.go.kr/electioninfo/candidate_detail_info.xhtml?electionId=0020260603&huboId=100160000,347,35만원,0,1건
100156142,최재현,더불어민주당,시도의원,인천광역시 남동구제6선거구,인천광역시,남동구제6선거구,https://info.nec.go.kr/electioninfo/candidate_detail_info.xhtml?electionId=0020260603&huboId=100156142,345,35만원,0,없음
100155766,이인화,국민의힘,시도의원,서울특별시 강남구제3선거구,서울특별시,강남구제3선거구,https://info.nec.go.kr/electioninfo/candidate_detail_info.xhtml?electionId=0020260603&huboId=100155766,344,34만원,0,없음
100164968,최진호,더불어민주당,구시군의회의원,경기도 안산시마선거구,경기도,안산시마선거구,https://info.nec.go.kr/electioninfo/candidate_detail_info.xhtml?electionId=0020260603&huboId=100164968,344,34만원,0,없음
100164844,유향,국민의힘,기초의원비례,경상남도 하동군,경상남도,하동군,https://info.nec.go.kr/electioninfo/candidate_detail_info.xhtml?electionId=0020260603&huboId=100164844,344,34만원,0,1건
100163185,박준모,더불어민주당,시도의원,경기도 안양시제4선거구,경기도,안양시제4선거구,https://info.nec.go.kr/electioninfo/candidate_detail_info.xhtml?electionId=0020260603&huboId=100163185,341,34만원,0,2건
100155391,박영일,무소속,구시군의회의원,경상남도 밀양시라선거구,경상남도,밀양시라선거구,https://info.nec.go.kr/electioninfo/candidate_detail_info.xhtml?electionId=0020260603&huboId=100155391,340,34만원,0,1건
100158996,고재현,국민의힘,기초단체장,서울특별시 성동구,서울특별시,성동구,https://info.nec.go.kr/electioninfo/candidate_detail_info.xhtml?electionId=0020260603&huboId=100158996,338,34만원,0,1건
100162648,전금자,국민의힘,구시군의회의원,경상북도 경산시다선거구,경상북도,경산시다선거구,https://info.nec.go.kr/electioninfo/candidate_detail_info.xhtml?electionId=0020260603&huboId=100162648,337,34만원,0,없음
100157768,정구호,더불어민주당,구시군의회의원,전라남도 광양시라선거구,전라남도,광양시라선거구,https://info.nec.go.kr/electioninfo/candidate_detail_info.xhtml?electionId=0020260603&huboId=100157768,337,34만원,0,없음
100165759,김한슬,국민의힘,광역의원비례,경기도 경기도,경기도,경기도,https://info.nec.go.kr/electioninfo/candidate_detail_info.xhtml?electionId=0020260603&huboId=100165759,336,34만원,0,없음
100158983,박성우,국민의힘,구시군의회의원,경상남도 함안군가선거구,경상남도,함안군가선거구,https://info.nec.go.kr/electioninfo/candidate_detail_info.xhtml?electionId=0020260603&huboId=100158983,335,34만원,0,1건
100155485,김관우,더불어민주당,구시군의회의원,전북특별자치도 군산시아선거구,전북특별자치도,군산시아선거구,https://info.nec.go.kr/electioninfo/candidate_detail_info.xhtml?electionId=0020260603&huboId=100155485,333,33만원,0,1건
100159876,백준석,더불어민주당,시도의원,서울특별시 용산구제1선거구,서울특별시,용산구제1선거구,https://info.nec.go.kr/electioninfo/candidate_detail_info.xhtml?electionId=0020260603&huboId=100159876,332,33만원,0,1건
100157711,신민정,더불어민주당,시도의원,충청북도 청주시제13선거구,충청북도,청주시제13선거구,https://info.nec.go.kr/electioninfo/candidate_detail_info.xhtml?electionId=0020260603&huboId=100157711,327,33만원,0,없음
100160830,황동희,무소속,시도의원,경상북도 경산시제2선거구,경상북도,경산시제2선거구,https://info.nec.go.kr/electioninfo/candidate_detail_info.xhtml?electionId=0020260603&huboId=100160830,323,32만원,0,1건
100155154,권기원,무소속,구시군의회의원,경상북도 안동시바선거구,경상북도,안동시바선거구,https://info.nec.go.kr/electioninfo/candidate_detail_info.xhtml?electionId=0020260603&huboId=100155154,321,32만원,0,없음
100155545,윤희정,더불어민주당,시도의원,인천광역시 제물포구제1선거구,인천광역시,제물포구제1선거구,https://info.nec.go.kr/electioninfo/candidate_detail_info.xhtml?electionId=0020260603&huboId=100155545,320,32만원,0,없음
100159297,최기탁,무소속,구시군의회의원,경상북도 봉화군가선거구,경상북도,봉화군가선거구,https://info.nec.go.kr/electioninfo/candidate_detail_info.xhtml?electionId=0020260603&huboId=100159297,320,32만원,0,없음
100155406,김준희,진보당,구시군의회의원,전라남도 순천시나선거구,전라남도,순천시나선거구,https://info.nec.go.kr/electioninfo/candidate_detail_info.xhtml?electionId=0020260603&huboId=100155406,318,32만원,0,1건
100158129,이정수,더불어민주당,구시군의회의원,경기도 양평군나선거구,경기도,양평군나선거구,https://info.nec.go.kr/electioninfo/candidate_detail_info.xhtml?electionId=0020260603&huboId=100158129,317,32만원,0,없음
100154109,조재후,국민의힘,구시군의회의원,경상남도 창원시바선거구,경상남도,창원시바선거구,https://info.nec.go.kr/electioninfo/candidate_detail_info.xhtml?electionId=0020260603&huboId=100154109,316,32만원,0,없음
100162148,최수연,더불어민주당,시도의원,경기도 양주시제3선거구,경기도,양주시제3선거구,https://info.nec.go.kr/electioninfo/candidate_detail_info.xhtml?electionId=0020260603&huboId=100162148,315,32만원,0,없음
100155915,박승찬,더불어민주당,구시군의회의원,충청북도 청주시라선거구,충청북도,청주시라선거구,https://info.nec.go.kr/electioninfo/candidate_detail_info.xhtml?electionId=0020260603&huboId=100155915,315,32만원,0,없음
100160856,이현숙,국민의힘,시도의원,충청남도 천안시제11선거구,충청남도,천안시제11선거구,https://info.nec.go.kr/electioninfo/candidate_detail_info.xhtml?electionId=0020260603&huboId=100160856,314,31만원,0,없음
100162854,이재웅,더불어민주당,구시군의회의원,서울특별시 양천구마선거구,서울특별시,양천구마선거구,https://info.nec.go.kr/electioninfo/candidate_detail_info.xhtml?electionId=0020260603&huboId=100162854,314,31만원,0,2건
100163888,김성열,개혁신당,국회의원(재보궐),경기도 하남시갑,경기도,하남시갑,https://info.nec.go.kr/electioninfo/candidate_detail_info.xhtml?electionId=0020260603&huboId=100163888,312,31만원,0,없음
100156373,김길자,더불어민주당,구시군의회의원,서울특별시 영등포구다선거구,서울특별시,영등포구다선거구,https://info.nec.go.kr/electioninfo/candidate_detail_info.xhtml?electionId=0020260603&huboId=100156373,310,31만원,0,없음
100163074,이영주,국민의힘,시도의원,경기도 양주시제1선거구,경기도,양주시제1선거구,https://info.nec.go.kr/electioninfo/candidate_detail_info.xhtml?electionId=0020260603&huboId=100163074,309,31만원,0,없음
100162535,김철수,국민의힘,구시군의회의원,경상북도 포항시아선거구,경상북도,포항시아선거구,https://info.nec.go.kr/electioninfo/candidate_detail_info.xhtml?electionId=0020260603&huboId=100162535,307,31만원,0,없음
100164389,민정화,진보당,기초의원비례,경상남도 밀양시,경상남도,밀양시,https://info.nec.go.kr/electioninfo/candidate_detail_info.xhtml?electionId=0020260603&huboId=100164389,303,30만원,0,없음
100157490,김창현,더불어민주당,시도의원,전북특별자치도 부안군선거구,전북특별자치도,부안군선거구,https://info.nec.go.kr/electioninfo/candidate_detail_info.xhtml?electionId=0020260603&huboId=100157490,301,30만원,0,없음
100157631,최정기,무소속,구시군의회의원,전라남도 나주시다선거구,전라남도,나주시다선거구,https://info.nec.go.kr/electioninfo/candidate_detail_info.xhtml?electionId=0020260603&huboId=100157631,300,30만원,0,1건
100159391,안기전,더불어민주당,구시군의회의원,충청남도 금산군가선거구,충청남도,금산군가선거구,https://info.nec.go.kr/electioninfo/candidate_detail_info.xhtml?electionId=0020260603&huboId=100159391,300,30만원,0,1건
100162101,이성근,국민의힘,구시군의회의원,대구광역시 북구다선거구,대구광역시,북구다선거구,https://info.nec.go.kr/electioninfo/candidate_detail_info.xhtml?electionId=0020260603&huboId=100162101,295,30만원,0,1건
100157990,김칠상,더불어민주당,구시군의회의원,대구광역시 북구사선거구,대구광역시,북구사선거구,https://info.nec.go.kr/electioninfo/candidate_detail_info.xhtml?electionId=0020260603&huboId=100157990,294,29만원,0,2건
100161197,고인철,조국혁신당,시도의원,전남광주통합특별시 신안군제2선거구,전남광주통합특별시,신안군제2선거구,https://info.nec.go.kr/electioninfo/candidate_detail_info.xhtml?electionId=0020260603&huboId=100161197,293,29만원,0,1건
100161026,김관용,더불어민주당,구시군의회의원,전라남도 나주시가선거구,전라남도,나주시가선거구,https://info.nec.go.kr/electioninfo/candidate_detail_info.xhtml?electionId=0020260603&huboId=100161026,293,29만원,0,없음
100158030,조희영,국민의힘,시도의원,경기도 남양주시제7선거구,경기도,남양주시제7선거구,https://info.nec.go.kr/electioninfo/candidate_detail_info.xhtml?electionId=0020260603&huboId=100158030,289,29만원,0,없음
100159954,김원찬,국민의힘,시도의원,제주특별자치도 제주특별자치도 제주시 한경면·추자면선거구,제주특별자치도,제주특별자치도 제주시 한경면·추자면선거구,https://info.nec.go.kr/electioninfo/candidate_detail_info.xhtml?electionId=0020260603&huboId=100159954,289,29만원,0,없음
100160513,박기영,국민의힘,시도의원,충청남도 공주시제2선거구,충청남도,공주시제2선거구,https://info.nec.go.kr/electioninfo/candidate_detail_info.xhtml?electionId=0020260603&huboId=100160513,289,29만원,0,1건
100162808,강형구,무소속,구시군의회의원,전라남도 순천시사선거구,전라남도,순천시사선거구,https://info.nec.go.kr/electioninfo/candidate_detail_info.xhtml?electionId=0020260603&huboId=100162808,283,28만원,0,1건
100164018,김복준,더불어민주당,기초의원비례,강원특별자치도 평창군,강원특별자치도,평창군,https://info.nec.go.kr/electioninfo/candidate_detail_info.xhtml?electionId=0020260603&huboId=100164018,283,28만원,0,없음
100156582,권경운,국민의힘,구시군의회의원,충청남도 공주시라선거구,충청남도,공주시라선거구,https://info.nec.go.kr/electioninfo/candidate_detail_info.xhtml?electionId=0020260603&huboId=100156582,282,28만원,0,없음
100155282,양도근,더불어민주당,구시군의회의원,경상남도 진주시아선거구,경상남도,진주시아선거구,https://info.nec.go.kr/electioninfo/candidate_detail_info.xhtml?electionId=0020260603&huboId=100155282,280,28만원,0,없음
100158009,김은진,더불어민주당,구시군의회의원,대전광역시 유성구다선거구,대전광역시,유성구다선거구,https://info.nec.go.kr/electioninfo/candidate_detail_info.xhtml?electionId=0020260603&huboId=100158009,276,28만원,0,1건
100156488,권순성,더불어민주당,시도의원,강원특별자치도 원주시제3선거구,강원특별자치도,원주시제3선거구,https://info.nec.go.kr/electioninfo/candidate_detail_info.xhtml?electionId=0020260603&huboId=100156488,275,28만원,0,없음
100161333,김창래,무소속,구시군의회의원,강원특별자치도 정선군가선거구,강원특별자치도,정선군가선거구,https://info.nec.go.kr/electioninfo/candidate_detail_info.xhtml?electionId=0020260603&huboId=100161333,275,28만원,0,없음
100162045,이채명,더불어민주당,시도의원,경기도 안양시제6선거구,경기도,안양시제6선거구,https://info.nec.go.kr/electioninfo/candidate_detail_info.xhtml?electionId=0020260603&huboId=100162045,270,27만원,0,1건
100160060,홍종수,국민의힘,구시군의회의원,경기도 수원시가선거구,경기도,수원시가선거구,https://info.nec.go.kr/electioninfo/candidate_detail_info.xhtml?electionId=0020260603&huboId=100160060,268,27만원,0,없음
100160652,김기욱,국민의힘,구시군의회의원,충청남도 서산시마선거구,충청남도,서산시마선거구,https://info.nec.go.kr/electioninfo/candidate_detail_info.xhtml?electionId=0020260603&huboId=100160652,265,27만원,0,1건
100160777,김현수,국민의힘,기초단체장,경상남도 하동군,경상남도,하동군,https://info.nec.go.kr/electioninfo/candidate_detail_info.xhtml?electionId=0020260603&huboId=100160777,264,26만원,0,2건
100156905,최충진,더불어민주당,시도의원,충청북도 청주시제3선거구,충청북도,청주시제3선거구,https://info.nec.go.kr/electioninfo/candidate_detail_info.xhtml?electionId=0020260603&huboId=100156905,264,26만원,0,없음
100158310,박용근,무소속,시도의원,전북특별자치도 장수군선거구,전북특별자치도,장수군선거구,https://info.nec.go.kr/electioninfo/candidate_detail_info.xhtml?electionId=0020260603&huboId=100158310,263,26만원,0,없음
100161292,윤미숙,자유통일당,구시군의회의원,경기도 남양주시바선거구,경기도,남양주시바선거구,https://info.nec.go.kr/electioninfo/candidate_detail_info.xhtml?electionId=0020260603&huboId=100161292,262,26만원,0,없음
100156699,변준호,더불어민주당,구시군의회의원,부산광역시 연제구다선거구,부산광역시,연제구다선거구,https://info.nec.go.kr/electioninfo/candidate_detail_info.xhtml?electionId=0020260603&huboId=100156699,261,26만원,0,없음
100162031,정규헌,국민의힘,시도의원,경상남도 창원시제9선거구,경상남도,창원시제9선거구,https://info.nec.go.kr/electioninfo/candidate_detail_info.xhtml?electionId=0020260603&huboId=100162031,260,26만원,0,없음
100157876,유점자,무소속,구시군의회의원,부산광역시 해운대구다선거구,부산광역시,해운대구다선거구,https://info.nec.go.kr/electioninfo/candidate_detail_info.xhtml?electionId=0020260603&huboId=100157876,260,26만원,0,없음
100154962,김환연,더불어민주당,구시군의회의원,인천광역시 부평구바선거구,인천광역시,부평구바선거구,https://info.nec.go.kr/electioninfo/candidate_detail_info.xhtml?electionId=0020260603&huboId=100154962,260,26만원,0,없음
100156958,안재훈,더불어민주당,구시군의회의원,인천광역시 미추홀구가선거구,인천광역시,미추홀구가선거구,https://info.nec.go.kr/electioninfo/candidate_detail_info.xhtml?electionId=0020260603&huboId=100156958,259,26만원,0,1건
100159209,장호운,무소속,구시군의회의원,경상북도 봉화군다선거구,경상북도,봉화군다선거구,https://info.nec.go.kr/electioninfo/candidate_detail_info.xhtml?electionId=0020260603&huboId=100159209,258,26만원,0,없음
100157830,김미경,더불어민주당,시도의원,경기도 광주시제4선거구,경기도,광주시제4선거구,https://info.nec.go.kr/electioninfo/candidate_detail_info.xhtml?electionId=0020260603&huboId=100157830,257,26만원,0,없음
100161579,손일홍,더불어민주당,시도의원,울산광역시 중구제1선거구,울산광역시,중구제1선거구,https://info.nec.go.kr/electioninfo/candidate_detail_info.xhtml?electionId=0020260603&huboId=100161579,257,26만원,0,1건
100163394,김상백,국민의힘,시도의원,경상북도 포항시제1선거구,경상북도,포항시제1선거구,https://info.nec.go.kr/electioninfo/candidate_detail_info.xhtml?electionId=0020260603&huboId=100163394,256,26만원,0,1건
100156783,권오기,국민의힘,구시군의회의원,경상북도 영주시다선거구,경상북도,영주시다선거구,https://info.nec.go.kr/electioninfo/candidate_detail_info.xhtml?electionId=0020260603&huboId=100156783,255,26만원,0,없음
100157913,양종천,무소속,구시군의회의원,전북특별자치도 부안군가선거구,전북특별자치도,부안군가선거구,https://info.nec.go.kr/electioninfo/candidate_detail_info.xhtml?electionId=0020260603&huboId=100157913,254,25만원,0,2건
100159533,성중기,더불어민주당,구시군의회의원,전북특별자치도 완주군나선거구,전북특별자치도,완주군나선거구,https://info.nec.go.kr/electioninfo/candidate_detail_info.xhtml?electionId=0020260603&huboId=100159533,253,25만원,0,없음
100153770,권순기,무소속,교육감,경상남도 경상남도,경상남도,경상남도,https://info.nec.go.kr/electioninfo/candidate_detail_info.xhtml?electionId=0020260603&huboId=100153770,253,25만원,0,없음
100164998,나혜심,더불어민주당,기초의원비례,서울특별시 강서구,서울특별시,강서구,https://info.nec.go.kr/electioninfo/candidate_detail_info.xhtml?electionId=0020260603&huboId=100164998,248,25만원,0,없음
100162496,전성수,국민의힘,기초단체장,서울특별시 서초구,서울특별시,서초구,https://info.nec.go.kr/electioninfo/candidate_detail_info.xhtml?electionId=0020260603&huboId=100162496,247,25만원,0,없음
100161746,이상조,국민의힘,구시군의회의원,충청북도 청주시나선거구,충청북도,청주시나선거구,https://info.nec.go.kr/electioninfo/candidate_detail_info.xhtml?electionId=0020260603&huboId=100161746,247,25만원,0,없음
100159555,이원기,무소속,구시군의회의원,경상북도 영양군나선거구,경상북도,영양군나선거구,https://info.nec.go.kr/electioninfo/candidate_detail_info.xhtml?electionId=0020260603&huboId=100159555,246,25만원,0,없음
100162996,김상욱,더불어민주당,시도지사,울산광역시 울산광역시,울산광역시,울산광역시,https://info.nec.go.kr/electioninfo/candidate_detail_info.xhtml?electionId=0020260603&huboId=100162996,244,24만원,0,없음
100164256,최익수,국민의힘,기초의원비례,충청북도 청주시,충청북도,청주시,https://info.nec.go.kr/electioninfo/candidate_detail_info.xhtml?electionId=0020260603&huboId=100164256,244,24만원,244,2건
100159709,전재옥,더불어민주당,구시군의회의원,충청남도 태안군가선거구,충청남도,태안군가선거구,https://info.nec.go.kr/electioninfo/candidate_detail_info.xhtml?electionId=0020260603&huboId=100159709,243,24만원,0,없음
100165574,안수경,국민의힘,광역의원비례,인천광역시 인천광역시,인천광역시,인천광역시,https://info.nec.go.kr/electioninfo/candidate_detail_info.xhtml?electionId=0020260603&huboId=100165574,242,24만원,0,없음
100161122,김기상,국민의힘,구시군의회의원,서울특별시 강동구사선거구,서울특별시,강동구사선거구,https://info.nec.go.kr/electioninfo/candidate_detail_info.xhtml?electionId=0020260603&huboId=100161122,240,24만원,0,2건
100160722,문석주,국민의힘,시도의원,울산광역시 북구제2선거구,울산광역시,북구제2선거구,https://info.nec.go.kr/electioninfo/candidate_detail_info.xhtml?electionId=0020260603&huboId=100160722,238,24만원,0,없음
100159819,소병호,더불어민주당,구시군의회의원,전북특별자치도 완주군가선거구,전북특별자치도,완주군가선거구,https://info.nec.go.kr/electioninfo/candidate_detail_info.xhtml?electionId=0020260603&huboId=100159819,238,24만원,0,1건
100162083,김동균,국민의힘,시도의원,경기도 광주시제1선거구,경기도,광주시제1선거구,https://info.nec.go.kr/electioninfo/candidate_detail_info.xhtml?electionId=0020260603&huboId=100162083,236,24만원,0,1건
100161496,이상복,국민의힘,구시군의회의원,경기도 오산시가선거구,경기도,오산시가선거구,https://info.nec.go.kr/electioninfo/candidate_detail_info.xhtml?electionId=0020260603&huboId=100161496,236,24만원,0,3건
100157416,이수영,더불어민주당,구시군의회의원,울산광역시 동구다선거구,울산광역시,동구다선거구,https://info.nec.go.kr/electioninfo/candidate_detail_info.xhtml?electionId=0020260603&huboId=100157416,236,24만원,0,없음
100162955,박필순,무소속,기초단체장,전라남도 광양시,전라남도,광양시,https://info.nec.go.kr/electioninfo/candidate_detail_info.xhtml?electionId=0020260603&huboId=100162955,234,23만원,0,없음
100163612,유오현,국민의힘,구시군의회의원,강원특별자치도 원주시자선거구,강원특별자치도,원주시자선거구,https://info.nec.go.kr/electioninfo/candidate_detail_info.xhtml?electionId=0020260603&huboId=100163612,234,23만원,0,1건
100158535,정명희,국민의힘,구시군의회의원,경상남도 거제시다선거구,경상남도,거제시다선거구,https://info.nec.go.kr/electioninfo/candidate_detail_info.xhtml?electionId=0020260603&huboId=100158535,233,23만원,0,없음
100160087,김홍순,더불어민주당,구시군의회의원,전라남도 곡성군나선거구,전라남도,곡성군나선거구,https://info.nec.go.kr/electioninfo/candidate_detail_info.xhtml?electionId=0020260603&huboId=100160087,232,23만원,0,1건
100157162,황수영,더불어민주당,시도의원,경기도 수원시제5선거구,경기도,수원시제5선거구,https://info.nec.go.kr/electioninfo/candidate_detail_info.xhtml?electionId=0020260603&huboId=100157162,231,23만원,0,없음
100165749,김성락,더불어민주당,기초의원비례,대전광역시 동구,대전광역시,동구,https://info.nec.go.kr/electioninfo/candidate_detail_info.xhtml?electionId=0020260603&huboId=100165749,228,23만원,0,없음
100154630,박봉휘,더불어민주당,시도의원,경상남도 거제시제2선거구,경상남도,거제시제2선거구,https://info.nec.go.kr/electioninfo/candidate_detail_info.xhtml?electionId=0020260603&huboId=100154630,226,23만원,0,2건
100162439,강연숙,국민의힘,구시군의회의원,인천광역시 부평구라선거구,인천광역시,부평구라선거구,https://info.nec.go.kr/electioninfo/candidate_detail_info.xhtml?electionId=0020260603&huboId=100162439,226,23만원,0,없음
100159783,정성환,더불어민주당,기초단체장,경상북도 울릉군,경상북도,울릉군,https://info.nec.go.kr/electioninfo/candidate_detail_info.xhtml?electionId=0020260603&huboId=100159783,224,22만원,0,없음
100156966,김현미,더불어민주당,시도의원,세종특별자치시 세종특별자치시제14선거구,세종특별자치시,세종특별자치시제14선거구,https://info.nec.go.kr/electioninfo/candidate_detail_info.xhtml?electionId=0020260603&huboId=100156966,224,22만원,0,1건
100157206,장성란,더불어민주당,구시군의회의원,인천광역시 남동구다선거구,인천광역시,남동구다선거구,https://info.nec.go.kr/electioninfo/candidate_detail_info.xhtml?electionId=0020260603&huboId=100157206,223,22만원,0,없음
100164345,윤진수,더불어민주당,광역의원비례,경기도 경기도,경기도,경기도,https://info.nec.go.kr/electioninfo/candidate_detail_info.xhtml?electionId=0020260603&huboId=100164345,223,22만원,0,없음
100162607,윤석경,국민의힘,구시군의회의원,경기도 시흥시라선거구,경기도,시흥시라선거구,https://info.nec.go.kr/electioninfo/candidate_detail_info.xhtml?electionId=0020260603&huboId=100162607,222,22만원,0,없음
100160013,이은경,국민의힘,구시군의회의원,경기도 동두천시가선거구,경기도,동두천시가선거구,https://info.nec.go.kr/electioninfo/candidate_detail_info.xhtml?electionId=0020260603&huboId=100160013,222,22만원,0,없음
100160965,김은점,더불어민주당,구시군의회의원,경상남도 양산시사선거구,경상남도,양산시사선거구,https://info.nec.go.kr/electioninfo/candidate_detail_info.xhtml?electionId=0020260603&huboId=100160965,221,22만원,0,없음
100159807,곽세훈,국민의힘,구시군의회의원,경상남도 함안군다선거구,경상남도,함안군다선거구,https://info.nec.go.kr/electioninfo/candidate_detail_info.xhtml?electionId=0020260603&huboId=100159807,221,22만원,0,2건
100161146,박병률,국민의힘,구시군의회의원,부산광역시 강서구나선거구,부산광역시,강서구나선거구,https://info.nec.go.kr/electioninfo/candidate_detail_info.xhtml?electionId=0020260603&huboId=100161146,220,22만원,0,없음
100160205,김기윤,국민의힘,구시군의회의원,충청남도 금산군나선거구,충청남도,금산군나선거구,https://info.nec.go.kr/electioninfo/candidate_detail_info.xhtml?electionId=0020260603&huboId=100160205,220,22만원,0,1건
100165652,최선례,더불어민주당,기초의원비례,전북특별자치도 고창군,전북특별자치도,고창군,https://info.nec.go.kr/electioninfo/candidate_detail_info.xhtml?electionId=0020260603&huboId=100165652,220,22만원,0,없음
100154393,길찬우,더불어민주당,구시군의회의원,강원특별자치도 태백시가선거구,강원특별자치도,태백시가선거구,https://info.nec.go.kr/electioninfo/candidate_detail_info.xhtml?electionId=0020260603&huboId=100154393,219,22만원,0,2건
100163705,이미영,새미래민주당,국회의원(재보궐),울산광역시 남구갑,울산광역시,남구갑,https://info.nec.go.kr/electioninfo/candidate_detail_info.xhtml?electionId=0020260603&huboId=100163705,218,22만원,0,없음
100160631,이은경,더불어민주당,구시군의회의원,서울특별시 노원구라선거구,서울특별시,노원구라선거구,https://info.nec.go.kr/electioninfo/candidate_detail_info.xhtml?electionId=0020260603&huboId=100160631,218,22만원,0,없음
100157928,박원서,더불어민주당,구시군의회의원,서울특별시 강동구다선거구,서울특별시,강동구다선거구,https://info.nec.go.kr/electioninfo/candidate_detail_info.xhtml?electionId=0020260603&huboId=100157928,218,22만원,0,1건
100159012,김상희,무소속,시도의원,경상북도 봉화군선거구,경상북도,봉화군선거구,https://info.nec.go.kr/electioninfo/candidate_detail_info.xhtml?electionId=0020260603&huboId=100159012,215,22만원,0,없음
100160655,송지혜,국민의힘,구시군의회의원,경기도 시흥시나선거구,경기도,시흥시나선거구,https://info.nec.go.kr/electioninfo/candidate_detail_info.xhtml?electionId=0020260603&huboId=100160655,213,21만원,0,1건
100158905,김창도,무소속,구시군의회의원,경상남도 산청군다선거구,경상남도,산청군다선거구,https://info.nec.go.kr/electioninfo/candidate_detail_info.xhtml?electionId=0020260603&huboId=100158905,212,21만원,0,1건
100159718,김도엽,무소속,구시군의회의원,경상북도 울진군가선거구,경상북도,울진군가선거구,https://info.nec.go.kr/electioninfo/candidate_detail_info.xhtml?electionId=0020260603&huboId=100159718,212,21만원,0,없음
100153856,강숙영,무소속,교육감,전남광주통합특별시 전남광주통합특별시,전남광주통합특별시,전남광주통합특별시,https://info.nec.go.kr/electioninfo/candidate_detail_info.xhtml?electionId=0020260603&huboId=100153856,212,21만원,0,없음
100163229,고덕희,국민의힘,구시군의회의원,경기도 고양시사선거구,경기도,고양시사선거구,https://info.nec.go.kr/electioninfo/candidate_detail_info.xhtml?electionId=0020260603&huboId=100163229,207,21만원,0,1건
100164631,유승연,국민의힘,기초의원비례,서울특별시 광진구,서울특별시,광진구,https://info.nec.go.kr/electioninfo/candidate_detail_info.xhtml?electionId=0020260603&huboId=100164631,206,21만원,0,없음
100160993,정우식,국민의힘,구시군의회의원,울산광역시 울주군나선거구,울산광역시,울주군나선거구,https://info.nec.go.kr/electioninfo/candidate_detail_info.xhtml?electionId=0020260603&huboId=100160993,205,21만원,0,없음
100162954,박형준,국민의힘,시도지사,부산광역시 부산광역시,부산광역시,부산광역시,https://info.nec.go.kr/electioninfo/candidate_detail_info.xhtml?electionId=0020260603&huboId=100162954,202,20만원,0,없음
100162096,김동훈,국민의힘,구시군의회의원,경기도 남양주시마선거구,경기도,남양주시마선거구,https://info.nec.go.kr/electioninfo/candidate_detail_info.xhtml?electionId=0020260603&huboId=100162096,200,20만원,0,없음
100156818,정명희,더불어민주당,기초단체장,부산광역시 북구,부산광역시,북구,https://info.nec.go.kr/electioninfo/candidate_detail_info.xhtml?electionId=0020260603&huboId=100156818,195,20만원,0,없음
100165748,이정순,더불어민주당,기초의원비례,전북특별자치도 정읍시,전북특별자치도,정읍시,https://info.nec.go.kr/electioninfo/candidate_detail_info.xhtml?electionId=0020260603&huboId=100165748,195,20만원,0,없음
100158317,박창선,국민의힘,구시군의회의원,경기도 오산시나선거구,경기도,오산시나선거구,https://info.nec.go.kr/electioninfo/candidate_detail_info.xhtml?electionId=0020260603&huboId=100158317,194,19만원,0,없음
100161249,최선자,더불어민주당,구시군의회의원,경기도 의정부시가선거구,경기도,의정부시가선거구,https://info.nec.go.kr/electioninfo/candidate_detail_info.xhtml?electionId=0020260603&huboId=100161249,193,19만원,0,없음
100159434,신승배,국민의힘,구시군의회의원,경상북도 영양군가선거구,경상북도,영양군가선거구,https://info.nec.go.kr/electioninfo/candidate_detail_info.xhtml?electionId=0020260603&huboId=100159434,193,19만원,0,없음
100155037,이종갑,국민의힘,시도의원,충청북도 충주시제3선거구,충청북도,충주시제3선거구,https://info.nec.go.kr/electioninfo/candidate_detail_info.xhtml?electionId=0020260603&huboId=100155037,192,19만원,0,없음
100164197,윤정애,더불어민주당,기초의원비례,경상남도 고성군,경상남도,고성군,https://info.nec.go.kr/electioninfo/candidate_detail_info.xhtml?electionId=0020260603&huboId=100164197,192,19만원,0,없음
100162227,옥승철,국민의힘,구시군의회의원,경기도 파주시나선거구,경기도,파주시나선거구,https://info.nec.go.kr/electioninfo/candidate_detail_info.xhtml?electionId=0020260603&huboId=100162227,190,19만원,0,없음
100161502,최복춘,국민의힘,구시군의회의원,경상남도 양산시아선거구,경상남도,양산시아선거구,https://info.nec.go.kr/electioninfo/candidate_detail_info.xhtml?electionId=0020260603&huboId=100161502,190,19만원,0,2건
100157317,장봉춘,무소속,구시군의회의원,경상북도 문경시라선거구,경상북도,문경시라선거구,https://info.nec.go.kr/electioninfo/candidate_detail_info.xhtml?electionId=0020260603&huboId=100157317,189,19만원,0,없음
100162977,오은초,더불어민주당,시도의원,제주특별자치도 제주특별자치도 서귀포시 정방동·중앙동·천지동·서홍동선거구,제주특별자치도,제주특별자치도 서귀포시 정방동·중앙동·천지동·서홍동선거구,https://info.nec.go.kr/electioninfo/candidate_detail_info.xhtml?electionId=0020260603&huboId=100162977,188,19만원,0,없음
100165001,최윤정,국민의힘,기초의원비례,경상북도 울릉군,경상북도,울릉군,https://info.nec.go.kr/electioninfo/candidate_detail_info.xhtml?electionId=0020260603&huboId=100165001,188,19만원,0,없음
100161365,이영해,국민의힘,시도의원,울산광역시 남구제6선거구,울산광역시,남구제6선거구,https://info.nec.go.kr/electioninfo/candidate_detail_info.xhtml?electionId=0020260603&huboId=100161365,187,19만원,0,없음
100163422,한수정,더불어민주당,구시군의회의원,강원특별자치도 원주시차선거구,강원특별자치도,원주시차선거구,https://info.nec.go.kr/electioninfo/candidate_detail_info.xhtml?electionId=0020260603&huboId=100163422,186,19만원,0,없음
100157461,장성호,더불어민주당,구시군의회의원,경상남도 양산시가선거구,경상남도,양산시가선거구,https://info.nec.go.kr/electioninfo/candidate_detail_info.xhtml?electionId=0020260603&huboId=100157461,186,19만원,0,2건
100157735,윤보수,국민의힘,구시군의회의원,부산광역시 사하구가선거구,부산광역시,사하구가선거구,https://info.nec.go.kr/electioninfo/candidate_detail_info.xhtml?electionId=0020260603&huboId=100157735,186,19만원,0,없음
100155008,이상표,더불어민주당,구시군의회의원,충청남도 공주시라선거구,충청남도,공주시라선거구,https://info.nec.go.kr/electioninfo/candidate_detail_info.xhtml?electionId=0020260603&huboId=100155008,185,19만원,0,1건
100165751,이상욱,더불어민주당,구시군의회의원,경기도 용인시카선거구,경기도,용인시카선거구,https://info.nec.go.kr/electioninfo/candidate_detail_info.xhtml?electionId=0020260603&huboId=100165751,184,18만원,0,없음
100160530,박신영,국민의힘,구시군의회의원,경상북도 청송군가선거구,경상북도,청송군가선거구,https://info.nec.go.kr/electioninfo/candidate_detail_info.xhtml?electionId=0020260603&huboId=100160530,184,18만원,0,없음
100160700,박정요,국민의힘,구시군의회의원,부산광역시 해운대구사선거구,부산광역시,해운대구사선거구,https://info.nec.go.kr/electioninfo/candidate_detail_info.xhtml?electionId=0020260603&huboId=100160700,181,18만원,0,없음
100158447,이교희,국민의힘,구시군의회의원,충청남도 천안시라선거구,충청남도,천안시라선거구,https://info.nec.go.kr/electioninfo/candidate_detail_info.xhtml?electionId=0020260603&huboId=100158447,181,18만원,0,없음
100156276,김영진,국민의힘,시도의원,강원특별자치도 인제군선거구,강원특별자치도,인제군선거구,https://info.nec.go.kr/electioninfo/candidate_detail_info.xhtml?electionId=0020260603&huboId=100156276,180,18만원,0,2건
100163891,안종철,국민의힘,시도의원,경기도 안산시제8선거구,경기도,안산시제8선거구,https://info.nec.go.kr/electioninfo/candidate_detail_info.xhtml?electionId=0020260603&huboId=100163891,180,18만원,0,없음
100158272,이시영,국민의힘,시도의원,경상남도 김해시제7선거구,경상남도,김해시제7선거구,https://info.nec.go.kr/electioninfo/candidate_detail_info.xhtml?electionId=0020260603&huboId=100158272,180,18만원,0,1건
100161825,홍나영,국민의힘,시도의원,세종특별자치시 세종특별자치시제14선거구,세종특별자치시,세종특별자치시제14선거구,https://info.nec.go.kr/electioninfo/candidate_detail_info.xhtml?electionId=0020260603&huboId=100161825,179,18만원,0,2건
100160346,류규하,국민의힘,기초단체장,대구광역시 중구,대구광역시,중구,https://info.nec.go.kr/electioninfo/candidate_detail_info.xhtml?electionId=0020260603&huboId=100160346,178,18만원,0,없음
100155102,윤현아,국민의힘,구시군의회의원,경상남도 거제시마선거구,경상남도,거제시마선거구,https://info.nec.go.kr/electioninfo/candidate_detail_info.xhtml?electionId=0020260603&huboId=100155102,177,18만원,0,없음
100162673,박영희,국민의힘,구시군의회의원,서울특별시 성동구다선거구,서울특별시,성동구다선거구,https://info.nec.go.kr/electioninfo/candidate_detail_info.xhtml?electionId=0020260603&huboId=100162673,177,18만원,0,없음
100161097,최진현,국민의힘,구시군의회의원,강원특별자치도 홍천군나선거구,강원특별자치도,홍천군나선거구,https://info.nec.go.kr/electioninfo/candidate_detail_info.xhtml?electionId=0020260603&huboId=100161097,175,18만원,0,1건
100161293,신진미,더불어민주당,구시군의회의원,대전광역시 서구나선거구,대전광역시,서구나선거구,https://info.nec.go.kr/electioninfo/candidate_detail_info.xhtml?electionId=0020260603&huboId=100161293,175,18만원,0,없음
100161346,손병복,국민의힘,기초단체장,경상북도 울진군,경상북도,울진군,https://info.nec.go.kr/electioninfo/candidate_detail_info.xhtml?electionId=0020260603&huboId=100161346,173,17만원,0,1건
100161571,노승호,더불어민주당,구시군의회의원,충청남도 부여군가선거구,충청남도,부여군가선거구,https://info.nec.go.kr/electioninfo/candidate_detail_info.xhtml?electionId=0020260603&huboId=100161571,173,17만원,0,1건
100164734,안현진,더불어민주당,기초의원비례,울산광역시 북구,울산광역시,북구,https://info.nec.go.kr/electioninfo/candidate_detail_info.xhtml?electionId=0020260603&huboId=100164734,173,17만원,0,없음
100164238,정미경,조국혁신당,기초의원비례,전북특별자치도 장수군,전북특별자치도,장수군,https://info.nec.go.kr/electioninfo/candidate_detail_info.xhtml?electionId=0020260603&huboId=100164238,173,17만원,0,없음
100157604,양윤제,국민의힘,구시군의회의원,경상북도 포항시자선거구,경상북도,포항시자선거구,https://info.nec.go.kr/electioninfo/candidate_detail_info.xhtml?electionId=0020260603&huboId=100157604,171,17만원,0,없음
100165347,곽은하,더불어민주당,기초의원비례,경상남도 진주시,경상남도,진주시,https://info.nec.go.kr/electioninfo/candidate_detail_info.xhtml?electionId=0020260603&huboId=100165347,171,17만원,0,없음
100165102,박은정,더불어민주당,기초의원비례,광주광역시 북구,광주광역시,북구,https://info.nec.go.kr/electioninfo/candidate_detail_info.xhtml?electionId=0020260603&huboId=100165102,171,17만원,0,없음
100162866,채한성,더불어민주당,시도의원,경상북도 구미시제4선거구,경상북도,구미시제4선거구,https://info.nec.go.kr/electioninfo/candidate_detail_info.xhtml?electionId=0020260603&huboId=100162866,169,17만원,0,없음
100159115,임용민,더불어민주당,시도의원,전남광주통합특별시 보성군제1선거구,전남광주통합특별시,보성군제1선거구,https://info.nec.go.kr/electioninfo/candidate_detail_info.xhtml?electionId=0020260603&huboId=100159115,168,17만원,0,1건
100159920,박종철,국민의힘,시도의원,부산광역시 기장군제1선거구,부산광역시,기장군제1선거구,https://info.nec.go.kr/electioninfo/candidate_detail_info.xhtml?electionId=0020260603&huboId=100159920,167,17만원,0,없음
100161824,이정숙,더불어민주당,구시군의회의원,경상남도 고성군가선거구,경상남도,고성군가선거구,https://info.nec.go.kr/electioninfo/candidate_detail_info.xhtml?electionId=0020260603&huboId=100161824,167,17만원,0,없음
100160506,손영우,국민의힘,구시군의회의원,경상북도 청도군나선거구,경상북도,청도군나선거구,https://info.nec.go.kr/electioninfo/candidate_detail_info.xhtml?electionId=0020260603&huboId=100160506,166,17만원,0,1건
100155600,심성욱,더불어민주당,구시군의회의원,전북특별자치도 전주시마선거구,전북특별자치도,전주시마선거구,https://info.nec.go.kr/electioninfo/candidate_detail_info.xhtml?electionId=0020260603&huboId=100155600,166,17만원,0,없음
100158205,구재용,더불어민주당,기초단체장,인천광역시 서구,인천광역시,서구,https://info.nec.go.kr/electioninfo/candidate_detail_info.xhtml?electionId=0020260603&huboId=100158205,165,17만원,0,3건
100161010,전영옥,국민의힘,구시군의회의원,충청남도 당진시다선거구,충청남도,당진시다선거구,https://info.nec.go.kr/electioninfo/candidate_detail_info.xhtml?electionId=0020260603&huboId=100161010,164,16만원,0,없음
100156808,신동원,국민의힘,구시군의회의원,충청남도 계룡시가선거구,충청남도,계룡시가선거구,https://info.nec.go.kr/electioninfo/candidate_detail_info.xhtml?electionId=0020260603&huboId=100156808,163,16만원,0,없음
100158073,김재년,국민의힘,구시군의회의원,충청북도 청주시라선거구,충청북도,청주시라선거구,https://info.nec.go.kr/electioninfo/candidate_detail_info.xhtml?electionId=0020260603&huboId=100158073,162,16만원,0,없음
100164916,유다영,개혁신당,광역의원비례,울산광역시 울산광역시,울산광역시,울산광역시,https://info.nec.go.kr/electioninfo/candidate_detail_info.xhtml?electionId=0020260603&huboId=100164916,162,16만원,0,1건
100160131,김병수,국민의힘,기초단체장,경상북도 울릉군,경상북도,울릉군,https://info.nec.go.kr/electioninfo/candidate_detail_info.xhtml?electionId=0020260603&huboId=100160131,158,16만원,0,없음
100165367,민영혜,국민의힘,기초의원비례,대구광역시 동구,대구광역시,동구,https://info.nec.go.kr/electioninfo/candidate_detail_info.xhtml?electionId=0020260603&huboId=100165367,158,16만원,0,1건
100157080,박영숙,더불어민주당,구시군의회의원,광주광역시 서구라선거구,광주광역시,서구라선거구,https://info.nec.go.kr/electioninfo/candidate_detail_info.xhtml?electionId=0020260603&huboId=100157080,157,16만원,0,1건
100155596,배근형,국민의힘,시도의원,강원특별자치도 원주시제8선거구,강원특별자치도,원주시제8선거구,https://info.nec.go.kr/electioninfo/candidate_detail_info.xhtml?electionId=0020260603&huboId=100155596,156,16만원,0,3건
100159620,신현유,국민의힘,구시군의회의원,경기도 가평군가선거구,경기도,가평군가선거구,https://info.nec.go.kr/electioninfo/candidate_detail_info.xhtml?electionId=0020260603&huboId=100159620,156,16만원,0,없음
100158495,이경심,더불어민주당,시도의원,제주특별자치도 제주특별자치도 제주시 노형동을선거구,제주특별자치도,제주특별자치도 제주시 노형동을선거구,https://info.nec.go.kr/electioninfo/candidate_detail_info.xhtml?electionId=0020260603&huboId=100158495,154,15만원,0,없음
100160464,박진수,국민의힘,구시군의회의원,경상남도 밀양시마선거구,경상남도,밀양시마선거구,https://info.nec.go.kr/electioninfo/candidate_detail_info.xhtml?electionId=0020260603&huboId=100160464,154,15만원,0,2건
100163136,안창수,국민의힘,구시군의회의원,경상북도 상주시나선거구,경상북도,상주시나선거구,https://info.nec.go.kr/electioninfo/candidate_detail_info.xhtml?electionId=0020260603&huboId=100163136,154,15만원,0,3건
100165460,정연숙,국민의힘,기초의원비례,경기도 고양시,경기도,고양시,https://info.nec.go.kr/electioninfo/candidate_detail_info.xhtml?electionId=0020260603&huboId=100165460,154,15만원,0,없음
100162688,차화열,국민의힘,기초단체장,경기도 평택시,경기도,평택시,https://info.nec.go.kr/electioninfo/candidate_detail_info.xhtml?electionId=0020260603&huboId=100162688,153,15만원,0,없음
100154977,정영근,국민의힘,시도의원,경기도 안양시제2선거구,경기도,안양시제2선거구,https://info.nec.go.kr/electioninfo/candidate_detail_info.xhtml?electionId=0020260603&huboId=100154977,153,15만원,0,1건
100158683,권순민,국민의힘,구시군의회의원,강원특별자치도 강릉시사선거구,강원특별자치도,강릉시사선거구,https://info.nec.go.kr/electioninfo/candidate_detail_info.xhtml?electionId=0020260603&huboId=100158683,153,15만원,0,없음
100157885,이재숙,더불어민주당,구시군의회의원,충청북도 청주시나선거구,충청북도,청주시나선거구,https://info.nec.go.kr/electioninfo/candidate_detail_info.xhtml?electionId=0020260603&huboId=100157885,153,15만원,0,없음
100164600,안만규,개혁신당,광역의원비례,경기도 경기도,경기도,경기도,https://info.nec.go.kr/electioninfo/candidate_detail_info.xhtml?electionId=0020260603&huboId=100164600,152,15만원,0,1건
100163232,이재형,조국혁신당,구시군의회의원,강원특별자치도 원주시다선거구,강원특별자치도,원주시다선거구,https://info.nec.go.kr/electioninfo/candidate_detail_info.xhtml?electionId=0020260603&huboId=100163232,150,15만원,0,없음
100155176,주상현,더불어민주당,구시군의회의원,전북특별자치도 김제시가선거구,전북특별자치도,김제시가선거구,https://info.nec.go.kr/electioninfo/candidate_detail_info.xhtml?electionId=0020260603&huboId=100155176,150,15만원,0,없음
100159860,장은아,더불어민주당,구시군의회의원,전북특별자치도 부안군가선거구,전북특별자치도,부안군가선거구,https://info.nec.go.kr/electioninfo/candidate_detail_info.xhtml?electionId=0020260603&huboId=100159860,150,15만원,0,없음
100165566,이상미,국민의힘,광역의원비례,강원특별자치도 강원특별자치도,강원특별자치도,강원특별자치도,https://info.nec.go.kr/electioninfo/candidate_detail_info.xhtml?electionId=0020260603&huboId=100165566,150,15만원,0,1건
100158336,손형배,국민의힘,구시군의회의원,경기도 파주시라선거구,경기도,파주시라선거구,https://info.nec.go.kr/electioninfo/candidate_detail_info.xhtml?electionId=0020260603&huboId=100158336,149,15만원,0,없음
100158876,송병림,더불어민주당,구시군의회의원,충청북도 음성군나선거구,충청북도,음성군나선거구,https://info.nec.go.kr/electioninfo/candidate_detail_info.xhtml?electionId=0020260603&huboId=100158876,149,15만원,0,없음
100156997,이무철,국민의힘,시도의원,강원특별자치도 춘천시제4선거구,강원특별자치도,춘천시제4선거구,https://info.nec.go.kr/electioninfo/candidate_detail_info.xhtml?electionId=0020260603&huboId=100156997,148,15만원,0,없음
100160203,김혜림,더불어민주당,시도의원,경상남도 양산시제2선거구,경상남도,양산시제2선거구,https://info.nec.go.kr/electioninfo/candidate_detail_info.xhtml?electionId=0020260603&huboId=100160203,148,15만원,0,없음
100158811,오혜자,국민의힘,구시군의회의원,경기도 양평군가선거구,경기도,양평군가선거구,https://info.nec.go.kr/electioninfo/candidate_detail_info.xhtml?electionId=0020260603&huboId=100158811,148,15만원,0,1건
100162191,김영태,국민의힘,구시군의회의원,경상북도 구미시다선거구,경상북도,구미시다선거구,https://info.nec.go.kr/electioninfo/candidate_detail_info.xhtml?electionId=0020260603&huboId=100162191,148,15만원,0,4건
100154433,송대식,무소속,구시군의회의원,서울특별시 성북구가선거구,서울특별시,성북구가선거구,https://info.nec.go.kr/electioninfo/candidate_detail_info.xhtml?electionId=0020260603&huboId=100154433,148,15만원,0,없음
100164803,김경녀,진보당,기초의원비례,경상북도 포항시,경상북도,포항시,https://info.nec.go.kr/electioninfo/candidate_detail_info.xhtml?electionId=0020260603&huboId=100164803,148,15만원,0,없음
100159310,하성동,더불어민주당,시도의원,전남광주통합특별시 화순군제1선거구,전남광주통합특별시,화순군제1선거구,https://info.nec.go.kr/electioninfo/candidate_detail_info.xhtml?electionId=0020260603&huboId=100159310,146,15만원,0,3건
100161481,이은미,더불어민주당,구시군의회의원,강원특별자치도 평창군가선거구,강원특별자치도,평창군가선거구,https://info.nec.go.kr/electioninfo/candidate_detail_info.xhtml?electionId=0020260603&huboId=100161481,146,15만원,0,없음
100160469,김동우,국민의힘,구시군의회의원,경상북도 청도군가선거구,경상북도,청도군가선거구,https://info.nec.go.kr/electioninfo/candidate_detail_info.xhtml?electionId=0020260603&huboId=100160469,146,15만원,0,없음
100164699,류정단,국민의힘,기초의원비례,경상북도 봉화군,경상북도,봉화군,https://info.nec.go.kr/electioninfo/candidate_detail_info.xhtml?electionId=0020260603&huboId=100164699,146,15만원,0,없음
100165812,양정화,더불어민주당,기초의원비례,서울특별시 동작구,서울특별시,동작구,https://info.nec.go.kr/electioninfo/candidate_detail_info.xhtml?electionId=0020260603&huboId=100165812,146,15만원,0,없음
100164029,백진숙,조국혁신당,광역의원비례,충청남도 충청남도,충청남도,충청남도,https://info.nec.go.kr/electioninfo/candidate_detail_info.xhtml?electionId=0020260603&huboId=100164029,145,15만원,0,없음
100163556,박희성,무소속,시도의원,경상남도 하동군선거구,경상남도,하동군선거구,https://info.nec.go.kr/electioninfo/candidate_detail_info.xhtml?electionId=0020260603&huboId=100163556,144,14만원,0,없음
100157884,김경희,더불어민주당,구시군의회의원,경상남도 창원시마선거구,경상남도,창원시마선거구,https://info.nec.go.kr/electioninfo/candidate_detail_info.xhtml?electionId=0020260603&huboId=100157884,144,14만원,0,1건
100161841,박영길,무소속,구시군의회의원,경상북도 울진군가선거구,경상북도,울진군가선거구,https://info.nec.go.kr/electioninfo/candidate_detail_info.xhtml?electionId=0020260603&huboId=100161841,144,14만원,0,없음
100155133,차주철,국민의힘,시도의원,강원특별자치도 강릉시제4선거구,강원특별자치도,강릉시제4선거구,https://info.nec.go.kr/electioninfo/candidate_detail_info.xhtml?electionId=0020260603&huboId=100155133,143,14만원,0,4건
100156162,노금식,국민의힘,시도의원,충청북도 음성군제2선거구,충청북도,음성군제2선거구,https://info.nec.go.kr/electioninfo/candidate_detail_info.xhtml?electionId=0020260603&huboId=100156162,143,14만원,0,없음
100162126,조성범,무소속,기초단체장,서울특별시 동작구,서울특별시,동작구,https://info.nec.go.kr/electioninfo/candidate_detail_info.xhtml?electionId=0020260603&huboId=100162126,142,14만원,142,없음
100161611,이양임,국민의힘,구시군의회의원,울산광역시 남구마선거구,울산광역시,남구마선거구,https://info.nec.go.kr/electioninfo/candidate_detail_info.xhtml?electionId=0020260603&huboId=100161611,142,14만원,0,1건
100159351,이명환,무소속,구시군의회의원,경상남도 산청군나선거구,경상남도,산청군나선거구,https://info.nec.go.kr/electioninfo/candidate_detail_info.xhtml?electionId=0020260603&huboId=100159351,141,14만원,0,3건
100163597,길태호,무소속,구시군의회의원,충청남도 금산군가선거구,충청남도,금산군가선거구,https://info.nec.go.kr/electioninfo/candidate_detail_info.xhtml?electionId=0020260603&huboId=100163597,141,14만원,0,2건
100155390,조미애,더불어민주당,구시군의회의원,광주광역시 남구가선거구,광주광역시,남구가선거구,https://info.nec.go.kr/electioninfo/candidate_detail_info.xhtml?electionId=0020260603&huboId=100155390,140,14만원,0,없음
100157732,채명신,더불어민주당,시도의원,경기도 용인시제5선거구,경기도,용인시제5선거구,https://info.nec.go.kr/electioninfo/candidate_detail_info.xhtml?electionId=0020260603&huboId=100157732,139,14만원,0,없음
100156094,윤한웅,국민의힘,구시군의회의원,경기도 안성시나선거구,경기도,안성시나선거구,https://info.nec.go.kr/electioninfo/candidate_detail_info.xhtml?electionId=0020260603&huboId=100156094,139,14만원,0,1건
100158709,윤해명,무소속,구시군의회의원,충청북도 증평군가선거구,충청북도,증평군가선거구,https://info.nec.go.kr/electioninfo/candidate_detail_info.xhtml?electionId=0020260603&huboId=100158709,139,14만원,0,2건
100159567,우홍섭,더불어민주당,기초단체장,전라남도 완도군,전라남도,완도군,https://info.nec.go.kr/electioninfo/candidate_detail_info.xhtml?electionId=0020260603&huboId=100159567,138,14만원,0,없음
100161853,이오남,더불어민주당,구시군의회의원,경기도 가평군나선거구,경기도,가평군나선거구,https://info.nec.go.kr/electioninfo/candidate_detail_info.xhtml?electionId=0020260603&huboId=100161853,137,14만원,0,1건
100156349,남호준,국민의힘,구시군의회의원,경상남도 창원시차선거구,경상남도,창원시차선거구,https://info.nec.go.kr/electioninfo/candidate_detail_info.xhtml?electionId=0020260603&huboId=100156349,137,14만원,0,1건
100164414,김재희,무소속,구시군의회의원,대구광역시 북구바선거구,대구광역시,북구바선거구,https://info.nec.go.kr/electioninfo/candidate_detail_info.xhtml?electionId=0020260603&huboId=100164414,137,14만원,0,없음
100157011,김태용,무소속,구시군의회의원,부산광역시 동구나선거구,부산광역시,동구나선거구,https://info.nec.go.kr/electioninfo/candidate_detail_info.xhtml?electionId=0020260603&huboId=100157011,137,14만원,0,2건
100162896,김홍섭,더불어민주당,구시군의회의원,경상남도 거창군가선거구,경상남도,거창군가선거구,https://info.nec.go.kr/electioninfo/candidate_detail_info.xhtml?electionId=0020260603&huboId=100162896,136,14만원,0,없음
100164168,강현옥,진보당,광역의원비례,세종특별자치시 세종특별자치시,세종특별자치시,세종특별자치시,https://info.nec.go.kr/electioninfo/candidate_detail_info.xhtml?electionId=0020260603&huboId=100164168,136,14만원,0,없음
100163022,김석현,무소속,구시군의회의원,경상북도 영양군가선거구,경상북도,영양군가선거구,https://info.nec.go.kr/electioninfo/candidate_detail_info.xhtml?electionId=0020260603&huboId=100163022,134,13만원,0,없음
100160206,이양재,국민의힘,구시군의회의원,경상북도 봉화군나선거구,경상북도,봉화군나선거구,https://info.nec.go.kr/electioninfo/candidate_detail_info.xhtml?electionId=0020260603&huboId=100160206,133,13만원,0,없음
100160135,장성운,더불어민주당,구시군의회의원,서울특별시 동대문구마선거구,서울특별시,동대문구마선거구,https://info.nec.go.kr/electioninfo/candidate_detail_info.xhtml?electionId=0020260603&huboId=100160135,133,13만원,0,없음
100162839,황진환,국민의힘,구시군의회의원,서울특별시 영등포구마선거구,서울특별시,영등포구마선거구,https://info.nec.go.kr/electioninfo/candidate_detail_info.xhtml?electionId=0020260603&huboId=100162839,133,13만원,0,없음
100160063,권성현,국민의힘,시도의원,경상남도 창원시제1선거구,경상남도,창원시제1선거구,https://info.nec.go.kr/electioninfo/candidate_detail_info.xhtml?electionId=0020260603&huboId=100160063,132,13만원,0,1건
100155216,노한섭,국민의힘,시도의원,충청남도 공주시제1선거구,충청남도,공주시제1선거구,https://info.nec.go.kr/electioninfo/candidate_detail_info.xhtml?electionId=0020260603&huboId=100155216,132,13만원,0,없음
100157715,안성황,국민의힘,구시군의회의원,경상남도 진주시가선거구,경상남도,진주시가선거구,https://info.nec.go.kr/electioninfo/candidate_detail_info.xhtml?electionId=0020260603&huboId=100157715,132,13만원,0,1건
100162471,신진호,국민의힘,구시군의회의원,서울특별시 광진구나선거구,서울특별시,광진구나선거구,https://info.nec.go.kr/electioninfo/candidate_detail_info.xhtml?electionId=0020260603&huboId=100162471,132,13만원,0,없음
100159087,온혜정,더불어민주당,구시군의회의원,전북특별자치도 전주시차선거구,전북특별자치도,전주시차선거구,https://info.nec.go.kr/electioninfo/candidate_detail_info.xhtml?electionId=0020260603&huboId=100159087,132,13만원,0,없음
100164999,김선옥,진보당,광역의원비례,광주광역시 전남광주통합특별시,광주광역시,전남광주통합특별시,https://info.nec.go.kr/electioninfo/candidate_detail_info.xhtml?electionId=0020260603&huboId=100164999,132,13만원,0,1건
100156961,안상미,더불어민주당,구시군의회의원,인천광역시 미추홀구다선거구,인천광역시,미추홀구다선거구,https://info.nec.go.kr/electioninfo/candidate_detail_info.xhtml?electionId=0020260603&huboId=100156961,131,13만원,0,없음
100165721,박현선,더불어민주당,기초의원비례,대전광역시 유성구,대전광역시,유성구,https://info.nec.go.kr/electioninfo/candidate_detail_info.xhtml?electionId=0020260603&huboId=100165721,131,13만원,0,없음
100153741,정상신,무소속,교육감,대전광역시 대전광역시,대전광역시,대전광역시,https://info.nec.go.kr/electioninfo/candidate_detail_info.xhtml?electionId=0020260603&huboId=100153741,131,13만원,0,없음
100155046,김대성,더불어민주당,구시군의회의원,광주광역시 동구나선거구,광주광역시,동구나선거구,https://info.nec.go.kr/electioninfo/candidate_detail_info.xhtml?electionId=0020260603&huboId=100155046,130,13만원,0,1건
100160590,전병웅,국민의힘,구시군의회의원,경상남도 진주시사선거구,경상남도,진주시사선거구,https://info.nec.go.kr/electioninfo/candidate_detail_info.xhtml?electionId=0020260603&huboId=100160590,128,13만원,0,2건
100158757,곽움,더불어민주당,구시군의회의원,서울특별시 강동구사선거구,서울특별시,강동구사선거구,https://info.nec.go.kr/electioninfo/candidate_detail_info.xhtml?electionId=0020260603&huboId=100158757,128,13만원,0,없음
100165271,홍건숙,더불어민주당,기초의원비례,전라남도 목포시,전라남도,목포시,https://info.nec.go.kr/electioninfo/candidate_detail_info.xhtml?electionId=0020260603&huboId=100165271,128,13만원,0,1건
100157866,송현준,국민의힘,시도의원,부산광역시 강서구제2선거구,부산광역시,강서구제2선거구,https://info.nec.go.kr/electioninfo/candidate_detail_info.xhtml?electionId=0020260603&huboId=100157866,127,13만원,0,없음
100161395,김은숙,더불어민주당,구시군의회의원,충청북도 청주시차선거구,충청북도,청주시차선거구,https://info.nec.go.kr/electioninfo/candidate_detail_info.xhtml?electionId=0020260603&huboId=100161395,127,13만원,0,없음
100164396,정종복,더불어민주당,시도의원,전북특별자치도 전주시제3선거구,전북특별자치도,전주시제3선거구,https://info.nec.go.kr/electioninfo/candidate_detail_info.xhtml?electionId=0020260603&huboId=100164396,126,13만원,0,1건
100161246,이남근,국민의힘,시도의원,제주특별자치도 제주특별자치도 제주시 한림읍선거구,제주특별자치도,제주특별자치도 제주시 한림읍선거구,https://info.nec.go.kr/electioninfo/candidate_detail_info.xhtml?electionId=0020260603&huboId=100161246,126,13만원,0,없음
100159961,이종섭,국민의힘,구시군의회의원,경상남도 산청군나선거구,경상남도,산청군나선거구,https://info.nec.go.kr/electioninfo/candidate_detail_info.xhtml?electionId=0020260603&huboId=100159961,126,13만원,0,1건
100162604,정주용,더불어민주당,구시군의회의원,대전광역시 중구가선거구,대전광역시,중구가선거구,https://info.nec.go.kr/electioninfo/candidate_detail_info.xhtml?electionId=0020260603&huboId=100162604,126,13만원,0,없음
100156970,김세환,더불어민주당,구시군의회의원,충청남도 천안시라선거구,충청남도,천안시라선거구,https://info.nec.go.kr/electioninfo/candidate_detail_info.xhtml?electionId=0020260603&huboId=100156970,126,13만원,0,없음
100158000,김행금,무소속,구시군의회의원,충청남도 천안시차선거구,충청남도,천안시차선거구,https://info.nec.go.kr/electioninfo/candidate_detail_info.xhtml?electionId=0020260603&huboId=100158000,126,13만원,0,없음
100156527,이용권,국민의힘,구시군의회의원,충청남도 계룡시가선거구,충청남도,계룡시가선거구,https://info.nec.go.kr/electioninfo/candidate_detail_info.xhtml?electionId=0020260603&huboId=100156527,126,13만원,0,3건
100162046,김용현,국민의힘,시도의원,경상북도 구미시제1선거구,경상북도,구미시제1선거구,https://info.nec.go.kr/electioninfo/candidate_detail_info.xhtml?electionId=0020260603&huboId=100162046,125,13만원,0,1건
100160015,최완열,국민의힘,구시군의회의원,경상북도 김천시라선거구,경상북도,김천시라선거구,https://info.nec.go.kr/electioninfo/candidate_detail_info.xhtml?electionId=0020260603&huboId=100160015,125,13만원,0,1건
100158479,임성화,더불어민주당,구시군의회의원,광주광역시 서구나선거구,광주광역시,서구나선거구,https://info.nec.go.kr/electioninfo/candidate_detail_info.xhtml?electionId=0020260603&huboId=100158479,125,13만원,0,없음
100155754,이승희,무소속,시도의원,경상북도 예천군제2선거구,경상북도,예천군제2선거구,https://info.nec.go.kr/electioninfo/candidate_detail_info.xhtml?electionId=0020260603&huboId=100155754,124,12만원,0,없음
100161344,김보언,조국혁신당,구시군의회의원,경상남도 양산시사선거구,경상남도,양산시사선거구,https://info.nec.go.kr/electioninfo/candidate_detail_info.xhtml?electionId=0020260603&huboId=100161344,124,12만원,0,없음
100156881,장병훈,더불어민주당,구시군의회의원,전북특별자치도 군산시아선거구,전북특별자치도,군산시아선거구,https://info.nec.go.kr/electioninfo/candidate_detail_info.xhtml?electionId=0020260603&huboId=100156881,124,12만원,0,2건
100157790,주해남,무소속,시도의원,경상북도 포항시제7선거구,경상북도,포항시제7선거구,https://info.nec.go.kr/electioninfo/candidate_detail_info.xhtml?electionId=0020260603&huboId=100157790,123,12만원,0,2건
100160365,박지은,더불어민주당,구시군의회의원,경기도 의정부시가선거구,경기도,의정부시가선거구,https://info.nec.go.kr/electioninfo/candidate_detail_info.xhtml?electionId=0020260603&huboId=100160365,123,12만원,0,없음
100164452,정성미,진보당,기초의원비례,경상남도 창원시,경상남도,창원시,https://info.nec.go.kr/electioninfo/candidate_detail_info.xhtml?electionId=0020260603&huboId=100164452,123,12만원,0,없음
100161842,곽동환,국민의힘,구시군의회의원,대구광역시 달성군다선거구,대구광역시,달성군다선거구,https://info.nec.go.kr/electioninfo/candidate_detail_info.xhtml?electionId=0020260603&huboId=100161842,122,12만원,0,없음
100156830,손상현,더불어민주당,구시군의회의원,충청북도 충주시마선거구,충청북도,충주시마선거구,https://info.nec.go.kr/electioninfo/candidate_detail_info.xhtml?electionId=0020260603&huboId=100156830,122,12만원,0,없음
100156312,정경옥,국민의힘,구시군의회의원,강원특별자치도 춘천시가선거구,강원특별자치도,춘천시가선거구,https://info.nec.go.kr/electioninfo/candidate_detail_info.xhtml?electionId=0020260603&huboId=100156312,121,12만원,0,없음
100161408,오문섭,국민의힘,구시군의회의원,경기도 화성시아선거구,경기도,화성시아선거구,https://info.nec.go.kr/electioninfo/candidate_detail_info.xhtml?electionId=0020260603&huboId=100161408,121,12만원,0,1건
100162037,최미자,더불어민주당,구시군의회의원,대전광역시 서구마선거구,대전광역시,서구마선거구,https://info.nec.go.kr/electioninfo/candidate_detail_info.xhtml?electionId=0020260603&huboId=100162037,121,12만원,0,없음
100160658,서충기,무소속,구시군의회의원,전라남도 나주시마선거구,전라남도,나주시마선거구,https://info.nec.go.kr/electioninfo/candidate_detail_info.xhtml?electionId=0020260603&huboId=100160658,121,12만원,0,1건
100154948,심진철,더불어민주당,구시군의회의원,전북특별자치도 전주시라선거구,전북특별자치도,전주시라선거구,https://info.nec.go.kr/electioninfo/candidate_detail_info.xhtml?electionId=0020260603&huboId=100154948,120,12만원,0,1건
100164166,나성주,더불어민주당,기초의원비례,광주광역시 서구,광주광역시,서구,https://info.nec.go.kr/electioninfo/candidate_detail_info.xhtml?electionId=0020260603&huboId=100164166,120,12만원,0,2건
100154791,소재섭,진보당,시도의원,전남광주통합특별시 북구제3선거구,전남광주통합특별시,북구제3선거구,https://info.nec.go.kr/electioninfo/candidate_detail_info.xhtml?electionId=0020260603&huboId=100154791,119,12만원,0,없음
100165243,배종화,더불어민주당,기초의원비례,강원특별자치도 양구군,강원특별자치도,양구군,https://info.nec.go.kr/electioninfo/candidate_detail_info.xhtml?electionId=0020260603&huboId=100165243,119,12만원,0,없음
100159792,최영보,더불어민주당,구시군의회의원,경기도 양평군가선거구,경기도,양평군가선거구,https://info.nec.go.kr/electioninfo/candidate_detail_info.xhtml?electionId=0020260603&huboId=100159792,118,12만원,0,없음
100161119,한성민,국민의힘,구시군의회의원,인천광역시 연수구나선거구,인천광역시,연수구나선거구,https://info.nec.go.kr/electioninfo/candidate_detail_info.xhtml?electionId=0020260603&huboId=100161119,118,12만원,0,없음
100162395,김태현,조국혁신당,구시군의회의원,경상북도 경주시가선거구,경상북도,경주시가선거구,https://info.nec.go.kr/electioninfo/candidate_detail_info.xhtml?electionId=0020260603&huboId=100162395,117,12만원,0,없음
100162541,임옥연,국민의힘,구시군의회의원,서울특별시 양천구사선거구,서울특별시,양천구사선거구,https://info.nec.go.kr/electioninfo/candidate_detail_info.xhtml?electionId=0020260603&huboId=100162541,117,12만원,0,없음
100157129,정현일,더불어민주당,구시군의회의원,서울특별시 관악구라선거구,서울특별시,관악구라선거구,https://info.nec.go.kr/electioninfo/candidate_detail_info.xhtml?electionId=0020260603&huboId=100157129,117,12만원,0,없음
100164445,최진열,무소속,기초단체장,전라남도 고흥군,전라남도,고흥군,https://info.nec.go.kr/electioninfo/candidate_detail_info.xhtml?electionId=0020260603&huboId=100164445,116,12만원,0,7건
100160778,함용빈,국민의힘,구시군의회의원,강원특별자치도 고성군나선거구,강원특별자치도,고성군나선거구,https://info.nec.go.kr/electioninfo/candidate_detail_info.xhtml?electionId=0020260603&huboId=100160778,116,12만원,0,2건
100161194,이명기,무소속,구시군의회의원,경상북도 김천시나선거구,경상북도,김천시나선거구,https://info.nec.go.kr/electioninfo/candidate_detail_info.xhtml?electionId=0020260603&huboId=100161194,116,12만원,0,2건
100159291,이현희,더불어민주당,구시군의회의원,전라남도 완도군가선거구,전라남도,완도군가선거구,https://info.nec.go.kr/electioninfo/candidate_detail_info.xhtml?electionId=0020260603&huboId=100159291,116,12만원,0,없음
100159635,최광호,더불어민주당,구시군의회의원,전북특별자치도 완주군나선거구,전북특별자치도,완주군나선거구,https://info.nec.go.kr/electioninfo/candidate_detail_info.xhtml?electionId=0020260603&huboId=100159635,116,12만원,0,1건
100154843,민춘기,국민의힘,구시군의회의원,충청북도 청주시차선거구,충청북도,청주시차선거구,https://info.nec.go.kr/electioninfo/candidate_detail_info.xhtml?electionId=0020260603&huboId=100154843,116,12만원,0,없음
100165775,김진후,국민의힘,광역의원비례,경기도 경기도,경기도,경기도,https://info.nec.go.kr/electioninfo/candidate_detail_info.xhtml?electionId=0020260603&huboId=100165775,116,12만원,0,없음
100158442,최선남,국민의힘,구시군의회의원,강원특별자치도 양양군가선거구,강원특별자치도,양양군가선거구,https://info.nec.go.kr/electioninfo/candidate_detail_info.xhtml?electionId=0020260603&huboId=100158442,115,12만원,0,1건
100158790,김영태,국민의힘,구시군의회의원,경상남도 산청군다선거구,경상남도,산청군다선거구,https://info.nec.go.kr/electioninfo/candidate_detail_info.xhtml?electionId=0020260603&huboId=100158790,115,12만원,0,없음
100155057,최재희,진보당,구시군의회의원,서울특별시 구로구다선거구,서울특별시,구로구다선거구,https://info.nec.go.kr/electioninfo/candidate_detail_info.xhtml?electionId=0020260603&huboId=100155057,115,12만원,0,2건
100163169,전찬성,더불어민주당,시도의원,강원특별자치도 원주시제9선거구,강원특별자치도,원주시제9선거구,https://info.nec.go.kr/electioninfo/candidate_detail_info.xhtml?electionId=0020260603&huboId=100163169,114,11만원,0,3건
100162118,천진수,더불어민주당,시도의원,경상남도 진주시제4선거구,경상남도,진주시제4선거구,https://info.nec.go.kr/electioninfo/candidate_detail_info.xhtml?electionId=0020260603&huboId=100162118,114,11만원,0,없음
100159198,이덕용,더불어민주당,구시군의회의원,충청북도 괴산군가선거구,충청북도,괴산군가선거구,https://info.nec.go.kr/electioninfo/candidate_detail_info.xhtml?electionId=0020260603&huboId=100159198,114,11만원,0,없음
100164340,김현덕,더불어민주당,광역의원비례,경기도 경기도,경기도,경기도,https://info.nec.go.kr/electioninfo/candidate_detail_info.xhtml?electionId=0020260603&huboId=100164340,114,11만원,0,없음
100159102,김재현,무소속,구시군의회의원,충청북도 괴산군다선거구,충청북도,괴산군다선거구,https://info.nec.go.kr/electioninfo/candidate_detail_info.xhtml?electionId=0020260603&huboId=100159102,113,11만원,0,1건
100158518,김유자,더불어민주당,구시군의회의원,인천광역시 강화군나선거구,인천광역시,강화군나선거구,https://info.nec.go.kr/electioninfo/candidate_detail_info.xhtml?electionId=0020260603&huboId=100158518,112,11만원,0,없음
100162041,조원휘,국민의힘,기초단체장,대전광역시 유성구,대전광역시,유성구,https://info.nec.go.kr/electioninfo/candidate_detail_info.xhtml?electionId=0020260603&huboId=100162041,111,11만원,0,없음
100155362,송미숙,더불어민주당,구시군의회의원,전북특별자치도 군산시마선거구,전북특별자치도,군산시마선거구,https://info.nec.go.kr/electioninfo/candidate_detail_info.xhtml?electionId=0020260603&huboId=100155362,111,11만원,0,없음
100165365,이영숙,더불어민주당,기초의원비례,경상남도 김해시,경상남도,김해시,https://info.nec.go.kr/electioninfo/candidate_detail_info.xhtml?electionId=0020260603&huboId=100165365,111,11만원,0,1건
100158308,이용우,국민의힘,기초단체장,충청남도 부여군,충청남도,부여군,https://info.nec.go.kr/electioninfo/candidate_detail_info.xhtml?electionId=0020260603&huboId=100158308,110,11만원,0,없음
100163360,김영화,국민의힘,구시군의회의원,대구광역시 동구나선거구,대구광역시,동구나선거구,https://info.nec.go.kr/electioninfo/candidate_detail_info.xhtml?electionId=0020260603&huboId=100163360,110,11만원,0,없음
100159143,최규술,국민의힘,구시군의회의원,인천광역시 검단구다선거구,인천광역시,검단구다선거구,https://info.nec.go.kr/electioninfo/candidate_detail_info.xhtml?electionId=0020260603&huboId=100159143,110,11만원,0,1건
100154985,안태호,국민의힘,구시군의회의원,경기도 안성시다선거구,경기도,안성시다선거구,https://info.nec.go.kr/electioninfo/candidate_detail_info.xhtml?electionId=0020260603&huboId=100154985,109,11만원,0,없음
100161854,권오연,무소속,구시군의회의원,전라남도 신안군다선거구,전라남도,신안군다선거구,https://info.nec.go.kr/electioninfo/candidate_detail_info.xhtml?electionId=0020260603&huboId=100161854,109,11만원,0,없음
100157248,정규민,국민의힘,구시군의회의원,강원특별자치도 강릉시마선거구,강원특별자치도,강릉시마선거구,https://info.nec.go.kr/electioninfo/candidate_detail_info.xhtml?electionId=0020260603&huboId=100157248,108,11만원,0,2건
100162202,안원기,국민의힘,구시군의회의원,충청남도 서산시라선거구,충청남도,서산시라선거구,https://info.nec.go.kr/electioninfo/candidate_detail_info.xhtml?electionId=0020260603&huboId=100162202,108,11만원,0,1건
100165701,장영선,국민당,광역의원비례,인천광역시 인천광역시,인천광역시,인천광역시,https://info.nec.go.kr/electioninfo/candidate_detail_info.xhtml?electionId=0020260603&huboId=100165701,108,11만원,0,1건
100164510,이재화,국민의힘,광역의원비례,충청북도 충청북도,충청북도,충청북도,https://info.nec.go.kr/electioninfo/candidate_detail_info.xhtml?electionId=0020260603&huboId=100164510,108,11만원,0,1건
100157140,최덕종,더불어민주당,기초단체장,울산광역시 남구,울산광역시,남구,https://info.nec.go.kr/electioninfo/candidate_detail_info.xhtml?electionId=0020260603&huboId=100157140,107,11만원,0,없음
100159205,윤순옥,국민의힘,시도의원,경기도 양평군제1선거구,경기도,양평군제1선거구,https://info.nec.go.kr/electioninfo/candidate_detail_info.xhtml?electionId=0020260603&huboId=100159205,107,11만원,0,없음
100163493,손진걸,더불어민주당,시도의원,경상북도 안동시제3선거구,경상북도,안동시제3선거구,https://info.nec.go.kr/electioninfo/candidate_detail_info.xhtml?electionId=0020260603&huboId=100163493,107,11만원,0,2건
100154874,심경숙,조국혁신당,구시군의회의원,경상남도 양산시아선거구,경상남도,양산시아선거구,https://info.nec.go.kr/electioninfo/candidate_detail_info.xhtml?electionId=0020260603&huboId=100154874,107,11만원,0,없음
100156386,박용준,국민의힘,구시군의회의원,경상북도 경주시나선거구,경상북도,경주시나선거구,https://info.nec.go.kr/electioninfo/candidate_detail_info.xhtml?electionId=0020260603&huboId=100156386,107,11만원,0,없음
100162492,이혜숙,국민의힘,구시군의회의원,서울특별시 송파구마선거구,서울특별시,송파구마선거구,https://info.nec.go.kr/electioninfo/candidate_detail_info.xhtml?electionId=0020260603&huboId=100162492,107,11만원,0,3건
100158368,이강구,국민의힘,시도의원,인천광역시 연수구제5선거구,인천광역시,연수구제5선거구,https://info.nec.go.kr/electioninfo/candidate_detail_info.xhtml?electionId=0020260603&huboId=100158368,106,11만원,0,없음
100157387,조성태,국민의힘,시도의원,충청북도 충주시제1선거구,충청북도,충주시제1선거구,https://info.nec.go.kr/electioninfo/candidate_detail_info.xhtml?electionId=0020260603&huboId=100157387,106,11만원,0,없음
100155582,이동엽,국민의힘,구시군의회의원,경기도 수원시마선거구,경기도,수원시마선거구,https://info.nec.go.kr/electioninfo/candidate_detail_info.xhtml?electionId=0020260603&huboId=100155582,106,11만원,0,없음
100163671,강영구,무소속,구시군의회의원,경상북도 예천군나선거구,경상북도,예천군나선거구,https://info.nec.go.kr/electioninfo/candidate_detail_info.xhtml?electionId=0020260603&huboId=100163671,106,11만원,0,2건
100164719,고화숙,더불어민주당,기초의원비례,인천광역시 부평구,인천광역시,부평구,https://info.nec.go.kr/electioninfo/candidate_detail_info.xhtml?electionId=0020260603&huboId=100164719,106,11만원,0,1건
100162942,장세용,더불어민주당,기초단체장,경상북도 구미시,경상북도,구미시,https://info.nec.go.kr/electioninfo/candidate_detail_info.xhtml?electionId=0020260603&huboId=100162942,105,11만원,0,없음
100154283,한준희,더불어민주당,시도의원,전북특별자치도 군산시제4선거구,전북특별자치도,군산시제4선거구,https://info.nec.go.kr/electioninfo/candidate_detail_info.xhtml?electionId=0020260603&huboId=100154283,105,11만원,0,1건
100157685,김도화,더불어민주당,시도의원,충청북도 보은군선거구,충청북도,보은군선거구,https://info.nec.go.kr/electioninfo/candidate_detail_info.xhtml?electionId=0020260603&huboId=100157685,105,11만원,0,없음
100163023,한근수,국민의힘,구시군의회의원,경기도 남양주시나선거구,경기도,남양주시나선거구,https://info.nec.go.kr/electioninfo/candidate_detail_info.xhtml?electionId=0020260603&huboId=100163023,105,11만원,0,1건
100158528,김영규,국민의힘,구시군의회의원,경상남도 거제시다선거구,경상남도,거제시다선거구,https://info.nec.go.kr/electioninfo/candidate_detail_info.xhtml?electionId=0020260603&huboId=100158528,105,11만원,0,없음
100158986,이철호,국민의힘,구시군의회의원,경상북도 고령군다선거구,경상북도,고령군다선거구,https://info.nec.go.kr/electioninfo/candidate_detail_info.xhtml?electionId=0020260603&huboId=100158986,105,11만원,0,없음
100154285,고기담,진보당,구시군의회의원,광주광역시 서구라선거구,광주광역시,서구라선거구,https://info.nec.go.kr/electioninfo/candidate_detail_info.xhtml?electionId=0020260603&huboId=100154285,105,11만원,0,5건
100161138,김혜숙,국민의힘,구시군의회의원,충청북도 단양군가선거구,충청북도,단양군가선거구,https://info.nec.go.kr/electioninfo/candidate_detail_info.xhtml?electionId=0020260603&huboId=100161138,105,11만원,0,없음
100154752,이장섭,더불어민주당,기초단체장,충청북도 청주시,충청북도,청주시,https://info.nec.go.kr/electioninfo/candidate_detail_info.xhtml?electionId=0020260603&huboId=100154752,104,10만원,0,없음
100158077,이미경,무소속,구시군의회의원,전라남도 여수시마선거구,전라남도,여수시마선거구,https://info.nec.go.kr/electioninfo/candidate_detail_info.xhtml?electionId=0020260603&huboId=100158077,104,10만원,0,없음
100161554,김강헌,더불어민주당,시도의원,전남광주통합특별시 영광군제2선거구,전남광주통합특별시,영광군제2선거구,https://info.nec.go.kr/electioninfo/candidate_detail_info.xhtml?electionId=0020260603&huboId=100161554,103,10만원,0,2건
100162826,임동영,조국혁신당,구시군의회의원,경기도 화성시라선거구,경기도,화성시라선거구,https://info.nec.go.kr/electioninfo/candidate_detail_info.xhtml?electionId=0020260603&huboId=100162826,103,10만원,0,없음
100164997,임정숙,더불어민주당,기초의원비례,부산광역시 금정구,부산광역시,금정구,https://info.nec.go.kr/electioninfo/candidate_detail_info.xhtml?electionId=0020260603&huboId=100164997,103,10만원,0,없음
