huboid,name,party,office,office_type,sdName,sggName,nec_detail_url,tax_arrears_5y_thousand_krw,tax_arrears_5y_display,tax_arrears_current_thousand_krw,tax_arrears_current_display,criminal_record_disclosure,categories,important_categories,공직검증전과_분류수,공직검증전과_건수,체납이력_보유,현체납_보유,전과공개_보유,공직검증전과_보유,공직선거법전과_보유,해당선거구_경쟁률,해당선거구_의원정수,해당선거구_무투표판정기준,해당선거구_비례대표_단일정당명부여부,등록미달여부,검증위험_플래그
100155716,조용수,더불어민주당,구시군의회의원,지역구,전북특별자치도,남원시가선거구,https://info.nec.go.kr/electioninfo/candidate_detail_info.xhtml?electionId=0020260603&huboId=100155716,325734,"325,734천원",325734,"325,734천원",없음,,,0,0,Y,Y,N,N,N,1.00,2,등록후보수_의원정수이하,N,N,Y
100165548,권보성,국민의힘,기초의원비례,비례,부산광역시,금정구,https://info.nec.go.kr/electioninfo/candidate_detail_info.xhtml?electionId=0020260603&huboId=100165548,74961,"74,961천원",0,0천원,1건,교통사고,,0,0,Y,N,Y,N,N,1.00,2,등록후보수_의원정수이하,N,N,Y
100157901,황소제,더불어민주당,구시군의회의원,지역구,경기도,광주시다선거구,https://info.nec.go.kr/electioninfo/candidate_detail_info.xhtml?electionId=0020260603&huboId=100157901,44769,"44,769천원",0,0천원,없음,,,0,0,Y,N,N,N,N,1.00,3,등록후보수_의원정수이하,N,N,Y
100157639,조은희,더불어민주당,시도의원,지역구,전북특별자치도,익산시제2선거구,https://info.nec.go.kr/electioninfo/candidate_detail_info.xhtml?electionId=0020260603&huboId=100157639,27494,"27,494천원",0,0천원,1건,교통사고,,0,0,Y,N,Y,N,N,1.00,1,등록후보수_의원정수이하,N,N,Y
100157479,김선임,더불어민주당,구시군의회의원,지역구,경기도,성남시나선거구,https://info.nec.go.kr/electioninfo/candidate_detail_info.xhtml?electionId=0020260603&huboId=100157479,12662,"12,662천원",0,0천원,없음,,,0,0,Y,N,N,N,N,1.00,2,등록후보수_의원정수이하,N,N,Y
100163004,장정순,더불어민주당,구시군의회의원,지역구,경기도,용인시아선거구,https://info.nec.go.kr/electioninfo/candidate_detail_info.xhtml?electionId=0020260603&huboId=100163004,12312,"12,312천원",0,0천원,없음,,,0,0,Y,N,N,N,N,1.00,2,등록후보수_의원정수이하,N,N,Y
100163106,김기환,더불어민주당,시도의원,지역구,제주특별자치도,제주특별자치도 제주시 이도2동갑선거구,https://info.nec.go.kr/electioninfo/candidate_detail_info.xhtml?electionId=0020260603&huboId=100163106,10242,"10,242천원",0,0천원,없음,,,0,0,Y,N,N,N,N,1.00,1,등록후보수_의원정수이하,N,N,Y
100165318,하금연,국민의힘,기초의원비례,비례,서울특별시,도봉구,https://info.nec.go.kr/electioninfo/candidate_detail_info.xhtml?electionId=0020260603&huboId=100165318,9549,"9,549천원",8554,"8,554천원",1건,공직선거법; 보험·금융,공직선거법,1,1,Y,Y,Y,Y,Y,1.00,2,등록후보수_의원정수이하,N,N,Y
100162863,김종보,더불어민주당,구시군의회의원,지역구,서울특별시,종로구라선거구,https://info.nec.go.kr/electioninfo/candidate_detail_info.xhtml?electionId=0020260603&huboId=100162863,9377,"9,377천원",0,0천원,없음,,,0,0,Y,N,N,N,N,1.00,3,등록후보수_의원정수이하,N,N,Y
100155248,배성철,더불어민주당,구시군의회의원,지역구,충청북도,청주시카선거구,https://info.nec.go.kr/electioninfo/candidate_detail_info.xhtml?electionId=0020260603&huboId=100155248,9191,"9,191천원",0,0천원,없음,,,0,0,Y,N,N,N,N,1.00,2,등록후보수_의원정수이하,N,N,Y
100154075,임승식,더불어민주당,시도의원,지역구,전북특별자치도,정읍시제1선거구,https://info.nec.go.kr/electioninfo/candidate_detail_info.xhtml?electionId=0020260603&huboId=100154075,8947,"8,947천원",0,0천원,1건,사기,사기,1,1,Y,N,Y,Y,N,1.00,1,등록후보수_의원정수이하,N,N,Y
100164780,홍육례,더불어민주당,기초의원비례,비례,인천광역시,서구,https://info.nec.go.kr/electioninfo/candidate_detail_info.xhtml?electionId=0020260603&huboId=100164780,6388,"6,388천원",0,0천원,1건,무면허운전; 도로교통,무면허운전,1,0,Y,N,Y,Y,N,1.00,2,등록후보수_의원정수이하,N,N,Y
100161144,권창환,국민의힘,구시군의회의원,지역구,부산광역시,수영구가선거구,https://info.nec.go.kr/electioninfo/candidate_detail_info.xhtml?electionId=0020260603&huboId=100161144,4890,"4,890천원",0,0천원,없음,,,0,0,Y,N,N,N,N,1.00,2,등록후보수_의원정수이하,N,N,Y
100161499,박상영,더불어민주당,구시군의회의원,지역구,경기도,광주시라선거구,https://info.nec.go.kr/electioninfo/candidate_detail_info.xhtml?electionId=0020260603&huboId=100161499,4777,"4,777천원",0,0천원,3건,공무집행방해; 건축·건설·부동산,,0,0,Y,N,Y,N,N,1.00,2,등록후보수_의원정수이하,N,N,Y
100155789,김태호,더불어민주당,구시군의회의원,지역구,서울특별시,영등포구바선거구,https://info.nec.go.kr/electioninfo/candidate_detail_info.xhtml?electionId=0020260603&huboId=100155789,4476,"4,476천원",0,0천원,1건,,,0,0,Y,N,Y,N,N,1.00,2,등록후보수_의원정수이하,N,N,Y
100162893,윤병열,국민의힘,구시군의회의원,지역구,경상남도,의령군다선거구,https://info.nec.go.kr/electioninfo/candidate_detail_info.xhtml?electionId=0020260603&huboId=100162893,4401,"4,401천원",0,0천원,없음,,,0,0,Y,N,N,N,N,1.00,2,등록후보수_의원정수이하,N,N,Y
100164269,김현지,더불어민주당,기초의원비례,비례,서울특별시,구로구,https://info.nec.go.kr/electioninfo/candidate_detail_info.xhtml?electionId=0020260603&huboId=100164269,4302,"4,302천원",0,0천원,없음,,,0,0,Y,N,N,N,N,1.00,2,등록후보수_의원정수이하,N,N,Y
100158243,김민섭,국민의힘,구시군의회의원,지역구,서울특별시,강북구라선거구,https://info.nec.go.kr/electioninfo/candidate_detail_info.xhtml?electionId=0020260603&huboId=100158243,3756,"3,756천원",0,0천원,3건,재물손괴; 건축·건설·부동산,,0,0,Y,N,Y,N,N,1.00,3,등록후보수_의원정수이하,N,N,Y
100163912,김대진,국민의힘,시도의원,지역구,경상북도,안동시제1선거구,https://info.nec.go.kr/electioninfo/candidate_detail_info.xhtml?electionId=0020260603&huboId=100163912,3307,"3,307천원",0,0천원,2건,음주·위험운전; 도로교통,음주·위험운전,1,1,Y,N,Y,Y,N,1.00,1,등록후보수_의원정수이하,N,N,Y
100163389,신윤경,더불어민주당,구시군의회의원,지역구,서울특별시,은평구바선거구,https://info.nec.go.kr/electioninfo/candidate_detail_info.xhtml?electionId=0020260603&huboId=100163389,3143,"3,143천원",0,0천원,없음,,,0,0,Y,N,N,N,N,1.00,2,등록후보수_의원정수이하,N,N,Y
100162726,최혜숙,국민의힘,구시군의회의원,지역구,서울특별시,양천구아선거구,https://info.nec.go.kr/electioninfo/candidate_detail_info.xhtml?electionId=0020260603&huboId=100162726,3037,"3,037천원",0,0천원,없음,,,0,0,Y,N,N,N,N,1.00,2,등록후보수_의원정수이하,N,N,Y
100155185,최인희,더불어민주당,구시군의회의원,지역구,부산광역시,부산진구다선거구,https://info.nec.go.kr/electioninfo/candidate_detail_info.xhtml?electionId=0020260603&huboId=100155185,2452,"2,452천원",0,0천원,없음,,,0,0,Y,N,N,N,N,1.00,2,등록후보수_의원정수이하,N,N,Y
100156938,정기성,더불어민주당,시도의원,지역구,전라남도,장성군제2선거구,https://info.nec.go.kr/electioninfo/candidate_detail_info.xhtml?electionId=0020260603&huboId=100156938,2140,"2,140천원",0,0천원,1건,음주·위험운전; 도로교통,음주·위험운전,1,1,Y,N,Y,Y,N,1.00,1,등록후보수_의원정수이하,N,N,Y
100162882,조미선,국민의힘,구시군의회의원,지역구,경기도,오산시나선거구,https://info.nec.go.kr/electioninfo/candidate_detail_info.xhtml?electionId=0020260603&huboId=100162882,2082,"2,082천원",0,0천원,없음,,,0,0,Y,N,N,N,N,1.00,4,등록후보수_의원정수이하,N,N,Y
100154298,서명일,더불어민주당,구시군의회의원,지역구,경상남도,창원시타선거구,https://info.nec.go.kr/electioninfo/candidate_detail_info.xhtml?electionId=0020260603&huboId=100154298,1915,"1,915천원",0,0천원,1건,허위공문서·문서위조·공용서류,허위공문서·문서위조·공용서류,1,1,Y,N,Y,Y,N,1.00,2,등록후보수_의원정수이하,N,N,Y
100164835,박은화,국민의힘,기초의원비례,비례,경상북도,칠곡군,https://info.nec.go.kr/electioninfo/candidate_detail_info.xhtml?electionId=0020260603&huboId=100164835,1887,"1,887천원",0,0천원,없음,,,0,0,Y,N,N,N,N,1.00,1,등록후보수_의원정수이하,N,N,Y
100164427,안선영,국민의힘,기초의원비례,비례,부산광역시,동래구,https://info.nec.go.kr/electioninfo/candidate_detail_info.xhtml?electionId=0020260603&huboId=100164427,1846,"1,846천원",0,0천원,없음,,,0,0,Y,N,N,N,N,1.00,2,등록후보수_의원정수이하,N,N,Y
100163259,전경구,국민의힘,구시군의회의원,지역구,서울특별시,중랑구마선거구,https://info.nec.go.kr/electioninfo/candidate_detail_info.xhtml?electionId=0020260603&huboId=100163259,1826,"1,826천원",0,0천원,1건,폭력,,0,0,Y,N,Y,N,N,1.00,2,등록후보수_의원정수이하,N,N,Y
100156747,이귀순,더불어민주당,시도의원,지역구,광주광역시,광산구제4선거구,https://info.nec.go.kr/electioninfo/candidate_detail_info.xhtml?electionId=0020260603&huboId=100156747,1797,"1,797천원",0,0천원,없음,,,0,0,Y,N,N,N,N,1.00,1,등록후보수_의원정수이하,N,N,Y
100156896,김철현,국민의힘,구시군의회의원,지역구,부산광역시,남구나선거구,https://info.nec.go.kr/electioninfo/candidate_detail_info.xhtml?electionId=0020260603&huboId=100156896,1595,"1,595천원",0,0천원,없음,,,0,0,Y,N,N,N,N,1.00,2,등록후보수_의원정수이하,N,N,Y
100162389,김명현,국민의힘,구시군의회의원,지역구,대전광역시,서구마선거구,https://info.nec.go.kr/electioninfo/candidate_detail_info.xhtml?electionId=0020260603&huboId=100162389,1419,"1,419천원",0,0천원,4건,허위공문서·문서위조·공용서류; 음주·위험운전; 무면허운전; 교통사고; 도로교통,허위공문서·문서위조·공용서류; 음주·위험운전; 무면허운전,3,1,Y,N,Y,Y,N,1.00,3,등록후보수_의원정수이하,N,N,Y
100162460,이은미,더불어민주당,시도의원,지역구,경기도,안산시제5선거구,https://info.nec.go.kr/electioninfo/candidate_detail_info.xhtml?electionId=0020260603&huboId=100162460,1412,"1,412천원",0,0천원,없음,,,0,0,Y,N,N,N,N,1.00,1,등록후보수_의원정수이하,N,N,Y
100161872,김세호,국민의힘,구시군의회의원,지역구,경상북도,김천시마선거구,https://info.nec.go.kr/electioninfo/candidate_detail_info.xhtml?electionId=0020260603&huboId=100161872,1356,"1,356천원",0,0천원,없음,,,0,0,Y,N,N,N,N,1.00,2,등록후보수_의원정수이하,N,N,Y
100160234,김은수,국민의힘,구시군의회의원,지역구,경기도,수원시나선거구,https://info.nec.go.kr/electioninfo/candidate_detail_info.xhtml?electionId=0020260603&huboId=100160234,1218,"1,218천원",0,0천원,없음,,,0,0,Y,N,N,N,N,1.00,2,등록후보수_의원정수이하,N,N,Y
100162465,이상승,국민의힘,구시군의회의원,지역구,경상북도,칠곡군나선거구,https://info.nec.go.kr/electioninfo/candidate_detail_info.xhtml?electionId=0020260603&huboId=100162465,934,934천원,0,0천원,없음,,,0,0,Y,N,N,N,N,1.00,2,등록후보수_의원정수이하,N,N,Y
100162284,강영웅,국민의힘,구시군의회의원,지역구,경기도,용인시아선거구,https://info.nec.go.kr/electioninfo/candidate_detail_info.xhtml?electionId=0020260603&huboId=100162284,854,854천원,0,0천원,없음,,,0,0,Y,N,N,N,N,1.00,2,등록후보수_의원정수이하,N,N,Y
100161018,박지현,더불어민주당,구시군의회의원,지역구,경기도,광주시다선거구,https://info.nec.go.kr/electioninfo/candidate_detail_info.xhtml?electionId=0020260603&huboId=100161018,829,829천원,0,0천원,없음,,,0,0,Y,N,N,N,N,1.00,3,등록후보수_의원정수이하,N,N,Y
100165832,김선아,더불어민주당,기초의원비례,비례,인천광역시,연수구,https://info.nec.go.kr/electioninfo/candidate_detail_info.xhtml?electionId=0020260603&huboId=100165832,828,828천원,0,0천원,없음,,,0,0,Y,N,N,N,N,1.00,2,등록후보수_의원정수이하,N,N,Y
100160880,문현섭,국민의힘,구시군의회의원,지역구,서울특별시,강동구다선거구,https://info.nec.go.kr/electioninfo/candidate_detail_info.xhtml?electionId=0020260603&huboId=100160880,804,804천원,0,0천원,없음,,,0,0,Y,N,N,N,N,1.00,2,등록후보수_의원정수이하,N,N,Y
100163625,연규식,국민의힘,시도의원,지역구,경상북도,포항시제4선거구,https://info.nec.go.kr/electioninfo/candidate_detail_info.xhtml?electionId=0020260603&huboId=100163625,785,785천원,0,0천원,없음,,,0,0,Y,N,N,N,N,1.00,1,등록후보수_의원정수이하,N,N,Y
100160730,이지영,더불어민주당,구시군의회의원,지역구,부산광역시,동래구라선거구,https://info.nec.go.kr/electioninfo/candidate_detail_info.xhtml?electionId=0020260603&huboId=100160730,677,677천원,677,677천원,없음,,,0,0,Y,Y,N,N,N,1.00,2,등록후보수_의원정수이하,N,N,Y
100165544,정소혜,더불어민주당,기초의원비례,비례,전라남도,무안군,https://info.nec.go.kr/electioninfo/candidate_detail_info.xhtml?electionId=0020260603&huboId=100165544,618,618천원,0,0천원,없음,,,0,0,Y,N,N,N,N,1.00,1,등록후보수_의원정수이하,N,N,Y
100164206,서주영,더불어민주당,기초의원비례,비례,인천광역시,남동구,https://info.nec.go.kr/electioninfo/candidate_detail_info.xhtml?electionId=0020260603&huboId=100164206,530,530천원,0,0천원,없음,,,0,0,Y,N,N,N,N,1.00,2,등록후보수_의원정수이하,N,N,Y
100157554,박기범,더불어민주당,구시군의회의원,지역구,경기도,성남시다선거구,https://info.nec.go.kr/electioninfo/candidate_detail_info.xhtml?electionId=0020260603&huboId=100157554,525,525천원,0,0천원,없음,,,0,0,Y,N,N,N,N,1.00,2,등록후보수_의원정수이하,N,N,Y
100163266,전석광,국민의힘,구시군의회의원,지역구,대전광역시,대덕구다선거구,https://info.nec.go.kr/electioninfo/candidate_detail_info.xhtml?electionId=0020260603&huboId=100163266,500,500천원,0,0천원,1건,음주·위험운전; 도로교통,음주·위험운전,1,1,Y,N,Y,Y,N,1.00,2,등록후보수_의원정수이하,N,N,Y
100154987,김명숙,진보당,구시군의회의원,지역구,광주광역시,광산구라선거구,https://info.nec.go.kr/electioninfo/candidate_detail_info.xhtml?electionId=0020260603&huboId=100154987,499,499천원,0,0천원,1건,도로교통,,0,0,Y,N,Y,N,N,1.00,3,등록후보수_의원정수이하,N,N,Y
100155875,이경민,더불어민주당,구시군의회의원,지역구,강원특별자치도,원주시아선거구,https://info.nec.go.kr/electioninfo/candidate_detail_info.xhtml?electionId=0020260603&huboId=100155875,473,473천원,0,0천원,1건,음주·위험운전; 도로교통,음주·위험운전,1,1,Y,N,Y,Y,N,1.00,2,등록후보수_의원정수이하,N,N,Y
100161196,김세윤,더불어민주당,구시군의회의원,지역구,전라남도,완도군나선거구,https://info.nec.go.kr/electioninfo/candidate_detail_info.xhtml?electionId=0020260603&huboId=100161196,440,440천원,0,0천원,1건,업무방해,,0,0,Y,N,Y,N,N,1.00,2,등록후보수_의원정수이하,N,N,Y
100158545,김동규,국민의힘,구시군의회의원,지역구,인천광역시,부평구다선거구,https://info.nec.go.kr/electioninfo/candidate_detail_info.xhtml?electionId=0020260603&huboId=100158545,423,423천원,0,0천원,없음,,,0,0,Y,N,N,N,N,1.00,3,등록후보수_의원정수이하,N,N,Y
100157410,주동열,국민의힘,구시군의회의원,지역구,경상북도,경주시다선거구,https://info.nec.go.kr/electioninfo/candidate_detail_info.xhtml?electionId=0020260603&huboId=100157410,415,415천원,0,0천원,1건,건축·건설·부동산,,0,0,Y,N,Y,N,N,1.00,2,등록후보수_의원정수이하,N,N,Y
100165409,김정아,국민의힘,기초의원비례,비례,인천광역시,연수구,https://info.nec.go.kr/electioninfo/candidate_detail_info.xhtml?electionId=0020260603&huboId=100165409,414,414천원,0,0천원,없음,,,0,0,Y,N,N,N,N,1.00,2,등록후보수_의원정수이하,N,N,Y
100165321,변소영,국민의힘,기초의원비례,비례,경상북도,청도군,https://info.nec.go.kr/electioninfo/candidate_detail_info.xhtml?electionId=0020260603&huboId=100165321,410,410천원,0,0천원,없음,,,0,0,Y,N,N,N,N,1.00,1,등록후보수_의원정수이하,N,N,Y
100156009,심철의,더불어민주당,시도의원,지역구,광주광역시,서구제4선거구,https://info.nec.go.kr/electioninfo/candidate_detail_info.xhtml?electionId=0020260603&huboId=100156009,377,377천원,0,0천원,없음,,,0,0,Y,N,N,N,N,1.00,1,등록후보수_의원정수이하,N,N,Y
100165157,김승자,국민의힘,기초의원비례,비례,인천광역시,미추홀구,https://info.nec.go.kr/electioninfo/candidate_detail_info.xhtml?electionId=0020260603&huboId=100165157,358,358천원,0,0천원,없음,,,0,0,Y,N,N,N,N,1.00,2,등록후보수_의원정수이하,N,N,Y
100164844,유향,국민의힘,기초의원비례,비례,경상남도,하동군,https://info.nec.go.kr/electioninfo/candidate_detail_info.xhtml?electionId=0020260603&huboId=100164844,344,344천원,0,0천원,1건,음주·위험운전; 도로교통,음주·위험운전,1,1,Y,N,Y,Y,N,1.00,2,등록후보수_의원정수이하,N,N,Y
100155915,박승찬,더불어민주당,구시군의회의원,지역구,충청북도,청주시라선거구,https://info.nec.go.kr/electioninfo/candidate_detail_info.xhtml?electionId=0020260603&huboId=100155915,315,315천원,0,0천원,없음,,,0,0,Y,N,N,N,N,1.00,3,등록후보수_의원정수이하,N,N,Y
100156373,김길자,더불어민주당,구시군의회의원,지역구,서울특별시,영등포구다선거구,https://info.nec.go.kr/electioninfo/candidate_detail_info.xhtml?electionId=0020260603&huboId=100156373,310,310천원,0,0천원,없음,,,0,0,Y,N,N,N,N,1.00,2,등록후보수_의원정수이하,N,N,Y
100162101,이성근,국민의힘,구시군의회의원,지역구,대구광역시,북구다선거구,https://info.nec.go.kr/electioninfo/candidate_detail_info.xhtml?electionId=0020260603&huboId=100162101,295,295천원,0,0천원,1건,음주·위험운전; 도로교통,음주·위험운전,1,1,Y,N,Y,Y,N,1.00,3,등록후보수_의원정수이하,N,N,Y
100154962,김환연,더불어민주당,구시군의회의원,지역구,인천광역시,부평구바선거구,https://info.nec.go.kr/electioninfo/candidate_detail_info.xhtml?electionId=0020260603&huboId=100154962,260,260천원,0,0천원,없음,,,0,0,Y,N,N,N,N,1.00,3,등록후보수_의원정수이하,N,N,Y
100157928,박원서,더불어민주당,구시군의회의원,지역구,서울특별시,강동구다선거구,https://info.nec.go.kr/electioninfo/candidate_detail_info.xhtml?electionId=0020260603&huboId=100157928,218,218천원,0,0천원,1건,,,0,0,Y,N,Y,N,N,1.00,2,등록후보수_의원정수이하,N,N,Y
100160631,이은경,더불어민주당,구시군의회의원,지역구,서울특별시,노원구라선거구,https://info.nec.go.kr/electioninfo/candidate_detail_info.xhtml?electionId=0020260603&huboId=100160631,218,218천원,0,0천원,없음,,,0,0,Y,N,N,N,N,1.00,3,등록후보수_의원정수이하,N,N,Y
100158317,박창선,국민의힘,구시군의회의원,지역구,경기도,오산시나선거구,https://info.nec.go.kr/electioninfo/candidate_detail_info.xhtml?electionId=0020260603&huboId=100158317,194,194천원,0,0천원,없음,,,0,0,Y,N,N,N,N,1.00,4,등록후보수_의원정수이하,N,N,Y
100165001,최윤정,국민의힘,기초의원비례,비례,경상북도,울릉군,https://info.nec.go.kr/electioninfo/candidate_detail_info.xhtml?electionId=0020260603&huboId=100165001,188,188천원,0,0천원,없음,,,0,0,Y,N,N,N,N,1.00,1,등록후보수_의원정수이하,N,N,Y
100159115,임용민,더불어민주당,시도의원,지역구,전라남도,보성군제1선거구,https://info.nec.go.kr/electioninfo/candidate_detail_info.xhtml?electionId=0020260603&huboId=100159115,168,168천원,0,0천원,1건,,,0,0,Y,N,Y,N,N,1.00,1,등록후보수_의원정수이하,N,N,Y
100158073,김재년,국민의힘,구시군의회의원,지역구,충청북도,청주시라선거구,https://info.nec.go.kr/electioninfo/candidate_detail_info.xhtml?electionId=0020260603&huboId=100158073,162,162천원,0,0천원,없음,,,0,0,Y,N,N,N,N,1.00,3,등록후보수_의원정수이하,N,N,Y
100164699,류정단,국민의힘,기초의원비례,비례,경상북도,봉화군,https://info.nec.go.kr/electioninfo/candidate_detail_info.xhtml?electionId=0020260603&huboId=100164699,146,146천원,0,0천원,없음,,,0,0,Y,N,N,N,N,2.00,1,비례대표_단일정당명부,Y,N,Y
100159310,하성동,더불어민주당,시도의원,지역구,전라남도,화순군제1선거구,https://info.nec.go.kr/electioninfo/candidate_detail_info.xhtml?electionId=0020260603&huboId=100159310,146,146천원,0,0천원,3건,음주·위험운전; 도로교통,음주·위험운전,1,1,Y,N,Y,Y,N,1.00,1,등록후보수_의원정수이하,N,N,Y
100160206,이양재,국민의힘,구시군의회의원,지역구,경상북도,봉화군나선거구,https://info.nec.go.kr/electioninfo/candidate_detail_info.xhtml?electionId=0020260603&huboId=100160206,133,133천원,0,0천원,없음,,,0,0,Y,N,N,N,N,1.00,2,등록후보수_의원정수이하,N,N,Y
100162839,황진환,국민의힘,구시군의회의원,지역구,서울특별시,영등포구마선거구,https://info.nec.go.kr/electioninfo/candidate_detail_info.xhtml?electionId=0020260603&huboId=100162839,133,133천원,0,0천원,없음,,,0,0,Y,N,N,N,N,1.00,2,등록후보수_의원정수이하,N,N,Y
100162037,최미자,더불어민주당,구시군의회의원,지역구,대전광역시,서구마선거구,https://info.nec.go.kr/electioninfo/candidate_detail_info.xhtml?electionId=0020260603&huboId=100162037,121,121천원,0,0천원,없음,,,0,0,Y,N,N,N,N,1.00,3,등록후보수_의원정수이하,N,N,Y
100162541,임옥연,국민의힘,구시군의회의원,지역구,서울특별시,양천구사선거구,https://info.nec.go.kr/electioninfo/candidate_detail_info.xhtml?electionId=0020260603&huboId=100162541,117,117천원,0,0천원,없음,,,0,0,Y,N,N,N,N,1.00,2,등록후보수_의원정수이하,N,N,Y
100158986,이철호,국민의힘,구시군의회의원,지역구,경상북도,고령군다선거구,https://info.nec.go.kr/electioninfo/candidate_detail_info.xhtml?electionId=0020260603&huboId=100158986,105,105천원,0,0천원,없음,,,0,0,Y,N,N,N,N,1.00,2,등록후보수_의원정수이하,N,N,Y
100154283,한준희,더불어민주당,시도의원,지역구,전북특별자치도,군산시제4선거구,https://info.nec.go.kr/electioninfo/candidate_detail_info.xhtml?electionId=0020260603&huboId=100154283,105,105천원,0,0천원,1건,교통사고,,0,0,Y,N,Y,N,N,1.00,1,등록후보수_의원정수이하,N,N,Y
100164997,임정숙,더불어민주당,기초의원비례,비례,부산광역시,금정구,https://info.nec.go.kr/electioninfo/candidate_detail_info.xhtml?electionId=0020260603&huboId=100164997,103,103천원,0,0천원,없음,,,0,0,Y,N,N,N,N,1.00,2,등록후보수_의원정수이하,N,N,Y
100155764,김용갑,국민의힘,구시군의회의원,지역구,강원특별자치도,춘천시사선거구,https://info.nec.go.kr/electioninfo/candidate_detail_info.xhtml?electionId=0020260603&huboId=100155764,0,0천원,0,0천원,1건,음주·위험운전; 도로교통,음주·위험운전,1,1,N,N,Y,Y,N,1.00,2,등록후보수_의원정수이하,N,N,Y
100163494,김정희,더불어민주당,구시군의회의원,지역구,경기도,고양시타선거구,https://info.nec.go.kr/electioninfo/candidate_detail_info.xhtml?electionId=0020260603&huboId=100163494,0,0천원,0,0천원,1건,음주·위험운전,음주·위험운전,1,1,N,N,Y,Y,N,1.00,2,등록후보수_의원정수이하,N,N,Y
100156537,김도연,국민의힘,구시군의회의원,지역구,경기도,광명시라선거구,https://info.nec.go.kr/electioninfo/candidate_detail_info.xhtml?electionId=0020260603&huboId=100156537,0,0천원,0,0천원,1건,음주·위험운전; 도로교통,음주·위험운전,1,0,N,N,Y,Y,N,1.00,3,등록후보수_의원정수이하,N,N,Y
100164900,오세철,더불어민주당,구시군의회의원,지역구,경기도,수원시나선거구,https://info.nec.go.kr/electioninfo/candidate_detail_info.xhtml?electionId=0020260603&huboId=100164900,0,0천원,0,0천원,2건,음주·위험운전; 도로교통,음주·위험운전,1,1,N,N,Y,Y,N,1.00,2,등록후보수_의원정수이하,N,N,Y
100163388,이대선,더불어민주당,구시군의회의원,지역구,경기도,수원시라선거구,https://info.nec.go.kr/electioninfo/candidate_detail_info.xhtml?electionId=0020260603&huboId=100163388,0,0천원,0,0천원,2건,사기; 음주·위험운전; 도로교통,사기; 음주·위험운전,2,1,N,N,Y,Y,N,1.00,3,등록후보수_의원정수이하,N,N,Y
100162572,설호영,국민의힘,구시군의회의원,지역구,경기도,안산시라선거구,https://info.nec.go.kr/electioninfo/candidate_detail_info.xhtml?electionId=0020260603&huboId=100162572,0,0천원,0,0천원,2건,음주·위험운전; 폭력; 도로교통,음주·위험운전,1,0,N,N,Y,Y,N,1.00,2,등록후보수_의원정수이하,N,N,Y
100162220,김재국,국민의힘,구시군의회의원,지역구,경기도,안산시바선거구,https://info.nec.go.kr/electioninfo/candidate_detail_info.xhtml?electionId=0020260603&huboId=100162220,0,0천원,0,0천원,1건,공직선거법,공직선거법,1,1,N,N,Y,Y,Y,1.00,2,등록후보수_의원정수이하,N,N,Y
100158386,안두회,더불어민주당,구시군의회의원,지역구,경기도,안산시바선거구,https://info.nec.go.kr/electioninfo/candidate_detail_info.xhtml?electionId=0020260603&huboId=100158386,0,0천원,0,0천원,1건,음주·위험운전; 교통사고; 도로교통,음주·위험운전,1,1,N,N,Y,Y,N,1.00,2,등록후보수_의원정수이하,N,N,Y
100163853,정현호,국민의힘,구시군의회의원,지역구,경기도,양주시가선거구,https://info.nec.go.kr/electioninfo/candidate_detail_info.xhtml?electionId=0020260603&huboId=100163853,0,0천원,0,0천원,5건,음주·위험운전; 무면허운전; 교통사고; 도로교통,음주·위험운전; 무면허운전,2,1,N,N,Y,Y,N,1.00,3,등록후보수_의원정수이하,N,N,Y
100163331,한상민,더불어민주당,구시군의회의원,지역구,경기도,양주시가선거구,https://info.nec.go.kr/electioninfo/candidate_detail_info.xhtml?electionId=0020260603&huboId=100163331,0,0천원,0,0천원,2건,음주·위험운전; 도로교통,음주·위험운전,1,1,N,N,Y,Y,N,1.00,3,등록후보수_의원정수이하,N,N,Y
100163649,정윤영,더불어민주당,구시군의회의원,지역구,경기도,오산시나선거구,https://info.nec.go.kr/electioninfo/candidate_detail_info.xhtml?electionId=0020260603&huboId=100163649,0,0천원,0,0천원,1건,음주·위험운전; 도로교통,음주·위험운전,1,1,N,N,Y,Y,N,1.00,4,등록후보수_의원정수이하,N,N,Y
100163591,오승철,더불어민주당,구시군의회의원,지역구,경기도,하남시라선거구,https://info.nec.go.kr/electioninfo/candidate_detail_info.xhtml?electionId=0020260603&huboId=100163591,0,0천원,0,0천원,1건,음주·위험운전; 도로교통,음주·위험운전,1,1,N,N,Y,Y,N,1.00,2,등록후보수_의원정수이하,N,N,Y
100165413,김정화,국민의힘,기초의원비례,비례,경기도,부천시,https://info.nec.go.kr/electioninfo/candidate_detail_info.xhtml?electionId=0020260603&huboId=100165413,0,0천원,0,0천원,1건,공직선거법; 교통사고,공직선거법,1,1,N,N,Y,Y,Y,1.00,3,등록후보수_의원정수이하,N,N,Y
100163433,김귀근,더불어민주당,시도의원,지역구,경기도,군포시제4선거구,https://info.nec.go.kr/electioninfo/candidate_detail_info.xhtml?electionId=0020260603&huboId=100163433,0,0천원,0,0천원,3건,음주·위험운전; 도로교통,음주·위험운전,1,1,N,N,Y,Y,N,1.00,1,등록후보수_의원정수이하,N,N,Y
100160675,김영훈,더불어민주당,시도의원,지역구,경기도,시흥시제3선거구,https://info.nec.go.kr/electioninfo/candidate_detail_info.xhtml?electionId=0020260603&huboId=100160675,0,0천원,0,0천원,1건,공직선거법; 명예훼손,공직선거법,1,1,N,N,Y,Y,Y,1.00,1,등록후보수_의원정수이하,N,N,Y
100163181,김영수,더불어민주당,시도의원,지역구,경기도,화성시제8선거구,https://info.nec.go.kr/electioninfo/candidate_detail_info.xhtml?electionId=0020260603&huboId=100163181,0,0천원,0,0천원,1건,음주·위험운전; 도로교통,음주·위험운전,1,0,N,N,Y,Y,N,1.00,1,등록후보수_의원정수이하,N,N,Y
100156371,박강우,국민의힘,구시군의회의원,지역구,경상남도,창원시사선거구,https://info.nec.go.kr/electioninfo/candidate_detail_info.xhtml?electionId=0020260603&huboId=100156371,0,0천원,0,0천원,2건,음주·위험운전; 무면허운전; 도로교통,음주·위험운전; 무면허운전,2,1,N,N,Y,Y,N,1.00,2,등록후보수_의원정수이하,N,N,Y
100163505,금동윤,국민의힘,구시군의회의원,지역구,경상북도,봉화군나선거구,https://info.nec.go.kr/electioninfo/candidate_detail_info.xhtml?electionId=0020260603&huboId=100163505,0,0천원,0,0천원,2건,음주·위험운전; 교통사고; 도로교통,음주·위험운전,1,1,N,N,Y,Y,N,1.00,2,등록후보수_의원정수이하,N,N,Y
100164891,박명숙,국민의힘,기초의원비례,비례,경상북도,울진군,https://info.nec.go.kr/electioninfo/candidate_detail_info.xhtml?electionId=0020260603&huboId=100164891,0,0천원,0,0천원,1건,공직선거법; 음주·위험운전,공직선거법; 음주·위험운전,2,1,N,N,Y,Y,Y,1.00,1,등록후보수_의원정수이하,N,N,Y
100159072,최덕규,국민의힘,시도의원,지역구,경상북도,경주시제2선거구,https://info.nec.go.kr/electioninfo/candidate_detail_info.xhtml?electionId=0020260603&huboId=100159072,0,0천원,0,0천원,1건,음주·위험운전; 도로교통,음주·위험운전,1,1,N,N,Y,Y,N,1.00,1,등록후보수_의원정수이하,N,N,Y
100162802,이동협,국민의힘,시도의원,지역구,경상북도,경주시제4선거구,https://info.nec.go.kr/electioninfo/candidate_detail_info.xhtml?electionId=0020260603&huboId=100162802,0,0천원,0,0천원,3건,음주·위험운전; 무면허운전; 도로교통; 건축·건설·부동산,음주·위험운전; 무면허운전,2,0,N,N,Y,Y,N,1.00,1,등록후보수_의원정수이하,N,N,Y
100161819,노성환,국민의힘,시도의원,지역구,경상북도,고령군선거구,https://info.nec.go.kr/electioninfo/candidate_detail_info.xhtml?electionId=0020260603&huboId=100161819,0,0천원,0,0천원,1건,음주·위험운전; 도로교통,음주·위험운전,1,1,N,N,Y,Y,N,1.00,1,등록후보수_의원정수이하,N,N,Y
100162812,최병근,국민의힘,시도의원,지역구,경상북도,김천시제1선거구,https://info.nec.go.kr/electioninfo/candidate_detail_info.xhtml?electionId=0020260603&huboId=100162812,0,0천원,0,0천원,2건,특가법; 음주·위험운전; 도로교통,특가법; 음주·위험운전,2,1,N,N,Y,Y,N,1.00,1,등록후보수_의원정수이하,N,N,Y
100161391,이우청,국민의힘,시도의원,지역구,경상북도,김천시제2선거구,https://info.nec.go.kr/electioninfo/candidate_detail_info.xhtml?electionId=0020260603&huboId=100161391,0,0천원,0,0천원,3건,뇌물; 폭력,뇌물,1,1,N,N,Y,Y,N,1.00,1,등록후보수_의원정수이하,N,N,Y
100161815,도희재,국민의힘,시도의원,지역구,경상북도,성주군선거구,https://info.nec.go.kr/electioninfo/candidate_detail_info.xhtml?electionId=0020260603&huboId=100161815,0,0천원,0,0천원,3건,사기; 뇌물; 허위공문서·문서위조·공용서류,사기; 뇌물; 허위공문서·문서위조·공용서류,3,1,N,N,Y,Y,N,1.00,1,등록후보수_의원정수이하,N,N,Y
100158151,윤승오,국민의힘,시도의원,지역구,경상북도,영천시제2선거구,https://info.nec.go.kr/electioninfo/candidate_detail_info.xhtml?electionId=0020260603&huboId=100158151,0,0천원,0,0천원,1건,음주·위험운전; 도로교통,음주·위험운전,1,1,N,N,Y,Y,N,1.00,1,등록후보수_의원정수이하,N,N,Y
100156763,김수문,국민의힘,시도의원,지역구,경상북도,의성군제2선거구,https://info.nec.go.kr/electioninfo/candidate_detail_info.xhtml?electionId=0020260603&huboId=100156763,0,0천원,0,0천원,2건,음주·위험운전; 공무집행방해; 도로교통,음주·위험운전,1,1,N,N,Y,Y,N,1.00,1,등록후보수_의원정수이하,N,N,Y
100156646,신효광,국민의힘,시도의원,지역구,경상북도,청송군선거구,https://info.nec.go.kr/electioninfo/candidate_detail_info.xhtml?electionId=0020260603&huboId=100156646,0,0천원,0,0천원,2건,공직선거법; 음주·위험운전; 도로교통,공직선거법; 음주·위험운전,2,1,N,N,Y,Y,Y,1.00,1,등록후보수_의원정수이하,N,N,Y
100163417,김희수,국민의힘,시도의원,지역구,경상북도,포항시제5선거구,https://info.nec.go.kr/electioninfo/candidate_detail_info.xhtml?electionId=0020260603&huboId=100163417,0,0천원,0,0천원,2건,음주·위험운전; 도로교통,음주·위험운전,1,1,N,N,Y,Y,N,1.00,1,등록후보수_의원정수이하,N,N,Y
100162708,서재원,국민의힘,시도의원,지역구,경상북도,포항시제6선거구,https://info.nec.go.kr/electioninfo/candidate_detail_info.xhtml?electionId=0020260603&huboId=100162708,0,0천원,0,0천원,4건,횡령; 배임; 음주·위험운전; 교통사고; 업무방해; 도로교통; 건축·건설·부동산,횡령; 배임; 음주·위험운전,3,0,N,N,Y,Y,N,1.00,1,등록후보수_의원정수이하,N,N,Y
100158960,박상길,더불어민주당,시도의원,지역구,광주광역시,남구제2선거구,https://info.nec.go.kr/electioninfo/candidate_detail_info.xhtml?electionId=0020260603&huboId=100158960,0,0천원,0,0천원,2건,공직선거법; 음주·위험운전; 도로교통,공직선거법; 음주·위험운전,2,1,N,N,Y,Y,Y,1.00,1,등록후보수_의원정수이하,N,N,Y
100155931,서미경,더불어민주당,구시군의회의원,지역구,대전광역시,대덕구다선거구,https://info.nec.go.kr/electioninfo/candidate_detail_info.xhtml?electionId=0020260603&huboId=100155931,0,0천원,0,0천원,1건,음주·위험운전; 도로교통,음주·위험운전,1,0,N,N,Y,Y,N,1.00,2,등록후보수_의원정수이하,N,N,Y
100160902,오영진,국민의힘,구시군의회의원,지역구,부산광역시,동래구가선거구,https://info.nec.go.kr/electioninfo/candidate_detail_info.xhtml?electionId=0020260603&huboId=100160902,0,0천원,0,0천원,1건,음주·위험운전; 교통사고; 도로교통,음주·위험운전,1,1,N,N,Y,Y,N,1.00,2,등록후보수_의원정수이하,N,N,Y
100162352,오용성,더불어민주당,구시군의회의원,지역구,부산광역시,부산진구나선거구,https://info.nec.go.kr/electioninfo/candidate_detail_info.xhtml?electionId=0020260603&huboId=100162352,0,0천원,0,0천원,2건,음주·위험운전; 도로교통,음주·위험운전,1,0,N,N,Y,Y,N,1.00,2,등록후보수_의원정수이하,N,N,Y
100161128,김진복,국민의힘,구시군의회의원,지역구,부산광역시,부산진구바선거구,https://info.nec.go.kr/electioninfo/candidate_detail_info.xhtml?electionId=0020260603&huboId=100161128,0,0천원,0,0천원,2건,무면허운전; 도로교통,무면허운전,1,1,N,N,Y,Y,N,1.00,2,등록후보수_의원정수이하,N,N,Y
100160522,최정웅,더불어민주당,구시군의회의원,지역구,부산광역시,부산진구사선거구,https://info.nec.go.kr/electioninfo/candidate_detail_info.xhtml?electionId=0020260603&huboId=100160522,0,0천원,0,0천원,1건,음주·위험운전; 도로교통,음주·위험운전,1,0,N,N,Y,Y,N,1.00,2,등록후보수_의원정수이하,N,N,Y
100161710,조미향,더불어민주당,구시군의회의원,지역구,서울특별시,구로구라선거구,https://info.nec.go.kr/electioninfo/candidate_detail_info.xhtml?electionId=0020260603&huboId=100161710,0,0천원,0,0천원,1건,공직선거법,공직선거법,1,1,N,N,Y,Y,Y,1.00,2,등록후보수_의원정수이하,N,N,Y
100160920,김철수,더불어민주당,구시군의회의원,지역구,서울특별시,구로구마선거구,https://info.nec.go.kr/electioninfo/candidate_detail_info.xhtml?electionId=0020260603&huboId=100160920,0,0천원,0,0천원,1건,음주·위험운전; 도로교통,음주·위험운전,1,1,N,N,Y,Y,N,1.00,2,등록후보수_의원정수이하,N,N,Y
100157546,장덕준,더불어민주당,구시군의회의원,지역구,서울특별시,마포구가선거구,https://info.nec.go.kr/electioninfo/candidate_detail_info.xhtml?electionId=0020260603&huboId=100157546,0,0천원,0,0천원,1건,음주·위험운전; 도로교통,음주·위험운전,1,1,N,N,Y,Y,N,1.00,2,등록후보수_의원정수이하,N,N,Y
100164219,이종석,더불어민주당,구시군의회의원,지역구,서울특별시,서대문구라선거구,https://info.nec.go.kr/electioninfo/candidate_detail_info.xhtml?electionId=0020260603&huboId=100164219,0,0천원,0,0천원,3건,사기; 음주·위험운전; 도로교통,사기; 음주·위험운전,2,1,N,N,Y,Y,N,1.00,3,등록후보수_의원정수이하,N,N,Y
100165066,정기혁,국민의힘,구시군의회의원,지역구,서울특별시,성북구사선거구,https://info.nec.go.kr/electioninfo/candidate_detail_info.xhtml?electionId=0020260603&huboId=100165066,0,0천원,0,0천원,3건,음주·위험운전; 도로교통,음주·위험운전,1,1,N,N,Y,Y,N,1.00,2,등록후보수_의원정수이하,N,N,Y
100164828,유영주,더불어민주당,구시군의회의원,지역구,서울특별시,양천구다선거구,https://info.nec.go.kr/electioninfo/candidate_detail_info.xhtml?electionId=0020260603&huboId=100164828,0,0천원,0,0천원,1건,음주·위험운전; 도로교통,음주·위험운전,1,1,N,N,Y,Y,N,1.00,2,등록후보수_의원정수이하,N,N,Y
100163407,이규선,국민의힘,구시군의회의원,지역구,서울특별시,영등포구다선거구,https://info.nec.go.kr/electioninfo/candidate_detail_info.xhtml?electionId=0020260603&huboId=100163407,0,0천원,0,0천원,2건,횡령; 폭력; 도로교통,횡령,1,0,N,N,Y,Y,N,1.00,2,등록후보수_의원정수이하,N,N,Y
100162902,송영창,더불어민주당,구시군의회의원,지역구,서울특별시,은평구나선거구,https://info.nec.go.kr/electioninfo/candidate_detail_info.xhtml?electionId=0020260603&huboId=100162902,0,0천원,0,0천원,1건,음주·위험운전; 도로교통,음주·위험운전,1,1,N,N,Y,Y,N,1.00,2,등록후보수_의원정수이하,N,N,Y
100165234,이상호,국민의힘,구시군의회의원,지역구,인천광역시,계양구다선거구,https://info.nec.go.kr/electioninfo/candidate_detail_info.xhtml?electionId=0020260603&huboId=100165234,0,0천원,0,0천원,2건,음주·위험운전; 도로교통,음주·위험운전,1,1,N,N,Y,Y,N,1.00,2,등록후보수_의원정수이하,N,N,Y
100158236,김보식,더불어민주당,구시군의회의원,지역구,인천광역시,부평구다선거구,https://info.nec.go.kr/electioninfo/candidate_detail_info.xhtml?electionId=0020260603&huboId=100158236,0,0천원,0,0천원,2건,음주·위험운전; 도로교통,음주·위험운전,1,1,N,N,Y,Y,N,1.00,3,등록후보수_의원정수이하,N,N,Y
100158141,박종혁,더불어민주당,시도의원,지역구,인천광역시,부평구제6선거구,https://info.nec.go.kr/electioninfo/candidate_detail_info.xhtml?electionId=0020260603&huboId=100158141,0,0천원,0,0천원,1건,음주·위험운전; 도로교통,음주·위험운전,1,1,N,N,Y,Y,N,1.00,1,등록후보수_의원정수이하,N,N,Y
100160386,송종화,더불어민주당,구시군의회의원,지역구,전라남도,고흥군라선거구,https://info.nec.go.kr/electioninfo/candidate_detail_info.xhtml?electionId=0020260603&huboId=100160386,0,0천원,0,0천원,2건,횡령; 음주·위험운전; 도로교통,횡령; 음주·위험운전,2,1,N,N,Y,Y,N,1.00,2,등록후보수_의원정수이하,N,N,Y
100156856,박수경,더불어민주당,구시군의회의원,지역구,전라남도,목포시가선거구,https://info.nec.go.kr/electioninfo/candidate_detail_info.xhtml?electionId=0020260603&huboId=100156856,0,0천원,0,0천원,2건,음주·위험운전; 도로교통,음주·위험운전,1,0,N,N,Y,Y,N,1.00,3,등록후보수_의원정수이하,N,N,Y
100162296,박효상,더불어민주당,구시군의회의원,지역구,전라남도,목포시가선거구,https://info.nec.go.kr/electioninfo/candidate_detail_info.xhtml?electionId=0020260603&huboId=100162296,0,0천원,0,0천원,2건,음주·위험운전; 폭력; 공무집행방해,음주·위험운전,1,1,N,N,Y,Y,N,1.00,3,등록후보수_의원정수이하,N,N,Y
100159729,강대성,더불어민주당,구시군의회의원,지역구,전라남도,신안군라선거구,https://info.nec.go.kr/electioninfo/candidate_detail_info.xhtml?electionId=0020260603&huboId=100159729,0,0천원,0,0천원,3건,음주·위험운전; 무면허운전; 도로교통,음주·위험운전; 무면허운전,2,1,N,N,Y,Y,N,1.00,2,등록후보수_의원정수이하,N,N,Y
100160943,임원희,더불어민주당,구시군의회의원,지역구,전라남도,완도군나선거구,https://info.nec.go.kr/electioninfo/candidate_detail_info.xhtml?electionId=0020260603&huboId=100160943,0,0천원,0,0천원,7건,배임; 공무집행방해; 환경; 건축·건설·부동산,배임,1,0,N,N,Y,Y,N,1.00,2,등록후보수_의원정수이하,N,N,Y
100165816,김선옥,더불어민주당,기초의원비례,비례,전라남도,영광군,https://info.nec.go.kr/electioninfo/candidate_detail_info.xhtml?electionId=0020260603&huboId=100165816,0,0천원,0,0천원,1건,공직선거법,공직선거법,1,1,N,N,Y,Y,Y,2.00,1,비례대표_단일정당명부,Y,N,Y
100156458,이정운,더불어민주당,시도의원,지역구,전라남도,무안군제2선거구,https://info.nec.go.kr/electioninfo/candidate_detail_info.xhtml?electionId=0020260603&huboId=100156458,0,0천원,0,0천원,1건,배임; 허위공문서·문서위조·공용서류,배임; 허위공문서·문서위조·공용서류,2,1,N,N,Y,Y,N,1.00,1,등록후보수_의원정수이하,N,N,Y
100159247,문갑태,더불어민주당,시도의원,지역구,전라남도,여수시제5선거구,https://info.nec.go.kr/electioninfo/candidate_detail_info.xhtml?electionId=0020260603&huboId=100159247,0,0천원,0,0천원,3건,음주·위험운전; 폭력; 도로교통; 국가보안법; 집시법,음주·위험운전,1,1,N,N,Y,Y,N,1.00,1,등록후보수_의원정수이하,N,N,Y
100157704,권요안,더불어민주당,시도의원,지역구,전북특별자치도,완주군제2선거구,https://info.nec.go.kr/electioninfo/candidate_detail_info.xhtml?electionId=0020260603&huboId=100157704,0,0천원,0,0천원,1건,음주·위험운전; 도로교통,음주·위험운전,1,1,N,N,Y,Y,N,1.00,1,등록후보수_의원정수이하,N,N,Y
100162867,최종오,더불어민주당,시도의원,지역구,전북특별자치도,익산시제1선거구,https://info.nec.go.kr/electioninfo/candidate_detail_info.xhtml?electionId=0020260603&huboId=100162867,0,0천원,0,0천원,2건,음주·위험운전; 무면허운전; 도로교통,음주·위험운전; 무면허운전,2,1,N,N,Y,Y,N,1.00,1,등록후보수_의원정수이하,N,N,Y
100157420,김경진,더불어민주당,시도의원,지역구,전북특별자치도,익산시제3선거구,https://info.nec.go.kr/electioninfo/candidate_detail_info.xhtml?electionId=0020260603&huboId=100157420,0,0천원,0,0천원,1건,음주·위험운전; 도로교통,음주·위험운전,1,1,N,N,Y,Y,N,1.00,1,등록후보수_의원정수이하,N,N,Y
100162042,이명연,더불어민주당,시도의원,지역구,전북특별자치도,전주시제10선거구,https://info.nec.go.kr/electioninfo/candidate_detail_info.xhtml?electionId=0020260603&huboId=100162042,0,0천원,0,0천원,2건,음주·위험운전; 도로교통,음주·위험운전,1,1,N,N,Y,Y,N,1.00,1,등록후보수_의원정수이하,N,N,Y
100155671,박안수,더불어민주당,시도의원,지역구,제주특별자치도,제주특별자치도 제주시 삼양동·봉개동선거구,https://info.nec.go.kr/electioninfo/candidate_detail_info.xhtml?electionId=0020260603&huboId=100155671,0,0천원,0,0천원,2건,음주·위험운전; 도로교통,음주·위험운전,1,1,N,N,Y,Y,N,1.00,1,등록후보수_의원정수이하,N,N,Y
100154766,김봉현,더불어민주당,시도의원,지역구,제주특별자치도,제주특별자치도 제주시 아라동갑선거구,https://info.nec.go.kr/electioninfo/candidate_detail_info.xhtml?electionId=0020260603&huboId=100154766,0,0천원,0,0천원,1건,음주·위험운전; 도로교통,음주·위험운전,1,1,N,N,Y,Y,N,1.00,1,등록후보수_의원정수이하,N,N,Y
100164808,천철호,더불어민주당,구시군의회의원,지역구,충청남도,아산시다선거구,https://info.nec.go.kr/electioninfo/candidate_detail_info.xhtml?electionId=0020260603&huboId=100164808,0,0천원,0,0천원,1건,음주·위험운전; 도로교통,음주·위험운전,1,1,N,N,Y,Y,N,1.00,2,등록후보수_의원정수이하,N,N,Y
100158098,권오중,국민의힘,구시군의회의원,지역구,충청남도,천안시가선거구,https://info.nec.go.kr/electioninfo/candidate_detail_info.xhtml?electionId=0020260603&huboId=100158098,0,0천원,0,0천원,1건,음주·위험운전; 도로교통,음주·위험운전,1,1,N,N,Y,Y,N,1.00,2,등록후보수_의원정수이하,N,N,Y
100164257,김미영,국민의힘,기초의원비례,비례,충청남도,부여군,https://info.nec.go.kr/electioninfo/candidate_detail_info.xhtml?electionId=0020260603&huboId=100164257,0,0천원,0,0천원,1건,음주·위험운전; 도로교통,음주·위험운전,1,1,N,N,Y,Y,N,1.00,2,등록후보수_의원정수이하,N,N,Y
100157489,박한근,국민의힘,구시군의회의원,지역구,강원특별자치도,원주시아선거구,https://info.nec.go.kr/electioninfo/candidate_detail_info.xhtml?electionId=0020260603&huboId=100157489,0,0천원,0,0천원,없음,,,0,0,N,N,N,N,N,1.00,2,등록후보수_의원정수이하,N,N,N
100157327,권희영,더불어민주당,구시군의회의원,지역구,강원특별자치도,춘천시사선거구,https://info.nec.go.kr/electioninfo/candidate_detail_info.xhtml?electionId=0020260603&huboId=100157327,0,0천원,0,0천원,없음,,,0,0,N,N,N,N,N,1.00,2,등록후보수_의원정수이하,N,N,N
100159991,신인선,더불어민주당,구시군의회의원,지역구,경기도,고양시자선거구,https://info.nec.go.kr/electioninfo/candidate_detail_info.xhtml?electionId=0020260603&huboId=100159991,0,0천원,0,0천원,없음,,,0,0,N,N,N,N,N,1.00,2,등록후보수_의원정수이하,N,N,N
100162895,이홍규,국민의힘,구시군의회의원,지역구,경기도,고양시자선거구,https://info.nec.go.kr/electioninfo/candidate_detail_info.xhtml?electionId=0020260603&huboId=100162895,0,0천원,0,0천원,없음,,,0,0,N,N,N,N,N,1.00,2,등록후보수_의원정수이하,N,N,N
100159098,오우람,국민의힘,구시군의회의원,지역구,경기도,고양시타선거구,https://info.nec.go.kr/electioninfo/candidate_detail_info.xhtml?electionId=0020260603&huboId=100159098,0,0천원,0,0천원,없음,,,0,0,N,N,N,N,N,1.00,2,등록후보수_의원정수이하,N,N,N
100162934,김수진,국민의힘,구시군의회의원,지역구,경기도,고양시파선거구,https://info.nec.go.kr/electioninfo/candidate_detail_info.xhtml?electionId=0020260603&huboId=100162934,0,0천원,0,0천원,없음,,,0,0,N,N,N,N,N,1.00,2,등록후보수_의원정수이하,N,N,N
100163567,김학영,더불어민주당,구시군의회의원,지역구,경기도,고양시파선거구,https://info.nec.go.kr/electioninfo/candidate_detail_info.xhtml?electionId=0020260603&huboId=100163567,0,0천원,0,0천원,1건,도로교통,,0,0,N,N,Y,N,N,1.00,2,등록후보수_의원정수이하,N,N,N
100155920,박태영,더불어민주당,구시군의회의원,지역구,경기도,광명시라선거구,https://info.nec.go.kr/electioninfo/candidate_detail_info.xhtml?electionId=0020260603&huboId=100155920,0,0천원,0,0천원,없음,,,0,0,N,N,N,N,N,1.00,3,등록후보수_의원정수이하,N,N,N
100154500,최아름,더불어민주당,구시군의회의원,지역구,경기도,광명시라선거구,https://info.nec.go.kr/electioninfo/candidate_detail_info.xhtml?electionId=0020260603&huboId=100154500,0,0천원,0,0천원,없음,,,0,0,N,N,N,N,N,1.00,3,등록후보수_의원정수이하,N,N,N
100158261,최서윤,국민의힘,구시군의회의원,지역구,경기도,광주시다선거구,https://info.nec.go.kr/electioninfo/candidate_detail_info.xhtml?electionId=0020260603&huboId=100158261,0,0천원,0,0천원,없음,,,0,0,N,N,N,N,N,1.00,3,등록후보수_의원정수이하,N,N,N
100158741,이강섭,국민의힘,구시군의회의원,지역구,경기도,광주시라선거구,https://info.nec.go.kr/electioninfo/candidate_detail_info.xhtml?electionId=0020260603&huboId=100158741,0,0천원,0,0천원,없음,,,0,0,N,N,N,N,N,1.00,2,등록후보수_의원정수이하,N,N,N
100163977,박상현,국민의힘,구시군의회의원,지역구,경기도,군포시라선거구,https://info.nec.go.kr/electioninfo/candidate_detail_info.xhtml?electionId=0020260603&huboId=100163977,0,0천원,0,0천원,없음,,,0,0,N,N,N,N,N,1.00,2,등록후보수_의원정수이하,N,N,N
100158054,정해동,더불어민주당,구시군의회의원,지역구,경기도,군포시라선거구,https://info.nec.go.kr/electioninfo/candidate_detail_info.xhtml?electionId=0020260603&huboId=100158054,0,0천원,0,0천원,1건,도박,,0,0,N,N,Y,N,N,1.00,2,등록후보수_의원정수이하,N,N,N
100156367,이상호,국민의힘,구시군의회의원,지역구,경기도,성남시나선거구,https://info.nec.go.kr/electioninfo/candidate_detail_info.xhtml?electionId=0020260603&huboId=100156367,0,0천원,0,0천원,2건,폭력; 건축·건설·부동산,,0,0,N,N,Y,N,N,1.00,2,등록후보수_의원정수이하,N,N,N
100155443,김주현,국민의힘,구시군의회의원,지역구,경기도,성남시다선거구,https://info.nec.go.kr/electioninfo/candidate_detail_info.xhtml?electionId=0020260603&huboId=100155443,0,0천원,0,0천원,없음,,,0,0,N,N,N,N,N,1.00,2,등록후보수_의원정수이하,N,N,N
100155785,김보석,국민의힘,구시군의회의원,지역구,경기도,성남시사선거구,https://info.nec.go.kr/electioninfo/candidate_detail_info.xhtml?electionId=0020260603&huboId=100155785,0,0천원,0,0천원,없음,,,0,0,N,N,N,N,N,1.00,2,등록후보수_의원정수이하,N,N,N
100157803,정연화,더불어민주당,구시군의회의원,지역구,경기도,성남시사선거구,https://info.nec.go.kr/electioninfo/candidate_detail_info.xhtml?electionId=0020260603&huboId=100157803,0,0천원,0,0천원,없음,,,0,0,N,N,N,N,N,1.00,2,등록후보수_의원정수이하,N,N,N
100155753,김건우,국민의힘,구시군의회의원,지역구,경기도,성남시아선거구,https://info.nec.go.kr/electioninfo/candidate_detail_info.xhtml?electionId=0020260603&huboId=100155753,0,0천원,0,0천원,없음,,,0,0,N,N,N,N,N,1.00,2,등록후보수_의원정수이하,N,N,N
100156876,오종길,더불어민주당,구시군의회의원,지역구,경기도,성남시아선거구,https://info.nec.go.kr/electioninfo/candidate_detail_info.xhtml?electionId=0020260603&huboId=100156876,0,0천원,0,0천원,없음,,,0,0,N,N,N,N,N,1.00,2,등록후보수_의원정수이하,N,N,N
100161305,김종환,국민의힘,구시군의회의원,지역구,경기도,성남시자선거구,https://info.nec.go.kr/electioninfo/candidate_detail_info.xhtml?electionId=0020260603&huboId=100161305,0,0천원,0,0천원,없음,,,0,0,N,N,N,N,N,1.00,2,등록후보수_의원정수이하,N,N,N
100156618,이세미,더불어민주당,구시군의회의원,지역구,경기도,성남시자선거구,https://info.nec.go.kr/electioninfo/candidate_detail_info.xhtml?electionId=0020260603&huboId=100156618,0,0천원,0,0천원,없음,,,0,0,N,N,N,N,N,1.00,2,등록후보수_의원정수이하,N,N,N
100157115,서은경,더불어민주당,구시군의회의원,지역구,경기도,성남시카선거구,https://info.nec.go.kr/electioninfo/candidate_detail_info.xhtml?electionId=0020260603&huboId=100157115,0,0천원,0,0천원,없음,,,0,0,N,N,N,N,N,1.00,2,등록후보수_의원정수이하,N,N,N
100158450,정봉규,국민의힘,구시군의회의원,지역구,경기도,성남시카선거구,https://info.nec.go.kr/electioninfo/candidate_detail_info.xhtml?electionId=0020260603&huboId=100158450,0,0천원,0,0천원,4건,폭력; 재물손괴,,0,0,N,N,Y,N,N,1.00,2,등록후보수_의원정수이하,N,N,N
100158043,유재광,국민의힘,구시군의회의원,지역구,경기도,수원시라선거구,https://info.nec.go.kr/electioninfo/candidate_detail_info.xhtml?electionId=0020260603&huboId=100158043,0,0천원,0,0천원,1건,폭력,,0,0,N,N,Y,N,N,1.00,3,등록후보수_의원정수이하,N,N,N
100158578,이철승,더불어민주당,구시군의회의원,지역구,경기도,수원시라선거구,https://info.nec.go.kr/electioninfo/candidate_detail_info.xhtml?electionId=0020260603&huboId=100158578,0,0천원,0,0천원,없음,,,0,0,N,N,N,N,N,1.00,3,등록후보수_의원정수이하,N,N,N
100158456,금가현,국민의힘,구시군의회의원,지역구,경기도,수원시차선거구,https://info.nec.go.kr/electioninfo/candidate_detail_info.xhtml?electionId=0020260603&huboId=100158456,0,0천원,0,0천원,없음,,,0,0,N,N,N,N,N,1.00,2,등록후보수_의원정수이하,N,N,N
100155999,서형미,더불어민주당,구시군의회의원,지역구,경기도,수원시차선거구,https://info.nec.go.kr/electioninfo/candidate_detail_info.xhtml?electionId=0020260603&huboId=100155999,0,0천원,0,0천원,없음,,,0,0,N,N,N,N,N,1.00,2,등록후보수_의원정수이하,N,N,N
100157035,강은호,더불어민주당,구시군의회의원,지역구,경기도,수원시카선거구,https://info.nec.go.kr/electioninfo/candidate_detail_info.xhtml?electionId=0020260603&huboId=100157035,0,0천원,0,0천원,없음,,,0,0,N,N,N,N,N,1.00,2,등록후보수_의원정수이하,N,N,N
100158872,정윤우,국민의힘,구시군의회의원,지역구,경기도,수원시카선거구,https://info.nec.go.kr/electioninfo/candidate_detail_info.xhtml?electionId=0020260603&huboId=100158872,0,0천원,0,0천원,없음,,,0,0,N,N,N,N,N,1.00,2,등록후보수_의원정수이하,N,N,N
100163886,이재복,더불어민주당,구시군의회의원,지역구,경기도,안산시라선거구,https://info.nec.go.kr/electioninfo/candidate_detail_info.xhtml?electionId=0020260603&huboId=100163886,0,0천원,0,0천원,없음,,,0,0,N,N,N,N,N,1.00,2,등록후보수_의원정수이하,N,N,N
100163035,채진기,더불어민주당,구시군의회의원,지역구,경기도,안양시나선거구,https://info.nec.go.kr/electioninfo/candidate_detail_info.xhtml?electionId=0020260603&huboId=100163035,0,0천원,0,0천원,없음,,,0,0,N,N,N,N,N,1.00,2,등록후보수_의원정수이하,N,N,N
100157514,황원영,국민의힘,구시군의회의원,지역구,경기도,안양시나선거구,https://info.nec.go.kr/electioninfo/candidate_detail_info.xhtml?electionId=0020260603&huboId=100157514,0,0천원,0,0천원,없음,,,0,0,N,N,N,N,N,1.00,2,등록후보수_의원정수이하,N,N,N
100163512,이지연,더불어민주당,구시군의회의원,지역구,경기도,양주시가선거구,https://info.nec.go.kr/electioninfo/candidate_detail_info.xhtml?electionId=0020260603&huboId=100163512,0,0천원,0,0천원,없음,,,0,0,N,N,N,N,N,1.00,3,등록후보수_의원정수이하,N,N,N
100160337,김상미,더불어민주당,구시군의회의원,지역구,경기도,오산시나선거구,https://info.nec.go.kr/electioninfo/candidate_detail_info.xhtml?electionId=0020260603&huboId=100160337,0,0천원,0,0천원,없음,,,0,0,N,N,N,N,N,1.00,4,등록후보수_의원정수이하,N,N,N
100158212,권병손,국민의힘,구시군의회의원,지역구,경기도,용인시나선거구,https://info.nec.go.kr/electioninfo/candidate_detail_info.xhtml?electionId=0020260603&huboId=100158212,0,0천원,0,0천원,없음,,,0,0,N,N,N,N,N,1.00,2,등록후보수_의원정수이하,N,N,N
100155165,김종억,더불어민주당,구시군의회의원,지역구,경기도,용인시나선거구,https://info.nec.go.kr/electioninfo/candidate_detail_info.xhtml?electionId=0020260603&huboId=100155165,0,0천원,0,0천원,없음,,,0,0,N,N,N,N,N,1.00,2,등록후보수_의원정수이하,N,N,N
100164453,김길수,국민의힘,구시군의회의원,지역구,경기도,용인시마선거구,https://info.nec.go.kr/electioninfo/candidate_detail_info.xhtml?electionId=0020260603&huboId=100164453,0,0천원,0,0천원,없음,,,0,0,N,N,N,N,N,1.00,2,등록후보수_의원정수이하,N,N,N
100162694,신나연,더불어민주당,구시군의회의원,지역구,경기도,용인시마선거구,https://info.nec.go.kr/electioninfo/candidate_detail_info.xhtml?electionId=0020260603&huboId=100162694,0,0천원,0,0천원,없음,,,0,0,N,N,N,N,N,1.00,2,등록후보수_의원정수이하,N,N,N
100161596,윤희중,더불어민주당,구시군의회의원,지역구,경기도,평택시다선거구,https://info.nec.go.kr/electioninfo/candidate_detail_info.xhtml?electionId=0020260603&huboId=100161596,0,0천원,0,0천원,없음,,,0,0,N,N,N,N,N,1.00,2,등록후보수_의원정수이하,N,N,N
100159937,이향숙,국민의힘,구시군의회의원,지역구,경기도,평택시다선거구,https://info.nec.go.kr/electioninfo/candidate_detail_info.xhtml?electionId=0020260603&huboId=100159937,0,0천원,0,0천원,없음,,,0,0,N,N,N,N,N,1.00,2,등록후보수_의원정수이하,N,N,N
100155212,조창민,국민의힘,구시군의회의원,지역구,경기도,하남시가선거구,https://info.nec.go.kr/electioninfo/candidate_detail_info.xhtml?electionId=0020260603&huboId=100155212,0,0천원,0,0천원,없음,,,0,0,N,N,N,N,N,1.00,2,등록후보수_의원정수이하,N,N,N
100157750,최승태,더불어민주당,구시군의회의원,지역구,경기도,하남시가선거구,https://info.nec.go.kr/electioninfo/candidate_detail_info.xhtml?electionId=0020260603&huboId=100157750,0,0천원,0,0천원,없음,,,0,0,N,N,N,N,N,1.00,2,등록후보수_의원정수이하,N,N,N
100157563,정경섭,국민의힘,구시군의회의원,지역구,경기도,하남시라선거구,https://info.nec.go.kr/electioninfo/candidate_detail_info.xhtml?electionId=0020260603&huboId=100157563,0,0천원,0,0천원,없음,,,0,0,N,N,N,N,N,1.00,2,등록후보수_의원정수이하,N,N,N
100160705,김창겸,더불어민주당,구시군의회의원,지역구,경기도,화성시사선거구,https://info.nec.go.kr/electioninfo/candidate_detail_info.xhtml?electionId=0020260603&huboId=100160705,0,0천원,0,0천원,없음,,,0,0,N,N,N,N,N,1.00,3,등록후보수_의원정수이하,N,N,N
100161990,임채덕,국민의힘,구시군의회의원,지역구,경기도,화성시사선거구,https://info.nec.go.kr/electioninfo/candidate_detail_info.xhtml?electionId=0020260603&huboId=100161990,0,0천원,0,0천원,없음,,,0,0,N,N,N,N,N,1.00,3,등록후보수_의원정수이하,N,N,N
100164501,장철규,더불어민주당,구시군의회의원,지역구,경기도,화성시사선거구,https://info.nec.go.kr/electioninfo/candidate_detail_info.xhtml?electionId=0020260603&huboId=100164501,0,0천원,0,0천원,없음,,,0,0,N,N,N,N,N,1.00,3,등록후보수_의원정수이하,N,N,N
100161693,임병택,더불어민주당,기초단체장,지역구,경기도,시흥시,https://info.nec.go.kr/electioninfo/candidate_detail_info.xhtml?electionId=0020260603&huboId=100161693,0,0천원,0,0천원,없음,,,0,0,N,N,N,N,N,1.00,1,등록후보수_의원정수이하,N,N,N
100164097,박미정,더불어민주당,기초의원비례,비례,경기도,광명시,https://info.nec.go.kr/electioninfo/candidate_detail_info.xhtml?electionId=0020260603&huboId=100164097,0,0천원,0,0천원,없음,,,0,0,N,N,N,N,N,1.00,2,등록후보수_의원정수이하,N,N,N
100164102,최미영,국민의힘,기초의원비례,비례,경기도,광명시,https://info.nec.go.kr/electioninfo/candidate_detail_info.xhtml?electionId=0020260603&huboId=100164102,0,0천원,0,0천원,없음,,,0,0,N,N,N,N,N,1.00,2,등록후보수_의원정수이하,N,N,N
100165427,박연순,더불어민주당,기초의원비례,비례,경기도,부천시,https://info.nec.go.kr/electioninfo/candidate_detail_info.xhtml?electionId=0020260603&huboId=100165427,0,0천원,0,0천원,없음,,,0,0,N,N,N,N,N,1.00,3,등록후보수_의원정수이하,N,N,N
100165419,박영원,더불어민주당,기초의원비례,비례,경기도,부천시,https://info.nec.go.kr/electioninfo/candidate_detail_info.xhtml?electionId=0020260603&huboId=100165419,0,0천원,0,0천원,없음,,,0,0,N,N,N,N,N,1.00,3,등록후보수_의원정수이하,N,N,N
100165522,박인성,국민의힘,기초의원비례,비례,경기도,용인시,https://info.nec.go.kr/electioninfo/candidate_detail_info.xhtml?electionId=0020260603&huboId=100165522,0,0천원,0,0천원,없음,,,0,0,N,N,N,N,N,1.00,4,등록후보수_의원정수이하,N,N,N
100165517,변유선,국민의힘,기초의원비례,비례,경기도,용인시,https://info.nec.go.kr/electioninfo/candidate_detail_info.xhtml?electionId=0020260603&huboId=100165517,0,0천원,0,0천원,없음,,,0,0,N,N,N,N,N,1.00,4,등록후보수_의원정수이하,N,N,N
100165378,신민욱,더불어민주당,기초의원비례,비례,경기도,용인시,https://info.nec.go.kr/electioninfo/candidate_detail_info.xhtml?electionId=0020260603&huboId=100165378,0,0천원,0,0천원,없음,,,0,0,N,N,N,N,N,1.00,4,등록후보수_의원정수이하,N,N,N
100165373,임유정,더불어민주당,기초의원비례,비례,경기도,용인시,https://info.nec.go.kr/electioninfo/candidate_detail_info.xhtml?electionId=0020260603&huboId=100165373,0,0천원,0,0천원,없음,,,0,0,N,N,N,N,N,1.00,4,등록후보수_의원정수이하,N,N,N
100160801,박상현,더불어민주당,시도의원,지역구,경기도,부천시제2선거구,https://info.nec.go.kr/electioninfo/candidate_detail_info.xhtml?electionId=0020260603&huboId=100160801,0,0천원,0,0천원,없음,,,0,0,N,N,N,N,N,1.00,1,등록후보수_의원정수이하,N,N,N
100161234,안광률,더불어민주당,시도의원,지역구,경기도,시흥시제1선거구,https://info.nec.go.kr/electioninfo/candidate_detail_info.xhtml?electionId=0020260603&huboId=100161234,0,0천원,0,0천원,없음,,,0,0,N,N,N,N,N,1.00,1,등록후보수_의원정수이하,N,N,N
100157525,김태희,더불어민주당,시도의원,지역구,경기도,안산시제2선거구,https://info.nec.go.kr/electioninfo/candidate_detail_info.xhtml?electionId=0020260603&huboId=100157525,0,0천원,0,0천원,없음,,,0,0,N,N,N,N,N,1.00,1,등록후보수_의원정수이하,N,N,N
100162517,남종섭,더불어민주당,시도의원,지역구,경기도,용인시제3선거구,https://info.nec.go.kr/electioninfo/candidate_detail_info.xhtml?electionId=0020260603&huboId=100162517,0,0천원,0,0천원,없음,,,0,0,N,N,N,N,N,1.00,1,등록후보수_의원정수이하,N,N,N
100162021,박은주,더불어민주당,시도의원,지역구,경기도,파주시제1선거구,https://info.nec.go.kr/electioninfo/candidate_detail_info.xhtml?electionId=0020260603&huboId=100162021,0,0천원,0,0천원,없음,,,0,0,N,N,N,N,N,1.00,1,등록후보수_의원정수이하,N,N,N
100163940,김회철,더불어민주당,시도의원,지역구,경기도,화성시제6선거구,https://info.nec.go.kr/electioninfo/candidate_detail_info.xhtml?electionId=0020260603&huboId=100163940,0,0천원,0,0천원,없음,,,0,0,N,N,N,N,N,1.00,1,등록후보수_의원정수이하,N,N,N
100162298,박선주,더불어민주당,구시군의회의원,지역구,경상남도,양산시마선거구,https://info.nec.go.kr/electioninfo/candidate_detail_info.xhtml?electionId=0020260603&huboId=100162298,0,0천원,0,0천원,없음,,,0,0,N,N,N,N,N,1.00,2,등록후보수_의원정수이하,N,N,N
100162445,정숙남,국민의힘,구시군의회의원,지역구,경상남도,양산시마선거구,https://info.nec.go.kr/electioninfo/candidate_detail_info.xhtml?electionId=0020260603&huboId=100162445,0,0천원,0,0천원,없음,,,0,0,N,N,N,N,N,1.00,2,등록후보수_의원정수이하,N,N,N
100162764,황성철,국민의힘,구시군의회의원,지역구,경상남도,의령군다선거구,https://info.nec.go.kr/electioninfo/candidate_detail_info.xhtml?electionId=0020260603&huboId=100162764,0,0천원,0,0천원,없음,,,0,0,N,N,N,N,N,1.00,2,등록후보수_의원정수이하,N,N,N
100165350,백승규,더불어민주당,구시군의회의원,지역구,경상남도,창원시사선거구,https://info.nec.go.kr/electioninfo/candidate_detail_info.xhtml?electionId=0020260603&huboId=100165350,0,0천원,0,0천원,5건,도로교통; 건축·건설·부동산,,0,0,N,N,Y,N,N,1.00,2,등록후보수_의원정수이하,N,N,N
100162967,황점복,국민의힘,구시군의회의원,지역구,경상남도,창원시타선거구,https://info.nec.go.kr/electioninfo/candidate_detail_info.xhtml?electionId=0020260603&huboId=100162967,0,0천원,0,0천원,없음,,,0,0,N,N,N,N,N,1.00,2,등록후보수_의원정수이하,N,N,N
100164731,권은희,국민의힘,기초의원비례,비례,경상남도,산청군,https://info.nec.go.kr/electioninfo/candidate_detail_info.xhtml?electionId=0020260603&huboId=100164731,0,0천원,0,0천원,없음,,,0,0,N,N,N,N,N,1.00,1,등록후보수_의원정수이하,N,N,N
100164814,박영심,더불어민주당,기초의원비례,비례,경상남도,하동군,https://info.nec.go.kr/electioninfo/candidate_detail_info.xhtml?electionId=0020260603&huboId=100164814,0,0천원,0,0천원,없음,,,0,0,N,N,N,N,N,1.00,2,등록후보수_의원정수이하,N,N,N
100159331,김봉남,국민의힘,시도의원,지역구,경상남도,의령군선거구,https://info.nec.go.kr/electioninfo/candidate_detail_info.xhtml?electionId=0020260603&huboId=100159331,0,0천원,0,0천원,1건,,,0,0,N,N,Y,N,N,1.00,1,등록후보수_의원정수이하,N,N,N
100158849,김상희,국민의힘,구시군의회의원,지역구,경상북도,경주시다선거구,https://info.nec.go.kr/electioninfo/candidate_detail_info.xhtml?electionId=0020260603&huboId=100158849,0,0천원,0,0천원,2건,폭력; 도로교통,,0,0,N,N,Y,N,N,1.00,2,등록후보수_의원정수이하,N,N,N
100158602,김광호,국민의힘,구시군의회의원,지역구,경상북도,고령군다선거구,https://info.nec.go.kr/electioninfo/candidate_detail_info.xhtml?electionId=0020260603&huboId=100158602,0,0천원,0,0천원,없음,,,0,0,N,N,N,N,N,1.00,2,등록후보수_의원정수이하,N,N,N
100161889,김석조,국민의힘,구시군의회의원,지역구,경상북도,김천시마선거구,https://info.nec.go.kr/electioninfo/candidate_detail_info.xhtml?electionId=0020260603&huboId=100161889,0,0천원,0,0천원,없음,,,0,0,N,N,N,N,N,1.00,2,등록후보수_의원정수이하,N,N,N
100163919,권기윤,국민의힘,구시군의회의원,지역구,경상북도,안동시나선거구,https://info.nec.go.kr/electioninfo/candidate_detail_info.xhtml?electionId=0020260603&huboId=100163919,0,0천원,0,0천원,1건,건축·건설·부동산,,0,0,N,N,Y,N,N,1.00,2,등록후보수_의원정수이하,N,N,N
100162783,정복순,더불어민주당,구시군의회의원,지역구,경상북도,안동시나선거구,https://info.nec.go.kr/electioninfo/candidate_detail_info.xhtml?electionId=0020260603&huboId=100162783,0,0천원,0,0천원,없음,,,0,0,N,N,N,N,N,1.00,2,등록후보수_의원정수이하,N,N,N
100159793,이진구,국민의힘,구시군의회의원,지역구,경상북도,칠곡군나선거구,https://info.nec.go.kr/electioninfo/candidate_detail_info.xhtml?electionId=0020260603&huboId=100159793,0,0천원,0,0천원,없음,,,0,0,N,N,N,N,N,1.00,2,등록후보수_의원정수이하,N,N,N
100163328,김상민,더불어민주당,구시군의회의원,지역구,경상북도,포항시마선거구,https://info.nec.go.kr/electioninfo/candidate_detail_info.xhtml?electionId=0020260603&huboId=100163328,0,0천원,0,0천원,없음,,,0,0,N,N,N,N,N,1.00,3,등록후보수_의원정수이하,N,N,N
100162969,김하영,국민의힘,구시군의회의원,지역구,경상북도,포항시마선거구,https://info.nec.go.kr/electioninfo/candidate_detail_info.xhtml?electionId=0020260603&huboId=100162969,0,0천원,0,0천원,없음,,,0,0,N,N,N,N,N,1.00,3,등록후보수_의원정수이하,N,N,N
100162171,정원석,국민의힘,구시군의회의원,지역구,경상북도,포항시마선거구,https://info.nec.go.kr/electioninfo/candidate_detail_info.xhtml?electionId=0020260603&huboId=100162171,0,0천원,0,0천원,없음,,,0,0,N,N,N,N,N,1.00,3,등록후보수_의원정수이하,N,N,N
100164016,김상남,국민의힘,기초의원비례,비례,경상북도,고령군,https://info.nec.go.kr/electioninfo/candidate_detail_info.xhtml?electionId=0020260603&huboId=100164016,0,0천원,0,0천원,없음,,,0,0,N,N,N,N,N,1.00,1,등록후보수_의원정수이하,N,N,N
100165018,신상애,국민의힘,기초의원비례,비례,경상북도,문경시,https://info.nec.go.kr/electioninfo/candidate_detail_info.xhtml?electionId=0020260603&huboId=100165018,0,0천원,0,0천원,없음,,,0,0,N,N,N,N,N,1.00,1,등록후보수_의원정수이하,N,N,N
100164698,김영희,국민의힘,기초의원비례,비례,경상북도,봉화군,https://info.nec.go.kr/electioninfo/candidate_detail_info.xhtml?electionId=0020260603&huboId=100164698,0,0천원,0,0천원,1건,,,0,0,N,N,Y,N,N,2.00,1,비례대표_단일정당명부,Y,N,N
100165007,유정자,국민의힘,기초의원비례,비례,경상북도,성주군,https://info.nec.go.kr/electioninfo/candidate_detail_info.xhtml?electionId=0020260603&huboId=100165007,0,0천원,0,0천원,없음,,,0,0,N,N,N,N,N,1.00,1,등록후보수_의원정수이하,N,N,N
100164142,김미옥,국민의힘,기초의원비례,비례,경상북도,영덕군,https://info.nec.go.kr/electioninfo/candidate_detail_info.xhtml?electionId=0020260603&huboId=100164142,0,0천원,0,0천원,없음,,,0,0,N,N,N,N,N,1.00,1,등록후보수_의원정수이하,N,N,N
100164352,최민경,국민의힘,기초의원비례,비례,경상북도,영양군,https://info.nec.go.kr/electioninfo/candidate_detail_info.xhtml?electionId=0020260603&huboId=100164352,0,0천원,0,0천원,없음,,,0,0,N,N,N,N,N,1.00,1,등록후보수_의원정수이하,N,N,N
100165650,전선희,국민의힘,기초의원비례,비례,경상북도,예천군,https://info.nec.go.kr/electioninfo/candidate_detail_info.xhtml?electionId=0020260603&huboId=100165650,0,0천원,0,0천원,없음,,,0,0,N,N,N,N,N,1.00,1,등록후보수_의원정수이하,N,N,N
100164442,황성경,국민의힘,기초의원비례,비례,경상북도,청송군,https://info.nec.go.kr/electioninfo/candidate_detail_info.xhtml?electionId=0020260603&huboId=100164442,0,0천원,0,0천원,1건,,,0,0,N,N,Y,N,N,1.00,1,등록후보수_의원정수이하,N,N,N
100159874,배진석,국민의힘,시도의원,지역구,경상북도,경주시제1선거구,https://info.nec.go.kr/electioninfo/candidate_detail_info.xhtml?electionId=0020260603&huboId=100159874,0,0천원,0,0천원,없음,,,0,0,N,N,N,N,N,1.00,1,등록후보수_의원정수이하,N,N,N
100161382,최병준,국민의힘,시도의원,지역구,경상북도,경주시제3선거구,https://info.nec.go.kr/electioninfo/candidate_detail_info.xhtml?electionId=0020260603&huboId=100161382,0,0천원,0,0천원,2건,도로교통,,0,0,N,N,Y,N,N,1.00,1,등록후보수_의원정수이하,N,N,N
100158823,박승직,국민의힘,시도의원,지역구,경상북도,경주시제5선거구,https://info.nec.go.kr/electioninfo/candidate_detail_info.xhtml?electionId=0020260603&huboId=100158823,0,0천원,0,0천원,1건,폭력,,0,0,N,N,Y,N,N,1.00,1,등록후보수_의원정수이하,N,N,N
100162248,김창기,국민의힘,시도의원,지역구,경상북도,문경시제2선거구,https://info.nec.go.kr/electioninfo/candidate_detail_info.xhtml?electionId=0020260603&huboId=100162248,0,0천원,0,0천원,없음,,,0,0,N,N,N,N,N,1.00,1,등록후보수_의원정수이하,N,N,N
100163884,이춘우,국민의힘,시도의원,지역구,경상북도,영천시제1선거구,https://info.nec.go.kr/electioninfo/candidate_detail_info.xhtml?electionId=0020260603&huboId=100163884,0,0천원,0,0천원,없음,,,0,0,N,N,N,N,N,1.00,1,등록후보수_의원정수이하,N,N,N
100154170,정윤태,국민의힘,시도의원,지역구,경상북도,울릉군선거구,https://info.nec.go.kr/electioninfo/candidate_detail_info.xhtml?electionId=0020260603&huboId=100154170,0,0천원,0,0천원,없음,,,0,0,N,N,N,N,N,1.00,1,등록후보수_의원정수이하,N,N,N
100160178,김재준,국민의힘,시도의원,지역구,경상북도,울진군선거구,https://info.nec.go.kr/electioninfo/candidate_detail_info.xhtml?electionId=0020260603&huboId=100160178,0,0천원,0,0천원,없음,,,0,0,N,N,N,N,N,1.00,1,등록후보수_의원정수이하,N,N,N
100156764,이종평,국민의힘,시도의원,지역구,경상북도,청도군선거구,https://info.nec.go.kr/electioninfo/candidate_detail_info.xhtml?electionId=0020260603&huboId=100156764,0,0천원,0,0천원,1건,,,0,0,N,N,Y,N,N,1.00,1,등록후보수_의원정수이하,N,N,N
100162234,정한석,국민의힘,시도의원,지역구,경상북도,칠곡군제1선거구,https://info.nec.go.kr/electioninfo/candidate_detail_info.xhtml?electionId=0020260603&huboId=100162234,0,0천원,0,0천원,없음,,,0,0,N,N,N,N,N,1.00,1,등록후보수_의원정수이하,N,N,N
100162242,박순범,국민의힘,시도의원,지역구,경상북도,칠곡군제2선거구,https://info.nec.go.kr/electioninfo/candidate_detail_info.xhtml?electionId=0020260603&huboId=100162242,0,0천원,0,0천원,없음,,,0,0,N,N,N,N,N,1.00,1,등록후보수_의원정수이하,N,N,N
100163224,윤영일,더불어민주당,구시군의회의원,지역구,광주광역시,광산구라선거구,https://info.nec.go.kr/electioninfo/candidate_detail_info.xhtml?electionId=0020260603&huboId=100163224,0,0천원,0,0천원,2건,폭력; 공무집행방해; 주거침입; 도로교통; 국가보안법; 집시법,,0,0,N,N,Y,N,N,1.00,3,등록후보수_의원정수이하,N,N,N
100162293,이우형,더불어민주당,구시군의회의원,지역구,광주광역시,광산구라선거구,https://info.nec.go.kr/electioninfo/candidate_detail_info.xhtml?electionId=0020260603&huboId=100162293,0,0천원,0,0천원,1건,건축·건설·부동산,,0,0,N,N,Y,N,N,1.00,3,등록후보수_의원정수이하,N,N,N
100157719,김영순,더불어민주당,구시군의회의원,지역구,광주광역시,북구다선거구,https://info.nec.go.kr/electioninfo/candidate_detail_info.xhtml?electionId=0020260603&huboId=100157719,0,0천원,0,0천원,없음,,,0,0,N,N,N,N,N,1.00,3,등록후보수_의원정수이하,N,N,N
100155883,이재봉,더불어민주당,구시군의회의원,지역구,광주광역시,북구다선거구,https://info.nec.go.kr/electioninfo/candidate_detail_info.xhtml?electionId=0020260603&huboId=100155883,0,0천원,0,0천원,없음,,,0,0,N,N,N,N,N,1.00,3,등록후보수_의원정수이하,N,N,N
100158363,최기영,더불어민주당,구시군의회의원,지역구,광주광역시,북구다선거구,https://info.nec.go.kr/electioninfo/candidate_detail_info.xhtml?electionId=0020260603&huboId=100158363,0,0천원,0,0천원,없음,,,0,0,N,N,N,N,N,1.00,3,등록후보수_의원정수이하,N,N,N
100158111,김병내,더불어민주당,기초단체장,지역구,광주광역시,남구,https://info.nec.go.kr/electioninfo/candidate_detail_info.xhtml?electionId=0020260603&huboId=100158111,0,0천원,0,0천원,없음,,,0,0,N,N,N,N,N,1.00,1,등록후보수_의원정수이하,N,N,N
100163972,김이강,더불어민주당,기초단체장,지역구,광주광역시,서구,https://info.nec.go.kr/electioninfo/candidate_detail_info.xhtml?electionId=0020260603&huboId=100163972,0,0천원,0,0천원,없음,,,0,0,N,N,N,N,N,1.00,1,등록후보수_의원정수이하,N,N,N
100164841,김희선,더불어민주당,기초의원비례,비례,광주광역시,동구,https://info.nec.go.kr/electioninfo/candidate_detail_info.xhtml?electionId=0020260603&huboId=100164841,0,0천원,0,0천원,없음,,,0,0,N,N,N,N,N,1.00,1,등록후보수_의원정수이하,N,N,N
100156289,노진성,더불어민주당,시도의원,지역구,광주광역시,동구제2선거구,https://info.nec.go.kr/electioninfo/candidate_detail_info.xhtml?electionId=0020260603&huboId=100156289,0,0천원,0,0천원,없음,,,0,0,N,N,N,N,N,1.00,1,등록후보수_의원정수이하,N,N,N
100154835,강수훈,더불어민주당,시도의원,지역구,광주광역시,서구제1선거구,https://info.nec.go.kr/electioninfo/candidate_detail_info.xhtml?electionId=0020260603&huboId=100154835,0,0천원,0,0천원,없음,,,0,0,N,N,N,N,N,1.00,1,등록후보수_의원정수이하,N,N,N
100163376,이신자,더불어민주당,구시군의회의원,지역구,대구광역시,달서구가선거구,https://info.nec.go.kr/electioninfo/candidate_detail_info.xhtml?electionId=0020260603&huboId=100163376,0,0천원,0,0천원,없음,,,0,0,N,N,N,N,N,1.00,2,등록후보수_의원정수이하,N,N,N
100156484,정달호,국민의힘,구시군의회의원,지역구,대구광역시,달서구가선거구,https://info.nec.go.kr/electioninfo/candidate_detail_info.xhtml?electionId=0020260603&huboId=100156484,0,0천원,0,0천원,없음,,,0,0,N,N,N,N,N,1.00,2,등록후보수_의원정수이하,N,N,N
100158145,구백림,더불어민주당,구시군의회의원,지역구,대구광역시,달서구나선거구,https://info.nec.go.kr/electioninfo/candidate_detail_info.xhtml?electionId=0020260603&huboId=100158145,0,0천원,0,0천원,없음,,,0,0,N,N,N,N,N,1.00,2,등록후보수_의원정수이하,N,N,N
100157736,황국주,국민의힘,구시군의회의원,지역구,대구광역시,달서구나선거구,https://info.nec.go.kr/electioninfo/candidate_detail_info.xhtml?electionId=0020260603&huboId=100157736,0,0천원,0,0천원,없음,,,0,0,N,N,N,N,N,1.00,2,등록후보수_의원정수이하,N,N,N
100154834,안경완,더불어민주당,구시군의회의원,지역구,대구광역시,북구가선거구,https://info.nec.go.kr/electioninfo/candidate_detail_info.xhtml?electionId=0020260603&huboId=100154834,0,0천원,0,0천원,없음,,,0,0,N,N,N,N,N,1.00,2,등록후보수_의원정수이하,N,N,N
100162055,임수환,국민의힘,구시군의회의원,지역구,대구광역시,북구가선거구,https://info.nec.go.kr/electioninfo/candidate_detail_info.xhtml?electionId=0020260603&huboId=100162055,0,0천원,0,0천원,1건,,,0,0,N,N,Y,N,N,1.00,2,등록후보수_의원정수이하,N,N,N
100162092,서상훈,국민의힘,구시군의회의원,지역구,대구광역시,북구다선거구,https://info.nec.go.kr/electioninfo/candidate_detail_info.xhtml?electionId=0020260603&huboId=100162092,0,0천원,0,0천원,없음,,,0,0,N,N,N,N,N,1.00,3,등록후보수_의원정수이하,N,N,N
100160545,황귀주,더불어민주당,구시군의회의원,지역구,대구광역시,북구다선거구,https://info.nec.go.kr/electioninfo/candidate_detail_info.xhtml?electionId=0020260603&huboId=100160545,0,0천원,0,0천원,없음,,,0,0,N,N,N,N,N,1.00,3,등록후보수_의원정수이하,N,N,N
100162177,이현수,국민의힘,구시군의회의원,지역구,대구광역시,북구라선거구,https://info.nec.go.kr/electioninfo/candidate_detail_info.xhtml?electionId=0020260603&huboId=100162177,0,0천원,0,0천원,없음,,,0,0,N,N,N,N,N,1.00,2,등록후보수_의원정수이하,N,N,N
100161469,한상열,더불어민주당,구시군의회의원,지역구,대구광역시,북구라선거구,https://info.nec.go.kr/electioninfo/candidate_detail_info.xhtml?electionId=0020260603&huboId=100161469,0,0천원,0,0천원,없음,,,0,0,N,N,N,N,N,1.00,2,등록후보수_의원정수이하,N,N,N
100164466,김은주,국민의힘,기초의원비례,비례,대구광역시,군위군,https://info.nec.go.kr/electioninfo/candidate_detail_info.xhtml?electionId=0020260603&huboId=100164466,0,0천원,0,0천원,없음,,,0,0,N,N,N,N,N,1.00,1,등록후보수_의원정수이하,N,N,N
100165199,김철희,국민의힘,기초의원비례,비례,대구광역시,달서구,https://info.nec.go.kr/electioninfo/candidate_detail_info.xhtml?electionId=0020260603&huboId=100165199,0,0천원,0,0천원,없음,,,0,0,N,N,N,N,N,1.00,3,등록후보수_의원정수이하,N,N,N
100165191,배무연,국민의힘,기초의원비례,비례,대구광역시,달서구,https://info.nec.go.kr/electioninfo/candidate_detail_info.xhtml?electionId=0020260603&huboId=100165191,0,0천원,0,0천원,없음,,,0,0,N,N,N,N,N,1.00,3,등록후보수_의원정수이하,N,N,N
100165162,백경해,더불어민주당,기초의원비례,비례,대구광역시,달서구,https://info.nec.go.kr/electioninfo/candidate_detail_info.xhtml?electionId=0020260603&huboId=100165162,0,0천원,0,0천원,없음,,,0,0,N,N,N,N,N,1.00,3,등록후보수_의원정수이하,N,N,N
100164791,김성화,더불어민주당,기초의원비례,비례,대구광역시,달성군,https://info.nec.go.kr/electioninfo/candidate_detail_info.xhtml?electionId=0020260603&huboId=100164791,0,0천원,0,0천원,없음,,,0,0,N,N,N,N,N,1.00,2,등록후보수_의원정수이하,N,N,N
100164851,전순애,국민의힘,기초의원비례,비례,대구광역시,달성군,https://info.nec.go.kr/electioninfo/candidate_detail_info.xhtml?electionId=0020260603&huboId=100164851,0,0천원,0,0천원,없음,,,0,0,N,N,N,N,N,1.00,2,등록후보수_의원정수이하,N,N,N
100165596,고정애,국민의힘,기초의원비례,비례,대구광역시,북구,https://info.nec.go.kr/electioninfo/candidate_detail_info.xhtml?electionId=0020260603&huboId=100165596,0,0천원,0,0천원,없음,,,0,0,N,N,N,N,N,1.00,3,등록후보수_의원정수이하,N,N,N
100165020,구진경,더불어민주당,기초의원비례,비례,대구광역시,북구,https://info.nec.go.kr/electioninfo/candidate_detail_info.xhtml?electionId=0020260603&huboId=100165020,0,0천원,0,0천원,없음,,,0,0,N,N,N,N,N,1.00,3,등록후보수_의원정수이하,N,N,N
100165599,서효림,국민의힘,기초의원비례,비례,대구광역시,북구,https://info.nec.go.kr/electioninfo/candidate_detail_info.xhtml?electionId=0020260603&huboId=100165599,0,0천원,0,0천원,없음,,,0,0,N,N,N,N,N,1.00,3,등록후보수_의원정수이하,N,N,N
100163302,박소영,국민의힘,시도의원,지역구,대구광역시,동구제2선거구,https://info.nec.go.kr/electioninfo/candidate_detail_info.xhtml?electionId=0020260603&huboId=100163302,0,0천원,0,0천원,없음,,,0,0,N,N,N,N,N,1.00,1,등록후보수_의원정수이하,N,N,N
100154984,이삼남,더불어민주당,구시군의회의원,지역구,대전광역시,대덕구가선거구,https://info.nec.go.kr/electioninfo/candidate_detail_info.xhtml?electionId=0020260603&huboId=100154984,0,0천원,0,0천원,없음,,,0,0,N,N,N,N,N,1.00,2,등록후보수_의원정수이하,N,N,N
100162362,조대웅,국민의힘,구시군의회의원,지역구,대전광역시,대덕구가선거구,https://info.nec.go.kr/electioninfo/candidate_detail_info.xhtml?electionId=0020260603&huboId=100162362,0,0천원,0,0천원,1건,공무집행방해,,0,0,N,N,Y,N,N,1.00,2,등록후보수_의원정수이하,N,N,N
100161671,박용준,더불어민주당,구시군의회의원,지역구,대전광역시,서구마선거구,https://info.nec.go.kr/electioninfo/candidate_detail_info.xhtml?electionId=0020260603&huboId=100161671,0,0천원,0,0천원,없음,,,0,0,N,N,N,N,N,1.00,3,등록후보수_의원정수이하,N,N,N
100157544,송용석,더불어민주당,구시군의회의원,지역구,대전광역시,서구바선거구,https://info.nec.go.kr/electioninfo/candidate_detail_info.xhtml?electionId=0020260603&huboId=100157544,0,0천원,0,0천원,없음,,,0,0,N,N,N,N,N,1.00,2,등록후보수_의원정수이하,N,N,N
100162108,정인화,국민의힘,구시군의회의원,지역구,대전광역시,서구바선거구,https://info.nec.go.kr/electioninfo/candidate_detail_info.xhtml?electionId=0020260603&huboId=100162108,0,0천원,0,0천원,없음,,,0,0,N,N,N,N,N,1.00,2,등록후보수_의원정수이하,N,N,N
100161662,강재호,국민의힘,구시군의회의원,지역구,부산광역시,금정구나선거구,https://info.nec.go.kr/electioninfo/candidate_detail_info.xhtml?electionId=0020260603&huboId=100161662,0,0천원,0,0천원,1건,폭력; 업무방해,,0,0,N,N,Y,N,N,1.00,2,등록후보수_의원정수이하,N,N,N
100155533,이승진,더불어민주당,구시군의회의원,지역구,부산광역시,금정구나선거구,https://info.nec.go.kr/electioninfo/candidate_detail_info.xhtml?electionId=0020260603&huboId=100155533,0,0천원,0,0천원,없음,,,0,0,N,N,N,N,N,1.00,2,등록후보수_의원정수이하,N,N,N
100160052,박강민,더불어민주당,구시군의회의원,지역구,부산광역시,남구가선거구,https://info.nec.go.kr/electioninfo/candidate_detail_info.xhtml?electionId=0020260603&huboId=100160052,0,0천원,0,0천원,없음,,,0,0,N,N,N,N,N,1.00,2,등록후보수_의원정수이하,N,N,N
100155567,이준희,국민의힘,구시군의회의원,지역구,부산광역시,남구가선거구,https://info.nec.go.kr/electioninfo/candidate_detail_info.xhtml?electionId=0020260603&huboId=100155567,0,0천원,0,0천원,없음,,,0,0,N,N,N,N,N,1.00,2,등록후보수_의원정수이하,N,N,N
100157622,허미향,더불어민주당,구시군의회의원,지역구,부산광역시,남구나선거구,https://info.nec.go.kr/electioninfo/candidate_detail_info.xhtml?electionId=0020260603&huboId=100157622,0,0천원,0,0천원,없음,,,0,0,N,N,N,N,N,1.00,2,등록후보수_의원정수이하,N,N,N
100160056,서영태,더불어민주당,구시군의회의원,지역구,부산광역시,남구라선거구,https://info.nec.go.kr/electioninfo/candidate_detail_info.xhtml?electionId=0020260603&huboId=100160056,0,0천원,0,0천원,없음,,,0,0,N,N,N,N,N,1.00,2,등록후보수_의원정수이하,N,N,N
100156680,윤성록,국민의힘,구시군의회의원,지역구,부산광역시,남구라선거구,https://info.nec.go.kr/electioninfo/candidate_detail_info.xhtml?electionId=0020260603&huboId=100156680,0,0천원,0,0천원,없음,,,0,0,N,N,N,N,N,1.00,2,등록후보수_의원정수이하,N,N,N
100158916,정상환,더불어민주당,구시군의회의원,지역구,부산광역시,동래구가선거구,https://info.nec.go.kr/electioninfo/candidate_detail_info.xhtml?electionId=0020260603&huboId=100158916,0,0천원,0,0천원,1건,도로교통,,0,0,N,N,Y,N,N,1.00,2,등록후보수_의원정수이하,N,N,N
100161731,최순희,국민의힘,구시군의회의원,지역구,부산광역시,동래구라선거구,https://info.nec.go.kr/electioninfo/candidate_detail_info.xhtml?electionId=0020260603&huboId=100161731,0,0천원,0,0천원,1건,교통사고,,0,0,N,N,Y,N,N,1.00,2,등록후보수_의원정수이하,N,N,N
100163014,성낙욱,국민의힘,구시군의회의원,지역구,부산광역시,부산진구나선거구,https://info.nec.go.kr/electioninfo/candidate_detail_info.xhtml?electionId=0020260603&huboId=100163014,0,0천원,0,0천원,없음,,,0,0,N,N,N,N,N,1.00,2,등록후보수_의원정수이하,N,N,N
100163260,조수성,국민의힘,구시군의회의원,지역구,부산광역시,부산진구다선거구,https://info.nec.go.kr/electioninfo/candidate_detail_info.xhtml?electionId=0020260603&huboId=100163260,0,0천원,0,0천원,없음,,,0,0,N,N,N,N,N,1.00,2,등록후보수_의원정수이하,N,N,N
100157722,이지영,더불어민주당,구시군의회의원,지역구,부산광역시,부산진구바선거구,https://info.nec.go.kr/electioninfo/candidate_detail_info.xhtml?electionId=0020260603&huboId=100157722,0,0천원,0,0천원,없음,,,0,0,N,N,N,N,N,1.00,2,등록후보수_의원정수이하,N,N,N
100161074,김민경,국민의힘,구시군의회의원,지역구,부산광역시,부산진구사선거구,https://info.nec.go.kr/electioninfo/candidate_detail_info.xhtml?electionId=0020260603&huboId=100161074,0,0천원,0,0천원,없음,,,0,0,N,N,N,N,N,1.00,2,등록후보수_의원정수이하,N,N,N
100161106,김진순,국민의힘,구시군의회의원,지역구,부산광역시,사상구라선거구,https://info.nec.go.kr/electioninfo/candidate_detail_info.xhtml?electionId=0020260603&huboId=100161106,0,0천원,0,0천원,없음,,,0,0,N,N,N,N,N,1.00,2,등록후보수_의원정수이하,N,N,N
100160407,황수진,더불어민주당,구시군의회의원,지역구,부산광역시,사상구라선거구,https://info.nec.go.kr/electioninfo/candidate_detail_info.xhtml?electionId=0020260603&huboId=100160407,0,0천원,0,0천원,없음,,,0,0,N,N,N,N,N,1.00,2,등록후보수_의원정수이하,N,N,N
100158391,조선민,더불어민주당,구시군의회의원,지역구,부산광역시,수영구가선거구,https://info.nec.go.kr/electioninfo/candidate_detail_info.xhtml?electionId=0020260603&huboId=100158391,0,0천원,0,0천원,없음,,,0,0,N,N,N,N,N,1.00,2,등록후보수_의원정수이하,N,N,N
100161088,김태성,국민의힘,구시군의회의원,지역구,부산광역시,수영구다선거구,https://info.nec.go.kr/electioninfo/candidate_detail_info.xhtml?electionId=0020260603&huboId=100161088,0,0천원,0,0천원,없음,,,0,0,N,N,N,N,N,1.00,2,등록후보수_의원정수이하,N,N,N
100157695,윤정환,더불어민주당,구시군의회의원,지역구,부산광역시,수영구다선거구,https://info.nec.go.kr/electioninfo/candidate_detail_info.xhtml?electionId=0020260603&huboId=100157695,0,0천원,0,0천원,없음,,,0,0,N,N,N,N,N,1.00,2,등록후보수_의원정수이하,N,N,N
100160029,김미희,더불어민주당,구시군의회의원,지역구,부산광역시,해운대구라선거구,https://info.nec.go.kr/electioninfo/candidate_detail_info.xhtml?electionId=0020260603&huboId=100160029,0,0천원,0,0천원,없음,,,0,0,N,N,N,N,N,1.00,2,등록후보수_의원정수이하,N,N,N
100163008,서창우,국민의힘,구시군의회의원,지역구,부산광역시,해운대구라선거구,https://info.nec.go.kr/electioninfo/candidate_detail_info.xhtml?electionId=0020260603&huboId=100163008,0,0천원,0,0천원,없음,,,0,0,N,N,N,N,N,1.00,2,등록후보수_의원정수이하,N,N,N
100156715,마준영,더불어민주당,구시군의회의원,지역구,부산광역시,해운대구마선거구,https://info.nec.go.kr/electioninfo/candidate_detail_info.xhtml?electionId=0020260603&huboId=100156715,0,0천원,0,0천원,없음,,,0,0,N,N,N,N,N,1.00,2,등록후보수_의원정수이하,N,N,N
100158735,박기훈,국민의힘,구시군의회의원,지역구,부산광역시,해운대구마선거구,https://info.nec.go.kr/electioninfo/candidate_detail_info.xhtml?electionId=0020260603&huboId=100158735,0,0천원,0,0천원,없음,,,0,0,N,N,N,N,N,1.00,2,등록후보수_의원정수이하,N,N,N
100157171,공기순,더불어민주당,구시군의회의원,지역구,부산광역시,해운대구바선거구,https://info.nec.go.kr/electioninfo/candidate_detail_info.xhtml?electionId=0020260603&huboId=100157171,0,0천원,0,0천원,없음,,,0,0,N,N,N,N,N,1.00,2,등록후보수_의원정수이하,N,N,N
100161177,장성철,국민의힘,구시군의회의원,지역구,부산광역시,해운대구바선거구,https://info.nec.go.kr/electioninfo/candidate_detail_info.xhtml?electionId=0020260603&huboId=100161177,0,0천원,0,0천원,없음,,,0,0,N,N,N,N,N,1.00,2,등록후보수_의원정수이하,N,N,N
100164822,임이정,더불어민주당,기초의원비례,비례,부산광역시,남구,https://info.nec.go.kr/electioninfo/candidate_detail_info.xhtml?electionId=0020260603&huboId=100164822,0,0천원,0,0천원,없음,,,0,0,N,N,N,N,N,1.00,2,등록후보수_의원정수이하,N,N,N
100164868,정수아,국민의힘,기초의원비례,비례,부산광역시,남구,https://info.nec.go.kr/electioninfo/candidate_detail_info.xhtml?electionId=0020260603&huboId=100164868,0,0천원,0,0천원,없음,,,0,0,N,N,N,N,N,1.00,2,등록후보수_의원정수이하,N,N,N
100164404,노은정,더불어민주당,기초의원비례,비례,부산광역시,동래구,https://info.nec.go.kr/electioninfo/candidate_detail_info.xhtml?electionId=0020260603&huboId=100164404,0,0천원,0,0천원,없음,,,0,0,N,N,N,N,N,1.00,2,등록후보수_의원정수이하,N,N,N
100164393,진영옥,더불어민주당,기초의원비례,비례,부산광역시,북구,https://info.nec.go.kr/electioninfo/candidate_detail_info.xhtml?electionId=0020260603&huboId=100164393,0,0천원,0,0천원,없음,,,0,0,N,N,N,N,N,1.00,2,등록후보수_의원정수이하,N,N,N
100164401,최태숙,국민의힘,기초의원비례,비례,부산광역시,북구,https://info.nec.go.kr/electioninfo/candidate_detail_info.xhtml?electionId=0020260603&huboId=100164401,0,0천원,0,0천원,없음,,,0,0,N,N,N,N,N,1.00,2,등록후보수_의원정수이하,N,N,N
100164709,어해영,더불어민주당,기초의원비례,비례,부산광역시,연제구,https://info.nec.go.kr/electioninfo/candidate_detail_info.xhtml?electionId=0020260603&huboId=100164709,0,0천원,0,0천원,없음,,,0,0,N,N,N,N,N,1.00,2,등록후보수_의원정수이하,N,N,N
100164497,정창동,국민의힘,기초의원비례,비례,부산광역시,연제구,https://info.nec.go.kr/electioninfo/candidate_detail_info.xhtml?electionId=0020260603&huboId=100164497,0,0천원,0,0천원,없음,,,0,0,N,N,N,N,N,1.00,2,등록후보수_의원정수이하,N,N,N
100164154,김선희,국민의힘,기초의원비례,비례,부산광역시,해운대구,https://info.nec.go.kr/electioninfo/candidate_detail_info.xhtml?electionId=0020260603&huboId=100164154,0,0천원,0,0천원,없음,,,0,0,N,N,N,N,N,1.00,2,등록후보수_의원정수이하,N,N,N
100164151,박주령,더불어민주당,기초의원비례,비례,부산광역시,해운대구,https://info.nec.go.kr/electioninfo/candidate_detail_info.xhtml?electionId=0020260603&huboId=100164151,0,0천원,0,0천원,없음,,,0,0,N,N,N,N,N,1.00,2,등록후보수_의원정수이하,N,N,N
100163427,고은진,더불어민주당,구시군의회의원,지역구,서울특별시,강남구바선거구,https://info.nec.go.kr/electioninfo/candidate_detail_info.xhtml?electionId=0020260603&huboId=100163427,0,0천원,0,0천원,없음,,,0,0,N,N,N,N,N,1.00,2,등록후보수_의원정수이하,N,N,N
100163455,송영광,국민의힘,구시군의회의원,지역구,서울특별시,강남구바선거구,https://info.nec.go.kr/electioninfo/candidate_detail_info.xhtml?electionId=0020260603&huboId=100163455,0,0천원,0,0천원,없음,,,0,0,N,N,N,N,N,1.00,2,등록후보수_의원정수이하,N,N,N
100160953,오온누리,더불어민주당,구시군의회의원,지역구,서울특별시,강남구아선거구,https://info.nec.go.kr/electioninfo/candidate_detail_info.xhtml?electionId=0020260603&huboId=100160953,0,0천원,0,0천원,없음,,,0,0,N,N,N,N,N,1.00,2,등록후보수_의원정수이하,N,N,N
100162305,윤수혁,국민의힘,구시군의회의원,지역구,서울특별시,강남구아선거구,https://info.nec.go.kr/electioninfo/candidate_detail_info.xhtml?electionId=0020260603&huboId=100162305,0,0천원,0,0천원,없음,,,0,0,N,N,N,N,N,1.00,2,등록후보수_의원정수이하,N,N,N
100154847,최성례,더불어민주당,구시군의회의원,지역구,서울특별시,강북구라선거구,https://info.nec.go.kr/electioninfo/candidate_detail_info.xhtml?electionId=0020260603&huboId=100154847,0,0천원,0,0천원,없음,,,0,0,N,N,N,N,N,1.00,3,등록후보수_의원정수이하,N,N,N
100160787,최치효,더불어민주당,구시군의회의원,지역구,서울특별시,강북구라선거구,https://info.nec.go.kr/electioninfo/candidate_detail_info.xhtml?electionId=0020260603&huboId=100160787,0,0천원,0,0천원,없음,,,0,0,N,N,N,N,N,1.00,3,등록후보수_의원정수이하,N,N,N
100156021,전미숙,국민의힘,구시군의회의원,지역구,서울특별시,구로구라선거구,https://info.nec.go.kr/electioninfo/candidate_detail_info.xhtml?electionId=0020260603&huboId=100156021,0,0천원,0,0천원,없음,,,0,0,N,N,N,N,N,1.00,2,등록후보수_의원정수이하,N,N,N
100162196,김철수,국민의힘,구시군의회의원,지역구,서울특별시,구로구마선거구,https://info.nec.go.kr/electioninfo/candidate_detail_info.xhtml?electionId=0020260603&huboId=100162196,0,0천원,0,0천원,없음,,,0,0,N,N,N,N,N,1.00,2,등록후보수_의원정수이하,N,N,N
100163875,김소라,더불어민주당,구시군의회의원,지역구,서울특별시,노원구다선거구,https://info.nec.go.kr/electioninfo/candidate_detail_info.xhtml?electionId=0020260603&huboId=100163875,0,0천원,0,0천원,없음,,,0,0,N,N,N,N,N,1.00,3,등록후보수_의원정수이하,N,N,N
100160493,김희숙,국민의힘,구시군의회의원,지역구,서울특별시,노원구다선거구,https://info.nec.go.kr/electioninfo/candidate_detail_info.xhtml?electionId=0020260603&huboId=100160493,0,0천원,0,0천원,없음,,,0,0,N,N,N,N,N,1.00,3,등록후보수_의원정수이하,N,N,N
100162847,손영준,더불어민주당,구시군의회의원,지역구,서울특별시,노원구다선거구,https://info.nec.go.kr/electioninfo/candidate_detail_info.xhtml?electionId=0020260603&huboId=100162847,0,0천원,0,0천원,없음,,,0,0,N,N,N,N,N,1.00,3,등록후보수_의원정수이하,N,N,N
100161552,김우일,국민의힘,구시군의회의원,지역구,서울특별시,노원구라선거구,https://info.nec.go.kr/electioninfo/candidate_detail_info.xhtml?electionId=0020260603&huboId=100161552,0,0천원,0,0천원,1건,,,0,0,N,N,Y,N,N,1.00,3,등록후보수_의원정수이하,N,N,N
100164582,원동민,더불어민주당,구시군의회의원,지역구,서울특별시,노원구라선거구,https://info.nec.go.kr/electioninfo/candidate_detail_info.xhtml?electionId=0020260603&huboId=100164582,0,0천원,0,0천원,없음,,,0,0,N,N,N,N,N,1.00,3,등록후보수_의원정수이하,N,N,N
100155897,강신만,국민의힘,구시군의회의원,지역구,서울특별시,도봉구마선거구,https://info.nec.go.kr/electioninfo/candidate_detail_info.xhtml?electionId=0020260603&huboId=100155897,0,0천원,0,0천원,없음,,,0,0,N,N,N,N,N,1.00,2,등록후보수_의원정수이하,N,N,N
100154908,신은옥,더불어민주당,구시군의회의원,지역구,서울특별시,도봉구마선거구,https://info.nec.go.kr/electioninfo/candidate_detail_info.xhtml?electionId=0020260603&huboId=100154908,0,0천원,0,0천원,1건,폭력; 공무집행방해; 주거침입; 도로교통; 집시법,,0,0,N,N,Y,N,N,1.00,2,등록후보수_의원정수이하,N,N,N
100161451,박지우,더불어민주당,구시군의회의원,지역구,서울특별시,동작구라선거구,https://info.nec.go.kr/electioninfo/candidate_detail_info.xhtml?electionId=0020260603&huboId=100161451,0,0천원,0,0천원,1건,도로교통,,0,0,N,N,Y,N,N,1.00,2,등록후보수_의원정수이하,N,N,N
100162486,이주현,국민의힘,구시군의회의원,지역구,서울특별시,동작구라선거구,https://info.nec.go.kr/electioninfo/candidate_detail_info.xhtml?electionId=0020260603&huboId=100162486,0,0천원,0,0천원,없음,,,0,0,N,N,N,N,N,1.00,2,등록후보수_의원정수이하,N,N,N
100158794,김은하,더불어민주당,구시군의회의원,지역구,서울특별시,동작구바선거구,https://info.nec.go.kr/electioninfo/candidate_detail_info.xhtml?electionId=0020260603&huboId=100158794,0,0천원,0,0천원,없음,,,0,0,N,N,N,N,N,1.00,2,등록후보수_의원정수이하,N,N,N
100158335,정유나,국민의힘,구시군의회의원,지역구,서울특별시,동작구바선거구,https://info.nec.go.kr/electioninfo/candidate_detail_info.xhtml?electionId=0020260603&huboId=100158335,0,0천원,0,0천원,없음,,,0,0,N,N,N,N,N,1.00,2,등록후보수_의원정수이하,N,N,N
100165316,강수영,국민의힘,구시군의회의원,지역구,서울특별시,마포구가선거구,https://info.nec.go.kr/electioninfo/candidate_detail_info.xhtml?electionId=0020260603&huboId=100165316,0,0천원,0,0천원,없음,,,0,0,N,N,N,N,N,1.00,2,등록후보수_의원정수이하,N,N,N
100161062,남해석,더불어민주당,구시군의회의원,지역구,서울특별시,마포구라선거구,https://info.nec.go.kr/electioninfo/candidate_detail_info.xhtml?electionId=0020260603&huboId=100161062,0,0천원,0,0천원,없음,,,0,0,N,N,N,N,N,1.00,2,등록후보수_의원정수이하,N,N,N
100164943,서종수,국민의힘,구시군의회의원,지역구,서울특별시,마포구라선거구,https://info.nec.go.kr/electioninfo/candidate_detail_info.xhtml?electionId=0020260603&huboId=100164943,0,0천원,0,0천원,없음,,,0,0,N,N,N,N,N,1.00,2,등록후보수_의원정수이하,N,N,N
100158675,김진천,국민의힘,구시군의회의원,지역구,서울특별시,마포구사선거구,https://info.nec.go.kr/electioninfo/candidate_detail_info.xhtml?electionId=0020260603&huboId=100158675,0,0천원,0,0천원,2건,도로교통,,0,0,N,N,Y,N,N,1.00,2,등록후보수_의원정수이하,N,N,N
100165150,장영준,더불어민주당,구시군의회의원,지역구,서울특별시,마포구사선거구,https://info.nec.go.kr/electioninfo/candidate_detail_info.xhtml?electionId=0020260603&huboId=100165150,0,0천원,0,0천원,없음,,,0,0,N,N,N,N,N,1.00,2,등록후보수_의원정수이하,N,N,N
100161900,서호성,더불어민주당,구시군의회의원,지역구,서울특별시,서대문구라선거구,https://info.nec.go.kr/electioninfo/candidate_detail_info.xhtml?electionId=0020260603&huboId=100161900,0,0천원,0,0천원,없음,,,0,0,N,N,N,N,N,1.00,3,등록후보수_의원정수이하,N,N,N
100165331,이용준,국민의힘,구시군의회의원,지역구,서울특별시,서대문구라선거구,https://info.nec.go.kr/electioninfo/candidate_detail_info.xhtml?electionId=0020260603&huboId=100165331,0,0천원,0,0천원,없음,,,0,0,N,N,N,N,N,1.00,3,등록후보수_의원정수이하,N,N,N
100163375,양옥희,더불어민주당,구시군의회의원,지역구,서울특별시,성동구가선거구,https://info.nec.go.kr/electioninfo/candidate_detail_info.xhtml?electionId=0020260603&huboId=100163375,0,0천원,0,0천원,없음,,,0,0,N,N,N,N,N,1.00,3,등록후보수_의원정수이하,N,N,N
100162682,엄경석,국민의힘,구시군의회의원,지역구,서울특별시,성동구가선거구,https://info.nec.go.kr/electioninfo/candidate_detail_info.xhtml?electionId=0020260603&huboId=100162682,0,0천원,0,0천원,없음,,,0,0,N,N,N,N,N,1.00,3,등록후보수_의원정수이하,N,N,N
100158109,조진호,더불어민주당,구시군의회의원,지역구,서울특별시,성동구가선거구,https://info.nec.go.kr/electioninfo/candidate_detail_info.xhtml?electionId=0020260603&huboId=100158109,0,0천원,0,0천원,없음,,,0,0,N,N,N,N,N,1.00,3,등록후보수_의원정수이하,N,N,N
100162065,송영옥,국민의힘,구시군의회의원,지역구,서울특별시,성북구다선거구,https://info.nec.go.kr/electioninfo/candidate_detail_info.xhtml?electionId=0020260603&huboId=100162065,0,0천원,0,0천원,없음,,,0,0,N,N,N,N,N,1.00,3,등록후보수_의원정수이하,N,N,N
100161879,이용진,더불어민주당,구시군의회의원,지역구,서울특별시,성북구다선거구,https://info.nec.go.kr/electioninfo/candidate_detail_info.xhtml?electionId=0020260603&huboId=100161879,0,0천원,0,0천원,없음,,,0,0,N,N,N,N,N,1.00,3,등록후보수_의원정수이하,N,N,N
100161963,정윤주,더불어민주당,구시군의회의원,지역구,서울특별시,성북구다선거구,https://info.nec.go.kr/electioninfo/candidate_detail_info.xhtml?electionId=0020260603&huboId=100161963,0,0천원,0,0천원,없음,,,0,0,N,N,N,N,N,1.00,3,등록후보수_의원정수이하,N,N,N
100157706,권영숙,더불어민주당,구시군의회의원,지역구,서울특별시,성북구라선거구,https://info.nec.go.kr/electioninfo/candidate_detail_info.xhtml?electionId=0020260603&huboId=100157706,0,0천원,0,0천원,없음,,,0,0,N,N,N,N,N,1.00,2,등록후보수_의원정수이하,N,N,N
100162302,권영애,국민의힘,구시군의회의원,지역구,서울특별시,성북구라선거구,https://info.nec.go.kr/electioninfo/candidate_detail_info.xhtml?electionId=0020260603&huboId=100162302,0,0천원,0,0천원,없음,,,0,0,N,N,N,N,N,1.00,2,등록후보수_의원정수이하,N,N,N
100154717,김세운,더불어민주당,구시군의회의원,지역구,서울특별시,성북구마선거구,https://info.nec.go.kr/electioninfo/candidate_detail_info.xhtml?electionId=0020260603&huboId=100154717,0,0천원,0,0천원,없음,,,0,0,N,N,N,N,N,1.00,3,등록후보수_의원정수이하,N,N,N
100164899,이동호,국민의힘,구시군의회의원,지역구,서울특별시,성북구마선거구,https://info.nec.go.kr/electioninfo/candidate_detail_info.xhtml?electionId=0020260603&huboId=100164899,0,0천원,0,0천원,없음,,,0,0,N,N,N,N,N,1.00,3,등록후보수_의원정수이하,N,N,N
100162093,이인순,더불어민주당,구시군의회의원,지역구,서울특별시,성북구마선거구,https://info.nec.go.kr/electioninfo/candidate_detail_info.xhtml?electionId=0020260603&huboId=100162093,0,0천원,0,0천원,없음,,,0,0,N,N,N,N,N,1.00,3,등록후보수_의원정수이하,N,N,N
100154801,김규일,더불어민주당,구시군의회의원,지역구,서울특별시,성북구사선거구,https://info.nec.go.kr/electioninfo/candidate_detail_info.xhtml?electionId=0020260603&huboId=100154801,0,0천원,0,0천원,없음,,,0,0,N,N,N,N,N,1.00,2,등록후보수_의원정수이하,N,N,N
100163570,박순례,더불어민주당,구시군의회의원,지역구,서울특별시,송파구나선거구,https://info.nec.go.kr/electioninfo/candidate_detail_info.xhtml?electionId=0020260603&huboId=100163570,0,0천원,0,0천원,없음,,,0,0,N,N,N,N,N,1.00,2,등록후보수_의원정수이하,N,N,N
100162423,박순옥,국민의힘,구시군의회의원,지역구,서울특별시,송파구나선거구,https://info.nec.go.kr/electioninfo/candidate_detail_info.xhtml?electionId=0020260603&huboId=100162423,0,0천원,0,0천원,없음,,,0,0,N,N,N,N,N,1.00,2,등록후보수_의원정수이하,N,N,N
100164796,전정,국민의힘,구시군의회의원,지역구,서울특별시,송파구다선거구,https://info.nec.go.kr/electioninfo/candidate_detail_info.xhtml?electionId=0020260603&huboId=100164796,0,0천원,0,0천원,없음,,,0,0,N,N,N,N,N,1.00,2,등록후보수_의원정수이하,N,N,N
100164874,최옥주,더불어민주당,구시군의회의원,지역구,서울특별시,송파구다선거구,https://info.nec.go.kr/electioninfo/candidate_detail_info.xhtml?electionId=0020260603&huboId=100164874,0,0천원,0,0천원,없음,,,0,0,N,N,N,N,N,1.00,2,등록후보수_의원정수이하,N,N,N
100160725,김안나,더불어민주당,구시군의회의원,지역구,서울특별시,송파구바선거구,https://info.nec.go.kr/electioninfo/candidate_detail_info.xhtml?electionId=0020260603&huboId=100160725,0,0천원,0,0천원,없음,,,0,0,N,N,N,N,N,1.00,2,등록후보수_의원정수이하,N,N,N
100163410,최상진,국민의힘,구시군의회의원,지역구,서울특별시,송파구바선거구,https://info.nec.go.kr/electioninfo/candidate_detail_info.xhtml?electionId=0020260603&huboId=100163410,0,0천원,0,0천원,없음,,,0,0,N,N,N,N,N,1.00,2,등록후보수_의원정수이하,N,N,N
100165630,김성호,국민의힘,구시군의회의원,지역구,서울특별시,송파구자선거구,https://info.nec.go.kr/electioninfo/candidate_detail_info.xhtml?electionId=0020260603&huboId=100165630,0,0천원,0,0천원,없음,,,0,0,N,N,N,N,N,1.00,2,등록후보수_의원정수이하,N,N,N
100161416,위정희,더불어민주당,구시군의회의원,지역구,서울특별시,송파구자선거구,https://info.nec.go.kr/electioninfo/candidate_detail_info.xhtml?electionId=0020260603&huboId=100161416,0,0천원,0,0천원,없음,,,0,0,N,N,N,N,N,1.00,2,등록후보수_의원정수이하,N,N,N
100162002,이인락,국민의힘,구시군의회의원,지역구,서울특별시,양천구다선거구,https://info.nec.go.kr/electioninfo/candidate_detail_info.xhtml?electionId=0020260603&huboId=100162002,0,0천원,0,0천원,없음,,,0,0,N,N,N,N,N,1.00,2,등록후보수_의원정수이하,N,N,N
100161565,김대섭,국민의힘,구시군의회의원,지역구,서울특별시,양천구라선거구,https://info.nec.go.kr/electioninfo/candidate_detail_info.xhtml?electionId=0020260603&huboId=100161565,0,0천원,0,0천원,없음,,,0,0,N,N,N,N,N,1.00,2,등록후보수_의원정수이하,N,N,N
100165355,임정옥,더불어민주당,구시군의회의원,지역구,서울특별시,양천구라선거구,https://info.nec.go.kr/electioninfo/candidate_detail_info.xhtml?electionId=0020260603&huboId=100165355,0,0천원,0,0천원,없음,,,0,0,N,N,N,N,N,1.00,2,등록후보수_의원정수이하,N,N,N
100155899,홍성순,더불어민주당,구시군의회의원,지역구,서울특별시,양천구사선거구,https://info.nec.go.kr/electioninfo/candidate_detail_info.xhtml?electionId=0020260603&huboId=100155899,0,0천원,0,0천원,없음,,,0,0,N,N,N,N,N,1.00,2,등록후보수_의원정수이하,N,N,N
100161373,곽고은,더불어민주당,구시군의회의원,지역구,서울특별시,양천구아선거구,https://info.nec.go.kr/electioninfo/candidate_detail_info.xhtml?electionId=0020260603&huboId=100161373,0,0천원,0,0천원,없음,,,0,0,N,N,N,N,N,1.00,2,등록후보수_의원정수이하,N,N,N
100155446,서천열,더불어민주당,구시군의회의원,지역구,서울특별시,영등포구가선거구,https://info.nec.go.kr/electioninfo/candidate_detail_info.xhtml?electionId=0020260603&huboId=100155446,0,0천원,0,0천원,없음,,,0,0,N,N,N,N,N,1.00,2,등록후보수_의원정수이하,N,N,N
100163075,정선희,국민의힘,구시군의회의원,지역구,서울특별시,영등포구가선거구,https://info.nec.go.kr/electioninfo/candidate_detail_info.xhtml?electionId=0020260603&huboId=100163075,0,0천원,0,0천원,없음,,,0,0,N,N,N,N,N,1.00,2,등록후보수_의원정수이하,N,N,N
100156076,박미영,더불어민주당,구시군의회의원,지역구,서울특별시,영등포구마선거구,https://info.nec.go.kr/electioninfo/candidate_detail_info.xhtml?electionId=0020260603&huboId=100156076,0,0천원,0,0천원,없음,,,0,0,N,N,N,N,N,1.00,2,등록후보수_의원정수이하,N,N,N
100162692,우경란,국민의힘,구시군의회의원,지역구,서울특별시,영등포구바선거구,https://info.nec.go.kr/electioninfo/candidate_detail_info.xhtml?electionId=0020260603&huboId=100162692,0,0천원,0,0천원,없음,,,0,0,N,N,N,N,N,1.00,2,등록후보수_의원정수이하,N,N,N
100163282,김동현,국민의힘,구시군의회의원,지역구,서울특별시,용산구나선거구,https://info.nec.go.kr/electioninfo/candidate_detail_info.xhtml?electionId=0020260603&huboId=100163282,0,0천원,0,0천원,없음,,,0,0,N,N,N,N,N,1.00,2,등록후보수_의원정수이하,N,N,N
100162316,안태홍,더불어민주당,구시군의회의원,지역구,서울특별시,용산구나선거구,https://info.nec.go.kr/electioninfo/candidate_detail_info.xhtml?electionId=0020260603&huboId=100162316,0,0천원,0,0천원,없음,,,0,0,N,N,N,N,N,1.00,2,등록후보수_의원정수이하,N,N,N
100163541,김경욱,더불어민주당,구시군의회의원,지역구,서울특별시,용산구라선거구,https://info.nec.go.kr/electioninfo/candidate_detail_info.xhtml?electionId=0020260603&huboId=100163541,0,0천원,0,0천원,없음,,,0,0,N,N,N,N,N,1.00,2,등록후보수_의원정수이하,N,N,N
100162568,장정호,국민의힘,구시군의회의원,지역구,서울특별시,용산구라선거구,https://info.nec.go.kr/electioninfo/candidate_detail_info.xhtml?electionId=0020260603&huboId=100162568,0,0천원,0,0천원,없음,,,0,0,N,N,N,N,N,1.00,2,등록후보수_의원정수이하,N,N,N
100160556,박성도,국민의힘,구시군의회의원,지역구,서울특별시,은평구가선거구,https://info.nec.go.kr/electioninfo/candidate_detail_info.xhtml?electionId=0020260603&huboId=100160556,0,0천원,0,0천원,없음,,,0,0,N,N,N,N,N,1.00,2,등록후보수_의원정수이하,N,N,N
100163113,신현일,더불어민주당,구시군의회의원,지역구,서울특별시,은평구가선거구,https://info.nec.go.kr/electioninfo/candidate_detail_info.xhtml?electionId=0020260603&huboId=100163113,0,0천원,0,0천원,없음,,,0,0,N,N,N,N,N,1.00,2,등록후보수_의원정수이하,N,N,N
100160557,노승한,국민의힘,구시군의회의원,지역구,서울특별시,은평구나선거구,https://info.nec.go.kr/electioninfo/candidate_detail_info.xhtml?electionId=0020260603&huboId=100160557,0,0천원,0,0천원,없음,,,0,0,N,N,N,N,N,1.00,2,등록후보수_의원정수이하,N,N,N
100160826,장경은,국민의힘,구시군의회의원,지역구,서울특별시,은평구바선거구,https://info.nec.go.kr/electioninfo/candidate_detail_info.xhtml?electionId=0020260603&huboId=100160826,0,0천원,0,0천원,없음,,,0,0,N,N,N,N,N,1.00,2,등록후보수_의원정수이하,N,N,N
100156573,김호준,국민의힘,구시군의회의원,지역구,서울특별시,종로구나선거구,https://info.nec.go.kr/electioninfo/candidate_detail_info.xhtml?electionId=0020260603&huboId=100156573,0,0천원,0,0천원,없음,,,0,0,N,N,N,N,N,1.00,2,등록후보수_의원정수이하,N,N,N
100155608,노진경,더불어민주당,구시군의회의원,지역구,서울특별시,종로구나선거구,https://info.nec.go.kr/electioninfo/candidate_detail_info.xhtml?electionId=0020260603&huboId=100155608,0,0천원,0,0천원,없음,,,0,0,N,N,N,N,N,1.00,2,등록후보수_의원정수이하,N,N,N
100159054,유양순,더불어민주당,구시군의회의원,지역구,서울특별시,종로구라선거구,https://info.nec.go.kr/electioninfo/candidate_detail_info.xhtml?electionId=0020260603&huboId=100159054,0,0천원,0,0천원,없음,,,0,0,N,N,N,N,N,1.00,3,등록후보수_의원정수이하,N,N,N
100160164,이시훈,국민의힘,구시군의회의원,지역구,서울특별시,종로구라선거구,https://info.nec.go.kr/electioninfo/candidate_detail_info.xhtml?electionId=0020260603&huboId=100160164,0,0천원,0,0천원,없음,,,0,0,N,N,N,N,N,1.00,3,등록후보수_의원정수이하,N,N,N
100162404,손주하,국민의힘,구시군의회의원,지역구,서울특별시,중구가선거구,https://info.nec.go.kr/electioninfo/candidate_detail_info.xhtml?electionId=0020260603&huboId=100162404,0,0천원,0,0천원,없음,,,0,0,N,N,N,N,N,1.00,2,등록후보수_의원정수이하,N,N,N
100163316,윤판오,더불어민주당,구시군의회의원,지역구,서울특별시,중구가선거구,https://info.nec.go.kr/electioninfo/candidate_detail_info.xhtml?electionId=0020260603&huboId=100163316,0,0천원,0,0천원,1건,,,0,0,N,N,Y,N,N,1.00,2,등록후보수_의원정수이하,N,N,N
100162303,나은하,더불어민주당,구시군의회의원,지역구,서울특별시,중랑구나선거구,https://info.nec.go.kr/electioninfo/candidate_detail_info.xhtml?electionId=0020260603&huboId=100162303,0,0천원,0,0천원,없음,,,0,0,N,N,N,N,N,1.00,2,등록후보수_의원정수이하,N,N,N
100163015,채옥희,국민의힘,구시군의회의원,지역구,서울특별시,중랑구나선거구,https://info.nec.go.kr/electioninfo/candidate_detail_info.xhtml?electionId=0020260603&huboId=100163015,0,0천원,0,0천원,없음,,,0,0,N,N,N,N,N,1.00,2,등록후보수_의원정수이하,N,N,N
100163335,고강섭,더불어민주당,구시군의회의원,지역구,서울특별시,중랑구마선거구,https://info.nec.go.kr/electioninfo/candidate_detail_info.xhtml?electionId=0020260603&huboId=100163335,0,0천원,0,0천원,없음,,,0,0,N,N,N,N,N,1.00,2,등록후보수_의원정수이하,N,N,N
100164718,고경희,국민의힘,기초의원비례,비례,서울특별시,구로구,https://info.nec.go.kr/electioninfo/candidate_detail_info.xhtml?electionId=0020260603&huboId=100164718,0,0천원,0,0천원,없음,,,0,0,N,N,N,N,N,1.00,2,등록후보수_의원정수이하,N,N,N
100165143,김서연,국민의힘,기초의원비례,비례,서울특별시,노원구,https://info.nec.go.kr/electioninfo/candidate_detail_info.xhtml?electionId=0020260603&huboId=100165143,0,0천원,0,0천원,없음,,,0,0,N,N,N,N,N,1.00,3,등록후보수_의원정수이하,N,N,N
100164950,한은영,더불어민주당,기초의원비례,비례,서울특별시,노원구,https://info.nec.go.kr/electioninfo/candidate_detail_info.xhtml?electionId=0020260603&huboId=100164950,0,0천원,0,0천원,없음,,,0,0,N,N,N,N,N,1.00,3,등록후보수_의원정수이하,N,N,N
100164958,허윤회,더불어민주당,기초의원비례,비례,서울특별시,노원구,https://info.nec.go.kr/electioninfo/candidate_detail_info.xhtml?electionId=0020260603&huboId=100164958,0,0천원,0,0천원,없음,,,0,0,N,N,N,N,N,1.00,3,등록후보수_의원정수이하,N,N,N
100165072,경정화,더불어민주당,기초의원비례,비례,서울특별시,도봉구,https://info.nec.go.kr/electioninfo/candidate_detail_info.xhtml?electionId=0020260603&huboId=100165072,0,0천원,0,0천원,없음,,,0,0,N,N,N,N,N,1.00,2,등록후보수_의원정수이하,N,N,N
100164830,김이나,국민의힘,기초의원비례,비례,서울특별시,서대문구,https://info.nec.go.kr/electioninfo/candidate_detail_info.xhtml?electionId=0020260603&huboId=100164830,0,0천원,0,0천원,없음,,,0,0,N,N,N,N,N,1.00,2,등록후보수_의원정수이하,N,N,N
100164752,이미정,더불어민주당,기초의원비례,비례,서울특별시,서대문구,https://info.nec.go.kr/electioninfo/candidate_detail_info.xhtml?electionId=0020260603&huboId=100164752,0,0천원,0,0천원,없음,,,0,0,N,N,N,N,N,1.00,2,등록후보수_의원정수이하,N,N,N
100165029,김자연,국민의힘,기초의원비례,비례,서울특별시,성북구,https://info.nec.go.kr/electioninfo/candidate_detail_info.xhtml?electionId=0020260603&huboId=100165029,0,0천원,0,0천원,없음,,,0,0,N,N,N,N,N,1.00,3,등록후보수_의원정수이하,N,N,N
100164863,박윤경,더불어민주당,기초의원비례,비례,서울특별시,성북구,https://info.nec.go.kr/electioninfo/candidate_detail_info.xhtml?electionId=0020260603&huboId=100164863,0,0천원,0,0천원,없음,,,0,0,N,N,N,N,N,1.00,3,등록후보수_의원정수이하,N,N,N
100164885,한지연,더불어민주당,기초의원비례,비례,서울특별시,성북구,https://info.nec.go.kr/electioninfo/candidate_detail_info.xhtml?electionId=0020260603&huboId=100164885,0,0천원,0,0천원,없음,,,0,0,N,N,N,N,N,1.00,3,등록후보수_의원정수이하,N,N,N
100154677,공우석,더불어민주당,시도의원,지역구,서울특별시,관악구제1선거구,https://info.nec.go.kr/electioninfo/candidate_detail_info.xhtml?electionId=0020260603&huboId=100154677,0,0천원,0,0천원,1건,도로교통,,0,0,N,N,Y,N,N,1.00,1,등록후보수_의원정수이하,N,N,N
100159081,주무열,더불어민주당,시도의원,지역구,서울특별시,관악구제2선거구,https://info.nec.go.kr/electioninfo/candidate_detail_info.xhtml?electionId=0020260603&huboId=100159081,0,0천원,0,0천원,없음,,,0,0,N,N,N,N,N,1.00,1,등록후보수_의원정수이하,N,N,N
100156656,임만균,더불어민주당,시도의원,지역구,서울특별시,관악구제3선거구,https://info.nec.go.kr/electioninfo/candidate_detail_info.xhtml?electionId=0020260603&huboId=100156656,0,0천원,0,0천원,없음,,,0,0,N,N,N,N,N,1.00,1,등록후보수_의원정수이하,N,N,N
100163120,이병도,더불어민주당,시도의원,지역구,서울특별시,은평구제2선거구,https://info.nec.go.kr/electioninfo/candidate_detail_info.xhtml?electionId=0020260603&huboId=100163120,0,0천원,0,0천원,없음,,,0,0,N,N,N,N,N,1.00,1,등록후보수_의원정수이하,N,N,N
100157641,박지상,더불어민주당,구시군의회의원,지역구,인천광역시,계양구다선거구,https://info.nec.go.kr/electioninfo/candidate_detail_info.xhtml?electionId=0020260603&huboId=100157641,0,0천원,0,0천원,없음,,,0,0,N,N,N,N,N,1.00,2,등록후보수_의원정수이하,N,N,N
100159024,장수연,국민의힘,구시군의회의원,지역구,인천광역시,부평구가선거구,https://info.nec.go.kr/electioninfo/candidate_detail_info.xhtml?electionId=0020260603&huboId=100159024,0,0천원,0,0천원,없음,,,0,0,N,N,N,N,N,1.00,2,등록후보수_의원정수이하,N,N,N
100157146,조한결,더불어민주당,구시군의회의원,지역구,인천광역시,부평구가선거구,https://info.nec.go.kr/electioninfo/candidate_detail_info.xhtml?electionId=0020260603&huboId=100157146,0,0천원,0,0천원,없음,,,0,0,N,N,N,N,N,1.00,2,등록후보수_의원정수이하,N,N,N
100160852,남성훈,더불어민주당,구시군의회의원,지역구,인천광역시,부평구나선거구,https://info.nec.go.kr/electioninfo/candidate_detail_info.xhtml?electionId=0020260603&huboId=100160852,0,0천원,0,0천원,없음,,,0,0,N,N,N,N,N,1.00,3,등록후보수_의원정수이하,N,N,N
100158746,여명자,국민의힘,구시군의회의원,지역구,인천광역시,부평구나선거구,https://info.nec.go.kr/electioninfo/candidate_detail_info.xhtml?electionId=0020260603&huboId=100158746,0,0천원,0,0천원,없음,,,0,0,N,N,N,N,N,1.00,3,등록후보수_의원정수이하,N,N,N
100157164,이제욱,더불어민주당,구시군의회의원,지역구,인천광역시,부평구나선거구,https://info.nec.go.kr/electioninfo/candidate_detail_info.xhtml?electionId=0020260603&huboId=100157164,0,0천원,0,0천원,없음,,,0,0,N,N,N,N,N,1.00,3,등록후보수_의원정수이하,N,N,N
100157072,임규이,더불어민주당,구시군의회의원,지역구,인천광역시,부평구다선거구,https://info.nec.go.kr/electioninfo/candidate_detail_info.xhtml?electionId=0020260603&huboId=100157072,0,0천원,0,0천원,없음,,,0,0,N,N,N,N,N,1.00,3,등록후보수_의원정수이하,N,N,N
100160601,김진웅,국민의힘,구시군의회의원,지역구,인천광역시,부평구마선거구,https://info.nec.go.kr/electioninfo/candidate_detail_info.xhtml?electionId=0020260603&huboId=100160601,0,0천원,0,0천원,없음,,,0,0,N,N,N,N,N,1.00,2,등록후보수_의원정수이하,N,N,N
100154760,박성미,더불어민주당,구시군의회의원,지역구,인천광역시,부평구마선거구,https://info.nec.go.kr/electioninfo/candidate_detail_info.xhtml?electionId=0020260603&huboId=100154760,0,0천원,0,0천원,없음,,,0,0,N,N,N,N,N,1.00,2,등록후보수_의원정수이하,N,N,N
100159307,윤구영,국민의힘,구시군의회의원,지역구,인천광역시,부평구바선거구,https://info.nec.go.kr/electioninfo/candidate_detail_info.xhtml?electionId=0020260603&huboId=100159307,0,0천원,0,0천원,없음,,,0,0,N,N,N,N,N,1.00,3,등록후보수_의원정수이하,N,N,N
100157698,허정미,더불어민주당,구시군의회의원,지역구,인천광역시,부평구바선거구,https://info.nec.go.kr/electioninfo/candidate_detail_info.xhtml?electionId=0020260603&huboId=100157698,0,0천원,0,0천원,1건,,,0,0,N,N,Y,N,N,1.00,3,등록후보수_의원정수이하,N,N,N
100155722,정민균,국민의힘,구시군의회의원,지역구,인천광역시,연수구마선거구,https://info.nec.go.kr/electioninfo/candidate_detail_info.xhtml?electionId=0020260603&huboId=100155722,0,0천원,0,0천원,1건,업무방해; 재물손괴,,0,0,N,N,Y,N,N,1.00,2,등록후보수_의원정수이하,N,N,N
100156743,한지혜,더불어민주당,구시군의회의원,지역구,인천광역시,연수구마선거구,https://info.nec.go.kr/electioninfo/candidate_detail_info.xhtml?electionId=0020260603&huboId=100156743,0,0천원,0,0천원,없음,,,0,0,N,N,N,N,N,1.00,2,등록후보수_의원정수이하,N,N,N
100160975,손은비,국민의힘,구시군의회의원,지역구,인천광역시,영종구가선거구,https://info.nec.go.kr/electioninfo/candidate_detail_info.xhtml?electionId=0020260603&huboId=100160975,0,0천원,0,0천원,없음,,,0,0,N,N,N,N,N,1.00,2,등록후보수_의원정수이하,N,N,N
100155527,최미자,더불어민주당,구시군의회의원,지역구,인천광역시,영종구가선거구,https://info.nec.go.kr/electioninfo/candidate_detail_info.xhtml?electionId=0020260603&huboId=100155527,0,0천원,0,0천원,없음,,,0,0,N,N,N,N,N,1.00,2,등록후보수_의원정수이하,N,N,N
100164804,나선희,더불어민주당,기초의원비례,비례,인천광역시,검단구,https://info.nec.go.kr/electioninfo/candidate_detail_info.xhtml?electionId=0020260603&huboId=100164804,0,0천원,0,0천원,없음,,,0,0,N,N,N,N,N,1.00,1,등록후보수_의원정수이하,N,N,N
100165142,이보라,국민의힘,기초의원비례,비례,인천광역시,남동구,https://info.nec.go.kr/electioninfo/candidate_detail_info.xhtml?electionId=0020260603&huboId=100165142,0,0천원,0,0천원,없음,,,0,0,N,N,N,N,N,1.00,2,등록후보수_의원정수이하,N,N,N
100164702,태화순,더불어민주당,기초의원비례,비례,인천광역시,미추홀구,https://info.nec.go.kr/electioninfo/candidate_detail_info.xhtml?electionId=0020260603&huboId=100164702,0,0천원,0,0천원,없음,,,0,0,N,N,N,N,N,1.00,2,등록후보수_의원정수이하,N,N,N
100165115,양환옥,국민의힘,기초의원비례,비례,인천광역시,서구,https://info.nec.go.kr/electioninfo/candidate_detail_info.xhtml?electionId=0020260603&huboId=100165115,0,0천원,0,0천원,없음,,,0,0,N,N,N,N,N,1.00,2,등록후보수_의원정수이하,N,N,N
100155445,박흥석,더불어민주당,시도의원,지역구,인천광역시,부평구제5선거구,https://info.nec.go.kr/electioninfo/candidate_detail_info.xhtml?electionId=0020260603&huboId=100155445,0,0천원,0,0천원,없음,,,0,0,N,N,N,N,N,1.00,1,등록후보수_의원정수이하,N,N,N
100160354,류동철,더불어민주당,구시군의회의원,지역구,전라남도,고흥군가선거구,https://info.nec.go.kr/electioninfo/candidate_detail_info.xhtml?electionId=0020260603&huboId=100160354,0,0천원,0,0천원,없음,,,0,0,N,N,N,N,N,1.00,3,등록후보수_의원정수이하,N,N,N
100161117,박경석,더불어민주당,구시군의회의원,지역구,전라남도,고흥군가선거구,https://info.nec.go.kr/electioninfo/candidate_detail_info.xhtml?electionId=0020260603&huboId=100161117,0,0천원,0,0천원,없음,,,0,0,N,N,N,N,N,1.00,3,등록후보수_의원정수이하,N,N,N
100159747,한승욱,더불어민주당,구시군의회의원,지역구,전라남도,고흥군가선거구,https://info.nec.go.kr/electioninfo/candidate_detail_info.xhtml?electionId=0020260603&huboId=100159747,0,0천원,0,0천원,없음,,,0,0,N,N,N,N,N,1.00,3,등록후보수_의원정수이하,N,N,N
100160731,박규대,더불어민주당,구시군의회의원,지역구,전라남도,고흥군라선거구,https://info.nec.go.kr/electioninfo/candidate_detail_info.xhtml?electionId=0020260603&huboId=100160731,0,0천원,0,0천원,없음,,,0,0,N,N,N,N,N,1.00,2,등록후보수_의원정수이하,N,N,N
100162244,박용식,더불어민주당,구시군의회의원,지역구,전라남도,목포시가선거구,https://info.nec.go.kr/electioninfo/candidate_detail_info.xhtml?electionId=0020260603&huboId=100162244,0,0천원,0,0천원,없음,,,0,0,N,N,N,N,N,1.00,3,등록후보수_의원정수이하,N,N,N
100159950,김용배,더불어민주당,구시군의회의원,지역구,전라남도,신안군라선거구,https://info.nec.go.kr/electioninfo/candidate_detail_info.xhtml?electionId=0020260603&huboId=100159950,0,0천원,0,0천원,없음,,,0,0,N,N,N,N,N,1.00,2,등록후보수_의원정수이하,N,N,N
100158052,김철민,더불어민주당,구시군의회의원,지역구,전라남도,여수시가선거구,https://info.nec.go.kr/electioninfo/candidate_detail_info.xhtml?electionId=0020260603&huboId=100158052,0,0천원,0,0천원,없음,,,0,0,N,N,N,N,N,1.00,2,등록후보수_의원정수이하,N,N,N
100158085,박성미,더불어민주당,구시군의회의원,지역구,전라남도,여수시가선거구,https://info.nec.go.kr/electioninfo/candidate_detail_info.xhtml?electionId=0020260603&huboId=100158085,0,0천원,0,0천원,없음,,,0,0,N,N,N,N,N,1.00,2,등록후보수_의원정수이하,N,N,N
100165356,김경,더불어민주당,기초의원비례,비례,전라남도,강진군,https://info.nec.go.kr/electioninfo/candidate_detail_info.xhtml?electionId=0020260603&huboId=100165356,0,0천원,0,0천원,없음,,,0,0,N,N,N,N,N,1.00,1,등록후보수_의원정수이하,N,N,N
100165107,김인자,더불어민주당,기초의원비례,비례,전라남도,고흥군,https://info.nec.go.kr/electioninfo/candidate_detail_info.xhtml?electionId=0020260603&huboId=100165107,0,0천원,0,0천원,없음,,,0,0,N,N,N,N,N,1.50,2,비례대표_단일정당명부,Y,N,N
100165117,김지연,더불어민주당,기초의원비례,비례,전라남도,고흥군,https://info.nec.go.kr/electioninfo/candidate_detail_info.xhtml?electionId=0020260603&huboId=100165117,0,0천원,0,0천원,없음,,,0,0,N,N,N,N,N,1.50,2,비례대표_단일정당명부,Y,N,N
100165123,박순엽,더불어민주당,기초의원비례,비례,전라남도,고흥군,https://info.nec.go.kr/electioninfo/candidate_detail_info.xhtml?electionId=0020260603&huboId=100165123,0,0천원,0,0천원,없음,,,0,0,N,N,N,N,N,1.50,2,비례대표_단일정당명부,Y,N,N
100165414,이진숙,더불어민주당,기초의원비례,비례,전라남도,곡성군,https://info.nec.go.kr/electioninfo/candidate_detail_info.xhtml?electionId=0020260603&huboId=100165414,0,0천원,0,0천원,없음,,,0,0,N,N,N,N,N,2.00,1,비례대표_단일정당명부,Y,N,N
100165408,임원자,더불어민주당,기초의원비례,비례,전라남도,곡성군,https://info.nec.go.kr/electioninfo/candidate_detail_info.xhtml?electionId=0020260603&huboId=100165408,0,0천원,0,0천원,없음,,,0,0,N,N,N,N,N,2.00,1,비례대표_단일정당명부,Y,N,N
100164852,서연희,더불어민주당,기초의원비례,비례,전라남도,구례군,https://info.nec.go.kr/electioninfo/candidate_detail_info.xhtml?electionId=0020260603&huboId=100164852,0,0천원,0,0천원,없음,,,0,0,N,N,N,N,N,1.00,1,등록후보수_의원정수이하,N,N,N
100165012,김미숙,더불어민주당,기초의원비례,비례,전라남도,보성군,https://info.nec.go.kr/electioninfo/candidate_detail_info.xhtml?electionId=0020260603&huboId=100165012,0,0천원,0,0천원,없음,,,0,0,N,N,N,N,N,2.00,1,비례대표_단일정당명부,Y,N,N
100164886,서정옥,더불어민주당,기초의원비례,비례,전라남도,보성군,https://info.nec.go.kr/electioninfo/candidate_detail_info.xhtml?electionId=0020260603&huboId=100164886,0,0천원,0,0천원,없음,,,0,0,N,N,N,N,N,2.00,1,비례대표_단일정당명부,Y,N,N
100165813,박노은,더불어민주당,기초의원비례,비례,전라남도,영광군,https://info.nec.go.kr/electioninfo/candidate_detail_info.xhtml?electionId=0020260603&huboId=100165813,0,0천원,0,0천원,없음,,,0,0,N,N,N,N,N,2.00,1,비례대표_단일정당명부,Y,N,N
100165202,심애란,더불어민주당,기초의원비례,비례,전라남도,영암군,https://info.nec.go.kr/electioninfo/candidate_detail_info.xhtml?electionId=0020260603&huboId=100165202,0,0천원,0,0천원,없음,,,0,0,N,N,N,N,N,1.00,1,등록후보수_의원정수이하,N,N,N
100165716,김매숙,더불어민주당,기초의원비례,비례,전라남도,완도군,https://info.nec.go.kr/electioninfo/candidate_detail_info.xhtml?electionId=0020260603&huboId=100165716,0,0천원,0,0천원,없음,,,0,0,N,N,N,N,N,2.00,1,비례대표_단일정당명부,Y,N,N
100165729,손정희,더불어민주당,기초의원비례,비례,전라남도,완도군,https://info.nec.go.kr/electioninfo/candidate_detail_info.xhtml?electionId=0020260603&huboId=100165729,0,0천원,0,0천원,없음,,,0,0,N,N,N,N,N,2.00,1,비례대표_단일정당명부,Y,N,N
100165843,신화순,더불어민주당,기초의원비례,비례,전라남도,장성군,https://info.nec.go.kr/electioninfo/candidate_detail_info.xhtml?electionId=0020260603&huboId=100165843,0,0천원,0,0천원,없음,,,0,0,N,N,N,N,N,2.00,1,비례대표_단일정당명부,Y,N,N
100165842,이지연,더불어민주당,기초의원비례,비례,전라남도,장성군,https://info.nec.go.kr/electioninfo/candidate_detail_info.xhtml?electionId=0020260603&huboId=100165842,0,0천원,0,0천원,없음,,,0,0,N,N,N,N,N,2.00,1,비례대표_단일정당명부,Y,N,N
100164733,김동미,더불어민주당,기초의원비례,비례,전라남도,장흥군,https://info.nec.go.kr/electioninfo/candidate_detail_info.xhtml?electionId=0020260603&huboId=100164733,0,0천원,0,0천원,1건,폭력,,0,0,N,N,Y,N,N,2.00,1,비례대표_단일정당명부,Y,N,N
100164730,김옥화,더불어민주당,기초의원비례,비례,전라남도,장흥군,https://info.nec.go.kr/electioninfo/candidate_detail_info.xhtml?electionId=0020260603&huboId=100164730,0,0천원,0,0천원,1건,업무방해,,0,0,N,N,Y,N,N,2.00,1,비례대표_단일정당명부,Y,N,N
100165533,박후근,더불어민주당,기초의원비례,비례,전라남도,진도군,https://info.nec.go.kr/electioninfo/candidate_detail_info.xhtml?electionId=0020260603&huboId=100165533,0,0천원,0,0천원,없음,,,0,0,N,N,N,N,N,2.00,1,비례대표_단일정당명부,Y,N,N
100164329,조난영,더불어민주당,기초의원비례,비례,전라남도,진도군,https://info.nec.go.kr/electioninfo/candidate_detail_info.xhtml?electionId=0020260603&huboId=100164329,0,0천원,0,0천원,없음,,,0,0,N,N,N,N,N,2.00,1,비례대표_단일정당명부,Y,N,N
100165680,김농선,더불어민주당,기초의원비례,비례,전라남도,함평군,https://info.nec.go.kr/electioninfo/candidate_detail_info.xhtml?electionId=0020260603&huboId=100165680,0,0천원,0,0천원,없음,,,0,0,N,N,N,N,N,1.00,1,등록후보수_의원정수이하,N,N,N
100165267,주혜정,더불어민주당,기초의원비례,비례,전라남도,화순군,https://info.nec.go.kr/electioninfo/candidate_detail_info.xhtml?electionId=0020260603&huboId=100165267,0,0천원,0,0천원,없음,,,0,0,N,N,N,N,N,1.00,1,등록후보수_의원정수이하,N,N,N
100156732,송형곤,더불어민주당,시도의원,지역구,전라남도,고흥군제1선거구,https://info.nec.go.kr/electioninfo/candidate_detail_info.xhtml?electionId=0020260603&huboId=100156732,0,0천원,0,0천원,없음,,,0,0,N,N,N,N,N,1.00,1,등록후보수_의원정수이하,N,N,N
100164485,박선준,더불어민주당,시도의원,지역구,전라남도,고흥군제2선거구,https://info.nec.go.kr/electioninfo/candidate_detail_info.xhtml?electionId=0020260603&huboId=100164485,0,0천원,0,0천원,없음,,,0,0,N,N,N,N,N,1.00,1,등록후보수_의원정수이하,N,N,N
100158904,임형석,더불어민주당,시도의원,지역구,전라남도,광양시제1선거구,https://info.nec.go.kr/electioninfo/candidate_detail_info.xhtml?electionId=0020260603&huboId=100158904,0,0천원,0,0천원,없음,,,0,0,N,N,N,N,N,1.00,1,등록후보수_의원정수이하,N,N,N
100155026,김장권,더불어민주당,시도의원,지역구,전라남도,광양시제4선거구,https://info.nec.go.kr/electioninfo/candidate_detail_info.xhtml?electionId=0020260603&huboId=100155026,0,0천원,0,0천원,2건,폭력; 도로교통,,0,0,N,N,Y,N,N,1.00,1,등록후보수_의원정수이하,N,N,N
100155561,김송식,더불어민주당,시도의원,지역구,전라남도,구례군선거구,https://info.nec.go.kr/electioninfo/candidate_detail_info.xhtml?electionId=0020260603&huboId=100155561,0,0천원,0,0천원,없음,,,0,0,N,N,N,N,N,1.00,1,등록후보수_의원정수이하,N,N,N
100155594,이재창,더불어민주당,시도의원,지역구,전라남도,나주시제1선거구,https://info.nec.go.kr/electioninfo/candidate_detail_info.xhtml?electionId=0020260603&huboId=100155594,0,0천원,0,0천원,1건,,,0,0,N,N,Y,N,N,1.00,1,등록후보수_의원정수이하,N,N,N
100155817,최명수,더불어민주당,시도의원,지역구,전라남도,나주시제2선거구,https://info.nec.go.kr/electioninfo/candidate_detail_info.xhtml?electionId=0020260603&huboId=100155817,0,0천원,0,0천원,없음,,,0,0,N,N,N,N,N,1.00,1,등록후보수_의원정수이하,N,N,N
100158981,박준엽,더불어민주당,시도의원,지역구,전라남도,담양군제1선거구,https://info.nec.go.kr/electioninfo/candidate_detail_info.xhtml?electionId=0020260603&huboId=100158981,0,0천원,0,0천원,없음,,,0,0,N,N,N,N,N,1.00,1,등록후보수_의원정수이하,N,N,N
100154887,최선국,더불어민주당,시도의원,지역구,전라남도,목포시제1선거구,https://info.nec.go.kr/electioninfo/candidate_detail_info.xhtml?electionId=0020260603&huboId=100154887,0,0천원,0,0천원,없음,,,0,0,N,N,N,N,N,1.00,1,등록후보수_의원정수이하,N,N,N
100161090,박문옥,더불어민주당,시도의원,지역구,전라남도,목포시제3선거구,https://info.nec.go.kr/electioninfo/candidate_detail_info.xhtml?electionId=0020260603&huboId=100161090,0,0천원,0,0천원,없음,,,0,0,N,N,N,N,N,1.00,1,등록후보수_의원정수이하,N,N,N
100161368,최정훈,더불어민주당,시도의원,지역구,전라남도,목포시제4선거구,https://info.nec.go.kr/electioninfo/candidate_detail_info.xhtml?electionId=0020260603&huboId=100161368,0,0천원,0,0천원,없음,,,0,0,N,N,N,N,N,1.00,1,등록후보수_의원정수이하,N,N,N
100157345,고성석,더불어민주당,시도의원,지역구,전라남도,무안군제1선거구,https://info.nec.go.kr/electioninfo/candidate_detail_info.xhtml?electionId=0020260603&huboId=100157345,0,0천원,0,0천원,없음,,,0,0,N,N,N,N,N,1.00,1,등록후보수_의원정수이하,N,N,N
100157397,한춘옥,더불어민주당,시도의원,지역구,전라남도,순천시제2선거구,https://info.nec.go.kr/electioninfo/candidate_detail_info.xhtml?electionId=0020260603&huboId=100157397,0,0천원,0,0천원,없음,,,0,0,N,N,N,N,N,1.00,1,등록후보수_의원정수이하,N,N,N
100160891,김진남,더불어민주당,시도의원,지역구,전라남도,순천시제5선거구,https://info.nec.go.kr/electioninfo/candidate_detail_info.xhtml?electionId=0020260603&huboId=100160891,0,0천원,0,0천원,없음,,,0,0,N,N,N,N,N,1.00,1,등록후보수_의원정수이하,N,N,N
100164538,신민호,더불어민주당,시도의원,지역구,전라남도,순천시제6선거구,https://info.nec.go.kr/electioninfo/candidate_detail_info.xhtml?electionId=0020260603&huboId=100164538,0,0천원,0,0천원,1건,교통사고,,0,0,N,N,Y,N,N,1.00,1,등록후보수_의원정수이하,N,N,N
100160651,김영진,더불어민주당,시도의원,지역구,전라남도,순천시제8선거구,https://info.nec.go.kr/electioninfo/candidate_detail_info.xhtml?electionId=0020260603&huboId=100160651,0,0천원,0,0천원,1건,,,0,0,N,N,Y,N,N,1.00,1,등록후보수_의원정수이하,N,N,N
100159960,김문수,더불어민주당,시도의원,지역구,전라남도,신안군제1선거구,https://info.nec.go.kr/electioninfo/candidate_detail_info.xhtml?electionId=0020260603&huboId=100159960,0,0천원,0,0천원,1건,,,0,0,N,N,Y,N,N,1.00,1,등록후보수_의원정수이하,N,N,N
100157301,서대현,더불어민주당,시도의원,지역구,전라남도,여수시제2선거구,https://info.nec.go.kr/electioninfo/candidate_detail_info.xhtml?electionId=0020260603&huboId=100157301,0,0천원,0,0천원,2건,교통사고,,0,0,N,N,Y,N,N,1.00,1,등록후보수_의원정수이하,N,N,N
100159203,이석주,더불어민주당,시도의원,지역구,전라남도,여수시제6선거구,https://info.nec.go.kr/electioninfo/candidate_detail_info.xhtml?electionId=0020260603&huboId=100159203,0,0천원,0,0천원,없음,,,0,0,N,N,N,N,N,1.00,1,등록후보수_의원정수이하,N,N,N
100155823,이행도,더불어민주당,시도의원,지역구,전라남도,영암군제1선거구,https://info.nec.go.kr/electioninfo/candidate_detail_info.xhtml?electionId=0020260603&huboId=100155823,0,0천원,0,0천원,없음,,,0,0,N,N,N,N,N,1.00,1,등록후보수_의원정수이하,N,N,N
100161459,손남일,더불어민주당,시도의원,지역구,전라남도,영암군제2선거구,https://info.nec.go.kr/electioninfo/candidate_detail_info.xhtml?electionId=0020260603&huboId=100161459,0,0천원,0,0천원,1건,교통사고,,0,0,N,N,Y,N,N,1.00,1,등록후보수_의원정수이하,N,N,N
100160213,박재선,더불어민주당,시도의원,지역구,전라남도,완도군제1선거구,https://info.nec.go.kr/electioninfo/candidate_detail_info.xhtml?electionId=0020260603&huboId=100160213,0,0천원,0,0천원,없음,,,0,0,N,N,N,N,N,1.00,1,등록후보수_의원정수이하,N,N,N
100157537,박성재,더불어민주당,시도의원,지역구,전라남도,해남군제2선거구,https://info.nec.go.kr/electioninfo/candidate_detail_info.xhtml?electionId=0020260603&huboId=100157537,0,0천원,0,0천원,1건,폭력,,0,0,N,N,Y,N,N,1.00,1,등록후보수_의원정수이하,N,N,N
100156799,류기준,더불어민주당,시도의원,지역구,전라남도,화순군제2선거구,https://info.nec.go.kr/electioninfo/candidate_detail_info.xhtml?electionId=0020260603&huboId=100156799,0,0천원,0,0천원,없음,,,0,0,N,N,N,N,N,1.00,1,등록후보수_의원정수이하,N,N,N
100153876,이동현,더불어민주당,구시군의회의원,지역구,전북특별자치도,군산시다선거구,https://info.nec.go.kr/electioninfo/candidate_detail_info.xhtml?electionId=0020260603&huboId=100153876,0,0천원,0,0천원,없음,,,0,0,N,N,N,N,N,1.00,2,등록후보수_의원정수이하,N,N,N
100154013,최경애,더불어민주당,구시군의회의원,지역구,전북특별자치도,군산시다선거구,https://info.nec.go.kr/electioninfo/candidate_detail_info.xhtml?electionId=0020260603&huboId=100154013,0,0천원,0,0천원,없음,,,0,0,N,N,N,N,N,1.00,2,등록후보수_의원정수이하,N,N,N
100154866,김민완,더불어민주당,구시군의회의원,지역구,전북특별자치도,김제시다선거구,https://info.nec.go.kr/electioninfo/candidate_detail_info.xhtml?electionId=0020260603&huboId=100154866,0,0천원,0,0천원,없음,,,0,0,N,N,N,N,N,1.00,3,등록후보수_의원정수이하,N,N,N
100155442,오상민,더불어민주당,구시군의회의원,지역구,전북특별자치도,김제시다선거구,https://info.nec.go.kr/electioninfo/candidate_detail_info.xhtml?electionId=0020260603&huboId=100155442,0,0천원,0,0천원,없음,,,0,0,N,N,N,N,N,1.00,3,등록후보수_의원정수이하,N,N,N
100155935,장민우,더불어민주당,구시군의회의원,지역구,전북특별자치도,김제시다선거구,https://info.nec.go.kr/electioninfo/candidate_detail_info.xhtml?electionId=0020260603&huboId=100155935,0,0천원,0,0천원,없음,,,0,0,N,N,N,N,N,1.00,3,등록후보수_의원정수이하,N,N,N
100156205,소태수,더불어민주당,구시군의회의원,지역구,전북특별자치도,남원시가선거구,https://info.nec.go.kr/electioninfo/candidate_detail_info.xhtml?electionId=0020260603&huboId=100156205,0,0천원,0,0천원,없음,,,0,0,N,N,N,N,N,1.00,2,등록후보수_의원정수이하,N,N,N
100157834,이기열,더불어민주당,구시군의회의원,지역구,전북특별자치도,남원시라선거구,https://info.nec.go.kr/electioninfo/candidate_detail_info.xhtml?electionId=0020260603&huboId=100157834,0,0천원,0,0천원,1건,,,0,0,N,N,Y,N,N,1.00,2,등록후보수_의원정수이하,N,N,N
100155733,장병옥,더불어민주당,구시군의회의원,지역구,전북특별자치도,남원시라선거구,https://info.nec.go.kr/electioninfo/candidate_detail_info.xhtml?electionId=0020260603&huboId=100155733,0,0천원,0,0천원,없음,,,0,0,N,N,N,N,N,1.00,2,등록후보수_의원정수이하,N,N,N
100159668,김원진,더불어민주당,구시군의회의원,지역구,전북특별자치도,부안군나선거구,https://info.nec.go.kr/electioninfo/candidate_detail_info.xhtml?electionId=0020260603&huboId=100159668,0,0천원,0,0천원,없음,,,0,0,N,N,N,N,N,1.00,2,등록후보수_의원정수이하,N,N,N
100159735,오장환,더불어민주당,구시군의회의원,지역구,전북특별자치도,부안군나선거구,https://info.nec.go.kr/electioninfo/candidate_detail_info.xhtml?electionId=0020260603&huboId=100159735,0,0천원,0,0천원,1건,,,0,0,N,N,Y,N,N,1.00,2,등록후보수_의원정수이하,N,N,N
100155960,김미선,더불어민주당,구시군의회의원,지역구,전북특별자치도,익산시가선거구,https://info.nec.go.kr/electioninfo/candidate_detail_info.xhtml?electionId=0020260603&huboId=100155960,0,0천원,0,0천원,없음,,,0,0,N,N,N,N,N,1.00,2,등록후보수_의원정수이하,N,N,N
100155969,장경호,더불어민주당,구시군의회의원,지역구,전북특별자치도,익산시가선거구,https://info.nec.go.kr/electioninfo/candidate_detail_info.xhtml?electionId=0020260603&huboId=100155969,0,0천원,0,0천원,없음,,,0,0,N,N,N,N,N,1.00,2,등록후보수_의원정수이하,N,N,N
100157682,신유정,더불어민주당,구시군의회의원,지역구,전북특별자치도,전주시타선거구,https://info.nec.go.kr/electioninfo/candidate_detail_info.xhtml?electionId=0020260603&huboId=100157682,0,0천원,0,0천원,없음,,,0,0,N,N,N,N,N,1.00,2,등록후보수_의원정수이하,N,N,N
100154430,신인철,더불어민주당,구시군의회의원,지역구,전북특별자치도,전주시타선거구,https://info.nec.go.kr/electioninfo/candidate_detail_info.xhtml?electionId=0020260603&huboId=100154430,0,0천원,0,0천원,없음,,,0,0,N,N,N,N,N,1.00,2,등록후보수_의원정수이하,N,N,N
100155403,한선미,더불어민주당,구시군의회의원,지역구,전북특별자치도,정읍시다선거구,https://info.nec.go.kr/electioninfo/candidate_detail_info.xhtml?electionId=0020260603&huboId=100155403,0,0천원,0,0천원,2건,교육·청소년; 집시법,,0,0,N,N,Y,N,N,1.00,2,등록후보수_의원정수이하,N,N,N
100156907,황혜숙,더불어민주당,구시군의회의원,지역구,전북특별자치도,정읍시다선거구,https://info.nec.go.kr/electioninfo/candidate_detail_info.xhtml?electionId=0020260603&huboId=100156907,0,0천원,0,0천원,없음,,,0,0,N,N,N,N,N,1.00,2,등록후보수_의원정수이하,N,N,N
100165647,오순덕,더불어민주당,기초의원비례,비례,전북특별자치도,무주군,https://info.nec.go.kr/electioninfo/candidate_detail_info.xhtml?electionId=0020260603&huboId=100165647,0,0천원,0,0천원,없음,,,0,0,N,N,N,N,N,1.00,1,등록후보수_의원정수이하,N,N,N
100165567,임정숙,더불어민주당,기초의원비례,비례,전북특별자치도,부안군,https://info.nec.go.kr/electioninfo/candidate_detail_info.xhtml?electionId=0020260603&huboId=100165567,0,0천원,0,0천원,없음,,,0,0,N,N,N,N,N,1.00,1,등록후보수_의원정수이하,N,N,N
100164279,한소용,더불어민주당,기초의원비례,비례,전북특별자치도,순창군,https://info.nec.go.kr/electioninfo/candidate_detail_info.xhtml?electionId=0020260603&huboId=100164279,0,0천원,0,0천원,없음,,,0,0,N,N,N,N,N,1.00,1,등록후보수_의원정수이하,N,N,N
100164191,한효임,더불어민주당,기초의원비례,비례,전북특별자치도,진안군,https://info.nec.go.kr/electioninfo/candidate_detail_info.xhtml?electionId=0020260603&huboId=100164191,0,0천원,0,0천원,없음,,,0,0,N,N,N,N,N,1.00,1,등록후보수_의원정수이하,N,N,N
100159373,김성수,더불어민주당,시도의원,지역구,전북특별자치도,고창군제1선거구,https://info.nec.go.kr/electioninfo/candidate_detail_info.xhtml?electionId=0020260603&huboId=100159373,0,0천원,0,0천원,없음,,,0,0,N,N,N,N,N,1.00,1,등록후보수_의원정수이하,N,N,N
100154144,김정강,더불어민주당,시도의원,지역구,전북특별자치도,고창군제2선거구,https://info.nec.go.kr/electioninfo/candidate_detail_info.xhtml?electionId=0020260603&huboId=100154144,0,0천원,0,0천원,2건,도로교통,,0,0,N,N,Y,N,N,1.00,1,등록후보수_의원정수이하,N,N,N
100165111,나종대,더불어민주당,시도의원,지역구,전북특별자치도,군산시제3선거구,https://info.nec.go.kr/electioninfo/candidate_detail_info.xhtml?electionId=0020260603&huboId=100165111,0,0천원,0,0천원,없음,,,0,0,N,N,N,N,N,1.00,1,등록후보수_의원정수이하,N,N,N
100163145,김우민,더불어민주당,시도의원,지역구,전북특별자치도,군산시제5선거구,https://info.nec.go.kr/electioninfo/candidate_detail_info.xhtml?electionId=0020260603&huboId=100163145,0,0천원,0,0천원,없음,,,0,0,N,N,N,N,N,1.00,1,등록후보수_의원정수이하,N,N,N
100156972,김주택,더불어민주당,시도의원,지역구,전북특별자치도,김제시제1선거구,https://info.nec.go.kr/electioninfo/candidate_detail_info.xhtml?electionId=0020260603&huboId=100156972,0,0천원,0,0천원,없음,,,0,0,N,N,N,N,N,1.00,1,등록후보수_의원정수이하,N,N,N
100154456,유송열,더불어민주당,시도의원,지역구,전북특별자치도,무주군선거구,https://info.nec.go.kr/electioninfo/candidate_detail_info.xhtml?electionId=0020260603&huboId=100154456,0,0천원,0,0천원,1건,교통사고,,0,0,N,N,Y,N,N,1.00,1,등록후보수_의원정수이하,N,N,N
100156013,윤수봉,더불어민주당,시도의원,지역구,전북특별자치도,완주군제1선거구,https://info.nec.go.kr/electioninfo/candidate_detail_info.xhtml?electionId=0020260603&huboId=100156013,0,0천원,0,0천원,없음,,,0,0,N,N,N,N,N,1.00,1,등록후보수_의원정수이하,N,N,N
100155222,한정수,더불어민주당,시도의원,지역구,전북특별자치도,익산시제4선거구,https://info.nec.go.kr/electioninfo/candidate_detail_info.xhtml?electionId=0020260603&huboId=100155222,0,0천원,0,0천원,없음,,,0,0,N,N,N,N,N,1.00,1,등록후보수_의원정수이하,N,N,N
100154153,김대중,더불어민주당,시도의원,지역구,전북특별자치도,익산시제5선거구,https://info.nec.go.kr/electioninfo/candidate_detail_info.xhtml?electionId=0020260603&huboId=100154153,0,0천원,0,0천원,없음,,,0,0,N,N,N,N,N,1.00,1,등록후보수_의원정수이하,N,N,N
100157972,김남규,더불어민주당,시도의원,지역구,전북특별자치도,전주시제11선거구,https://info.nec.go.kr/electioninfo/candidate_detail_info.xhtml?electionId=0020260603&huboId=100157972,0,0천원,0,0천원,1건,도로교통,,0,0,N,N,Y,N,N,1.00,1,등록후보수_의원정수이하,N,N,N
100154410,노경만,더불어민주당,시도의원,지역구,전북특별자치도,전주시제12선거구,https://info.nec.go.kr/electioninfo/candidate_detail_info.xhtml?electionId=0020260603&huboId=100154410,0,0천원,0,0천원,1건,도로교통,,0,0,N,N,Y,N,N,1.00,1,등록후보수_의원정수이하,N,N,N
100163520,이병도,더불어민주당,시도의원,지역구,전북특별자치도,전주시제1선거구,https://info.nec.go.kr/electioninfo/candidate_detail_info.xhtml?electionId=0020260603&huboId=100163520,0,0천원,0,0천원,1건,폭력,,0,0,N,N,Y,N,N,1.00,1,등록후보수_의원정수이하,N,N,N
100165274,진형석,더불어민주당,시도의원,지역구,전북특별자치도,전주시제2선거구,https://info.nec.go.kr/electioninfo/candidate_detail_info.xhtml?electionId=0020260603&huboId=100165274,0,0천원,0,0천원,없음,,,0,0,N,N,N,N,N,1.00,1,등록후보수_의원정수이하,N,N,N
100156068,장연국,더불어민주당,시도의원,지역구,전북특별자치도,전주시제4선거구,https://info.nec.go.kr/electioninfo/candidate_detail_info.xhtml?electionId=0020260603&huboId=100156068,0,0천원,0,0천원,1건,,,0,0,N,N,Y,N,N,1.00,1,등록후보수_의원정수이하,N,N,N
100154469,송재영,더불어민주당,시도의원,지역구,전북특별자치도,전주시제5선거구,https://info.nec.go.kr/electioninfo/candidate_detail_info.xhtml?electionId=0020260603&huboId=100154469,0,0천원,0,0천원,없음,,,0,0,N,N,N,N,N,1.00,1,등록후보수_의원정수이하,N,N,N
100156103,김희수,더불어민주당,시도의원,지역구,전북특별자치도,전주시제6선거구,https://info.nec.go.kr/electioninfo/candidate_detail_info.xhtml?electionId=0020260603&huboId=100156103,0,0천원,0,0천원,없음,,,0,0,N,N,N,N,N,1.00,1,등록후보수_의원정수이하,N,N,N
100160786,남관우,더불어민주당,시도의원,지역구,전북특별자치도,전주시제8선거구,https://info.nec.go.kr/electioninfo/candidate_detail_info.xhtml?electionId=0020260603&huboId=100160786,0,0천원,0,0천원,없음,,,0,0,N,N,N,N,N,1.00,1,등록후보수_의원정수이하,N,N,N
100158161,서난이,더불어민주당,시도의원,지역구,전북특별자치도,전주시제9선거구,https://info.nec.go.kr/electioninfo/candidate_detail_info.xhtml?electionId=0020260603&huboId=100158161,0,0천원,0,0천원,없음,,,0,0,N,N,N,N,N,1.00,1,등록후보수_의원정수이하,N,N,N
100162785,송영훈,더불어민주당,시도의원,지역구,제주특별자치도,제주특별자치도 서귀포시 남원읍선거구,https://info.nec.go.kr/electioninfo/candidate_detail_info.xhtml?electionId=0020260603&huboId=100162785,0,0천원,0,0천원,없음,,,0,0,N,N,N,N,N,1.00,1,등록후보수_의원정수이하,N,N,N
100158090,임정은,더불어민주당,시도의원,지역구,제주특별자치도,제주특별자치도 서귀포시 대천동·중문동·예래동선거구,https://info.nec.go.kr/electioninfo/candidate_detail_info.xhtml?electionId=0020260603&huboId=100158090,0,0천원,0,0천원,없음,,,0,0,N,N,N,N,N,1.00,1,등록후보수_의원정수이하,N,N,N
100161045,강봉직,더불어민주당,시도의원,지역구,제주특별자치도,제주특별자치도 제주시 애월읍을선거구,https://info.nec.go.kr/electioninfo/candidate_detail_info.xhtml?electionId=0020260603&huboId=100161045,0,0천원,0,0천원,1건,,,0,0,N,N,Y,N,N,1.00,1,등록후보수_의원정수이하,N,N,N
100162508,한권,더불어민주당,시도의원,지역구,제주특별자치도,제주특별자치도 제주시 일도1동·이도1동·건입동선거구,https://info.nec.go.kr/electioninfo/candidate_detail_info.xhtml?electionId=0020260603&huboId=100162508,0,0천원,0,0천원,없음,,,0,0,N,N,N,N,N,1.00,1,등록후보수_의원정수이하,N,N,N
100157833,강성의,더불어민주당,시도의원,지역구,제주특별자치도,제주특별자치도 제주시 화북동선거구,https://info.nec.go.kr/electioninfo/candidate_detail_info.xhtml?electionId=0020260603&huboId=100157833,0,0천원,0,0천원,없음,,,0,0,N,N,N,N,N,1.00,1,등록후보수_의원정수이하,N,N,N
100164671,윤원준,국민의힘,구시군의회의원,지역구,충청남도,아산시다선거구,https://info.nec.go.kr/electioninfo/candidate_detail_info.xhtml?electionId=0020260603&huboId=100164671,0,0천원,0,0천원,없음,,,0,0,N,N,N,N,N,1.00,2,등록후보수_의원정수이하,N,N,N
100162587,류제국,더불어민주당,구시군의회의원,지역구,충청남도,천안시가선거구,https://info.nec.go.kr/electioninfo/candidate_detail_info.xhtml?electionId=0020260603&huboId=100162587,0,0천원,0,0천원,없음,,,0,0,N,N,N,N,N,1.00,2,등록후보수_의원정수이하,N,N,N
100156353,배관중,더불어민주당,구시군의회의원,지역구,충청남도,천안시나선거구,https://info.nec.go.kr/electioninfo/candidate_detail_info.xhtml?electionId=0020260603&huboId=100156353,0,0천원,0,0천원,없음,,,0,0,N,N,N,N,N,1.00,2,등록후보수_의원정수이하,N,N,N
100158361,조성준,국민의힘,구시군의회의원,지역구,충청남도,천안시나선거구,https://info.nec.go.kr/electioninfo/candidate_detail_info.xhtml?electionId=0020260603&huboId=100158361,0,0천원,0,0천원,없음,,,0,0,N,N,N,N,N,1.00,2,등록후보수_의원정수이하,N,N,N
100162798,김영한,국민의힘,구시군의회의원,지역구,충청남도,천안시자선거구,https://info.nec.go.kr/electioninfo/candidate_detail_info.xhtml?electionId=0020260603&huboId=100162798,0,0천원,0,0천원,없음,,,0,0,N,N,N,N,N,1.00,2,등록후보수_의원정수이하,N,N,N
100161384,박종갑,더불어민주당,구시군의회의원,지역구,충청남도,천안시자선거구,https://info.nec.go.kr/electioninfo/candidate_detail_info.xhtml?electionId=0020260603&huboId=100161384,0,0천원,0,0천원,없음,,,0,0,N,N,N,N,N,1.00,2,등록후보수_의원정수이하,N,N,N
100164906,박세나,더불어민주당,기초의원비례,비례,충청남도,부여군,https://info.nec.go.kr/electioninfo/candidate_detail_info.xhtml?electionId=0020260603&huboId=100164906,0,0천원,0,0천원,없음,,,0,0,N,N,N,N,N,1.00,2,등록후보수_의원정수이하,N,N,N
100161826,임은성,더불어민주당,구시군의회의원,지역구,충청북도,청주시라선거구,https://info.nec.go.kr/electioninfo/candidate_detail_info.xhtml?electionId=0020260603&huboId=100161826,0,0천원,0,0천원,없음,,,0,0,N,N,N,N,N,1.00,3,등록후보수_의원정수이하,N,N,N
100161448,정영석,국민의힘,구시군의회의원,지역구,충청북도,청주시카선거구,https://info.nec.go.kr/electioninfo/candidate_detail_info.xhtml?electionId=0020260603&huboId=100161448,0,0천원,0,0천원,2건,폭력; 공무집행방해; 업무방해,,0,0,N,N,Y,N,N,1.00,2,등록후보수_의원정수이하,N,N,N
