sdName,sggName,office,office_type,sgTypecode,의원정수,등록후보수,경쟁률,무투표당선여부,무투표판정기준,비례대표_단일정당명부여부,등록미달여부,경쟁률_1미만여부,해당선거구_후보huboid_리스트,해당선거구_후보명_리스트,해당선거구_정당_리스트,체납이력_후보수,현체납_후보수,전과공개_후보수,공직검증전과_후보수,공직선거법전과_후보수,체납+공직검증전과_동시보유_후보수,검증위험_플래그,district_key
경기도,오산시나선거구,구시군의회의원,지역구,6,4,4,1.00,Y,등록후보수_의원정수이하,N,N,N,"100160337, 100163649, 100162882, 100158317","김상미, 정윤영, 조미선, 박창선","더불어민주당, 더불어민주당, 국민의힘, 국민의힘",2,0,1,1,0,0,Y,6|경기도|오산시나선거구
경기도,광명시라선거구,구시군의회의원,지역구,6,3,3,1.00,Y,등록후보수_의원정수이하,N,N,N,"100155920, 100154500, 100156537","박태영, 최아름, 김도연","더불어민주당, 더불어민주당, 국민의힘",0,0,1,1,0,0,Y,6|경기도|광명시라선거구
경기도,광주시다선거구,구시군의회의원,지역구,6,3,3,1.00,Y,등록후보수_의원정수이하,N,N,N,"100161018, 100157901, 100158261","박지현, 황소제, 최서윤","더불어민주당, 더불어민주당, 국민의힘",2,0,0,0,0,0,Y,6|경기도|광주시다선거구
경기도,수원시라선거구,구시군의회의원,지역구,6,3,3,1.00,Y,등록후보수_의원정수이하,N,N,N,"100158578, 100163388, 100158043","이철승, 이대선, 유재광","더불어민주당, 더불어민주당, 국민의힘",0,0,2,1,0,0,Y,6|경기도|수원시라선거구
경기도,양주시가선거구,구시군의회의원,지역구,6,3,3,1.00,Y,등록후보수_의원정수이하,N,N,N,"100163331, 100163512, 100163853","한상민, 이지연, 정현호","더불어민주당, 더불어민주당, 국민의힘",0,0,2,2,0,0,Y,6|경기도|양주시가선거구
경기도,부천시,기초의원비례,비례,9,3,3,1.00,Y,등록후보수_의원정수이하,N,N,N,"100165419, 100165427, 100165413","박영원, 박연순, 김정화","더불어민주당, 더불어민주당, 국민의힘",0,0,1,1,1,0,Y,9|경기도|부천시
광주광역시,광산구라선거구,구시군의회의원,지역구,6,3,3,1.00,Y,등록후보수_의원정수이하,N,N,N,"100163224, 100162293, 100154987","윤영일, 이우형, 김명숙","더불어민주당, 더불어민주당, 진보당",1,0,3,0,0,0,Y,6|광주광역시|광산구라선거구
대구광역시,북구다선거구,구시군의회의원,지역구,6,3,3,1.00,Y,등록후보수_의원정수이하,N,N,N,"100160545, 100162092, 100162101","황귀주, 서상훈, 이성근","더불어민주당, 국민의힘, 국민의힘",1,0,1,1,0,1,Y,6|대구광역시|북구다선거구
대전광역시,서구마선거구,구시군의회의원,지역구,6,3,3,1.00,Y,등록후보수_의원정수이하,N,N,N,"100161671, 100162037, 100162389","박용준, 최미자, 김명현","더불어민주당, 더불어민주당, 국민의힘",2,0,1,1,0,1,Y,6|대전광역시|서구마선거구
서울특별시,강북구라선거구,구시군의회의원,지역구,6,3,3,1.00,Y,등록후보수_의원정수이하,N,N,N,"100154847, 100160787, 100158243","최성례, 최치효, 김민섭","더불어민주당, 더불어민주당, 국민의힘",1,0,1,0,0,0,Y,6|서울특별시|강북구라선거구
서울특별시,노원구라선거구,구시군의회의원,지역구,6,3,3,1.00,Y,등록후보수_의원정수이하,N,N,N,"100164582, 100160631, 100161552","원동민, 이은경, 김우일","더불어민주당, 더불어민주당, 국민의힘",1,0,1,0,0,0,Y,6|서울특별시|노원구라선거구
서울특별시,서대문구라선거구,구시군의회의원,지역구,6,3,3,1.00,Y,등록후보수_의원정수이하,N,N,N,"100164219, 100161900, 100165331","이종석, 서호성, 이용준","더불어민주당, 더불어민주당, 국민의힘",0,0,1,1,0,0,Y,6|서울특별시|서대문구라선거구
서울특별시,종로구라선거구,구시군의회의원,지역구,6,3,3,1.00,Y,등록후보수_의원정수이하,N,N,N,"100162863, 100159054, 100160164","김종보, 유양순, 이시훈","더불어민주당, 더불어민주당, 국민의힘",1,0,0,0,0,0,Y,6|서울특별시|종로구라선거구
인천광역시,부평구다선거구,구시군의회의원,지역구,6,3,3,1.00,Y,등록후보수_의원정수이하,N,N,N,"100158236, 100157072, 100158545","김보식, 임규이, 김동규","더불어민주당, 더불어민주당, 국민의힘",1,0,1,1,0,0,Y,6|인천광역시|부평구다선거구
인천광역시,부평구바선거구,구시군의회의원,지역구,6,3,3,1.00,Y,등록후보수_의원정수이하,N,N,N,"100154962, 100157698, 100159307","김환연, 허정미, 윤구영","더불어민주당, 더불어민주당, 국민의힘",1,0,1,0,0,0,Y,6|인천광역시|부평구바선거구
전라남도,목포시가선거구,구시군의회의원,지역구,6,3,3,1.00,Y,등록후보수_의원정수이하,N,N,N,"100156856, 100162296, 100162244","박수경, 박효상, 박용식","더불어민주당, 더불어민주당, 더불어민주당",0,0,2,2,0,0,Y,6|전라남도|목포시가선거구
충청북도,청주시라선거구,구시군의회의원,지역구,6,3,3,1.00,Y,등록후보수_의원정수이하,N,N,N,"100155915, 100161826, 100158073","박승찬, 임은성, 김재년","더불어민주당, 더불어민주당, 국민의힘",2,0,0,0,0,0,Y,6|충청북도|청주시라선거구
강원특별자치도,원주시아선거구,구시군의회의원,지역구,6,2,2,1.00,Y,등록후보수_의원정수이하,N,N,N,"100155875, 100157489","이경민, 박한근","더불어민주당, 국민의힘",1,0,1,1,0,1,Y,6|강원특별자치도|원주시아선거구
강원특별자치도,춘천시사선거구,구시군의회의원,지역구,6,2,2,1.00,Y,등록후보수_의원정수이하,N,N,N,"100157327, 100155764","권희영, 김용갑","더불어민주당, 국민의힘",0,0,1,1,0,0,Y,6|강원특별자치도|춘천시사선거구
경기도,고양시타선거구,구시군의회의원,지역구,6,2,2,1.00,Y,등록후보수_의원정수이하,N,N,N,"100163494, 100159098","김정희, 오우람","더불어민주당, 국민의힘",0,0,1,1,0,0,Y,6|경기도|고양시타선거구
경기도,광주시라선거구,구시군의회의원,지역구,6,2,2,1.00,Y,등록후보수_의원정수이하,N,N,N,"100161499, 100158741","박상영, 이강섭","더불어민주당, 국민의힘",1,0,1,0,0,0,Y,6|경기도|광주시라선거구
경기도,성남시나선거구,구시군의회의원,지역구,6,2,2,1.00,Y,등록후보수_의원정수이하,N,N,N,"100157479, 100156367","김선임, 이상호","더불어민주당, 국민의힘",1,0,1,0,0,0,Y,6|경기도|성남시나선거구
경기도,성남시다선거구,구시군의회의원,지역구,6,2,2,1.00,Y,등록후보수_의원정수이하,N,N,N,"100157554, 100155443","박기범, 김주현","더불어민주당, 국민의힘",1,0,0,0,0,0,Y,6|경기도|성남시다선거구
경기도,수원시나선거구,구시군의회의원,지역구,6,2,2,1.00,Y,등록후보수_의원정수이하,N,N,N,"100164900, 100160234","오세철, 김은수","더불어민주당, 국민의힘",1,0,1,1,0,0,Y,6|경기도|수원시나선거구
경기도,안산시라선거구,구시군의회의원,지역구,6,2,2,1.00,Y,등록후보수_의원정수이하,N,N,N,"100163886, 100162572","이재복, 설호영","더불어민주당, 국민의힘",0,0,1,1,0,0,Y,6|경기도|안산시라선거구
경기도,안산시바선거구,구시군의회의원,지역구,6,2,2,1.00,Y,등록후보수_의원정수이하,N,N,N,"100158386, 100162220","안두회, 김재국","더불어민주당, 국민의힘",0,0,2,2,1,0,Y,6|경기도|안산시바선거구
경기도,용인시아선거구,구시군의회의원,지역구,6,2,2,1.00,Y,등록후보수_의원정수이하,N,N,N,"100163004, 100162284","장정순, 강영웅","더불어민주당, 국민의힘",2,0,0,0,0,0,Y,6|경기도|용인시아선거구
경기도,하남시라선거구,구시군의회의원,지역구,6,2,2,1.00,Y,등록후보수_의원정수이하,N,N,N,"100163591, 100157563","오승철, 정경섭","더불어민주당, 국민의힘",0,0,1,1,0,0,Y,6|경기도|하남시라선거구
경상남도,의령군다선거구,구시군의회의원,지역구,6,2,2,1.00,Y,등록후보수_의원정수이하,N,N,N,"100162764, 100162893","황성철, 윤병열","국민의힘, 국민의힘",1,0,0,0,0,0,Y,6|경상남도|의령군다선거구
경상남도,창원시사선거구,구시군의회의원,지역구,6,2,2,1.00,Y,등록후보수_의원정수이하,N,N,N,"100165350, 100156371","백승규, 박강우","더불어민주당, 국민의힘",0,0,2,1,0,0,Y,6|경상남도|창원시사선거구
경상남도,창원시타선거구,구시군의회의원,지역구,6,2,2,1.00,Y,등록후보수_의원정수이하,N,N,N,"100154298, 100162967","서명일, 황점복","더불어민주당, 국민의힘",1,0,1,1,0,1,Y,6|경상남도|창원시타선거구
경상남도,하동군,기초의원비례,비례,9,2,2,1.00,Y,등록후보수_의원정수이하,N,N,N,"100164814, 100164844","박영심, 유향","더불어민주당, 국민의힘",1,0,1,1,0,1,Y,9|경상남도|하동군
경상북도,경주시다선거구,구시군의회의원,지역구,6,2,2,1.00,Y,등록후보수_의원정수이하,N,N,N,"100158849, 100157410","김상희, 주동열","국민의힘, 국민의힘",1,0,2,0,0,0,Y,6|경상북도|경주시다선거구
경상북도,고령군다선거구,구시군의회의원,지역구,6,2,2,1.00,Y,등록후보수_의원정수이하,N,N,N,"100158602, 100158986","김광호, 이철호","국민의힘, 국민의힘",1,0,0,0,0,0,Y,6|경상북도|고령군다선거구
경상북도,김천시마선거구,구시군의회의원,지역구,6,2,2,1.00,Y,등록후보수_의원정수이하,N,N,N,"100161872, 100161889","김세호, 김석조","국민의힘, 국민의힘",1,0,0,0,0,0,Y,6|경상북도|김천시마선거구
경상북도,봉화군나선거구,구시군의회의원,지역구,6,2,2,1.00,Y,등록후보수_의원정수이하,N,N,N,"100160206, 100163505","이양재, 금동윤","국민의힘, 국민의힘",1,0,1,1,0,0,Y,6|경상북도|봉화군나선거구
경상북도,칠곡군나선거구,구시군의회의원,지역구,6,2,2,1.00,Y,등록후보수_의원정수이하,N,N,N,"100159793, 100162465","이진구, 이상승","국민의힘, 국민의힘",1,0,0,0,0,0,Y,6|경상북도|칠곡군나선거구
대전광역시,대덕구다선거구,구시군의회의원,지역구,6,2,2,1.00,Y,등록후보수_의원정수이하,N,N,N,"100155931, 100163266","서미경, 전석광","더불어민주당, 국민의힘",1,0,2,2,0,1,Y,6|대전광역시|대덕구다선거구
부산광역시,남구나선거구,구시군의회의원,지역구,6,2,2,1.00,Y,등록후보수_의원정수이하,N,N,N,"100157622, 100156896","허미향, 김철현","더불어민주당, 국민의힘",1,0,0,0,0,0,Y,6|부산광역시|남구나선거구
부산광역시,동래구가선거구,구시군의회의원,지역구,6,2,2,1.00,Y,등록후보수_의원정수이하,N,N,N,"100158916, 100160902","정상환, 오영진","더불어민주당, 국민의힘",0,0,2,1,0,0,Y,6|부산광역시|동래구가선거구
부산광역시,동래구라선거구,구시군의회의원,지역구,6,2,2,1.00,Y,등록후보수_의원정수이하,N,N,N,"100160730, 100161731","이지영, 최순희","더불어민주당, 국민의힘",1,1,1,0,0,0,Y,6|부산광역시|동래구라선거구
부산광역시,부산진구나선거구,구시군의회의원,지역구,6,2,2,1.00,Y,등록후보수_의원정수이하,N,N,N,"100162352, 100163014","오용성, 성낙욱","더불어민주당, 국민의힘",0,0,1,1,0,0,Y,6|부산광역시|부산진구나선거구
부산광역시,부산진구다선거구,구시군의회의원,지역구,6,2,2,1.00,Y,등록후보수_의원정수이하,N,N,N,"100155185, 100163260","최인희, 조수성","더불어민주당, 국민의힘",1,0,0,0,0,0,Y,6|부산광역시|부산진구다선거구
부산광역시,부산진구바선거구,구시군의회의원,지역구,6,2,2,1.00,Y,등록후보수_의원정수이하,N,N,N,"100157722, 100161128","이지영, 김진복","더불어민주당, 국민의힘",0,0,1,1,0,0,Y,6|부산광역시|부산진구바선거구
부산광역시,부산진구사선거구,구시군의회의원,지역구,6,2,2,1.00,Y,등록후보수_의원정수이하,N,N,N,"100160522, 100161074","최정웅, 김민경","더불어민주당, 국민의힘",0,0,1,1,0,0,Y,6|부산광역시|부산진구사선거구
부산광역시,수영구가선거구,구시군의회의원,지역구,6,2,2,1.00,Y,등록후보수_의원정수이하,N,N,N,"100158391, 100161144","조선민, 권창환","더불어민주당, 국민의힘",1,0,0,0,0,0,Y,6|부산광역시|수영구가선거구
부산광역시,금정구,기초의원비례,비례,9,2,2,1.00,Y,등록후보수_의원정수이하,N,N,N,"100164997, 100165548","임정숙, 권보성","더불어민주당, 국민의힘",2,0,1,0,0,0,Y,9|부산광역시|금정구
부산광역시,동래구,기초의원비례,비례,9,2,2,1.00,Y,등록후보수_의원정수이하,N,N,N,"100164404, 100164427","노은정, 안선영","더불어민주당, 국민의힘",1,0,0,0,0,0,Y,9|부산광역시|동래구
서울특별시,강동구다선거구,구시군의회의원,지역구,6,2,2,1.00,Y,등록후보수_의원정수이하,N,N,N,"100157928, 100160880","박원서, 문현섭","더불어민주당, 국민의힘",2,0,1,0,0,0,Y,6|서울특별시|강동구다선거구
서울특별시,구로구라선거구,구시군의회의원,지역구,6,2,2,1.00,Y,등록후보수_의원정수이하,N,N,N,"100161710, 100156021","조미향, 전미숙","더불어민주당, 국민의힘",0,0,1,1,1,0,Y,6|서울특별시|구로구라선거구
서울특별시,구로구마선거구,구시군의회의원,지역구,6,2,2,1.00,Y,등록후보수_의원정수이하,N,N,N,"100160920, 100162196","김철수, 김철수","더불어민주당, 국민의힘",0,0,1,1,0,0,Y,6|서울특별시|구로구마선거구
서울특별시,마포구가선거구,구시군의회의원,지역구,6,2,2,1.00,Y,등록후보수_의원정수이하,N,N,N,"100157546, 100165316","장덕준, 강수영","더불어민주당, 국민의힘",0,0,1,1,0,0,Y,6|서울특별시|마포구가선거구
서울특별시,성북구사선거구,구시군의회의원,지역구,6,2,2,1.00,Y,등록후보수_의원정수이하,N,N,N,"100154801, 100165066","김규일, 정기혁","더불어민주당, 국민의힘",0,0,1,1,0,0,Y,6|서울특별시|성북구사선거구
서울특별시,양천구다선거구,구시군의회의원,지역구,6,2,2,1.00,Y,등록후보수_의원정수이하,N,N,N,"100164828, 100162002","유영주, 이인락","더불어민주당, 국민의힘",0,0,1,1,0,0,Y,6|서울특별시|양천구다선거구
서울특별시,양천구사선거구,구시군의회의원,지역구,6,2,2,1.00,Y,등록후보수_의원정수이하,N,N,N,"100155899, 100162541","홍성순, 임옥연","더불어민주당, 국민의힘",1,0,0,0,0,0,Y,6|서울특별시|양천구사선거구
서울특별시,양천구아선거구,구시군의회의원,지역구,6,2,2,1.00,Y,등록후보수_의원정수이하,N,N,N,"100161373, 100162726","곽고은, 최혜숙","더불어민주당, 국민의힘",1,0,0,0,0,0,Y,6|서울특별시|양천구아선거구
서울특별시,영등포구다선거구,구시군의회의원,지역구,6,2,2,1.00,Y,등록후보수_의원정수이하,N,N,N,"100156373, 100163407","김길자, 이규선","더불어민주당, 국민의힘",1,0,1,1,0,0,Y,6|서울특별시|영등포구다선거구
서울특별시,영등포구마선거구,구시군의회의원,지역구,6,2,2,1.00,Y,등록후보수_의원정수이하,N,N,N,"100156076, 100162839","박미영, 황진환","더불어민주당, 국민의힘",1,0,0,0,0,0,Y,6|서울특별시|영등포구마선거구
서울특별시,영등포구바선거구,구시군의회의원,지역구,6,2,2,1.00,Y,등록후보수_의원정수이하,N,N,N,"100155789, 100162692","김태호, 우경란","더불어민주당, 국민의힘",1,0,1,0,0,0,Y,6|서울특별시|영등포구바선거구
서울특별시,은평구나선거구,구시군의회의원,지역구,6,2,2,1.00,Y,등록후보수_의원정수이하,N,N,N,"100162902, 100160557","송영창, 노승한","더불어민주당, 국민의힘",0,0,1,1,0,0,Y,6|서울특별시|은평구나선거구
서울특별시,은평구바선거구,구시군의회의원,지역구,6,2,2,1.00,Y,등록후보수_의원정수이하,N,N,N,"100163389, 100160826","신윤경, 장경은","더불어민주당, 국민의힘",1,0,0,0,0,0,Y,6|서울특별시|은평구바선거구
서울특별시,중랑구마선거구,구시군의회의원,지역구,6,2,2,1.00,Y,등록후보수_의원정수이하,N,N,N,"100163335, 100163259","고강섭, 전경구","더불어민주당, 국민의힘",1,0,1,0,0,0,Y,6|서울특별시|중랑구마선거구
서울특별시,구로구,기초의원비례,비례,9,2,2,1.00,Y,등록후보수_의원정수이하,N,N,N,"100164269, 100164718","김현지, 고경희","더불어민주당, 국민의힘",1,0,0,0,0,0,Y,9|서울특별시|구로구
서울특별시,도봉구,기초의원비례,비례,9,2,2,1.00,Y,등록후보수_의원정수이하,N,N,N,"100165072, 100165318","경정화, 하금연","더불어민주당, 국민의힘",1,1,1,1,1,1,Y,9|서울특별시|도봉구
인천광역시,계양구다선거구,구시군의회의원,지역구,6,2,2,1.00,Y,등록후보수_의원정수이하,N,N,N,"100157641, 100165234","박지상, 이상호","더불어민주당, 국민의힘",0,0,1,1,0,0,Y,6|인천광역시|계양구다선거구
인천광역시,남동구,기초의원비례,비례,9,2,2,1.00,Y,등록후보수_의원정수이하,N,N,N,"100164206, 100165142","서주영, 이보라","더불어민주당, 국민의힘",1,0,0,0,0,0,Y,9|인천광역시|남동구
인천광역시,미추홀구,기초의원비례,비례,9,2,2,1.00,Y,등록후보수_의원정수이하,N,N,N,"100164702, 100165157","태화순, 김승자","더불어민주당, 국민의힘",1,0,0,0,0,0,Y,9|인천광역시|미추홀구
인천광역시,서구,기초의원비례,비례,9,2,2,1.00,Y,등록후보수_의원정수이하,N,N,N,"100164780, 100165115","홍육례, 양환옥","더불어민주당, 국민의힘",1,0,1,1,0,1,Y,9|인천광역시|서구
인천광역시,연수구,기초의원비례,비례,9,2,2,1.00,Y,등록후보수_의원정수이하,N,N,N,"100165832, 100165409","김선아, 김정아","더불어민주당, 국민의힘",2,0,0,0,0,0,Y,9|인천광역시|연수구
전라남도,고흥군라선거구,구시군의회의원,지역구,6,2,2,1.00,Y,등록후보수_의원정수이하,N,N,N,"100160731, 100160386","박규대, 송종화","더불어민주당, 더불어민주당",0,0,1,1,0,0,Y,6|전라남도|고흥군라선거구
전라남도,신안군라선거구,구시군의회의원,지역구,6,2,2,1.00,Y,등록후보수_의원정수이하,N,N,N,"100159729, 100159950","강대성, 김용배","더불어민주당, 더불어민주당",0,0,1,1,0,0,Y,6|전라남도|신안군라선거구
전라남도,완도군나선거구,구시군의회의원,지역구,6,2,2,1.00,Y,등록후보수_의원정수이하,N,N,N,"100161196, 100160943","김세윤, 임원희","더불어민주당, 더불어민주당",1,0,2,1,0,0,Y,6|전라남도|완도군나선거구
전북특별자치도,남원시가선거구,구시군의회의원,지역구,6,2,2,1.00,Y,등록후보수_의원정수이하,N,N,N,"100156205, 100155716","소태수, 조용수","더불어민주당, 더불어민주당",1,1,0,0,0,0,Y,6|전북특별자치도|남원시가선거구
충청남도,아산시다선거구,구시군의회의원,지역구,6,2,2,1.00,Y,등록후보수_의원정수이하,N,N,N,"100164808, 100164671","천철호, 윤원준","더불어민주당, 국민의힘",0,0,1,1,0,0,Y,6|충청남도|아산시다선거구
충청남도,천안시가선거구,구시군의회의원,지역구,6,2,2,1.00,Y,등록후보수_의원정수이하,N,N,N,"100162587, 100158098","류제국, 권오중","더불어민주당, 국민의힘",0,0,1,1,0,0,Y,6|충청남도|천안시가선거구
충청남도,부여군,기초의원비례,비례,9,2,2,1.00,Y,등록후보수_의원정수이하,N,N,N,"100164906, 100164257","박세나, 김미영","더불어민주당, 국민의힘",0,0,1,1,0,0,Y,9|충청남도|부여군
충청북도,청주시카선거구,구시군의회의원,지역구,6,2,2,1.00,Y,등록후보수_의원정수이하,N,N,N,"100155248, 100161448","배성철, 정영석","더불어민주당, 국민의힘",1,0,1,0,0,0,Y,6|충청북도|청주시카선거구
경기도,군포시제4선거구,시도의원,지역구,5,1,1,1.00,Y,등록후보수_의원정수이하,N,N,N,100163433,김귀근,더불어민주당,0,0,1,1,0,0,Y,5|경기도|군포시제4선거구
경기도,시흥시제3선거구,시도의원,지역구,5,1,1,1.00,Y,등록후보수_의원정수이하,N,N,N,100160675,김영훈,더불어민주당,0,0,1,1,1,0,Y,5|경기도|시흥시제3선거구
경기도,안산시제5선거구,시도의원,지역구,5,1,1,1.00,Y,등록후보수_의원정수이하,N,N,N,100162460,이은미,더불어민주당,1,0,0,0,0,0,Y,5|경기도|안산시제5선거구
경기도,화성시제8선거구,시도의원,지역구,5,1,1,1.00,Y,등록후보수_의원정수이하,N,N,N,100163181,김영수,더불어민주당,0,0,1,1,0,0,Y,5|경기도|화성시제8선거구
경상북도,봉화군,기초의원비례,비례,9,1,2,2.00,Y,비례대표_단일정당명부,Y,N,N,"100164698, 100164699","김영희, 류정단","국민의힘, 국민의힘",1,0,1,0,0,0,Y,9|경상북도|봉화군
경상북도,울릉군,기초의원비례,비례,9,1,1,1.00,Y,등록후보수_의원정수이하,N,N,N,100165001,최윤정,국민의힘,1,0,0,0,0,0,Y,9|경상북도|울릉군
경상북도,울진군,기초의원비례,비례,9,1,1,1.00,Y,등록후보수_의원정수이하,N,N,N,100164891,박명숙,국민의힘,0,0,1,1,1,0,Y,9|경상북도|울진군
경상북도,청도군,기초의원비례,비례,9,1,1,1.00,Y,등록후보수_의원정수이하,N,N,N,100165321,변소영,국민의힘,1,0,0,0,0,0,Y,9|경상북도|청도군
경상북도,칠곡군,기초의원비례,비례,9,1,1,1.00,Y,등록후보수_의원정수이하,N,N,N,100164835,박은화,국민의힘,1,0,0,0,0,0,Y,9|경상북도|칠곡군
경상북도,경주시제2선거구,시도의원,지역구,5,1,1,1.00,Y,등록후보수_의원정수이하,N,N,N,100159072,최덕규,국민의힘,0,0,1,1,0,0,Y,5|경상북도|경주시제2선거구
경상북도,경주시제4선거구,시도의원,지역구,5,1,1,1.00,Y,등록후보수_의원정수이하,N,N,N,100162802,이동협,국민의힘,0,0,1,1,0,0,Y,5|경상북도|경주시제4선거구
경상북도,고령군선거구,시도의원,지역구,5,1,1,1.00,Y,등록후보수_의원정수이하,N,N,N,100161819,노성환,국민의힘,0,0,1,1,0,0,Y,5|경상북도|고령군선거구
경상북도,김천시제1선거구,시도의원,지역구,5,1,1,1.00,Y,등록후보수_의원정수이하,N,N,N,100162812,최병근,국민의힘,0,0,1,1,0,0,Y,5|경상북도|김천시제1선거구
경상북도,김천시제2선거구,시도의원,지역구,5,1,1,1.00,Y,등록후보수_의원정수이하,N,N,N,100161391,이우청,국민의힘,0,0,1,1,0,0,Y,5|경상북도|김천시제2선거구
경상북도,성주군선거구,시도의원,지역구,5,1,1,1.00,Y,등록후보수_의원정수이하,N,N,N,100161815,도희재,국민의힘,0,0,1,1,0,0,Y,5|경상북도|성주군선거구
경상북도,안동시제1선거구,시도의원,지역구,5,1,1,1.00,Y,등록후보수_의원정수이하,N,N,N,100163912,김대진,국민의힘,1,0,1,1,0,1,Y,5|경상북도|안동시제1선거구
경상북도,영천시제2선거구,시도의원,지역구,5,1,1,1.00,Y,등록후보수_의원정수이하,N,N,N,100158151,윤승오,국민의힘,0,0,1,1,0,0,Y,5|경상북도|영천시제2선거구
경상북도,의성군제2선거구,시도의원,지역구,5,1,1,1.00,Y,등록후보수_의원정수이하,N,N,N,100156763,김수문,국민의힘,0,0,1,1,0,0,Y,5|경상북도|의성군제2선거구
경상북도,청송군선거구,시도의원,지역구,5,1,1,1.00,Y,등록후보수_의원정수이하,N,N,N,100156646,신효광,국민의힘,0,0,1,1,1,0,Y,5|경상북도|청송군선거구
경상북도,포항시제4선거구,시도의원,지역구,5,1,1,1.00,Y,등록후보수_의원정수이하,N,N,N,100163625,연규식,국민의힘,1,0,0,0,0,0,Y,5|경상북도|포항시제4선거구
경상북도,포항시제5선거구,시도의원,지역구,5,1,1,1.00,Y,등록후보수_의원정수이하,N,N,N,100163417,김희수,국민의힘,0,0,1,1,0,0,Y,5|경상북도|포항시제5선거구
경상북도,포항시제6선거구,시도의원,지역구,5,1,1,1.00,Y,등록후보수_의원정수이하,N,N,N,100162708,서재원,국민의힘,0,0,1,1,0,0,Y,5|경상북도|포항시제6선거구
광주광역시,광산구제4선거구,시도의원,지역구,5,1,1,1.00,Y,등록후보수_의원정수이하,N,N,N,100156747,이귀순,더불어민주당,1,0,0,0,0,0,Y,5|광주광역시|광산구제4선거구
광주광역시,남구제2선거구,시도의원,지역구,5,1,1,1.00,Y,등록후보수_의원정수이하,N,N,N,100158960,박상길,더불어민주당,0,0,1,1,1,0,Y,5|광주광역시|남구제2선거구
광주광역시,서구제4선거구,시도의원,지역구,5,1,1,1.00,Y,등록후보수_의원정수이하,N,N,N,100156009,심철의,더불어민주당,1,0,0,0,0,0,Y,5|광주광역시|서구제4선거구
인천광역시,부평구제6선거구,시도의원,지역구,5,1,1,1.00,Y,등록후보수_의원정수이하,N,N,N,100158141,박종혁,더불어민주당,0,0,1,1,0,0,Y,5|인천광역시|부평구제6선거구
전라남도,무안군,기초의원비례,비례,9,1,1,1.00,Y,등록후보수_의원정수이하,N,N,N,100165544,정소혜,더불어민주당,1,0,0,0,0,0,Y,9|전라남도|무안군
전라남도,영광군,기초의원비례,비례,9,1,2,2.00,Y,비례대표_단일정당명부,Y,N,N,"100165816, 100165813","김선옥, 박노은","더불어민주당, 더불어민주당",0,0,1,1,1,0,Y,9|전라남도|영광군
전라남도,무안군제2선거구,시도의원,지역구,5,1,1,1.00,Y,등록후보수_의원정수이하,N,N,N,100156458,이정운,더불어민주당,0,0,1,1,0,0,Y,5|전라남도|무안군제2선거구
전라남도,보성군제1선거구,시도의원,지역구,5,1,1,1.00,Y,등록후보수_의원정수이하,N,N,N,100159115,임용민,더불어민주당,1,0,1,0,0,0,Y,5|전라남도|보성군제1선거구
전라남도,여수시제5선거구,시도의원,지역구,5,1,1,1.00,Y,등록후보수_의원정수이하,N,N,N,100159247,문갑태,더불어민주당,0,0,1,1,0,0,Y,5|전라남도|여수시제5선거구
전라남도,장성군제2선거구,시도의원,지역구,5,1,1,1.00,Y,등록후보수_의원정수이하,N,N,N,100156938,정기성,더불어민주당,1,0,1,1,0,1,Y,5|전라남도|장성군제2선거구
전라남도,화순군제1선거구,시도의원,지역구,5,1,1,1.00,Y,등록후보수_의원정수이하,N,N,N,100159310,하성동,더불어민주당,1,0,1,1,0,1,Y,5|전라남도|화순군제1선거구
전북특별자치도,군산시제4선거구,시도의원,지역구,5,1,1,1.00,Y,등록후보수_의원정수이하,N,N,N,100154283,한준희,더불어민주당,1,0,1,0,0,0,Y,5|전북특별자치도|군산시제4선거구
전북특별자치도,완주군제2선거구,시도의원,지역구,5,1,1,1.00,Y,등록후보수_의원정수이하,N,N,N,100157704,권요안,더불어민주당,0,0,1,1,0,0,Y,5|전북특별자치도|완주군제2선거구
전북특별자치도,익산시제1선거구,시도의원,지역구,5,1,1,1.00,Y,등록후보수_의원정수이하,N,N,N,100162867,최종오,더불어민주당,0,0,1,1,0,0,Y,5|전북특별자치도|익산시제1선거구
전북특별자치도,익산시제2선거구,시도의원,지역구,5,1,1,1.00,Y,등록후보수_의원정수이하,N,N,N,100157639,조은희,더불어민주당,1,0,1,0,0,0,Y,5|전북특별자치도|익산시제2선거구
전북특별자치도,익산시제3선거구,시도의원,지역구,5,1,1,1.00,Y,등록후보수_의원정수이하,N,N,N,100157420,김경진,더불어민주당,0,0,1,1,0,0,Y,5|전북특별자치도|익산시제3선거구
전북특별자치도,전주시제10선거구,시도의원,지역구,5,1,1,1.00,Y,등록후보수_의원정수이하,N,N,N,100162042,이명연,더불어민주당,0,0,1,1,0,0,Y,5|전북특별자치도|전주시제10선거구
전북특별자치도,정읍시제1선거구,시도의원,지역구,5,1,1,1.00,Y,등록후보수_의원정수이하,N,N,N,100154075,임승식,더불어민주당,1,0,1,1,0,1,Y,5|전북특별자치도|정읍시제1선거구
제주특별자치도,제주특별자치도 제주시 삼양동·봉개동선거구,시도의원,지역구,5,1,1,1.00,Y,등록후보수_의원정수이하,N,N,N,100155671,박안수,더불어민주당,0,0,1,1,0,0,Y,5|제주특별자치도|제주특별자치도 제주시 삼양동·봉개동선거구
제주특별자치도,제주특별자치도 제주시 아라동갑선거구,시도의원,지역구,5,1,1,1.00,Y,등록후보수_의원정수이하,N,N,N,100154766,김봉현,더불어민주당,0,0,1,1,0,0,Y,5|제주특별자치도|제주특별자치도 제주시 아라동갑선거구
제주특별자치도,제주특별자치도 제주시 이도2동갑선거구,시도의원,지역구,5,1,1,1.00,Y,등록후보수_의원정수이하,N,N,N,100163106,김기환,더불어민주당,1,0,0,0,0,0,Y,5|제주특별자치도|제주특별자치도 제주시 이도2동갑선거구
경기도,용인시,기초의원비례,비례,9,4,4,1.00,Y,등록후보수_의원정수이하,N,N,N,"100165373, 100165378, 100165517, 100165522","임유정, 신민욱, 변유선, 박인성","더불어민주당, 더불어민주당, 국민의힘, 국민의힘",0,0,0,0,0,0,N,9|경기도|용인시
경기도,화성시사선거구,구시군의회의원,지역구,6,3,3,1.00,Y,등록후보수_의원정수이하,N,N,N,"100164501, 100160705, 100161990","장철규, 김창겸, 임채덕","더불어민주당, 더불어민주당, 국민의힘",0,0,0,0,0,0,N,6|경기도|화성시사선거구
경상북도,포항시마선거구,구시군의회의원,지역구,6,3,3,1.00,Y,등록후보수_의원정수이하,N,N,N,"100163328, 100162969, 100162171","김상민, 김하영, 정원석","더불어민주당, 국민의힘, 국민의힘",0,0,0,0,0,0,N,6|경상북도|포항시마선거구
광주광역시,북구다선거구,구시군의회의원,지역구,6,3,3,1.00,Y,등록후보수_의원정수이하,N,N,N,"100155883, 100158363, 100157719","이재봉, 최기영, 김영순","더불어민주당, 더불어민주당, 더불어민주당",0,0,0,0,0,0,N,6|광주광역시|북구다선거구
대구광역시,달서구,기초의원비례,비례,9,3,3,1.00,Y,등록후보수_의원정수이하,N,N,N,"100165162, 100165191, 100165199","백경해, 배무연, 김철희","더불어민주당, 국민의힘, 국민의힘",0,0,0,0,0,0,N,9|대구광역시|달서구
대구광역시,북구,기초의원비례,비례,9,3,3,1.00,Y,등록후보수_의원정수이하,N,N,N,"100165020, 100165596, 100165599","구진경, 고정애, 서효림","더불어민주당, 국민의힘, 국민의힘",0,0,0,0,0,0,N,9|대구광역시|북구
서울특별시,노원구다선거구,구시군의회의원,지역구,6,3,3,1.00,Y,등록후보수_의원정수이하,N,N,N,"100163875, 100162847, 100160493","김소라, 손영준, 김희숙","더불어민주당, 더불어민주당, 국민의힘",0,0,0,0,0,0,N,6|서울특별시|노원구다선거구
서울특별시,성동구가선거구,구시군의회의원,지역구,6,3,3,1.00,Y,등록후보수_의원정수이하,N,N,N,"100163375, 100158109, 100162682","양옥희, 조진호, 엄경석","더불어민주당, 더불어민주당, 국민의힘",0,0,0,0,0,0,N,6|서울특별시|성동구가선거구
서울특별시,성북구다선거구,구시군의회의원,지역구,6,3,3,1.00,Y,등록후보수_의원정수이하,N,N,N,"100161963, 100161879, 100162065","정윤주, 이용진, 송영옥","더불어민주당, 더불어민주당, 국민의힘",0,0,0,0,0,0,N,6|서울특별시|성북구다선거구
서울특별시,성북구마선거구,구시군의회의원,지역구,6,3,3,1.00,Y,등록후보수_의원정수이하,N,N,N,"100154717, 100162093, 100164899","김세운, 이인순, 이동호","더불어민주당, 더불어민주당, 국민의힘",0,0,0,0,0,0,N,6|서울특별시|성북구마선거구
서울특별시,노원구,기초의원비례,비례,9,3,3,1.00,Y,등록후보수_의원정수이하,N,N,N,"100164950, 100164958, 100165143","한은영, 허윤회, 김서연","더불어민주당, 더불어민주당, 국민의힘",0,0,0,0,0,0,N,9|서울특별시|노원구
서울특별시,성북구,기초의원비례,비례,9,3,3,1.00,Y,등록후보수_의원정수이하,N,N,N,"100164863, 100164885, 100165029","박윤경, 한지연, 김자연","더불어민주당, 더불어민주당, 국민의힘",0,0,0,0,0,0,N,9|서울특별시|성북구
인천광역시,부평구나선거구,구시군의회의원,지역구,6,3,3,1.00,Y,등록후보수_의원정수이하,N,N,N,"100157164, 100160852, 100158746","이제욱, 남성훈, 여명자","더불어민주당, 더불어민주당, 국민의힘",0,0,0,0,0,0,N,6|인천광역시|부평구나선거구
전라남도,고흥군가선거구,구시군의회의원,지역구,6,3,3,1.00,Y,등록후보수_의원정수이하,N,N,N,"100161117, 100159747, 100160354","박경석, 한승욱, 류동철","더불어민주당, 더불어민주당, 더불어민주당",0,0,0,0,0,0,N,6|전라남도|고흥군가선거구
전북특별자치도,김제시다선거구,구시군의회의원,지역구,6,3,3,1.00,Y,등록후보수_의원정수이하,N,N,N,"100155935, 100155442, 100154866","장민우, 오상민, 김민완","더불어민주당, 더불어민주당, 더불어민주당",0,0,0,0,0,0,N,6|전북특별자치도|김제시다선거구
경기도,고양시자선거구,구시군의회의원,지역구,6,2,2,1.00,Y,등록후보수_의원정수이하,N,N,N,"100159991, 100162895","신인선, 이홍규","더불어민주당, 국민의힘",0,0,0,0,0,0,N,6|경기도|고양시자선거구
경기도,고양시파선거구,구시군의회의원,지역구,6,2,2,1.00,Y,등록후보수_의원정수이하,N,N,N,"100163567, 100162934","김학영, 김수진","더불어민주당, 국민의힘",0,0,1,0,0,0,N,6|경기도|고양시파선거구
경기도,군포시라선거구,구시군의회의원,지역구,6,2,2,1.00,Y,등록후보수_의원정수이하,N,N,N,"100158054, 100163977","정해동, 박상현","더불어민주당, 국민의힘",0,0,1,0,0,0,N,6|경기도|군포시라선거구
경기도,성남시사선거구,구시군의회의원,지역구,6,2,2,1.00,Y,등록후보수_의원정수이하,N,N,N,"100157803, 100155785","정연화, 김보석","더불어민주당, 국민의힘",0,0,0,0,0,0,N,6|경기도|성남시사선거구
경기도,성남시아선거구,구시군의회의원,지역구,6,2,2,1.00,Y,등록후보수_의원정수이하,N,N,N,"100156876, 100155753","오종길, 김건우","더불어민주당, 국민의힘",0,0,0,0,0,0,N,6|경기도|성남시아선거구
경기도,성남시자선거구,구시군의회의원,지역구,6,2,2,1.00,Y,등록후보수_의원정수이하,N,N,N,"100156618, 100161305","이세미, 김종환","더불어민주당, 국민의힘",0,0,0,0,0,0,N,6|경기도|성남시자선거구
경기도,성남시카선거구,구시군의회의원,지역구,6,2,2,1.00,Y,등록후보수_의원정수이하,N,N,N,"100157115, 100158450","서은경, 정봉규","더불어민주당, 국민의힘",0,0,1,0,0,0,N,6|경기도|성남시카선거구
경기도,수원시차선거구,구시군의회의원,지역구,6,2,2,1.00,Y,등록후보수_의원정수이하,N,N,N,"100155999, 100158456","서형미, 금가현","더불어민주당, 국민의힘",0,0,0,0,0,0,N,6|경기도|수원시차선거구
경기도,수원시카선거구,구시군의회의원,지역구,6,2,2,1.00,Y,등록후보수_의원정수이하,N,N,N,"100157035, 100158872","강은호, 정윤우","더불어민주당, 국민의힘",0,0,0,0,0,0,N,6|경기도|수원시카선거구
경기도,안양시나선거구,구시군의회의원,지역구,6,2,2,1.00,Y,등록후보수_의원정수이하,N,N,N,"100163035, 100157514","채진기, 황원영","더불어민주당, 국민의힘",0,0,0,0,0,0,N,6|경기도|안양시나선거구
경기도,용인시나선거구,구시군의회의원,지역구,6,2,2,1.00,Y,등록후보수_의원정수이하,N,N,N,"100155165, 100158212","김종억, 권병손","더불어민주당, 국민의힘",0,0,0,0,0,0,N,6|경기도|용인시나선거구
경기도,용인시마선거구,구시군의회의원,지역구,6,2,2,1.00,Y,등록후보수_의원정수이하,N,N,N,"100162694, 100164453","신나연, 김길수","더불어민주당, 국민의힘",0,0,0,0,0,0,N,6|경기도|용인시마선거구
경기도,평택시다선거구,구시군의회의원,지역구,6,2,2,1.00,Y,등록후보수_의원정수이하,N,N,N,"100161596, 100159937","윤희중, 이향숙","더불어민주당, 국민의힘",0,0,0,0,0,0,N,6|경기도|평택시다선거구
경기도,하남시가선거구,구시군의회의원,지역구,6,2,2,1.00,Y,등록후보수_의원정수이하,N,N,N,"100157750, 100155212","최승태, 조창민","더불어민주당, 국민의힘",0,0,0,0,0,0,N,6|경기도|하남시가선거구
경기도,광명시,기초의원비례,비례,9,2,2,1.00,Y,등록후보수_의원정수이하,N,N,N,"100164097, 100164102","박미정, 최미영","더불어민주당, 국민의힘",0,0,0,0,0,0,N,9|경기도|광명시
경상남도,양산시마선거구,구시군의회의원,지역구,6,2,2,1.00,Y,등록후보수_의원정수이하,N,N,N,"100162298, 100162445","박선주, 정숙남","더불어민주당, 국민의힘",0,0,0,0,0,0,N,6|경상남도|양산시마선거구
경상북도,안동시나선거구,구시군의회의원,지역구,6,2,2,1.00,Y,등록후보수_의원정수이하,N,N,N,"100162783, 100163919","정복순, 권기윤","더불어민주당, 국민의힘",0,0,1,0,0,0,N,6|경상북도|안동시나선거구
대구광역시,달서구가선거구,구시군의회의원,지역구,6,2,2,1.00,Y,등록후보수_의원정수이하,N,N,N,"100163376, 100156484","이신자, 정달호","더불어민주당, 국민의힘",0,0,0,0,0,0,N,6|대구광역시|달서구가선거구
대구광역시,달서구나선거구,구시군의회의원,지역구,6,2,2,1.00,Y,등록후보수_의원정수이하,N,N,N,"100158145, 100157736","구백림, 황국주","더불어민주당, 국민의힘",0,0,0,0,0,0,N,6|대구광역시|달서구나선거구
대구광역시,북구가선거구,구시군의회의원,지역구,6,2,2,1.00,Y,등록후보수_의원정수이하,N,N,N,"100154834, 100162055","안경완, 임수환","더불어민주당, 국민의힘",0,0,1,0,0,0,N,6|대구광역시|북구가선거구
대구광역시,북구라선거구,구시군의회의원,지역구,6,2,2,1.00,Y,등록후보수_의원정수이하,N,N,N,"100161469, 100162177","한상열, 이현수","더불어민주당, 국민의힘",0,0,0,0,0,0,N,6|대구광역시|북구라선거구
대구광역시,달성군,기초의원비례,비례,9,2,2,1.00,Y,등록후보수_의원정수이하,N,N,N,"100164791, 100164851","김성화, 전순애","더불어민주당, 국민의힘",0,0,0,0,0,0,N,9|대구광역시|달성군
대전광역시,대덕구가선거구,구시군의회의원,지역구,6,2,2,1.00,Y,등록후보수_의원정수이하,N,N,N,"100154984, 100162362","이삼남, 조대웅","더불어민주당, 국민의힘",0,0,1,0,0,0,N,6|대전광역시|대덕구가선거구
대전광역시,서구바선거구,구시군의회의원,지역구,6,2,2,1.00,Y,등록후보수_의원정수이하,N,N,N,"100157544, 100162108","송용석, 정인화","더불어민주당, 국민의힘",0,0,0,0,0,0,N,6|대전광역시|서구바선거구
부산광역시,금정구나선거구,구시군의회의원,지역구,6,2,2,1.00,Y,등록후보수_의원정수이하,N,N,N,"100155533, 100161662","이승진, 강재호","더불어민주당, 국민의힘",0,0,1,0,0,0,N,6|부산광역시|금정구나선거구
부산광역시,남구가선거구,구시군의회의원,지역구,6,2,2,1.00,Y,등록후보수_의원정수이하,N,N,N,"100160052, 100155567","박강민, 이준희","더불어민주당, 국민의힘",0,0,0,0,0,0,N,6|부산광역시|남구가선거구
부산광역시,남구라선거구,구시군의회의원,지역구,6,2,2,1.00,Y,등록후보수_의원정수이하,N,N,N,"100160056, 100156680","서영태, 윤성록","더불어민주당, 국민의힘",0,0,0,0,0,0,N,6|부산광역시|남구라선거구
부산광역시,사상구라선거구,구시군의회의원,지역구,6,2,2,1.00,Y,등록후보수_의원정수이하,N,N,N,"100160407, 100161106","황수진, 김진순","더불어민주당, 국민의힘",0,0,0,0,0,0,N,6|부산광역시|사상구라선거구
부산광역시,수영구다선거구,구시군의회의원,지역구,6,2,2,1.00,Y,등록후보수_의원정수이하,N,N,N,"100157695, 100161088","윤정환, 김태성","더불어민주당, 국민의힘",0,0,0,0,0,0,N,6|부산광역시|수영구다선거구
부산광역시,해운대구라선거구,구시군의회의원,지역구,6,2,2,1.00,Y,등록후보수_의원정수이하,N,N,N,"100160029, 100163008","김미희, 서창우","더불어민주당, 국민의힘",0,0,0,0,0,0,N,6|부산광역시|해운대구라선거구
부산광역시,해운대구마선거구,구시군의회의원,지역구,6,2,2,1.00,Y,등록후보수_의원정수이하,N,N,N,"100156715, 100158735","마준영, 박기훈","더불어민주당, 국민의힘",0,0,0,0,0,0,N,6|부산광역시|해운대구마선거구
부산광역시,해운대구바선거구,구시군의회의원,지역구,6,2,2,1.00,Y,등록후보수_의원정수이하,N,N,N,"100157171, 100161177","공기순, 장성철","더불어민주당, 국민의힘",0,0,0,0,0,0,N,6|부산광역시|해운대구바선거구
부산광역시,남구,기초의원비례,비례,9,2,2,1.00,Y,등록후보수_의원정수이하,N,N,N,"100164822, 100164868","임이정, 정수아","더불어민주당, 국민의힘",0,0,0,0,0,0,N,9|부산광역시|남구
부산광역시,북구,기초의원비례,비례,9,2,2,1.00,Y,등록후보수_의원정수이하,N,N,N,"100164393, 100164401","진영옥, 최태숙","더불어민주당, 국민의힘",0,0,0,0,0,0,N,9|부산광역시|북구
부산광역시,연제구,기초의원비례,비례,9,2,2,1.00,Y,등록후보수_의원정수이하,N,N,N,"100164709, 100164497","어해영, 정창동","더불어민주당, 국민의힘",0,0,0,0,0,0,N,9|부산광역시|연제구
부산광역시,해운대구,기초의원비례,비례,9,2,2,1.00,Y,등록후보수_의원정수이하,N,N,N,"100164151, 100164154","박주령, 김선희","더불어민주당, 국민의힘",0,0,0,0,0,0,N,9|부산광역시|해운대구
서울특별시,강남구바선거구,구시군의회의원,지역구,6,2,2,1.00,Y,등록후보수_의원정수이하,N,N,N,"100163427, 100163455","고은진, 송영광","더불어민주당, 국민의힘",0,0,0,0,0,0,N,6|서울특별시|강남구바선거구
서울특별시,강남구아선거구,구시군의회의원,지역구,6,2,2,1.00,Y,등록후보수_의원정수이하,N,N,N,"100160953, 100162305","오온누리, 윤수혁","더불어민주당, 국민의힘",0,0,0,0,0,0,N,6|서울특별시|강남구아선거구
서울특별시,도봉구마선거구,구시군의회의원,지역구,6,2,2,1.00,Y,등록후보수_의원정수이하,N,N,N,"100154908, 100155897","신은옥, 강신만","더불어민주당, 국민의힘",0,0,1,0,0,0,N,6|서울특별시|도봉구마선거구
서울특별시,동작구라선거구,구시군의회의원,지역구,6,2,2,1.00,Y,등록후보수_의원정수이하,N,N,N,"100161451, 100162486","박지우, 이주현","더불어민주당, 국민의힘",0,0,1,0,0,0,N,6|서울특별시|동작구라선거구
서울특별시,동작구바선거구,구시군의회의원,지역구,6,2,2,1.00,Y,등록후보수_의원정수이하,N,N,N,"100158794, 100158335","김은하, 정유나","더불어민주당, 국민의힘",0,0,0,0,0,0,N,6|서울특별시|동작구바선거구
서울특별시,마포구라선거구,구시군의회의원,지역구,6,2,2,1.00,Y,등록후보수_의원정수이하,N,N,N,"100161062, 100164943","남해석, 서종수","더불어민주당, 국민의힘",0,0,0,0,0,0,N,6|서울특별시|마포구라선거구
서울특별시,마포구사선거구,구시군의회의원,지역구,6,2,2,1.00,Y,등록후보수_의원정수이하,N,N,N,"100165150, 100158675","장영준, 김진천","더불어민주당, 국민의힘",0,0,1,0,0,0,N,6|서울특별시|마포구사선거구
서울특별시,성북구라선거구,구시군의회의원,지역구,6,2,2,1.00,Y,등록후보수_의원정수이하,N,N,N,"100157706, 100162302","권영숙, 권영애","더불어민주당, 국민의힘",0,0,0,0,0,0,N,6|서울특별시|성북구라선거구
서울특별시,송파구나선거구,구시군의회의원,지역구,6,2,2,1.00,Y,등록후보수_의원정수이하,N,N,N,"100163570, 100162423","박순례, 박순옥","더불어민주당, 국민의힘",0,0,0,0,0,0,N,6|서울특별시|송파구나선거구
서울특별시,송파구다선거구,구시군의회의원,지역구,6,2,2,1.00,Y,등록후보수_의원정수이하,N,N,N,"100164874, 100164796","최옥주, 전정","더불어민주당, 국민의힘",0,0,0,0,0,0,N,6|서울특별시|송파구다선거구
서울특별시,송파구바선거구,구시군의회의원,지역구,6,2,2,1.00,Y,등록후보수_의원정수이하,N,N,N,"100160725, 100163410","김안나, 최상진","더불어민주당, 국민의힘",0,0,0,0,0,0,N,6|서울특별시|송파구바선거구
서울특별시,송파구자선거구,구시군의회의원,지역구,6,2,2,1.00,Y,등록후보수_의원정수이하,N,N,N,"100161416, 100165630","위정희, 김성호","더불어민주당, 국민의힘",0,0,0,0,0,0,N,6|서울특별시|송파구자선거구
서울특별시,양천구라선거구,구시군의회의원,지역구,6,2,2,1.00,Y,등록후보수_의원정수이하,N,N,N,"100165355, 100161565","임정옥, 김대섭","더불어민주당, 국민의힘",0,0,0,0,0,0,N,6|서울특별시|양천구라선거구
서울특별시,영등포구가선거구,구시군의회의원,지역구,6,2,2,1.00,Y,등록후보수_의원정수이하,N,N,N,"100155446, 100163075","서천열, 정선희","더불어민주당, 국민의힘",0,0,0,0,0,0,N,6|서울특별시|영등포구가선거구
서울특별시,용산구나선거구,구시군의회의원,지역구,6,2,2,1.00,Y,등록후보수_의원정수이하,N,N,N,"100162316, 100163282","안태홍, 김동현","더불어민주당, 국민의힘",0,0,0,0,0,0,N,6|서울특별시|용산구나선거구
서울특별시,용산구라선거구,구시군의회의원,지역구,6,2,2,1.00,Y,등록후보수_의원정수이하,N,N,N,"100163541, 100162568","김경욱, 장정호","더불어민주당, 국민의힘",0,0,0,0,0,0,N,6|서울특별시|용산구라선거구
서울특별시,은평구가선거구,구시군의회의원,지역구,6,2,2,1.00,Y,등록후보수_의원정수이하,N,N,N,"100163113, 100160556","신현일, 박성도","더불어민주당, 국민의힘",0,0,0,0,0,0,N,6|서울특별시|은평구가선거구
서울특별시,종로구나선거구,구시군의회의원,지역구,6,2,2,1.00,Y,등록후보수_의원정수이하,N,N,N,"100155608, 100156573","노진경, 김호준","더불어민주당, 국민의힘",0,0,0,0,0,0,N,6|서울특별시|종로구나선거구
서울특별시,중구가선거구,구시군의회의원,지역구,6,2,2,1.00,Y,등록후보수_의원정수이하,N,N,N,"100163316, 100162404","윤판오, 손주하","더불어민주당, 국민의힘",0,0,1,0,0,0,N,6|서울특별시|중구가선거구
서울특별시,중랑구나선거구,구시군의회의원,지역구,6,2,2,1.00,Y,등록후보수_의원정수이하,N,N,N,"100162303, 100163015","나은하, 채옥희","더불어민주당, 국민의힘",0,0,0,0,0,0,N,6|서울특별시|중랑구나선거구
서울특별시,서대문구,기초의원비례,비례,9,2,2,1.00,Y,등록후보수_의원정수이하,N,N,N,"100164752, 100164830","이미정, 김이나","더불어민주당, 국민의힘",0,0,0,0,0,0,N,9|서울특별시|서대문구
인천광역시,부평구가선거구,구시군의회의원,지역구,6,2,2,1.00,Y,등록후보수_의원정수이하,N,N,N,"100157146, 100159024","조한결, 장수연","더불어민주당, 국민의힘",0,0,0,0,0,0,N,6|인천광역시|부평구가선거구
인천광역시,부평구마선거구,구시군의회의원,지역구,6,2,2,1.00,Y,등록후보수_의원정수이하,N,N,N,"100154760, 100160601","박성미, 김진웅","더불어민주당, 국민의힘",0,0,0,0,0,0,N,6|인천광역시|부평구마선거구
인천광역시,연수구마선거구,구시군의회의원,지역구,6,2,2,1.00,Y,등록후보수_의원정수이하,N,N,N,"100156743, 100155722","한지혜, 정민균","더불어민주당, 국민의힘",0,0,1,0,0,0,N,6|인천광역시|연수구마선거구
인천광역시,영종구가선거구,구시군의회의원,지역구,6,2,2,1.00,Y,등록후보수_의원정수이하,N,N,N,"100155527, 100160975","최미자, 손은비","더불어민주당, 국민의힘",0,0,0,0,0,0,N,6|인천광역시|영종구가선거구
전라남도,여수시가선거구,구시군의회의원,지역구,6,2,2,1.00,Y,등록후보수_의원정수이하,N,N,N,"100158085, 100158052","박성미, 김철민","더불어민주당, 더불어민주당",0,0,0,0,0,0,N,6|전라남도|여수시가선거구
전라남도,고흥군,기초의원비례,비례,9,2,3,1.50,Y,비례대표_단일정당명부,Y,N,N,"100165107, 100165117, 100165123","김인자, 김지연, 박순엽","더불어민주당, 더불어민주당, 더불어민주당",0,0,0,0,0,0,N,9|전라남도|고흥군
전북특별자치도,군산시다선거구,구시군의회의원,지역구,6,2,2,1.00,Y,등록후보수_의원정수이하,N,N,N,"100154013, 100153876","최경애, 이동현","더불어민주당, 더불어민주당",0,0,0,0,0,0,N,6|전북특별자치도|군산시다선거구
전북특별자치도,남원시라선거구,구시군의회의원,지역구,6,2,2,1.00,Y,등록후보수_의원정수이하,N,N,N,"100155733, 100157834","장병옥, 이기열","더불어민주당, 더불어민주당",0,0,1,0,0,0,N,6|전북특별자치도|남원시라선거구
전북특별자치도,부안군나선거구,구시군의회의원,지역구,6,2,2,1.00,Y,등록후보수_의원정수이하,N,N,N,"100159668, 100159735","김원진, 오장환","더불어민주당, 더불어민주당",0,0,1,0,0,0,N,6|전북특별자치도|부안군나선거구
전북특별자치도,익산시가선거구,구시군의회의원,지역구,6,2,2,1.00,Y,등록후보수_의원정수이하,N,N,N,"100155960, 100155969","김미선, 장경호","더불어민주당, 더불어민주당",0,0,0,0,0,0,N,6|전북특별자치도|익산시가선거구
전북특별자치도,전주시타선거구,구시군의회의원,지역구,6,2,2,1.00,Y,등록후보수_의원정수이하,N,N,N,"100154430, 100157682","신인철, 신유정","더불어민주당, 더불어민주당",0,0,0,0,0,0,N,6|전북특별자치도|전주시타선거구
전북특별자치도,정읍시다선거구,구시군의회의원,지역구,6,2,2,1.00,Y,등록후보수_의원정수이하,N,N,N,"100156907, 100155403","황혜숙, 한선미","더불어민주당, 더불어민주당",0,0,1,0,0,0,N,6|전북특별자치도|정읍시다선거구
충청남도,천안시나선거구,구시군의회의원,지역구,6,2,2,1.00,Y,등록후보수_의원정수이하,N,N,N,"100156353, 100158361","배관중, 조성준","더불어민주당, 국민의힘",0,0,0,0,0,0,N,6|충청남도|천안시나선거구
충청남도,천안시자선거구,구시군의회의원,지역구,6,2,2,1.00,Y,등록후보수_의원정수이하,N,N,N,"100161384, 100162798","박종갑, 김영한","더불어민주당, 국민의힘",0,0,0,0,0,0,N,6|충청남도|천안시자선거구
경기도,시흥시,기초단체장,지역구,4,1,1,1.00,Y,등록후보수_의원정수이하,N,N,N,100161693,임병택,더불어민주당,0,0,0,0,0,0,N,4|경기도|시흥시
경기도,부천시제2선거구,시도의원,지역구,5,1,1,1.00,Y,등록후보수_의원정수이하,N,N,N,100160801,박상현,더불어민주당,0,0,0,0,0,0,N,5|경기도|부천시제2선거구
경기도,시흥시제1선거구,시도의원,지역구,5,1,1,1.00,Y,등록후보수_의원정수이하,N,N,N,100161234,안광률,더불어민주당,0,0,0,0,0,0,N,5|경기도|시흥시제1선거구
경기도,안산시제2선거구,시도의원,지역구,5,1,1,1.00,Y,등록후보수_의원정수이하,N,N,N,100157525,김태희,더불어민주당,0,0,0,0,0,0,N,5|경기도|안산시제2선거구
경기도,용인시제3선거구,시도의원,지역구,5,1,1,1.00,Y,등록후보수_의원정수이하,N,N,N,100162517,남종섭,더불어민주당,0,0,0,0,0,0,N,5|경기도|용인시제3선거구
경기도,파주시제1선거구,시도의원,지역구,5,1,1,1.00,Y,등록후보수_의원정수이하,N,N,N,100162021,박은주,더불어민주당,0,0,0,0,0,0,N,5|경기도|파주시제1선거구
경기도,화성시제6선거구,시도의원,지역구,5,1,1,1.00,Y,등록후보수_의원정수이하,N,N,N,100163940,김회철,더불어민주당,0,0,0,0,0,0,N,5|경기도|화성시제6선거구
경상남도,산청군,기초의원비례,비례,9,1,1,1.00,Y,등록후보수_의원정수이하,N,N,N,100164731,권은희,국민의힘,0,0,0,0,0,0,N,9|경상남도|산청군
경상남도,의령군선거구,시도의원,지역구,5,1,1,1.00,Y,등록후보수_의원정수이하,N,N,N,100159331,김봉남,국민의힘,0,0,1,0,0,0,N,5|경상남도|의령군선거구
경상북도,고령군,기초의원비례,비례,9,1,1,1.00,Y,등록후보수_의원정수이하,N,N,N,100164016,김상남,국민의힘,0,0,0,0,0,0,N,9|경상북도|고령군
경상북도,문경시,기초의원비례,비례,9,1,1,1.00,Y,등록후보수_의원정수이하,N,N,N,100165018,신상애,국민의힘,0,0,0,0,0,0,N,9|경상북도|문경시
경상북도,성주군,기초의원비례,비례,9,1,1,1.00,Y,등록후보수_의원정수이하,N,N,N,100165007,유정자,국민의힘,0,0,0,0,0,0,N,9|경상북도|성주군
경상북도,영덕군,기초의원비례,비례,9,1,1,1.00,Y,등록후보수_의원정수이하,N,N,N,100164142,김미옥,국민의힘,0,0,0,0,0,0,N,9|경상북도|영덕군
경상북도,영양군,기초의원비례,비례,9,1,1,1.00,Y,등록후보수_의원정수이하,N,N,N,100164352,최민경,국민의힘,0,0,0,0,0,0,N,9|경상북도|영양군
경상북도,예천군,기초의원비례,비례,9,1,1,1.00,Y,등록후보수_의원정수이하,N,N,N,100165650,전선희,국민의힘,0,0,0,0,0,0,N,9|경상북도|예천군
경상북도,청송군,기초의원비례,비례,9,1,1,1.00,Y,등록후보수_의원정수이하,N,N,N,100164442,황성경,국민의힘,0,0,1,0,0,0,N,9|경상북도|청송군
경상북도,경주시제1선거구,시도의원,지역구,5,1,1,1.00,Y,등록후보수_의원정수이하,N,N,N,100159874,배진석,국민의힘,0,0,0,0,0,0,N,5|경상북도|경주시제1선거구
경상북도,경주시제3선거구,시도의원,지역구,5,1,1,1.00,Y,등록후보수_의원정수이하,N,N,N,100161382,최병준,국민의힘,0,0,1,0,0,0,N,5|경상북도|경주시제3선거구
경상북도,경주시제5선거구,시도의원,지역구,5,1,1,1.00,Y,등록후보수_의원정수이하,N,N,N,100158823,박승직,국민의힘,0,0,1,0,0,0,N,5|경상북도|경주시제5선거구
경상북도,문경시제2선거구,시도의원,지역구,5,1,1,1.00,Y,등록후보수_의원정수이하,N,N,N,100162248,김창기,국민의힘,0,0,0,0,0,0,N,5|경상북도|문경시제2선거구
경상북도,영천시제1선거구,시도의원,지역구,5,1,1,1.00,Y,등록후보수_의원정수이하,N,N,N,100163884,이춘우,국민의힘,0,0,0,0,0,0,N,5|경상북도|영천시제1선거구
경상북도,울릉군선거구,시도의원,지역구,5,1,1,1.00,Y,등록후보수_의원정수이하,N,N,N,100154170,정윤태,국민의힘,0,0,0,0,0,0,N,5|경상북도|울릉군선거구
경상북도,울진군선거구,시도의원,지역구,5,1,1,1.00,Y,등록후보수_의원정수이하,N,N,N,100160178,김재준,국민의힘,0,0,0,0,0,0,N,5|경상북도|울진군선거구
경상북도,청도군선거구,시도의원,지역구,5,1,1,1.00,Y,등록후보수_의원정수이하,N,N,N,100156764,이종평,국민의힘,0,0,1,0,0,0,N,5|경상북도|청도군선거구
경상북도,칠곡군제1선거구,시도의원,지역구,5,1,1,1.00,Y,등록후보수_의원정수이하,N,N,N,100162234,정한석,국민의힘,0,0,0,0,0,0,N,5|경상북도|칠곡군제1선거구
경상북도,칠곡군제2선거구,시도의원,지역구,5,1,1,1.00,Y,등록후보수_의원정수이하,N,N,N,100162242,박순범,국민의힘,0,0,0,0,0,0,N,5|경상북도|칠곡군제2선거구
광주광역시,남구,기초단체장,지역구,4,1,1,1.00,Y,등록후보수_의원정수이하,N,N,N,100158111,김병내,더불어민주당,0,0,0,0,0,0,N,4|광주광역시|남구
광주광역시,서구,기초단체장,지역구,4,1,1,1.00,Y,등록후보수_의원정수이하,N,N,N,100163972,김이강,더불어민주당,0,0,0,0,0,0,N,4|광주광역시|서구
광주광역시,동구,기초의원비례,비례,9,1,1,1.00,Y,등록후보수_의원정수이하,N,N,N,100164841,김희선,더불어민주당,0,0,0,0,0,0,N,9|광주광역시|동구
광주광역시,동구제2선거구,시도의원,지역구,5,1,1,1.00,Y,등록후보수_의원정수이하,N,N,N,100156289,노진성,더불어민주당,0,0,0,0,0,0,N,5|광주광역시|동구제2선거구
광주광역시,서구제1선거구,시도의원,지역구,5,1,1,1.00,Y,등록후보수_의원정수이하,N,N,N,100154835,강수훈,더불어민주당,0,0,0,0,0,0,N,5|광주광역시|서구제1선거구
대구광역시,군위군,기초의원비례,비례,9,1,1,1.00,Y,등록후보수_의원정수이하,N,N,N,100164466,김은주,국민의힘,0,0,0,0,0,0,N,9|대구광역시|군위군
대구광역시,동구제2선거구,시도의원,지역구,5,1,1,1.00,Y,등록후보수_의원정수이하,N,N,N,100163302,박소영,국민의힘,0,0,0,0,0,0,N,5|대구광역시|동구제2선거구
서울특별시,관악구제1선거구,시도의원,지역구,5,1,1,1.00,Y,등록후보수_의원정수이하,N,N,N,100154677,공우석,더불어민주당,0,0,1,0,0,0,N,5|서울특별시|관악구제1선거구
서울특별시,관악구제2선거구,시도의원,지역구,5,1,1,1.00,Y,등록후보수_의원정수이하,N,N,N,100159081,주무열,더불어민주당,0,0,0,0,0,0,N,5|서울특별시|관악구제2선거구
서울특별시,관악구제3선거구,시도의원,지역구,5,1,1,1.00,Y,등록후보수_의원정수이하,N,N,N,100156656,임만균,더불어민주당,0,0,0,0,0,0,N,5|서울특별시|관악구제3선거구
서울특별시,은평구제2선거구,시도의원,지역구,5,1,1,1.00,Y,등록후보수_의원정수이하,N,N,N,100163120,이병도,더불어민주당,0,0,0,0,0,0,N,5|서울특별시|은평구제2선거구
인천광역시,검단구,기초의원비례,비례,9,1,1,1.00,Y,등록후보수_의원정수이하,N,N,N,100164804,나선희,더불어민주당,0,0,0,0,0,0,N,9|인천광역시|검단구
인천광역시,부평구제5선거구,시도의원,지역구,5,1,1,1.00,Y,등록후보수_의원정수이하,N,N,N,100155445,박흥석,더불어민주당,0,0,0,0,0,0,N,5|인천광역시|부평구제5선거구
전라남도,강진군,기초의원비례,비례,9,1,1,1.00,Y,등록후보수_의원정수이하,N,N,N,100165356,김경,더불어민주당,0,0,0,0,0,0,N,9|전라남도|강진군
전라남도,곡성군,기초의원비례,비례,9,1,2,2.00,Y,비례대표_단일정당명부,Y,N,N,"100165408, 100165414","임원자, 이진숙","더불어민주당, 더불어민주당",0,0,0,0,0,0,N,9|전라남도|곡성군
전라남도,구례군,기초의원비례,비례,9,1,1,1.00,Y,등록후보수_의원정수이하,N,N,N,100164852,서연희,더불어민주당,0,0,0,0,0,0,N,9|전라남도|구례군
전라남도,보성군,기초의원비례,비례,9,1,2,2.00,Y,비례대표_단일정당명부,Y,N,N,"100164886, 100165012","서정옥, 김미숙","더불어민주당, 더불어민주당",0,0,0,0,0,0,N,9|전라남도|보성군
전라남도,영암군,기초의원비례,비례,9,1,1,1.00,Y,등록후보수_의원정수이하,N,N,N,100165202,심애란,더불어민주당,0,0,0,0,0,0,N,9|전라남도|영암군
전라남도,완도군,기초의원비례,비례,9,1,2,2.00,Y,비례대표_단일정당명부,Y,N,N,"100165716, 100165729","김매숙, 손정희","더불어민주당, 더불어민주당",0,0,0,0,0,0,N,9|전라남도|완도군
전라남도,장성군,기초의원비례,비례,9,1,2,2.00,Y,비례대표_단일정당명부,Y,N,N,"100165842, 100165843","이지연, 신화순","더불어민주당, 더불어민주당",0,0,0,0,0,0,N,9|전라남도|장성군
전라남도,장흥군,기초의원비례,비례,9,1,2,2.00,Y,비례대표_단일정당명부,Y,N,N,"100164730, 100164733","김옥화, 김동미","더불어민주당, 더불어민주당",0,0,2,0,0,0,N,9|전라남도|장흥군
전라남도,진도군,기초의원비례,비례,9,1,2,2.00,Y,비례대표_단일정당명부,Y,N,N,"100164329, 100165533","조난영, 박후근","더불어민주당, 더불어민주당",0,0,0,0,0,0,N,9|전라남도|진도군
전라남도,함평군,기초의원비례,비례,9,1,1,1.00,Y,등록후보수_의원정수이하,N,N,N,100165680,김농선,더불어민주당,0,0,0,0,0,0,N,9|전라남도|함평군
전라남도,화순군,기초의원비례,비례,9,1,1,1.00,Y,등록후보수_의원정수이하,N,N,N,100165267,주혜정,더불어민주당,0,0,0,0,0,0,N,9|전라남도|화순군
전라남도,고흥군제1선거구,시도의원,지역구,5,1,1,1.00,Y,등록후보수_의원정수이하,N,N,N,100156732,송형곤,더불어민주당,0,0,0,0,0,0,N,5|전라남도|고흥군제1선거구
전라남도,고흥군제2선거구,시도의원,지역구,5,1,1,1.00,Y,등록후보수_의원정수이하,N,N,N,100164485,박선준,더불어민주당,0,0,0,0,0,0,N,5|전라남도|고흥군제2선거구
전라남도,광양시제1선거구,시도의원,지역구,5,1,1,1.00,Y,등록후보수_의원정수이하,N,N,N,100158904,임형석,더불어민주당,0,0,0,0,0,0,N,5|전라남도|광양시제1선거구
전라남도,광양시제4선거구,시도의원,지역구,5,1,1,1.00,Y,등록후보수_의원정수이하,N,N,N,100155026,김장권,더불어민주당,0,0,1,0,0,0,N,5|전라남도|광양시제4선거구
전라남도,구례군선거구,시도의원,지역구,5,1,1,1.00,Y,등록후보수_의원정수이하,N,N,N,100155561,김송식,더불어민주당,0,0,0,0,0,0,N,5|전라남도|구례군선거구
전라남도,나주시제1선거구,시도의원,지역구,5,1,1,1.00,Y,등록후보수_의원정수이하,N,N,N,100155594,이재창,더불어민주당,0,0,1,0,0,0,N,5|전라남도|나주시제1선거구
전라남도,나주시제2선거구,시도의원,지역구,5,1,1,1.00,Y,등록후보수_의원정수이하,N,N,N,100155817,최명수,더불어민주당,0,0,0,0,0,0,N,5|전라남도|나주시제2선거구
전라남도,담양군제1선거구,시도의원,지역구,5,1,1,1.00,Y,등록후보수_의원정수이하,N,N,N,100158981,박준엽,더불어민주당,0,0,0,0,0,0,N,5|전라남도|담양군제1선거구
전라남도,목포시제1선거구,시도의원,지역구,5,1,1,1.00,Y,등록후보수_의원정수이하,N,N,N,100154887,최선국,더불어민주당,0,0,0,0,0,0,N,5|전라남도|목포시제1선거구
전라남도,목포시제3선거구,시도의원,지역구,5,1,1,1.00,Y,등록후보수_의원정수이하,N,N,N,100161090,박문옥,더불어민주당,0,0,0,0,0,0,N,5|전라남도|목포시제3선거구
전라남도,목포시제4선거구,시도의원,지역구,5,1,1,1.00,Y,등록후보수_의원정수이하,N,N,N,100161368,최정훈,더불어민주당,0,0,0,0,0,0,N,5|전라남도|목포시제4선거구
전라남도,무안군제1선거구,시도의원,지역구,5,1,1,1.00,Y,등록후보수_의원정수이하,N,N,N,100157345,고성석,더불어민주당,0,0,0,0,0,0,N,5|전라남도|무안군제1선거구
전라남도,순천시제2선거구,시도의원,지역구,5,1,1,1.00,Y,등록후보수_의원정수이하,N,N,N,100157397,한춘옥,더불어민주당,0,0,0,0,0,0,N,5|전라남도|순천시제2선거구
전라남도,순천시제5선거구,시도의원,지역구,5,1,1,1.00,Y,등록후보수_의원정수이하,N,N,N,100160891,김진남,더불어민주당,0,0,0,0,0,0,N,5|전라남도|순천시제5선거구
전라남도,순천시제6선거구,시도의원,지역구,5,1,1,1.00,Y,등록후보수_의원정수이하,N,N,N,100164538,신민호,더불어민주당,0,0,1,0,0,0,N,5|전라남도|순천시제6선거구
전라남도,순천시제8선거구,시도의원,지역구,5,1,1,1.00,Y,등록후보수_의원정수이하,N,N,N,100160651,김영진,더불어민주당,0,0,1,0,0,0,N,5|전라남도|순천시제8선거구
전라남도,신안군제1선거구,시도의원,지역구,5,1,1,1.00,Y,등록후보수_의원정수이하,N,N,N,100159960,김문수,더불어민주당,0,0,1,0,0,0,N,5|전라남도|신안군제1선거구
전라남도,여수시제2선거구,시도의원,지역구,5,1,1,1.00,Y,등록후보수_의원정수이하,N,N,N,100157301,서대현,더불어민주당,0,0,1,0,0,0,N,5|전라남도|여수시제2선거구
전라남도,여수시제6선거구,시도의원,지역구,5,1,1,1.00,Y,등록후보수_의원정수이하,N,N,N,100159203,이석주,더불어민주당,0,0,0,0,0,0,N,5|전라남도|여수시제6선거구
전라남도,영암군제1선거구,시도의원,지역구,5,1,1,1.00,Y,등록후보수_의원정수이하,N,N,N,100155823,이행도,더불어민주당,0,0,0,0,0,0,N,5|전라남도|영암군제1선거구
전라남도,영암군제2선거구,시도의원,지역구,5,1,1,1.00,Y,등록후보수_의원정수이하,N,N,N,100161459,손남일,더불어민주당,0,0,1,0,0,0,N,5|전라남도|영암군제2선거구
전라남도,완도군제1선거구,시도의원,지역구,5,1,1,1.00,Y,등록후보수_의원정수이하,N,N,N,100160213,박재선,더불어민주당,0,0,0,0,0,0,N,5|전라남도|완도군제1선거구
전라남도,해남군제2선거구,시도의원,지역구,5,1,1,1.00,Y,등록후보수_의원정수이하,N,N,N,100157537,박성재,더불어민주당,0,0,1,0,0,0,N,5|전라남도|해남군제2선거구
전라남도,화순군제2선거구,시도의원,지역구,5,1,1,1.00,Y,등록후보수_의원정수이하,N,N,N,100156799,류기준,더불어민주당,0,0,0,0,0,0,N,5|전라남도|화순군제2선거구
전북특별자치도,무주군,기초의원비례,비례,9,1,1,1.00,Y,등록후보수_의원정수이하,N,N,N,100165647,오순덕,더불어민주당,0,0,0,0,0,0,N,9|전북특별자치도|무주군
전북특별자치도,부안군,기초의원비례,비례,9,1,1,1.00,Y,등록후보수_의원정수이하,N,N,N,100165567,임정숙,더불어민주당,0,0,0,0,0,0,N,9|전북특별자치도|부안군
전북특별자치도,순창군,기초의원비례,비례,9,1,1,1.00,Y,등록후보수_의원정수이하,N,N,N,100164279,한소용,더불어민주당,0,0,0,0,0,0,N,9|전북특별자치도|순창군
전북특별자치도,진안군,기초의원비례,비례,9,1,1,1.00,Y,등록후보수_의원정수이하,N,N,N,100164191,한효임,더불어민주당,0,0,0,0,0,0,N,9|전북특별자치도|진안군
전북특별자치도,고창군제1선거구,시도의원,지역구,5,1,1,1.00,Y,등록후보수_의원정수이하,N,N,N,100159373,김성수,더불어민주당,0,0,0,0,0,0,N,5|전북특별자치도|고창군제1선거구
전북특별자치도,고창군제2선거구,시도의원,지역구,5,1,1,1.00,Y,등록후보수_의원정수이하,N,N,N,100154144,김정강,더불어민주당,0,0,1,0,0,0,N,5|전북특별자치도|고창군제2선거구
전북특별자치도,군산시제3선거구,시도의원,지역구,5,1,1,1.00,Y,등록후보수_의원정수이하,N,N,N,100165111,나종대,더불어민주당,0,0,0,0,0,0,N,5|전북특별자치도|군산시제3선거구
전북특별자치도,군산시제5선거구,시도의원,지역구,5,1,1,1.00,Y,등록후보수_의원정수이하,N,N,N,100163145,김우민,더불어민주당,0,0,0,0,0,0,N,5|전북특별자치도|군산시제5선거구
전북특별자치도,김제시제1선거구,시도의원,지역구,5,1,1,1.00,Y,등록후보수_의원정수이하,N,N,N,100156972,김주택,더불어민주당,0,0,0,0,0,0,N,5|전북특별자치도|김제시제1선거구
전북특별자치도,무주군선거구,시도의원,지역구,5,1,1,1.00,Y,등록후보수_의원정수이하,N,N,N,100154456,유송열,더불어민주당,0,0,1,0,0,0,N,5|전북특별자치도|무주군선거구
전북특별자치도,완주군제1선거구,시도의원,지역구,5,1,1,1.00,Y,등록후보수_의원정수이하,N,N,N,100156013,윤수봉,더불어민주당,0,0,0,0,0,0,N,5|전북특별자치도|완주군제1선거구
전북특별자치도,익산시제4선거구,시도의원,지역구,5,1,1,1.00,Y,등록후보수_의원정수이하,N,N,N,100155222,한정수,더불어민주당,0,0,0,0,0,0,N,5|전북특별자치도|익산시제4선거구
전북특별자치도,익산시제5선거구,시도의원,지역구,5,1,1,1.00,Y,등록후보수_의원정수이하,N,N,N,100154153,김대중,더불어민주당,0,0,0,0,0,0,N,5|전북특별자치도|익산시제5선거구
전북특별자치도,전주시제11선거구,시도의원,지역구,5,1,1,1.00,Y,등록후보수_의원정수이하,N,N,N,100157972,김남규,더불어민주당,0,0,1,0,0,0,N,5|전북특별자치도|전주시제11선거구
전북특별자치도,전주시제12선거구,시도의원,지역구,5,1,1,1.00,Y,등록후보수_의원정수이하,N,N,N,100154410,노경만,더불어민주당,0,0,1,0,0,0,N,5|전북특별자치도|전주시제12선거구
전북특별자치도,전주시제1선거구,시도의원,지역구,5,1,1,1.00,Y,등록후보수_의원정수이하,N,N,N,100163520,이병도,더불어민주당,0,0,1,0,0,0,N,5|전북특별자치도|전주시제1선거구
전북특별자치도,전주시제2선거구,시도의원,지역구,5,1,1,1.00,Y,등록후보수_의원정수이하,N,N,N,100165274,진형석,더불어민주당,0,0,0,0,0,0,N,5|전북특별자치도|전주시제2선거구
전북특별자치도,전주시제4선거구,시도의원,지역구,5,1,1,1.00,Y,등록후보수_의원정수이하,N,N,N,100156068,장연국,더불어민주당,0,0,1,0,0,0,N,5|전북특별자치도|전주시제4선거구
전북특별자치도,전주시제5선거구,시도의원,지역구,5,1,1,1.00,Y,등록후보수_의원정수이하,N,N,N,100154469,송재영,더불어민주당,0,0,0,0,0,0,N,5|전북특별자치도|전주시제5선거구
전북특별자치도,전주시제6선거구,시도의원,지역구,5,1,1,1.00,Y,등록후보수_의원정수이하,N,N,N,100156103,김희수,더불어민주당,0,0,0,0,0,0,N,5|전북특별자치도|전주시제6선거구
전북특별자치도,전주시제8선거구,시도의원,지역구,5,1,1,1.00,Y,등록후보수_의원정수이하,N,N,N,100160786,남관우,더불어민주당,0,0,0,0,0,0,N,5|전북특별자치도|전주시제8선거구
전북특별자치도,전주시제9선거구,시도의원,지역구,5,1,1,1.00,Y,등록후보수_의원정수이하,N,N,N,100158161,서난이,더불어민주당,0,0,0,0,0,0,N,5|전북특별자치도|전주시제9선거구
제주특별자치도,제주특별자치도 서귀포시 남원읍선거구,시도의원,지역구,5,1,1,1.00,Y,등록후보수_의원정수이하,N,N,N,100162785,송영훈,더불어민주당,0,0,0,0,0,0,N,5|제주특별자치도|제주특별자치도 서귀포시 남원읍선거구
제주특별자치도,제주특별자치도 서귀포시 대천동·중문동·예래동선거구,시도의원,지역구,5,1,1,1.00,Y,등록후보수_의원정수이하,N,N,N,100158090,임정은,더불어민주당,0,0,0,0,0,0,N,5|제주특별자치도|제주특별자치도 서귀포시 대천동·중문동·예래동선거구
제주특별자치도,제주특별자치도 제주시 애월읍을선거구,시도의원,지역구,5,1,1,1.00,Y,등록후보수_의원정수이하,N,N,N,100161045,강봉직,더불어민주당,0,0,1,0,0,0,N,5|제주특별자치도|제주특별자치도 제주시 애월읍을선거구
제주특별자치도,제주특별자치도 제주시 일도1동·이도1동·건입동선거구,시도의원,지역구,5,1,1,1.00,Y,등록후보수_의원정수이하,N,N,N,100162508,한권,더불어민주당,0,0,0,0,0,0,N,5|제주특별자치도|제주특별자치도 제주시 일도1동·이도1동·건입동선거구
제주특별자치도,제주특별자치도 제주시 화북동선거구,시도의원,지역구,5,1,1,1.00,Y,등록후보수_의원정수이하,N,N,N,100157833,강성의,더불어민주당,0,0,0,0,0,0,N,5|제주특별자치도|제주특별자치도 제주시 화북동선거구
경기도,경기도,광역의원비례,비례,8,21,62,2.95,N,,N,N,N,"100164330, 100164340, 100164343, 100164345, 100164348, 100164350, 100164353, 100164354, 100164405, 100164408, 100164412, 100164415, 100164417, 100164418, 100165753, 100165756, 100165758, 100165759, 100165761, 100165763, 100165769, 100165775, 100165777, 100165780, 100165782, 100165784, 100165785, 100165786, 100164150, 100164175, 100164210, 100164223, 100164242, 100164741, 100165034, 100164600, 100164912, 100164922, 100164930, 100164937, 100164087, 100164109, 100165588, 100165589, 100165528, 100165743, 100164578, 100164493, 100165019, 100165469, 100164315, 100165498, 100165499, 100165500, 100165505, 100165508, 100164561, 100164563, 100164564, 100165861, 100165577, 100164568","서인하, 김현덕, 서혜진, 윤진수, 최혜경, 지영일, 김경숙, 박정균, 최순자, 송연섭, 이미정, 김성기, 장경임, 경창수, 이지혜, 오남석, 최미금, 김한슬, 최지원, 권태익, 금종례, 김진후, 국은주, 박용일, 이지은, 김선태, 성주, 김광호, 차유미, 조윤민, 전영신, 정경호, 이설아, 정재훈, 임주영, 안만규, 박화자, 이송범, 유매연, 김동우, 양부현, 김혁, 김숙영, 송치용, 양혜영, 김민주, 김하늘, 김윤희, 최영순, 박선애, 차명례, 최효선, 강승인, 이상란, 문태광, 임선영, 신현자, 서민준, 김미경, 안순이, 송춘자, 인희경","더불어민주당, 더불어민주당, 더불어민주당, 더불어민주당, 더불어민주당, 더불어민주당, 더불어민주당, 더불어민주당, 더불어민주당, 더불어민주당, 더불어민주당, 더불어민주당, 더불어민주당, 더불어민주당, 국민의힘, 국민의힘, 국민의힘, 국민의힘, 국민의힘, 국민의힘, 국민의힘, 국민의힘, 국민의힘, 국민의힘, 국민의힘, 국민의힘, 국민의힘, 국민의힘, 조국혁신당, 조국혁신당, 조국혁신당, 조국혁신당, 조국혁신당, 조국혁신당, 개혁신당, 개혁신당, 진보당, 진보당, 진보당, 진보당, 기본소득당, 기본소득당, 사회민주당, 사회민주당, 거지당, 공화당, 국민대통합당, 국민연합, 기독당, 대한국민당, 새미래민주당, 자유와혁신, 자유와혁신, 자유와혁신, 자유와혁신, 자유와혁신, 정의당, 정의당, 친미연합, 국민당, 한국독립당, 한나라당",12,2,15,8,2,3,Y,8|경기도|경기도
서울특별시,서울특별시,광역의원비례,비례,8,15,54,3.60,N,,N,N,N,"100164598, 100164601, 100164604, 100164606, 100164608, 100164641, 100164643, 100164644, 100164669, 100164672, 100164673, 100164675, 100164684, 100164686, 100164648, 100164649, 100164651, 100164657, 100164658, 100164661, 100164662, 100164663, 100164664, 100164665, 100164640, 100164642, 100164645, 100164646, 100164635, 100164636, 100164629, 100164630, 100164632, 100164627, 100164628, 100164626, 100164624, 100164623, 100165801, 100164470, 100164619, 100164620, 100164617, 100164618, 100164605, 100164609, 100164612, 100164615, 100164602, 100165862, 100165803, 100165863, 100165864, 100164599","이인애, 함대건, 송윤정, 유주동, 허윤정, 장세훈, 최정은, 한기성, 송지현, 김광수, 강민숙, 김영웅, 정윤경, 김옥란, 주수현, 최종부, 최원선, 이문재, 오현주, 이종민, 손정화, 위성찬, 강나연, 하태욱, 한가선, 박유성, 김지연, 오인태, 김영임, 류창현, 유혜진, 김용연, 조항아, 노서영, 최승현, 정혜연, 원정실, 박하린, 전경자, 이명선, 장온유, 김승윤, 김자영, 정종태, 원유희, 황보희득, 허정숙, 강윤열, 김혜정, 유경숙, 서혜주, 김경아, 공도현, 이현숙","더불어민주당, 더불어민주당, 더불어민주당, 더불어민주당, 더불어민주당, 더불어민주당, 더불어민주당, 더불어민주당, 더불어민주당, 더불어민주당, 더불어민주당, 더불어민주당, 더불어민주당, 더불어민주당, 국민의힘, 국민의힘, 국민의힘, 국민의힘, 국민의힘, 국민의힘, 국민의힘, 국민의힘, 국민의힘, 국민의힘, 조국혁신당, 조국혁신당, 조국혁신당, 조국혁신당, 개혁신당, 개혁신당, 진보당, 진보당, 진보당, 기본소득당, 기본소득당, 사회민주당, 거지당, 공화당, 국민대통합당, 국민연합, 대한국민당, 대한국민당, 자유와혁신, 자유와혁신, 자유통일당, 자유통일당, 자유통일당, 자유통일당, 정의당, 친미연합, 국민당, 한국독립당, 한국독립당, 한나라당",4,1,10,4,1,1,Y,8|서울특별시|서울특별시
제주특별자치도,제주특별자치도,광역의원비례,비례,8,13,28,2.15,N,,N,N,N,"100165479, 100165485, 100165486, 100165487, 100165488, 100165489, 100165490, 100165491, 100165492, 100165493, 100165494, 100165495, 100165496, 100165201, 100165204, 100165210, 100165217, 100165221, 100165226, 100164869, 100164871, 100164894, 100165516, 100165518, 100165521, 100165532, 100164932, 100165580","박지은, 임혜주, 정다운, 고석준, 장희순, 오경남, 강영아, 임찬기, 허보양, 이현철, 문영희, 강인철, 오신정, 김효, 김태현, 이정한, 박왕철, 김경애, 고경남, 김혜지, 강주형, 김은정, 방군심, 박은경, 고민정, 임수필, 김누리, 김순애","더불어민주당, 더불어민주당, 더불어민주당, 더불어민주당, 더불어민주당, 더불어민주당, 더불어민주당, 더불어민주당, 더불어민주당, 더불어민주당, 더불어민주당, 더불어민주당, 더불어민주당, 국민의힘, 국민의힘, 국민의힘, 국민의힘, 국민의힘, 국민의힘, 조국혁신당, 조국혁신당, 조국혁신당, 개혁신당, 개혁신당, 진보당, 진보당, 기본소득당, 녹색당",3,0,11,4,1,0,Y,8|제주특별자치도|제주특별자치도
광주광역시,전남광주통합특별시,광역의원비례,비례,8,12,25,2.08,N,,N,N,N,"100165206, 100165186, 100165215, 100165196, 100165224, 100165212, 100165232, 100165222, 100165236, 100165230, 100164929, 100164935, 100164942, 100165722, 100165730, 100165719, 100165723, 100164987, 100164993, 100164999, 100164933, 100164984, 100165819, 100165044, 100165047","이순화, 박민영, 박은정, 박진한, 이은정, 박정선, 문애준, 박만, 정다현, 김동권, 이오숙, 김순옥, 채명희, 서영미, 장성해, 김보람, 김혜리, 신연순, 박미경, 김선옥, 문지영, 이옥범, 장은진, 박선아, 노형태","더불어민주당, 더불어민주당, 더불어민주당, 더불어민주당, 더불어민주당, 더불어민주당, 더불어민주당, 더불어민주당, 더불어민주당, 더불어민주당, 국민의힘, 국민의힘, 국민의힘, 조국혁신당, 조국혁신당, 조국혁신당, 조국혁신당, 진보당, 진보당, 진보당, 기본소득당, 기본소득당, 자유와혁신, 정의당, 정의당",1,0,6,2,0,0,Y,8|광주광역시|전남광주통합특별시
경상남도,경상남도,광역의원비례,비례,8,9,24,2.67,N,,N,N,N,"100164547, 100164554, 100164555, 100164551, 100164553, 100164552, 100164556, 100165575, 100165247, 100165250, 100165258, 100165264, 100165269, 100165277, 100165219, 100165229, 100165735, 100165796, 100165802, 100165031, 100164482, 100165385, 100165379, 100165382","박현주, 장원혁, 백정원, 민호영, 안성숙, 최영환, 이선환, 안일준, 구명순, 김영록, 서미숙, 백승흥, 주외숙, 곽민혁, 박혜경, 이진섭, 김정숙, 정은영, 양정석, 최미희, 정수영, 김보영, 김경옥, 권현우","더불어민주당, 더불어민주당, 더불어민주당, 더불어민주당, 더불어민주당, 더불어민주당, 더불어민주당, 더불어민주당, 국민의힘, 국민의힘, 국민의힘, 국민의힘, 국민의힘, 국민의힘, 조국혁신당, 조국혁신당, 개혁신당, 진보당, 진보당, 기본소득당, 공화당, 국민연합, 정의당, 정의당",3,2,8,5,1,2,Y,8|경상남도|경상남도
경상북도,경상북도,광역의원비례,비례,8,8,22,2.75,N,,N,N,N,"100165279, 100165283, 100165293, 100165301, 100165304, 100164831, 100164840, 100164853, 100164867, 100164875, 100164880, 100165188, 100165193, 100165088, 100165094, 100164865, 100164914, 100164924, 100165332, 100164877, 100164895, 100165273","정숙경, 정용채, 장은주, 성기수, 김두래, 마정연, 허지훈, 김예영, 양유혁, 공승희, 김미림, 정성임, 김봉환, 박해윤, 김성기, 김규리, 이창실, 윤광남, 김아랑, 손명숙, 진태영, 김현","더불어민주당, 더불어민주당, 더불어민주당, 더불어민주당, 더불어민주당, 국민의힘, 국민의힘, 국민의힘, 국민의힘, 국민의힘, 국민의힘, 개혁신당, 개혁신당, 진보당, 진보당, 기본소득당, 공화당, 공화당, 국민대통합당, 국민연합, 정의당, 친미연합",1,0,6,2,1,0,Y,8|경상북도|경상북도
강원특별자치도,강원특별자치도,광역의원비례,비례,8,7,15,2.14,N,,N,N,N,"100165607, 100165608, 100165611, 100165617, 100165622, 100165561, 100165562, 100165563, 100165566, 100164901, 100165503, 100165060, 100165312, 100165315, 100164680","박영림, 백소련, 조수현, 이영순, 곽한나, 윤미경, 서영일, 이은희, 이상미, 이영화, 임경신, 박영애, 김옥기, 정국용, 심원남","더불어민주당, 더불어민주당, 더불어민주당, 더불어민주당, 더불어민주당, 국민의힘, 국민의힘, 국민의힘, 국민의힘, 조국혁신당, 진보당, 기본소득당, 자유와혁신, 자유와혁신, 정의당",2,0,3,1,0,1,Y,8|강원특별자치도|강원특별자치도
충청남도,충청남도,광역의원비례,비례,8,7,12,1.71,N,,N,N,N,"100164713, 100164715, 100164717, 100164720, 100164220, 100164225, 100164236, 100164243, 100164029, 100164020, 100164057, 100163999","이선, 전형준, 박유경, 설미경, 박상선, 이병훈, 김현이, 전순자, 백진숙, 한다혜, 전상미, 이선숙","더불어민주당, 더불어민주당, 더불어민주당, 더불어민주당, 국민의힘, 국민의힘, 국민의힘, 국민의힘, 조국혁신당, 진보당, 기본소득당, 정의당",3,0,1,1,1,0,Y,8|충청남도|충청남도
부산광역시,부산광역시,광역의원비례,비례,8,6,20,3.33,N,,N,N,N,"100164679, 100164681, 100164682, 100164683, 100164687, 100164689, 100164705, 100164707, 100164710, 100164711, 100164712, 100165547, 100165535, 100165537, 100164477, 100165553, 100165092, 100165638, 100165639, 100165137","김정원, 조용우, 남명숙, 권기흥, 이진실, 이종준, 유도희, 배관구, 견미령, 강다원, 전현숙, 정선애, 최민정, 이우백, 노치혜, 이승연, 이경미, 문미영, 강규남, 박수정","더불어민주당, 더불어민주당, 더불어민주당, 더불어민주당, 더불어민주당, 더불어민주당, 국민의힘, 국민의힘, 국민의힘, 국민의힘, 국민의힘, 개혁신당, 진보당, 진보당, 기본소득당, 사회민주당, 공화당, 자유와혁신, 자유와혁신, 정의당",1,0,4,1,1,0,Y,8|부산광역시|부산광역시
인천광역시,인천광역시,광역의원비례,비례,8,6,21,3.50,N,,N,N,N,"100165035, 100165082, 100165259, 100165292, 100165319, 100165339, 100165574, 100165576, 100165578, 100165121, 100165187, 100165299, 100164774, 100164917, 100164706, 100164571, 100164838, 100165648, 100165649, 100164772, 100165701","방지현, 오현식, 정선영, 박영목, 최은경, 이순종, 안수경, 이범석, 이미옥, 신영은, 나도현, 고혜경, 윤원정, 김보경, 이소희, 신민주, 최효, 고아영, 이준설, 박인숙, 장영선","더불어민주당, 더불어민주당, 더불어민주당, 더불어민주당, 더불어민주당, 더불어민주당, 국민의힘, 국민의힘, 국민의힘, 조국혁신당, 조국혁신당, 진보당, 기본소득당, 사회민주당, 공화당, 국민연합, 노동당, 자유와혁신, 자유와혁신, 정의당, 국민당",6,0,7,2,0,1,Y,8|인천광역시|인천광역시
전북특별자치도,전북특별자치도,광역의원비례,비례,8,6,15,2.50,N,,N,N,N,"100165654, 100165656, 100165658, 100165660, 100165664, 100165667, 100165771, 100165778, 100165070, 100165076, 100165025, 100164953, 100164974, 100165049, 100164927","윤해아, 박수형, 강정희, 박병철, 안용주, 송승룡, 이인숙, 허점숙, 김나영, 류인철, 고미영, 권서진, 서보석, 이영란, 강윤희","더불어민주당, 더불어민주당, 더불어민주당, 더불어민주당, 더불어민주당, 더불어민주당, 국민의힘, 국민의힘, 조국혁신당, 조국혁신당, 진보당, 기본소득당, 기본소득당, 자유와혁신, 정의당",0,0,1,1,0,0,Y,8|전북특별자치도|전북특별자치도
경기도,남양주시사선거구,구시군의회의원,지역구,6,5,10,2.00,N,,N,N,N,"100157772, 100155845, 100164785, 100162154, 100162782, 100163062, 100154928, 100156264, 100163311, 100155676","김기준, 김진희, 서동광, 홍성우, 박경원, 김영실, 이희문, 최종열, 김진만, 임경의","더불어민주당, 더불어민주당, 더불어민주당, 국민의힘, 국민의힘, 국민의힘, 조국혁신당, 개혁신당, 진보당, 자유통일당",2,0,2,0,0,0,Y,6|경기도|남양주시사선거구
경기도,화성시바선거구,구시군의회의원,지역구,6,5,7,1.40,N,,N,N,N,"100164163, 100164426, 100162747, 100162800, 100163690, 100160296, 100154811","최태양, 배현경, 위영란, 김미영, 박진섭, 권정숙, 오태석","더불어민주당, 더불어민주당, 더불어민주당, 국민의힘, 국민의힘, 조국혁신당, 개혁신당",2,0,0,0,0,0,Y,6|경기도|화성시바선거구
경상남도,창원시,기초의원비례,비례,9,5,14,2.80,N,,N,N,N,"100164516, 100164531, 100164527, 100164513, 100164521, 100164479, 100164495, 100164534, 100164517, 100165549, 100164452, 100165845, 100165846, 100165426","변보미, 감규상, 노인선, 정은미, 김수민, 박연정, 심선엽, 이성희, 안현정, 이지연, 정성미, 김미나, 윤태영, 이소정","더불어민주당, 더불어민주당, 더불어민주당, 국민의힘, 국민의힘, 국민의힘, 국민의힘, 조국혁신당, 개혁신당, 개혁신당, 진보당, 자유와혁신, 자유와혁신, 정의당",2,0,1,1,1,0,Y,9|경상남도|창원시
대구광역시,대구광역시,광역의원비례,비례,8,5,15,3.00,N,,N,N,N,"100164120, 100164121, 100164130, 100164134, 100164140, 100164145, 100164148, 100164185, 100164183, 100164164, 100164161, 100163992, 100163994, 100165737, 100163995","박정희, 최완식, 남궁현숙, 주호동, 임효신, 김영태, 김성원, 최이향, 진성학, 양은영, 김민정, 황예지, 권자륜, 이정진, 한민정","더불어민주당, 더불어민주당, 국민의힘, 국민의힘, 국민의힘, 국민의힘, 국민의힘, 개혁신당, 개혁신당, 진보당, 기본소득당, 공화당, 국민연합, 자유와혁신, 정의당",1,0,2,1,1,0,Y,8|대구광역시|대구광역시
대구광역시,수성구마선거구,구시군의회의원,지역구,6,5,10,2.00,N,,N,N,N,"100157548, 100160533, 100163855, 100163454, 100163378, 100163399, 100163352, 100156978, 100165829, 100163457","김두현, 김희윤, 박충배, 김경민, 홍경임, 김소은, 조규화, 최윤석, 이명희, 정수남","더불어민주당, 더불어민주당, 국민의힘, 국민의힘, 국민의힘, 국민의힘, 국민의힘, 개혁신당, 무소속, 무소속",2,0,2,1,0,0,Y,6|대구광역시|수성구마선거구
서울특별시,동대문구바선거구,구시군의회의원,지역구,6,5,9,1.80,N,,N,N,N,"100158962, 100157459, 100155637, 100156895, 100159284, 100155971, 100157367, 100154241, 100162581","노연우, 이주환, 박영화, 박주호, 안태민, 김재숙, 김정훈, 신하섭, 이규서","더불어민주당, 더불어민주당, 더불어민주당, 국민의힘, 국민의힘, 국민의힘, 개혁신당, 진보당, 자유통일당",0,0,2,1,0,0,Y,6|서울특별시|동대문구바선거구
서울특별시,성북구가선거구,구시군의회의원,지역구,6,5,9,1.80,N,,N,N,N,"100163374, 100162637, 100161394, 100163116, 100162946, 100162347, 100156607, 100154810, 100154433","이지민, 김육영, 소형준, 허선행, 신현호, 오종원, 이호엽, 박정윤, 송대식","더불어민주당, 더불어민주당, 더불어민주당, 국민의힘, 국민의힘, 조국혁신당, 개혁신당, 진보당, 무소속",1,0,1,0,0,0,Y,6|서울특별시|성북구가선거구
충청남도,논산시가선거구,구시군의회의원,지역구,6,5,9,1.80,N,,N,N,N,"100155981, 100157371, 100158393, 100161460, 100158404, 100154992, 100161444, 100156716, 100157658","박노진, 성유자, 서승필, 조용훈, 윤금숙, 최정숙, 이상구, 김재광, 윤기암","더불어민주당, 더불어민주당, 더불어민주당, 더불어민주당, 더불어민주당, 국민의힘, 국민의힘, 국민의힘, 무소속",2,0,2,0,0,0,Y,6|충청남도|논산시가선거구
충청북도,충청북도,광역의원비례,비례,8,5,12,2.40,N,,N,N,N,"100164296, 100164320, 100164294, 100164300, 100164510, 100164486, 100164454, 100164455, 100165541, 100164237, 100164883, 100164365","박희남, 엄문섭, 허영옥, 하정애, 이재화, 김성규, 최민영, 장민호, 엄영숙, 조승희, 한인정, 이인선","더불어민주당, 더불어민주당, 더불어민주당, 더불어민주당, 국민의힘, 국민의힘, 국민의힘, 국민의힘, 조국혁신당, 진보당, 기본소득당, 정의당",1,0,6,2,0,1,Y,8|충청북도|충청북도
충청북도,청주시,기초의원비례,비례,9,5,9,1.80,N,,N,N,N,"100164216, 100164228, 100164230, 100164244, 100164249, 100164256, 100164261, 100164284, 100164271","최진아, 마재광, 이민영, 변상호, 주베라, 최익수, 정윤희, 박다정, 이소영","더불어민주당, 더불어민주당, 더불어민주당, 더불어민주당, 국민의힘, 국민의힘, 국민의힘, 조국혁신당, 진보당",1,1,3,2,0,1,Y,9|충청북도|청주시
강원특별자치도,동해시나선거구,구시군의회의원,지역구,6,4,6,1.50,N,,N,N,N,"100158327, 100157506, 100153938, 100155904, 100156917, 100157245","김효섭, 김향정, 이창수, 박주현, 오윤기, 전종규","더불어민주당, 더불어민주당, 더불어민주당, 국민의힘, 국민의힘, 국민의힘",0,0,2,2,0,0,Y,6|강원특별자치도|동해시나선거구
강원특별자치도,삼척시가선거구,구시군의회의원,지역구,6,4,7,1.75,N,,N,N,N,"100154201, 100156409, 100158194, 100155894, 100156323, 100161275, 100158782","김민철, 김희창, 권정복, 김재구, 양희전, 권용수, 박치석","더불어민주당, 더불어민주당, 국민의힘, 국민의힘, 국민의힘, 무소속, 무소속",0,0,4,2,0,0,Y,6|강원특별자치도|삼척시가선거구
경기도,구리시가선거구,구시군의회의원,지역구,6,4,7,1.75,N,,N,N,N,"100156169, 100158064, 100158027, 100163142, 100162133, 100162190, 100160732","김연, 양경애, 정은철, 이경희, 장향숙, 김보섭, 김용현","더불어민주당, 더불어민주당, 더불어민주당, 국민의힘, 국민의힘, 진보당, 무소속",1,0,4,2,0,0,Y,6|경기도|구리시가선거구
경기도,수원시마선거구,구시군의회의원,지역구,6,4,6,1.50,N,,N,N,N,"100158670, 100162291, 100162875, 100155582, 100163334, 100154411","박혜연, 조미옥, 김정렬, 이동엽, 박현수, 윤경선","더불어민주당, 더불어민주당, 더불어민주당, 국민의힘, 국민의힘, 진보당",1,0,2,2,0,0,Y,6|경기도|수원시마선거구
경기도,시흥시라선거구,구시군의회의원,지역구,6,4,6,1.50,N,,N,N,N,"100157733, 100157872, 100157566, 100163678, 100162607, 100161885","이옥비, 장인호, 김덕용, 안기호, 윤석경, 박춘호","더불어민주당, 더불어민주당, 더불어민주당, 국민의힘, 국민의힘, 조국혁신당",1,0,1,0,0,0,Y,6|경기도|시흥시라선거구
경기도,용인시라선거구,구시군의회의원,지역구,6,4,6,1.50,N,,N,N,N,"100155032, 100162689, 100163398, 100163610, 100165687, 100155268","오수정, 임현수, 김한울, 안치용, 정성규, 조병훈","더불어민주당, 더불어민주당, 국민의힘, 국민의힘, 개혁신당, 진보당",1,0,2,1,0,0,Y,6|경기도|용인시라선거구
경기도,용인시카선거구,구시군의회의원,지역구,6,4,5,1.25,N,,N,N,N,"100165751, 100163631, 100160610, 100160857, 100163694","이상욱, 황재욱, 이정열, 박은선, 우태주","더불어민주당, 더불어민주당, 국민의힘, 국민의힘, 개혁신당",3,0,3,2,0,1,Y,6|경기도|용인시카선거구
경기도,화성시라선거구,구시군의회의원,지역구,6,4,6,1.50,N,,N,N,N,"100163327, 100163269, 100163203, 100161598, 100162826, 100162931","고병태, 조정옥, 장동희, 김종복, 임동영, 김기현","더불어민주당, 더불어민주당, 국민의힘, 국민의힘, 조국혁신당, 개혁신당",2,0,0,0,0,0,Y,6|경기도|화성시라선거구
경기도,고양시,기초의원비례,비례,9,4,9,2.25,N,,N,N,N,"100165470, 100164351, 100165472, 100164335, 100165452, 100165460, 100164346, 100165454, 100165467","최은주, 한주연, 함윤희, 김영선, 양승주, 정연숙, 서범석, 편선화, 윤행연","더불어민주당, 더불어민주당, 더불어민주당, 국민의힘, 국민의힘, 국민의힘, 국민의힘, 조국혁신당, 진보당",3,0,2,1,1,0,Y,9|경기도|고양시
경기도,성남시,기초의원비례,비례,9,4,9,2.25,N,,N,N,N,"100164936, 100164938, 100164939, 100165768, 100165770, 100165772, 100165774, 100164908, 100165418","순선영, 장일남, 서애라, 추선미, 임원규, 최희선, 김두일, 최진아, 김미라","더불어민주당, 더불어민주당, 더불어민주당, 국민의힘, 국민의힘, 국민의힘, 국민의힘, 조국혁신당, 진보당",1,0,1,1,0,0,Y,9|경기도|성남시
경기도,수원시,기초의원비례,비례,9,4,9,2.25,N,,N,N,N,"100165616, 100165623, 100165627, 100165555, 100165560, 100165276, 100165287, 100165773, 100165672","서지연, 정종윤, 오복자, 김정선, 이승철, 박주경, 박우림, 오나리, 강새별","더불어민주당, 더불어민주당, 더불어민주당, 국민의힘, 국민의힘, 조국혁신당, 조국혁신당, 개혁신당, 진보당",0,0,1,1,0,0,Y,9|경기도|수원시
경상남도,거제시마선거구,구시군의회의원,지역구,6,4,6,1.50,N,,N,N,N,"100157864, 100155404, 100156078, 100155102, 100160463, 100155928","이미숙, 이태열, 김경습, 윤현아, 신유현, 송태완","더불어민주당, 더불어민주당, 더불어민주당, 국민의힘, 국민의힘, 진보당",2,0,4,1,1,0,Y,6|경상남도|거제시마선거구
경상남도,거창군가선거구,구시군의회의원,지역구,6,4,7,1.75,N,,N,N,N,"100162896, 100163078, 100158940, 100163250, 100163081, 100163644, 100162943","김홍섭, 신미정, 강우용, 표주숙, 신중양, 조경희, 김향란","더불어민주당, 더불어민주당, 국민의힘, 국민의힘, 국민의힘, 무소속, 무소속",2,0,2,0,0,0,Y,6|경상남도|거창군가선거구
경상남도,통영시가선거구,구시군의회의원,지역구,6,4,6,1.50,N,,N,N,N,"100156987, 100154936, 100155710, 100158210, 100156382, 100160134","최미선, 박용수, 김신우, 박상준, 강경두, 전병일","더불어민주당, 더불어민주당, 국민의힘, 국민의힘, 국민의힘, 무소속",0,0,4,2,0,0,Y,6|경상남도|통영시가선거구
경상남도,함안군다선거구,구시군의회의원,지역구,6,4,6,1.50,N,,N,N,N,"100160293, 100160379, 100160292, 100159807, 100161326, 100158795","김영동, 배재성, 황철용, 곽세훈, 권병철, 이덕무","더불어민주당, 더불어민주당, 국민의힘, 국민의힘, 국민의힘, 무소속",3,0,5,4,1,2,Y,6|경상남도|함안군다선거구
경상남도,함양군가선거구,구시군의회의원,지역구,6,4,8,2.00,N,,N,N,N,"100160723, 100159839, 100159894, 100159640, 100161011, 100162693, 100162949, 100160480","박해철, 강정수, 김창한, 하경수, 배우진, 정현철, 임채숙, 박만호","더불어민주당, 더불어민주당, 국민의힘, 국민의힘, 국민의힘, 국민의힘, 무소속, 무소속",0,0,4,4,0,0,Y,6|경상남도|함양군가선거구
경상북도,예천군다선거구,구시군의회의원,지역구,6,4,9,2.25,N,,N,N,N,"100161120, 100160805, 100161856, 100160776, 100159749, 100159510, 100159952, 100159953, 100159882","이동화, 박재길, 강경탁, 신현규, 권동우, 김은수, 임휘삼, 김동훈, 김주영","더불어민주당, 국민의힘, 국민의힘, 국민의힘, 국민의힘, 무소속, 무소속, 무소속, 무소속",2,0,4,1,0,1,Y,6|경상북도|예천군다선거구
경상북도,울릉군가선거구,구시군의회의원,지역구,6,4,7,1.75,N,,N,N,N,"100159692, 100159931, 100160208, 100162593, 100161774, 100159506, 100162151","홍영표, 박기호, 김영범, 홍성근, 이재만, 장재태, 공경식","더불어민주당, 국민의힘, 국민의힘, 국민의힘, 무소속, 무소속, 무소속",1,0,4,2,0,0,Y,6|경상북도|울릉군가선거구
경상북도,포항시,기초의원비례,비례,9,4,9,2.25,N,,N,N,N,"100164745, 100164779, 100164795, 100164806, 100164813, 100164826, 100164783, 100164803, 100164805","안명애, 이솔, 박정숙, 김승리, 김보람, 장창한, 홍승희, 김경녀, 민병욱","더불어민주당, 더불어민주당, 국민의힘, 국민의힘, 국민의힘, 국민의힘, 개혁신당, 진보당, 진보당",2,0,1,0,0,0,Y,9|경상북도|포항시
광주광역시,광산구가선거구,구시군의회의원,지역구,6,4,7,1.75,N,,N,N,N,"100155439, 100154589, 100157229, 100155136, 100157175, 100162735, 100155017","김길화, 배홍석, 유영종, 정진태, 윤성미, 이민희, 백승선","더불어민주당, 더불어민주당, 더불어민주당, 더불어민주당, 조국혁신당, 개혁신당, 진보당",1,0,3,0,0,0,Y,6|광주광역시|광산구가선거구
광주광역시,광산구나선거구,구시군의회의원,지역구,6,4,6,1.50,N,,N,N,N,"100155416, 100161873, 100158140, 100155788, 100155890, 100154805","박창현, 공병철, 박미옥, 공우태, 강대호, 박혁영","더불어민주당, 더불어민주당, 더불어민주당, 더불어민주당, 조국혁신당, 진보당",0,0,3,1,0,0,Y,6|광주광역시|광산구나선거구
광주광역시,남구나선거구,구시군의회의원,지역구,6,4,6,1.50,N,,N,N,N,"100153983, 100156857, 100155816, 100157069, 100154646, 100154590","윤순홍, 은봉희, 최미정, 신종혁, 고우람, 조재옥","더불어민주당, 더불어민주당, 더불어민주당, 더불어민주당, 조국혁신당, 진보당",3,0,3,2,0,1,Y,6|광주광역시|남구나선거구
대구광역시,수성구바선거구,구시군의회의원,지역구,6,4,6,1.50,N,,N,N,N,"100160541, 100163292, 100163298, 100162945, 100162370, 100161997","정경은, 이상덕, 박새롬, 황종수, 김재현, 김영이","더불어민주당, 국민의힘, 국민의힘, 자유와혁신, 무소속, 무소속",0,0,2,1,0,0,Y,6|대구광역시|수성구바선거구
대전광역시,동구가선거구,구시군의회의원,지역구,6,4,6,1.50,N,,N,N,N,"100162696, 100158558, 100154150, 100161736, 100154266, 100154206","성용순, 백승자, 우선제, 강정규, 박현겸, 엄기대","더불어민주당, 더불어민주당, 국민의힘, 국민의힘, 개혁신당, 자유통일당",0,0,1,1,0,0,Y,6|대전광역시|동구가선거구
대전광역시,서구다선거구,구시군의회의원,지역구,6,4,6,1.50,N,,N,N,N,"100158411, 100162372, 100154059, 100162120, 100155063, 100158041","박순호, 강정수, 김세원, 정홍근, 신상명, 조동운","더불어민주당, 더불어민주당, 국민의힘, 국민의힘, 조국혁신당, 개혁신당",0,0,1,1,0,0,Y,6|대전광역시|서구다선거구
대전광역시,유성구가선거구,구시군의회의원,지역구,6,4,7,1.75,N,,N,N,N,"100160628, 100161538, 100160403, 100155646, 100163114, 100154247, 100163474","김양경, 박석연, 최석근, 오현, 조성한, 김선재, 여성용","더불어민주당, 더불어민주당, 국민의힘, 국민의힘, 개혁신당, 진보당, 무소속",1,0,1,0,0,0,Y,6|대전광역시|유성구가선거구
부산광역시,강서구가선거구,구시군의회의원,지역구,6,4,5,1.25,N,,N,N,N,"100156219, 100157630, 100157946, 100161728, 100154464","배성진, 김정용, 구정란, 김주홍, 손동호","더불어민주당, 더불어민주당, 국민의힘, 국민의힘, 조국혁신당",2,0,3,2,0,1,Y,6|부산광역시|강서구가선거구
부산광역시,기장군다선거구,구시군의회의원,지역구,6,4,9,2.25,N,,N,N,N,"100160422, 100161567, 100161247, 100161291, 100159686, 100159643, 100159538, 100160054, 100159919","김대준, 김원일, 박우식, 구본영, 송창섭, 조연우, 유하영, 신종희, 백기선","더불어민주당, 더불어민주당, 국민의힘, 국민의힘, 국민의힘, 개혁신당, 진보당, 무소속, 무소속",1,0,5,2,1,0,Y,6|부산광역시|기장군다선거구
서울특별시,강서구마선거구,구시군의회의원,지역구,6,4,6,1.50,N,,N,N,N,"100162426, 100162649, 100158976, 100162325, 100161616, 100163937","최세진, 박주선, 김판준, 함영규, 정정희, 전영규","더불어민주당, 더불어민주당, 국민의힘, 국민의힘, 조국혁신당, 자유와혁신",0,0,2,2,0,0,Y,6|서울특별시|강서구마선거구
서울특별시,관악구다선거구,구시군의회의원,지역구,6,4,7,1.75,N,,N,N,N,"100155702, 100155027, 100158806, 100163911, 100162621, 100163654, 100156343","손정혜, 곽광자, 조홍련, 양지후, 김기성, 구가환, 김민지","더불어민주당, 더불어민주당, 더불어민주당, 국민의힘, 국민의힘, 개혁신당, 진보당",1,0,3,1,0,1,Y,6|서울특별시|관악구다선거구
서울특별시,도봉구나선거구,구시군의회의원,지역구,6,4,5,1.25,N,,N,N,N,"100155790, 100156544, 100163243, 100160452, 100160067","최승수, 김기순, 김영찬, 황수빈, 정승구","더불어민주당, 더불어민주당, 더불어민주당, 국민의힘, 국민의힘",0,0,1,1,0,0,Y,6|서울특별시|도봉구나선거구
서울특별시,동대문구마선거구,구시군의회의원,지역구,6,4,7,1.75,N,,N,N,N,"100156988, 100160135, 100156293, 100160868, 100158520, 100154267, 100162567","김채환, 장성운, 김철만, 이재선, 안외돈, 박지하, 이건희","더불어민주당, 더불어민주당, 더불어민주당, 국민의힘, 국민의힘, 진보당, 자유통일당",1,0,0,0,0,0,Y,6|서울특별시|동대문구마선거구
서울특별시,서초구가선거구,구시군의회의원,지역구,6,4,6,1.50,N,,N,N,N,"100163263, 100163878, 100162546, 100162341, 100163893, 100162459","신정태, 정지광, 박미정, 오지환, 김남식, 오세철","더불어민주당, 더불어민주당, 국민의힘, 국민의힘, 국민의힘, 개혁신당",1,0,0,0,0,0,Y,6|서울특별시|서초구가선거구
울산광역시,울주군가선거구,구시군의회의원,지역구,6,4,7,1.75,N,,N,N,N,"100159071, 100160258, 100161992, 100159378, 100160226, 100160553, 100159387","최윤성, 한성환, 정혜원, 황윤대, 이상걸, 김상용, 윤장혁","더불어민주당, 더불어민주당, 더불어민주당, 국민의힘, 국민의힘, 국민의힘, 진보당",0,0,6,3,0,0,Y,6|울산광역시|울주군가선거구
인천광역시,미추홀구라선거구,구시군의회의원,지역구,6,4,5,1.25,N,,N,N,N,"100160083, 100160347, 100163925, 100162051, 100154792","김진구, 김영근, 양진석, 장규철, 강화영","더불어민주당, 더불어민주당, 국민의힘, 국민의힘, 조국혁신당",0,0,2,2,1,0,Y,6|인천광역시|미추홀구라선거구
인천광역시,영종구나선거구,구시군의회의원,지역구,6,4,7,1.75,N,,N,N,N,"100160447, 100159346, 100161050, 100157054, 100159985, 100160411, 100160888","최은주, 이재진, 한창한, 김선홍, 김진현, 구부회, 강후공","더불어민주당, 더불어민주당, 국민의힘, 국민의힘, 조국혁신당, 기본소득당, 무소속",1,0,0,0,0,0,Y,6|인천광역시|영종구나선거구
인천광역시,제물포구나선거구,구시군의회의원,지역구,6,4,5,1.25,N,,N,N,N,"100158635, 100159051, 100156345, 100163642, 100162599","김종국, 윤재실, 김경숙, 유옥분, 김종호","더불어민주당, 더불어민주당, 국민의힘, 국민의힘, 정의당",1,0,2,1,0,0,Y,6|인천광역시|제물포구나선거구
전라남도,나주시마선거구,구시군의회의원,지역구,6,4,8,2.00,N,,N,N,N,"100155209, 100155109, 100155853, 100157081, 100157112, 100163908, 100157174, 100160658","박소준, 최석순, 채성군, 황우선, 김철민, 성인, 박장열, 서충기","더불어민주당, 더불어민주당, 더불어민주당, 더불어민주당, 조국혁신당, 기본소득당, 무소속, 무소속",1,0,2,1,0,0,Y,6|전라남도|나주시마선거구
전라남도,무안군가선거구,구시군의회의원,지역구,6,4,7,1.75,N,,N,N,N,"100161749, 100159570, 100161339, 100159155, 100159537, 100160968, 100162771","이호성, 김대현, 임현수, 이창래, 김원중, 양영복, 박창석","더불어민주당, 더불어민주당, 더불어민주당, 더불어민주당, 무소속, 무소속, 무소속",0,0,4,4,1,0,Y,6|전라남도|무안군가선거구
전라남도,여수시차선거구,구시군의회의원,지역구,6,4,6,1.50,N,,N,N,N,"100156196, 100156701, 100156913, 100156497, 100156467, 100156957","김채원, 최정필, 이선효, 강성필, 김희택, 김상일","더불어민주당, 더불어민주당, 더불어민주당, 더불어민주당, 국민의힘, 조국혁신당",0,0,3,1,0,0,Y,6|전라남도|여수시차선거구
전라남도,영광군가선거구,구시군의회의원,지역구,6,4,5,1.25,N,,N,N,N,"100159514, 100159560, 100159535, 100159642, 100160090","김홍재, 정용호, 조일영, 임영민, 임세훈","더불어민주당, 더불어민주당, 더불어민주당, 더불어민주당, 무소속",0,0,2,2,0,0,Y,6|전라남도|영광군가선거구
전라남도,완도군가선거구,구시군의회의원,지역구,6,4,8,2.00,N,,N,N,N,"100160253, 100161474, 100161224, 100159291, 100164480, 100160616, 100161683, 100160384","최정욱, 지민, 조원선, 이현희, 김재현, 박성규, 조영식, 유전종","더불어민주당, 더불어민주당, 더불어민주당, 더불어민주당, 무소속, 무소속, 무소속, 무소속",2,0,5,2,0,0,Y,6|전라남도|완도군가선거구
전라남도,진도군가선거구,구시군의회의원,지역구,6,4,6,1.50,N,,N,N,N,"100158929, 100159891, 100159796, 100158924, 100159352, 100161073","김춘화, 김옥정, 양광, 이승완, 최순옥, 이종수","더불어민주당, 더불어민주당, 더불어민주당, 더불어민주당, 진보당, 무소속",1,1,2,1,0,0,Y,6|전라남도|진도군가선거구
전라남도,화순군가선거구,구시군의회의원,지역구,6,4,6,1.50,N,,N,N,N,"100160229, 100160358, 100159827, 100159825, 100159708, 100159682","강재홍, 조명순, 류종옥, 정승태, 박상범, 김지숙","더불어민주당, 더불어민주당, 더불어민주당, 더불어민주당, 조국혁신당, 진보당",0,0,1,1,0,0,Y,6|전라남도|화순군가선거구
전북특별자치도,완주군가선거구,구시군의회의원,지역구,6,4,7,1.75,N,,N,N,N,"100159819, 100159808, 100159612, 100159609, 100159495, 100163086, 100160188","소병호, 이진영, 정종윤, 유이수, 윤여연, 이주갑, 이순덕","더불어민주당, 더불어민주당, 더불어민주당, 더불어민주당, 조국혁신당, 무소속, 무소속",1,0,3,3,0,1,Y,6|전북특별자치도|완주군가선거구
전북특별자치도,전주시다선거구,구시군의회의원,지역구,6,4,6,1.50,N,,N,N,N,"100156028, 100156225, 100157192, 100156424, 100154619, 100156899","김정명, 이남숙, 최주만, 김경찬, 김주년, 양영환","더불어민주당, 더불어민주당, 더불어민주당, 국민의힘, 조국혁신당, 무소속",1,0,1,1,1,1,Y,6|전북특별자치도|전주시다선거구
전북특별자치도,전주시,기초의원비례,비례,9,4,9,2.25,N,,N,N,N,"100165824, 100165825, 100165826, 100165827, 100165828, 100164955, 100165694, 100164304, 100164996","김수민, 정승인, 유시선, 신재석, 송정옥, 최미영, 이수진, 오송희, 임소희","더불어민주당, 더불어민주당, 더불어민주당, 더불어민주당, 더불어민주당, 국민의힘, 조국혁신당, 진보당, 노동당",0,0,1,1,1,0,Y,9|전북특별자치도|전주시
충청남도,당진시다선거구,구시군의회의원,지역구,6,4,7,1.75,N,,N,N,N,"100155121, 100161309, 100159234, 100161010, 100155327, 100154949, 100161068","안요진, 윤명수, 김덕주, 전영옥, 조상익, 오윤희, 한광희","더불어민주당, 더불어민주당, 국민의힘, 국민의힘, 조국혁신당, 진보당, 무소속",1,0,2,2,0,0,Y,6|충청남도|당진시다선거구
충청남도,당진시라선거구,구시군의회의원,지역구,6,4,8,2.00,N,,N,N,N,"100160150, 100161134, 100160980, 100156309, 100161560, 100154915, 100156704, 100162176","박명우, 한상화, 김선호, 김용균, 김명회, 고재윤, 김진숙, 심의수","더불어민주당, 더불어민주당, 더불어민주당, 국민의힘, 국민의힘, 개혁신당, 진보당, 무소속",1,0,4,4,0,1,Y,6|충청남도|당진시라선거구
충청남도,부여군가선거구,구시군의회의원,지역구,6,4,8,2.00,N,,N,N,N,"100158119, 100161571, 100158235, 100161019, 100159611, 100159838, 100159785, 100160021","서장원, 노승호, 유두종, 김경철, 서정호, 박순화, 장소미, 윤택영","더불어민주당, 더불어민주당, 더불어민주당, 더불어민주당, 국민의힘, 국민의힘, 국민의힘, 무소속",1,0,5,1,0,0,Y,6|충청남도|부여군가선거구
충청남도,청양군가선거구,구시군의회의원,지역구,6,4,7,1.75,N,,N,N,N,"100158942, 100158025, 100157954, 100158475, 100158149, 100158818, 100157994","한대희, 임상기, 김미옥, 이경우, 김종대, 이봉규, 정혜선","더불어민주당, 더불어민주당, 더불어민주당, 더불어민주당, 국민의힘, 국민의힘, 국민의힘",0,0,3,1,0,0,Y,6|충청남도|청양군가선거구
충청북도,옥천군나선거구,구시군의회의원,지역구,6,4,5,1.25,N,,N,N,N,"100158351, 100158323, 100158800, 100162992, 100158360","이병우, 이용수, 최은식, 박정옥, 전재수","더불어민주당, 더불어민주당, 국민의힘, 국민의힘, 국민의힘",0,0,2,2,0,0,Y,6|충청북도|옥천군나선거구
충청북도,진천군나선거구,구시군의회의원,지역구,6,4,5,1.25,N,,N,N,N,"100160316, 100158532, 100159315, 100158503, 100160120","임정열, 신갑수, 유후재, 박선진, 이강선","더불어민주당, 더불어민주당, 더불어민주당, 국민의힘, 국민의힘",1,1,5,3,0,0,Y,6|충청북도|진천군나선거구
충청북도,충주시라선거구,구시군의회의원,지역구,6,4,6,1.50,N,,N,N,N,"100156134, 100156739, 100157613, 100157521, 100154200, 100157495","유영기, 장준기, 고민서, 서원복, 권설규, 민병윤","더불어민주당, 더불어민주당, 국민의힘, 국민의힘, 국민의힘, 무소속",0,0,3,2,0,0,Y,6|충청북도|충주시라선거구
강원특별자치도,강릉시다선거구,구시군의회의원,지역구,6,3,7,2.33,N,,N,N,N,"100155460, 100153955, 100154354, 100160954, 100154709, 100157190, 100165407","박주연, 유현민, 김학래, 윤희주, 박하은, 이문선, 조나은","더불어민주당, 더불어민주당, 국민의힘, 국민의힘, 진보당, 무소속, 무소속",4,1,4,1,0,0,Y,6|강원특별자치도|강릉시다선거구
강원특별자치도,강릉시라선거구,구시군의회의원,지역구,6,3,4,1.33,N,,N,N,N,"100153933, 100163288, 100153924, 100159975","안혁진, 최현선, 지중구, 김홍수","더불어민주당, 더불어민주당, 국민의힘, 국민의힘",0,0,2,2,0,0,Y,6|강원특별자치도|강릉시라선거구
강원특별자치도,강릉시사선거구,구시군의회의원,지역구,6,3,4,1.33,N,,N,N,N,"100154022, 100158743, 100155554, 100158683","이수영, 박경난, 김학진, 권순민","더불어민주당, 더불어민주당, 국민의힘, 국민의힘",1,0,1,1,0,0,Y,6|강원특별자치도|강릉시사선거구
강원특별자치도,고성군가선거구,구시군의회의원,지역구,6,3,10,3.33,N,,N,N,N,"100159462, 100159525, 100159060, 100159784, 100159852, 100159483, 100159038, 100162137, 100159933, 100159047","진혜련, 장길현, 안병국, 김봉룡, 최승천, 김용학, 김일천, 김진, 함형진, 함형완","더불어민주당, 더불어민주당, 국민의힘, 국민의힘, 국민의힘, 무소속, 무소속, 무소속, 무소속, 무소속",0,0,6,4,1,0,Y,6|강원특별자치도|고성군가선거구
강원특별자치도,고성군나선거구,구시군의회의원,지역구,6,3,5,1.67,N,,N,N,N,"100157934, 100160320, 100159056, 100159040, 100160778","김용주, 이태영, 김형실, 최태욱, 함용빈","더불어민주당, 더불어민주당, 국민의힘, 국민의힘, 국민의힘",1,0,5,3,0,1,Y,6|강원특별자치도|고성군나선거구
강원특별자치도,동해시가선거구,구시군의회의원,지역구,6,3,6,2.00,N,,N,N,N,"100153913, 100157265, 100156908, 100154503, 100158557, 100158170","김창래, 김지은, 최이순, 곽준수, 서제우, 손득호","더불어민주당, 더불어민주당, 더불어민주당, 국민의힘, 국민의힘, 개혁신당",1,1,2,1,0,0,Y,6|강원특별자치도|동해시가선거구
강원특별자치도,삼척시나선거구,구시군의회의원,지역구,6,3,6,2.00,N,,N,N,N,"100154248, 100154212, 100160635, 100154203, 100157636, 100157984","김지영, 서종협, 김창수, 김원학, 김광수, 이태진","더불어민주당, 더불어민주당, 국민의힘, 국민의힘, 조국혁신당, 무소속",1,0,5,4,0,1,Y,6|강원특별자치도|삼척시나선거구
강원특별자치도,속초시가선거구,구시군의회의원,지역구,6,3,4,1.33,N,,N,N,N,"100157237, 100154293, 100157328, 100158394","양용석, 남인영, 권덕수, 김명길","더불어민주당, 더불어민주당, 국민의힘, 국민의힘",1,0,3,2,1,0,Y,6|강원특별자치도|속초시가선거구
강원특별자치도,속초시나선거구,구시군의회의원,지역구,6,3,6,2.00,N,,N,N,N,"100154290, 100155492, 100154292, 100156625, 100160940, 100154289","최재문, 김용태, 유인숙, 정인교, 방원욱, 진장수","더불어민주당, 더불어민주당, 국민의힘, 국민의힘, 무소속, 무소속",0,0,3,1,0,0,Y,6|강원특별자치도|속초시나선거구
강원특별자치도,양구군가선거구,구시군의회의원,지역구,6,3,5,1.67,N,,N,N,N,"100159768, 100161534, 100160910, 100159758, 100162658","김기철, 김정미, 이상철, 이종석, 신철우","더불어민주당, 국민의힘, 국민의힘, 조국혁신당, 무소속",0,0,3,3,0,0,Y,6|강원특별자치도|양구군가선거구
강원특별자치도,양구군나선거구,구시군의회의원,지역구,6,3,5,1.67,N,,N,N,N,"100162530, 100160200, 100159111, 100158919, 100163013","김선묵, 우동화, 김연성, 정귀수, 조돈준","더불어민주당, 더불어민주당, 국민의힘, 국민의힘, 무소속",2,0,2,1,0,0,Y,6|강원특별자치도|양구군나선거구
강원특별자치도,양양군가선거구,구시군의회의원,지역구,6,3,4,1.33,N,,N,N,N,"100158793, 100158377, 100161133, 100158442","최근배, 고정순, 이명숙, 최선남","더불어민주당, 국민의힘, 국민의힘, 국민의힘",1,0,2,2,0,1,Y,6|강원특별자치도|양양군가선거구
강원특별자치도,양양군나선거구,구시군의회의원,지역구,6,3,6,2.00,N,,N,N,N,"100159582, 100159356, 100159759, 100158384, 100160391, 100161081","안미영, 전유성, 박동철, 고교연, 오세만, 박광수","더불어민주당, 국민의힘, 국민의힘, 국민의힘, 무소속, 무소속",0,0,4,1,0,0,Y,6|강원특별자치도|양양군나선거구
강원특별자치도,영월군가선거구,구시군의회의원,지역구,6,3,6,2.00,N,,N,N,N,"100159176, 100160048, 100159588, 100159594, 100160986, 100159599","김경식, 김상태, 박해경, 심재섭, 엄병만, 서봉운","더불어민주당, 더불어민주당, 국민의힘, 국민의힘, 조국혁신당, 무소속",0,0,3,3,0,0,Y,6|강원특별자치도|영월군가선거구
강원특별자치도,영월군나선거구,구시군의회의원,지역구,6,3,5,1.67,N,,N,N,N,"100160042, 100159178, 100159170, 100159183, 100160989","임영화, 신준용, 최병도, 이정복, 김영숙","더불어민주당, 더불어민주당, 국민의힘, 국민의힘, 조국혁신당",0,0,2,1,0,0,Y,6|강원특별자치도|영월군나선거구
강원특별자치도,원주시다선거구,구시군의회의원,지역구,6,3,6,2.00,N,,N,N,N,"100154053, 100162712, 100163299, 100157703, 100161527, 100163232","노주비, 손준기, 이동현, 황정순, 최재석, 이재형","더불어민주당, 더불어민주당, 더불어민주당, 국민의힘, 국민의힘, 조국혁신당",1,0,3,1,0,0,Y,6|강원특별자치도|원주시다선거구
강원특별자치도,인제군가선거구,구시군의회의원,지역구,6,3,7,2.33,N,,N,N,N,"100159984, 100159782, 100160007, 100160233, 100159258, 100159480, 100164339","임문희, 이수현, 김정식, 김도형, 이원석, 신동성, 김익규","더불어민주당, 더불어민주당, 국민의힘, 국민의힘, 국민의힘, 무소속, 무소속",2,1,3,2,1,2,Y,6|강원특별자치도|인제군가선거구
강원특별자치도,정선군가선거구,구시군의회의원,지역구,6,3,6,2.00,N,,N,N,N,"100161450, 100159134, 100159179, 100159162, 100159156, 100161333","전운하, 최선화, 전동표, 박종부, 안기태, 김창래","더불어민주당, 더불어민주당, 더불어민주당, 국민의힘, 국민의힘, 무소속",2,0,1,1,0,0,Y,6|강원특별자치도|정선군가선거구
강원특별자치도,정선군나선거구,구시군의회의원,지역구,6,3,6,2.00,N,,N,N,N,"100162458, 100162366, 100161329, 100159774, 100160084, 100161703","조현화, 배왕섭, 유재철, 김종균, 전광표, 문병용","더불어민주당, 더불어민주당, 더불어민주당, 국민의힘, 국민의힘, 무소속",0,0,4,1,0,0,Y,6|강원특별자치도|정선군나선거구
강원특별자치도,철원군가선거구,구시군의회의원,지역구,6,3,5,1.67,N,,N,N,N,"100159500, 100158617, 100160027, 100160620, 100163532","이다은, 이옥경, 김수환, 강세용, 김영보","더불어민주당, 더불어민주당, 국민의힘, 국민의힘, 무소속",0,0,2,2,0,0,Y,6|강원특별자치도|철원군가선거구
강원특별자치도,춘천시가선거구,구시군의회의원,지역구,6,3,4,1.33,N,,N,N,N,"100155604, 100157359, 100162982, 100156312","이범준, 박남수, 김보건, 정경옥","더불어민주당, 더불어민주당, 국민의힘, 국민의힘",1,0,1,1,0,0,Y,6|강원특별자치도|춘천시가선거구
강원특별자치도,춘천시나선거구,구시군의회의원,지역구,6,3,4,1.33,N,,N,N,N,"100157343, 100163525, 100158536, 100154605","이선영, 김남덕, 김영배, 윤민권","더불어민주당, 더불어민주당, 국민의힘, 국민의힘",1,0,0,0,0,0,Y,6|강원특별자치도|춘천시나선거구
강원특별자치도,춘천시다선거구,구시군의회의원,지역구,6,3,4,1.33,N,,N,N,N,"100154125, 100157179, 100154204, 100153898","엄정은, 김지숙, 유환규, 조한승","더불어민주당, 더불어민주당, 국민의힘, 국민의힘",1,0,1,1,0,0,Y,6|강원특별자치도|춘천시다선거구
강원특별자치도,춘천시마선거구,구시군의회의원,지역구,6,3,5,1.67,N,,N,N,N,"100154483, 100156211, 100159094, 100158979, 100157756","유소은, 박순자, 박노일, 배숙경, 김병혁","더불어민주당, 더불어민주당, 국민의힘, 국민의힘, 진보당",1,0,1,0,0,0,Y,6|강원특별자치도|춘천시마선거구
강원특별자치도,태백시가선거구,구시군의회의원,지역구,6,3,6,2.00,N,,N,N,N,"100158722, 100154393, 100155942, 100162010, 100161225, 100156429","홍지영, 길찬우, 이석형, 고재창, 박무봉, 김동수","더불어민주당, 더불어민주당, 국민의힘, 국민의힘, 무소속, 무소속",2,1,4,1,0,0,Y,6|강원특별자치도|태백시가선거구
강원특별자치도,태백시나선거구,구시군의회의원,지역구,6,3,6,2.00,N,,N,N,N,"100162817, 100154516, 100157079, 100158477, 100161829, 100163191","정연태, 김상수, 박영식, 남궁증, 심창보, 김진관","더불어민주당, 더불어민주당, 국민의힘, 국민의힘, 무소속, 무소속",0,0,3,1,1,0,Y,6|강원특별자치도|태백시나선거구
강원특별자치도,평창군가선거구,구시군의회의원,지역구,6,3,4,1.33,N,,N,N,N,"100159602, 100161481, 100161504, 100161283","임현우, 이은미, 김성기, 이창열","더불어민주당, 더불어민주당, 국민의힘, 국민의힘",1,0,1,1,0,0,Y,6|강원특별자치도|평창군가선거구
강원특별자치도,홍천군가선거구,구시군의회의원,지역구,6,3,5,1.67,N,,N,N,N,"100160738, 100159288, 100160898, 100159353, 100163847","최이경, 백용길, 황경화, 정관교, 허성경","더불어민주당, 더불어민주당, 국민의힘, 국민의힘, 무소속",1,1,2,2,0,1,Y,6|강원특별자치도|홍천군가선거구
강원특별자치도,화천군가선거구,구시군의회의원,지역구,6,3,6,2.00,N,,N,N,N,"100158973, 100160934, 100160596, 100160025, 100160510, 100162464","박진천, 김동완, 조웅희, 김봉석, 노이업, 최승운","더불어민주당, 더불어민주당, 국민의힘, 국민의힘, 국민의힘, 무소속",0,0,2,1,0,0,Y,6|강원특별자치도|화천군가선거구
강원특별자치도,횡성군나선거구,구시군의회의원,지역구,6,3,6,2.00,N,,N,N,N,"100160402, 100160465, 100159669, 100160182, 100159658, 100159394","박기영, 유병화, 성락, 손동수, 원영희, 홍월표","더불어민주당, 더불어민주당, 국민의힘, 국민의힘, 국민의힘, 무소속",1,0,3,2,0,0,Y,6|강원특별자치도|횡성군나선거구
경기도,고양시바선거구,구시군의회의원,지역구,6,3,4,1.33,N,,N,N,N,"100155178, 100157751, 100163149, 100163510","신지연, 김윤재, 원종범, 고종국","더불어민주당, 더불어민주당, 국민의힘, 국민의힘",1,0,1,0,0,0,Y,6|경기도|고양시바선거구
경기도,고양시아선거구,구시군의회의원,지역구,6,3,6,2.00,N,,N,N,N,"100155441, 100156004, 100163488, 100163205, 100163183, 100162328","장윤정, 이종미, 김보래, 손동숙, 김승갑, 정민재","더불어민주당, 더불어민주당, 국민의힘, 국민의힘, 조국혁신당, 개혁신당",0,0,2,1,0,0,Y,6|경기도|고양시아선거구
경기도,광명시가선거구,구시군의회의원,지역구,6,3,4,1.33,N,,N,N,N,"100160803, 100161209, 100160249, 100157125","김정미, 박성민, 김종오, 박덕수","더불어민주당, 더불어민주당, 국민의힘, 국민의힘",1,0,2,1,0,0,Y,6|경기도|광명시가선거구
경기도,광주시나선거구,구시군의회의원,지역구,6,3,5,1.67,N,,N,N,N,"100157004, 100156234, 100160396, 100163139, 100154771","오현주, 이은채, 조예란, 한대희, 신승룡","더불어민주당, 더불어민주당, 국민의힘, 국민의힘, 진보당",1,0,2,1,0,0,Y,6|경기도|광주시나선거구
경기도,구리시나선거구,구시군의회의원,지역구,6,3,4,1.33,N,,N,N,N,"100155381, 100158612, 100156368, 100162497","이정희, 김성태, 연주현, 진지성","더불어민주당, 더불어민주당, 국민의힘, 국민의힘",2,1,3,2,0,1,Y,6|경기도|구리시나선거구
경기도,김포시나선거구,구시군의회의원,지역구,6,3,4,1.33,N,,N,N,N,"100156685, 100161570, 100162367, 100157163","전하준, 김기남, 황성석, 황태진","더불어민주당, 더불어민주당, 국민의힘, 국민의힘",1,0,1,1,0,0,Y,6|경기도|김포시나선거구
경기도,김포시다선거구,구시군의회의원,지역구,6,3,6,2.00,N,,N,N,N,"100155296, 100157629, 100157883, 100162452, 100160302, 100162636","김재상, 유매희, 조한석, 한종우, 심명보, 김수정","더불어민주당, 더불어민주당, 국민의힘, 국민의힘, 개혁신당, 무소속",1,0,2,1,0,1,Y,6|경기도|김포시다선거구
경기도,김포시라선거구,구시군의회의원,지역구,6,3,4,1.33,N,,N,N,N,"100159342, 100160105, 100163381, 100162449","정영혜, 이희성, 김현주, 유영숙","더불어민주당, 더불어민주당, 국민의힘, 국민의힘",2,0,1,1,0,0,Y,6|경기도|김포시라선거구
경기도,남양주시가선거구,구시군의회의원,지역구,6,3,5,1.67,N,,N,N,N,"100156096, 100155449, 100162717, 100155144, 100163108","유수형, 이영환, 전혜연, 윤영섭, 박윤옥","더불어민주당, 더불어민주당, 국민의힘, 국민의힘, 개혁신당",1,1,3,1,0,0,Y,6|경기도|남양주시가선거구
경기도,남양주시바선거구,구시군의회의원,지역구,6,3,4,1.33,N,,N,N,N,"100160951, 100160646, 100162482, 100161292","최정혜, 이진환, 원주영, 윤미숙","더불어민주당, 더불어민주당, 국민의힘, 자유통일당",1,0,0,0,0,0,Y,6|경기도|남양주시바선거구
경기도,동두천시가선거구,구시군의회의원,지역구,6,3,5,1.67,N,,N,N,N,"100161437, 100157028, 100160013, 100160922, 100162888","김재수, 김동원, 이은경, 김승호, 황주룡","더불어민주당, 더불어민주당, 국민의힘, 국민의힘, 무소속",1,0,1,0,0,0,Y,6|경기도|동두천시가선거구
경기도,동두천시나선거구,구시군의회의원,지역구,6,3,4,1.33,N,,N,N,N,"100161257, 100160946, 100157873, 100156994","정진호, 임현숙, 송흥석, 권영기","더불어민주당, 더불어민주당, 국민의힘, 국민의힘",0,0,3,1,0,0,Y,6|경기도|동두천시나선거구
경기도,부천시가선거구,구시군의회의원,지역구,6,3,4,1.33,N,,N,N,N,"100157242, 100157907, 100157821, 100160349","이철희, 나슬기, 배용철, 최초은","더불어민주당, 더불어민주당, 국민의힘, 국민의힘",0,0,2,2,0,0,Y,6|경기도|부천시가선거구
경기도,부천시마선거구,구시군의회의원,지역구,6,3,7,2.33,N,,N,N,N,"100155848, 100156533, 100158878, 100158105, 100154603, 100154641, 100158409","박병권, 장해영, 장성철, 이상윤, 김태수, 이종문, 유영빈","더불어민주당, 더불어민주당, 국민의힘, 국민의힘, 개혁신당, 진보당, 자유와혁신",0,0,3,2,0,0,Y,6|경기도|부천시마선거구
경기도,부천시사선거구,구시군의회의원,지역구,6,3,5,1.67,N,,N,N,N,"100155048, 100155020, 100160507, 100162310, 100161785","김영기, 유승현, 이준영, 윤병권, 정유경","더불어민주당, 더불어민주당, 국민의힘, 국민의힘, 개혁신당",2,0,1,0,0,0,Y,6|경기도|부천시사선거구
경기도,부천시자선거구,구시군의회의원,지역구,6,3,6,2.00,N,,N,N,N,"100157247, 100161237, 100158465, 100162075, 100163583, 100162665","박성균, 김주삼, 조선미, 최옥순, 장재영, 주보경","더불어민주당, 더불어민주당, 국민의힘, 국민의힘, 조국혁신당, 자유와혁신",0,0,2,2,0,0,Y,6|경기도|부천시자선거구
경기도,성남시가선거구,구시군의회의원,지역구,6,3,5,1.67,N,,N,N,N,"100157380, 100159023, 100155762, 100164850, 100158462","강상태, 이군수, 안광환, 장명숙, 현지환","더불어민주당, 더불어민주당, 국민의힘, 국민의힘, 진보당",1,0,3,2,2,1,Y,6|경기도|성남시가선거구
경기도,성남시라선거구,구시군의회의원,지역구,6,3,6,2.00,N,,N,N,N,"100154420, 100155433, 100161232, 100157584, 100161667, 100158263","선창선, 윤혜선, 안극수, 황금석, 고희영, 고병용","더불어민주당, 더불어민주당, 국민의힘, 국민의힘, 새미래민주당, 무소속",1,0,1,1,1,0,Y,6|경기도|성남시라선거구
경기도,성남시마선거구,구시군의회의원,지역구,6,3,6,2.00,N,,N,N,N,"100156692, 100157547, 100160036, 100161679, 100157656, 100155542","최옥희, 조우현, 김옥수, 김정희, 김병진, 신옥희","더불어민주당, 더불어민주당, 국민의힘, 국민의힘, 개혁신당, 진보당",2,1,1,0,0,0,Y,6|경기도|성남시마선거구
경기도,수원시다선거구,구시군의회의원,지역구,6,3,6,2.00,N,,N,N,N,"100157074, 100161771, 100158380, 100161875, 100164821, 100154463","김민양, 김경례, 김영희, 이병철, 노만래, 임은지","더불어민주당, 더불어민주당, 국민의힘, 국민의힘, 개혁신당, 진보당",0,0,2,1,0,0,Y,6|경기도|수원시다선거구
경기도,수원시바선거구,구시군의회의원,지역구,6,3,4,1.33,N,,N,N,N,"100156706, 100158392, 100156868, 100155946","조인희, 김미경, 정옥선, 민경록","더불어민주당, 더불어민주당, 국민의힘, 개혁신당",0,0,1,1,0,0,Y,6|경기도|수원시바선거구
경기도,수원시사선거구,구시군의회의원,지역구,6,3,5,1.67,N,,N,N,N,"100156999, 100156165, 100154744, 100160842, 100163090","최성호, 이승협, 홍은철, 유준숙, 김동광","더불어민주당, 더불어민주당, 국민의힘, 국민의힘, 개혁신당",0,0,3,1,0,0,Y,6|경기도|수원시사선거구
경기도,수원시파선거구,구시군의회의원,지역구,6,3,5,1.67,N,,N,N,N,"100157616, 100163036, 100163303, 100160074, 100155991","방광현, 이희승, 최원용, 성민호, 황승빈","더불어민주당, 더불어민주당, 국민의힘, 국민의힘, 개혁신당",2,0,2,2,0,0,Y,6|경기도|수원시파선거구
경기도,시흥시나선거구,구시군의회의원,지역구,6,3,6,2.00,N,,N,N,N,"100157879, 100161948, 100160655, 100158466, 100158132, 100154205","양범진, 송미희, 송지혜, 남성현, 김주우, 홍은숙","더불어민주당, 더불어민주당, 국민의힘, 국민의힘, 개혁신당, 진보당",1,0,4,2,0,0,Y,6|경기도|시흥시나선거구
경기도,시흥시마선거구,구시군의회의원,지역구,6,3,4,1.33,N,,N,N,N,"100158012, 100158163, 100156378, 100162765","서명범, 정은수, 김만식, 이봉관","더불어민주당, 더불어민주당, 국민의힘, 개혁신당",1,0,3,2,0,1,Y,6|경기도|시흥시마선거구
경기도,안성시다선거구,구시군의회의원,지역구,6,3,7,2.33,N,,N,N,N,"100154976, 100155051, 100154985, 100157771, 100155670, 100161794, 100156722","조민훈, 반인숙, 안태호, 최호섭, 김지은, 조성대, 정토근","더불어민주당, 더불어민주당, 국민의힘, 국민의힘, 진보당, 무소속, 무소속",3,0,6,3,0,2,Y,6|경기도|안성시다선거구
경기도,안양시아선거구,구시군의회의원,지역구,6,3,5,1.67,N,,N,N,N,"100155306, 100162346, 100161376, 100165106, 100154822","노수남, 조지영, 이창성, 송지민, 박원길","더불어민주당, 더불어민주당, 국민의힘, 국민의힘, 개혁신당",0,0,1,1,0,0,Y,6|경기도|안양시아선거구
경기도,양주시다선거구,구시군의회의원,지역구,6,3,5,1.67,N,,N,N,N,"100155774, 100156568, 100161936, 100162415, 100155280","정지혁, 임의빈, 임재근, 정희태, 한현호","더불어민주당, 더불어민주당, 국민의힘, 국민의힘, 진보당",1,0,3,3,1,0,Y,6|경기도|양주시다선거구
경기도,양평군가선거구,구시군의회의원,지역구,6,3,6,2.00,N,,N,N,N,"100159996, 100159792, 100158811, 100158306, 100163528, 100161031","권수연, 최영보, 오혜자, 조근수, 조진숙, 홍도찬","더불어민주당, 더불어민주당, 국민의힘, 국민의힘, 무소속, 무소속",2,0,3,2,0,1,Y,6|경기도|양평군가선거구
경기도,양평군나선거구,구시군의회의원,지역구,6,3,5,1.67,N,,N,N,N,"100158914, 100158129, 100158776, 100158634, 100163286","임정숙, 이정수, 전병곤, 지민희, 이학표","더불어민주당, 더불어민주당, 국민의힘, 국민의힘, 무소속",2,0,2,1,0,0,Y,6|경기도|양평군나선거구
경기도,여주시가선거구,구시군의회의원,지역구,6,3,4,1.33,N,,N,N,N,"100156983, 100154148, 100154151, 100157887","이하정, 김길성, 조장연, 박두형","더불어민주당, 더불어민주당, 국민의힘, 국민의힘",1,0,2,0,0,0,Y,6|경기도|여주시가선거구
경기도,여주시나선거구,구시군의회의원,지역구,6,3,5,1.67,N,,N,N,N,"100158428, 100157399, 100156083, 100158148, 100156233","이재덕, 진선화, 경규명, 이상숙, 최근필","더불어민주당, 더불어민주당, 국민의힘, 국민의힘, 무소속",1,0,1,1,0,1,Y,6|경기도|여주시나선거구
경기도,연천군가선거구,구시군의회의원,지역구,6,3,4,1.33,N,,N,N,N,"100160443, 100162791, 100160418, 100159186","윤재구, 김석광, 배두영, 박영철","더불어민주당, 더불어민주당, 국민의힘, 국민의힘",0,0,1,1,1,0,Y,6|경기도|연천군가선거구
경기도,연천군나선거구,구시군의회의원,지역구,6,3,4,1.33,N,,N,N,N,"100160145, 100160625, 100159130, 100160158","고원호, 박양희, 이용환, 박운서","더불어민주당, 더불어민주당, 국민의힘, 국민의힘",0,0,1,1,0,0,Y,6|경기도|연천군나선거구
경기도,오산시가선거구,구시군의회의원,지역구,6,3,5,1.67,N,,N,N,N,"100154592, 100159364, 100158026, 100161496, 100154955","김종욱, 유종대, 권혁만, 이상복, 신정숙","더불어민주당, 더불어민주당, 국민의힘, 국민의힘, 진보당",1,0,4,2,1,0,Y,6|경기도|오산시가선거구
경기도,용인시다선거구,구시군의회의원,지역구,6,3,4,1.33,N,,N,N,N,"100154892, 100162701, 100163029, 100165841","임준교, 김진석, 김영식, 송주현","더불어민주당, 더불어민주당, 국민의힘, 국민의힘",1,0,3,2,0,0,Y,6|경기도|용인시다선거구
경기도,용인시사선거구,구시군의회의원,지역구,6,3,6,2.00,N,,N,N,N,"100156563, 100154933, 100162125, 100162591, 100157351, 100161277","서정일, 박해규, 조강현, 김희영, 오대희, 이승도","더불어민주당, 더불어민주당, 국민의힘, 국민의힘, 조국혁신당, 개혁신당",2,0,2,1,0,0,Y,6|경기도|용인시사선거구
경기도,용인시차선거구,구시군의회의원,지역구,6,3,5,1.67,N,,N,N,N,"100156660, 100163227, 100160858, 100161335, 100154809","이주연, 신현녀, 이제성, 목영희, 이상만","더불어민주당, 더불어민주당, 국민의힘, 국민의힘, 자유와혁신",2,0,0,0,0,0,Y,6|경기도|용인시차선거구
경기도,의왕시가선거구,구시군의회의원,지역구,6,3,5,1.67,N,,N,N,N,"100154713, 100157734, 100162889, 100158260, 100160099","김동국, 서창수, 박혜숙, 김동구, 박현호","더불어민주당, 더불어민주당, 국민의힘, 국민의힘, 개혁신당",2,0,3,2,1,1,Y,6|경기도|의왕시가선거구
경기도,의왕시나선거구,구시군의회의원,지역구,6,3,5,1.67,N,,N,N,N,"100157840, 100155729, 100155589, 100157812, 100161965","김태흥, 이랑이, 박재영, 노선희, 양성혁","더불어민주당, 더불어민주당, 국민의힘, 국민의힘, 개혁신당",0,0,4,1,0,0,Y,6|경기도|의왕시나선거구
경기도,의정부시다선거구,구시군의회의원,지역구,6,3,5,1.67,N,,N,N,N,"100155099, 100155571, 100161586, 100165397, 100155275","정성교, 권영선, 이다연, 김현채, 박윤희","더불어민주당, 더불어민주당, 국민의힘, 국민의힘, 진보당",0,0,2,1,0,0,Y,6|경기도|의정부시다선거구
경기도,의정부시라선거구,구시군의회의원,지역구,6,3,4,1.33,N,,N,N,N,"100154640, 100160408, 100161709, 100160873","최혜령, 조세일, 김호경, 장준휘","더불어민주당, 더불어민주당, 국민의힘, 개혁신당",1,0,1,0,0,0,Y,6|경기도|의정부시라선거구
경기도,이천시가선거구,구시군의회의원,지역구,6,3,5,1.67,N,,N,N,N,"100154421, 100155712, 100159928, 100163025, 100154853","조주환, 정신화, 김재국, 박명서, 강연희","더불어민주당, 더불어민주당, 국민의힘, 국민의힘, 진보당",1,0,3,0,0,0,Y,6|경기도|이천시가선거구
경기도,파주시나선거구,구시군의회의원,지역구,6,3,5,1.67,N,,N,N,N,"100163103, 100165144, 100162227, 100161952, 100156597","김경옥, 이정은, 옥승철, 최창호, 소경준","더불어민주당, 더불어민주당, 국민의힘, 국민의힘, 노동당",1,0,1,1,0,0,Y,6|경기도|파주시나선거구
경기도,파주시라선거구,구시군의회의원,지역구,6,3,5,1.67,N,,N,N,N,"100155692, 100157286, 100158336, 100164890, 100155013","지은영, 최유각, 손형배, 윤선희, 홍윤기","더불어민주당, 더불어민주당, 국민의힘, 국민의힘, 무소속",1,0,1,1,0,0,Y,6|경기도|파주시라선거구
경기도,파주시마선거구,구시군의회의원,지역구,6,3,5,1.67,N,,N,N,N,"100157013, 100158126, 100161656, 100155039, 100155645","이금옥, 이혜정, 이익선, 김일철, 양준모","더불어민주당, 더불어민주당, 국민의힘, 국민의힘, 개혁신당",1,1,1,0,0,0,Y,6|경기도|파주시마선거구
경기도,평택시라선거구,구시군의회의원,지역구,6,3,6,2.00,N,,N,N,N,"100155714, 100157419, 100161350, 100164973, 100163661, 100155618","박은옥, 김태선, 최준구, 김혜영, 이재범, 이해금","더불어민주당, 더불어민주당, 국민의힘, 국민의힘, 개혁신당, 무소속",2,0,2,0,0,0,Y,6|경기도|평택시라선거구
경기도,평택시마선거구,구시군의회의원,지역구,6,3,4,1.33,N,,N,N,N,"100155514, 100162422, 100154863, 100161660","최영갑, 김산수, 강창수, 김순이","더불어민주당, 더불어민주당, 국민의힘, 국민의힘",1,0,1,1,0,0,Y,6|경기도|평택시마선거구
경기도,평택시바선거구,구시군의회의원,지역구,6,3,5,1.67,N,,N,N,N,"100156061, 100155726, 100157199, 100156866, 100163146","류정화, 이학섭, 한윤섭, 정윤서, 최용","더불어민주당, 더불어민주당, 국민의힘, 국민의힘, 자유와혁신",1,0,2,0,0,0,Y,6|경기도|평택시바선거구
경기도,포천시가선거구,구시군의회의원,지역구,6,3,6,2.00,N,,N,N,N,"100156043, 100155910, 100156089, 100161974, 100155612, 100161833","윤경례, 송지우, 박윤경, 서과석, 김보성, 임종훈","더불어민주당, 더불어민주당, 국민의힘, 국민의힘, 진보당, 무소속",1,0,3,3,0,1,Y,6|경기도|포천시가선거구
경기도,포천시나선거구,구시군의회의원,지역구,6,3,4,1.33,N,,N,N,N,"100155518, 100158666, 100155908, 100159215","이미숙, 김현규, 최홍화, 윤상훈","더불어민주당, 더불어민주당, 국민의힘, 국민의힘",4,0,2,0,0,0,Y,6|경기도|포천시나선거구
경기도,화성시가선거구,구시군의회의원,지역구,6,3,5,1.67,N,,N,N,N,"100163251, 100160881, 100156891, 100161761, 100155661","최은희, 이계철, 최청환, 송선영, 한미경","더불어민주당, 더불어민주당, 국민의힘, 국민의힘, 진보당",0,0,3,2,1,0,Y,6|경기도|화성시가선거구
경기도,화성시다선거구,구시군의회의원,지역구,6,3,4,1.33,N,,N,N,N,"100163435, 100162853, 100160597, 100162820","정순영, 이은진, 박진희, 김성욱","더불어민주당, 더불어민주당, 국민의힘, 개혁신당",1,0,0,0,0,0,Y,6|경기도|화성시다선거구
경기도,화성시마선거구,구시군의회의원,지역구,6,3,5,1.67,N,,N,N,N,"100163141, 100161930, 100164518, 100162835, 100158102","유지혜, 김상균, 김상수, 이우주, 김식","더불어민주당, 더불어민주당, 국민의힘, 개혁신당, 진보당",1,0,2,1,0,1,Y,6|경기도|화성시마선거구
경기도,화성시자선거구,구시군의회의원,지역구,6,3,4,1.33,N,,N,N,N,"100158677, 100157085, 100158417, 100156230","이남근, 이민희, 권영학, 정덕범","더불어민주당, 더불어민주당, 국민의힘, 국민의힘",1,0,3,2,0,0,Y,6|경기도|화성시자선거구
경기도,화성시,기초의원비례,비례,9,3,5,1.67,N,,N,N,N,"100164192, 100164196, 100164222, 100165609, 100165625","신미정, 유상희, 정명희, 박영이, 박유진","더불어민주당, 더불어민주당, 국민의힘, 국민의힘, 개혁신당",0,0,1,1,1,0,Y,9|경기도|화성시
경상남도,거제시가선거구,구시군의회의원,지역구,6,3,5,1.67,N,,N,N,N,"100161299, 100156036, 100156975, 100158180, 100157494","노재하, 이영선, 임수환, 김동수, 양태석","더불어민주당, 더불어민주당, 국민의힘, 국민의힘, 무소속",0,0,4,3,0,0,Y,6|경상남도|거제시가선거구
경상남도,거제시다선거구,구시군의회의원,지역구,6,3,5,1.67,N,,N,N,N,"100154553, 100155397, 100158528, 100158535, 100156420","한은진, 안석봉, 김영규, 정명희, 김영춘","더불어민주당, 더불어민주당, 국민의힘, 국민의힘, 조국혁신당",2,0,1,0,0,0,Y,6|경상남도|거제시다선거구
경상남도,거창군나선거구,구시군의회의원,지역구,6,3,6,2.00,N,,N,N,N,"100161286, 100163380, 100159987, 100162473, 100161975, 100162707","하병오, 신재화, 김봉석, 최준규, 장인범, 이홍희","더불어민주당, 국민의힘, 국민의힘, 국민의힘, 무소속, 무소속",0,0,3,1,1,0,Y,6|경상남도|거창군나선거구
경상남도,고성군가선거구,구시군의회의원,지역구,6,3,8,2.67,N,,N,N,N,"100159139, 100161824, 100162387, 100162081, 100159093, 100161755, 100159122, 100159104","김원순, 이정숙, 김향숙, 김석한, 서문식, 이쌍자, 김인근, 이우영","더불어민주당, 더불어민주당, 국민의힘, 국민의힘, 무소속, 무소속, 무소속, 무소속",2,0,3,1,0,0,Y,6|경상남도|고성군가선거구
경상남도,김해시가선거구,구시군의회의원,지역구,6,3,4,1.33,N,,N,N,N,"100154400, 100155405, 100157614, 100162195","김태호, 박은희, 설승표, 박좌규","더불어민주당, 더불어민주당, 국민의힘, 국민의힘",1,0,1,0,0,0,Y,6|경상남도|김해시가선거구
경상남도,김해시라선거구,구시군의회의원,지역구,6,3,4,1.33,N,,N,N,N,"100156477, 100159269, 100158349, 100158473","안도영, 정준호, 최정헌, 이미애","더불어민주당, 더불어민주당, 국민의힘, 국민의힘",1,0,2,1,0,1,Y,6|경상남도|김해시라선거구
경상남도,김해시바선거구,구시군의회의원,지역구,6,3,5,1.67,N,,N,N,N,"100157896, 100158095, 100158240, 100158638, 100163312","강영수, 주정영, 배현주, 안선환, 이영철","더불어민주당, 더불어민주당, 국민의힘, 국민의힘, 무소속",1,0,2,1,0,0,Y,6|경상남도|김해시바선거구
경상남도,김해시아선거구,구시군의회의원,지역구,6,3,5,1.67,N,,N,N,N,"100158277, 100156031, 100160342, 100160525, 100154957","이혜영, 정혜정, 김진일, 강민수, 김태복","더불어민주당, 더불어민주당, 국민의힘, 국민의힘, 진보당",0,0,2,1,0,0,Y,6|경상남도|김해시아선거구
경상남도,밀양시라선거구,구시군의회의원,지역구,6,3,8,2.67,N,,N,N,N,"100155284, 100161903, 100154693, 100156206, 100161140, 100155094, 100160459, 100155391","하원호, 허홍, 김성백, 손진상, 박수경, 김민철, 조영도, 박영일","더불어민주당, 국민의힘, 국민의힘, 국민의힘, 무소속, 무소속, 무소속, 무소속",1,0,5,1,0,0,Y,6|경상남도|밀양시라선거구
경상남도,사천시가선거구,구시군의회의원,지역구,6,3,5,1.67,N,,N,N,N,"100157314, 100163214, 100157033, 100158690, 100163490","정서연, 강석모, 김민규, 진배근, 신현근","더불어민주당, 국민의힘, 국민의힘, 국민의힘, 무소속",0,0,3,2,1,0,Y,6|경상남도|사천시가선거구
경상남도,사천시나선거구,구시군의회의원,지역구,6,3,7,2.33,N,,N,N,N,"100154871, 100157150, 100160726, 100160368, 100160114, 100164541, 100163384","최용석, 박병준, 김영애, 임봉남, 강명수, 최인생, 구정화","더불어민주당, 더불어민주당, 국민의힘, 국민의힘, 국민의힘, 무소속, 무소속",1,0,2,1,0,0,Y,6|경상남도|사천시나선거구
경상남도,산청군다선거구,구시군의회의원,지역구,6,3,7,2.33,N,,N,N,N,"100158864, 100158790, 100159001, 100160140, 100159003, 100158481, 100158905","서봉석, 김영태, 김성수, 홍명기, 이정호, 박경득, 김창도","더불어민주당, 국민의힘, 국민의힘, 국민의힘, 무소속, 무소속, 무소속",3,0,5,2,0,1,Y,6|경상남도|산청군다선거구
경상남도,양산시나선거구,구시군의회의원,지역구,6,3,5,1.67,N,,N,N,N,"100157443, 100156184, 100157465, 100162211, 100154842","김수원, 임정섭, 송은영, 곽종포, 이은영","더불어민주당, 더불어민주당, 국민의힘, 국민의힘, 진보당",0,0,2,2,1,0,Y,6|경상남도|양산시나선거구
경상남도,양산시사선거구,구시군의회의원,지역구,6,3,5,1.67,N,,N,N,N,"100160865, 100160965, 100161355, 100161482, 100161344","김석규, 김은점, 김판조, 박일배, 김보언","더불어민주당, 더불어민주당, 국민의힘, 국민의힘, 조국혁신당",2,0,1,1,0,0,Y,6|경상남도|양산시사선거구
경상남도,의령군가선거구,구시군의회의원,지역구,6,3,5,1.67,N,,N,N,N,"100160199, 100161378, 100159805, 100161788, 100162830","하종성, 조순종, 김영윤, 김판곤, 주진규","더불어민주당, 국민의힘, 국민의힘, 국민의힘, 무소속",0,0,3,2,0,0,Y,6|경상남도|의령군가선거구
경상남도,진주시가선거구,구시군의회의원,지역구,6,3,5,1.67,N,,N,N,N,"100162170, 100158486, 100161817, 100157715, 100153940","손미영, 박재식, 강묘영, 안성황, 전옥희","더불어민주당, 더불어민주당, 국민의힘, 국민의힘, 진보당",1,0,1,1,0,1,Y,6|경상남도|진주시가선거구
경상남도,진주시라선거구,구시군의회의원,지역구,6,3,6,2.00,N,,N,N,N,"100157782, 100156174, 100156401, 100162419, 100156012, 100154345","윤성관, 조금제, 강진훈, 박미경, 임우석, 김용국","더불어민주당, 더불어민주당, 국민의힘, 국민의힘, 자유와혁신, 정의당",0,0,2,2,0,0,Y,6|경상남도|진주시라선거구
경상남도,창녕군가선거구,구시군의회의원,지역구,6,3,5,1.67,N,,N,N,N,"100160442, 100160231, 100162629, 100159779, 100160306","김태은, 박재홍, 홍성두, 신은숙, 하종혜","더불어민주당, 국민의힘, 국민의힘, 국민의힘, 무소속",0,0,2,2,0,0,Y,6|경상남도|창녕군가선거구
경상남도,창원시가선거구,구시군의회의원,지역구,6,3,5,1.67,N,,N,N,N,"100155522, 100156270, 100161228, 100163555, 100154729","권순재, 장소영, 김우진, 이무식, 김지현","더불어민주당, 더불어민주당, 국민의힘, 국민의힘, 진보당",1,0,2,1,0,0,Y,6|경상남도|창원시가선거구
경상남도,창원시나선거구,구시군의회의원,지역구,6,3,4,1.33,N,,N,N,N,"100157225, 100161075, 100161260, 100154211","하경석, 구점득, 김혜란, 김인애","더불어민주당, 국민의힘, 국민의힘, 진보당",2,0,2,2,0,1,Y,6|경상남도|창원시나선거구
경상남도,창원시바선거구,구시군의회의원,지역구,6,3,6,2.00,N,,N,N,N,"100153980, 100153901, 100162947, 100154109, 100153969, 100154164","진형익, 김원일, 성보빈, 조재후, 이영곤, 안혜린","더불어민주당, 더불어민주당, 국민의힘, 국민의힘, 진보당, 노동당",1,0,2,1,0,0,Y,6|경상남도|창원시바선거구
경상남도,창원시자선거구,구시군의회의원,지역구,6,3,6,2.00,N,,N,N,N,"100160666, 100161524, 100156523, 100162686, 100157311, 100157014","이원주, 박종서, 차중현, 홍용채, 전병호, 이영희","더불어민주당, 더불어민주당, 국민의힘, 국민의힘, 국민의힘, 진보당",0,0,2,2,0,0,Y,6|경상남도|창원시자선거구
경상남도,창원시차선거구,구시군의회의원,지역구,6,3,5,1.67,N,,N,N,N,"100158485, 100157511, 100156349, 100155274, 100161951","전홍표, 조은우, 남호준, 노정현, 박선애","더불어민주당, 더불어민주당, 국민의힘, 국민의힘, 국민의힘",2,0,2,2,0,1,Y,6|경상남도|창원시차선거구
경상남도,창원시파선거구,구시군의회의원,지역구,6,3,5,1.67,N,,N,N,N,"100154299, 100156504, 100154301, 100154302, 100164659","박영주, 문순규, 박찬열, 김정한, 최원석","더불어민주당, 더불어민주당, 국민의힘, 국민의힘, 진보당",2,0,2,1,0,1,Y,6|경상남도|창원시파선거구
경상남도,통영시나선거구,구시군의회의원,지역구,6,3,4,1.33,N,,N,N,N,"100155040, 100157319, 100158747, 100159227","김혜경, 정광호, 신익화, 노성진","더불어민주당, 더불어민주당, 국민의힘, 국민의힘",1,0,3,2,0,1,Y,6|경상남도|통영시나선거구
경상남도,통영시라선거구,구시군의회의원,지역구,6,3,4,1.33,N,,N,N,N,"100157071, 100162905, 100158631, 100153830","김용안, 정승욱, 윤혜경, 김태균","더불어민주당, 더불어민주당, 국민의힘, 국민의힘",1,0,3,2,0,1,Y,6|경상남도|통영시라선거구
경상남도,하동군나선거구,구시군의회의원,지역구,6,3,6,2.00,N,,N,N,N,"100159266, 100161274, 100163500, 100161153, 100160727, 100159579","김영림, 김혜수, 강희순, 김민연, 김형동, 김진태","더불어민주당, 더불어민주당, 국민의힘, 국민의힘, 국민의힘, 무소속",0,0,1,1,0,0,Y,6|경상남도|하동군나선거구
경상남도,함안군가선거구,구시군의회의원,지역구,6,3,6,2.00,N,,N,N,N,"100159770, 100159694, 100158983, 100158764, 100162685, 100160609","최성준, 조경래, 박성우, 안말남, 성재기, 조용국","더불어민주당, 국민의힘, 국민의힘, 국민의힘, 무소속, 무소속",1,0,3,2,0,0,Y,6|경상남도|함안군가선거구
경상남도,함양군다선거구,구시군의회의원,지역구,6,3,7,2.33,N,,N,N,N,"100161899, 100160971, 100162679, 100160680, 100162729, 100160294, 100162917","박동구, 신양범, 이진우, 강신택, 양인호, 박병옥, 정광석","더불어민주당, 국민의힘, 국민의힘, 국민의힘, 무소속, 무소속, 무소속",0,0,3,1,0,0,Y,6|경상남도|함양군다선거구
경상남도,합천군가선거구,구시군의회의원,지역구,6,3,7,2.33,N,,N,N,N,"100158755, 100157996, 100162777, 100162240, 100160159, 100158313, 100157992","안태형, 허원회, 이한신, 박안나, 박종규, 이원식, 박갑제","더불어민주당, 국민의힘, 국민의힘, 국민의힘, 무소속, 무소속, 무소속",0,0,2,2,0,0,Y,6|경상남도|합천군가선거구
경상남도,김해시,기초의원비례,비례,9,3,7,2.33,N,,N,N,N,"100165309, 100165338, 100165365, 100165112, 100165156, 100165214, 100165263","김세희, 권진희, 이영숙, 신단비, 강승연, 조아라, 정유정","더불어민주당, 더불어민주당, 더불어민주당, 국민의힘, 국민의힘, 조국혁신당, 진보당",2,0,2,1,0,1,Y,9|경상남도|김해시
경상남도,진주시,기초의원비례,비례,9,3,5,1.67,N,,N,N,N,"100165347, 100165354, 100164695, 100164701, 100165278","곽은하, 주선미, 강길선, 이순일, 이선임","더불어민주당, 더불어민주당, 국민의힘, 국민의힘, 진보당",1,0,3,2,1,0,Y,9|경상남도|진주시
경상북도,경산시가선거구,구시군의회의원,지역구,6,3,4,1.33,N,,N,N,N,"100157766, 100160767, 100163219, 100162169","박미향, 손말남, 최경목, 김화선","더불어민주당, 국민의힘, 국민의힘, 국민의힘",1,0,1,0,0,0,Y,6|경상북도|경산시가선거구
경상북도,경산시다선거구,구시군의회의원,지역구,6,3,6,2.00,N,,N,N,N,"100160791, 100157264, 100162648, 100158424, 100157254, 100162635","황관식, 이상열, 전금자, 박순득, 강수명, 박미옥","더불어민주당, 국민의힘, 국민의힘, 국민의힘, 무소속, 무소속",1,0,1,1,0,0,Y,6|경상북도|경산시다선거구
경상북도,경주시가선거구,구시군의회의원,지역구,6,3,7,2.33,N,,N,N,N,"100155042, 100154279, 100157775, 100158127, 100162395, 100155240, 100161236","남우모, 최진열, 정희택, 이경희, 김태현, 문연지, 안재철","더불어민주당, 국민의힘, 국민의힘, 국민의힘, 조국혁신당, 진보당, 무소속",3,0,1,1,1,1,Y,6|경상북도|경주시가선거구
경상북도,구미시가선거구,구시군의회의원,지역구,6,3,4,1.33,N,,N,N,N,"100162218, 100157361, 100161219, 100161553","김재우, 김효석, 이정희, 김민성","더불어민주당, 국민의힘, 국민의힘, 국민의힘",1,0,2,0,0,0,Y,6|경상북도|구미시가선거구
경상북도,구미시자선거구,구시군의회의원,지역구,6,3,5,1.67,N,,N,N,N,"100162224, 100160906, 100162358, 100162638, 100156964","이상호, 장진호, 소진혁, 김근한, 류태하","더불어민주당, 국민의힘, 국민의힘, 국민의힘, 개혁신당",0,0,4,2,0,0,Y,6|경상북도|구미시자선거구
경상북도,김천시나선거구,구시군의회의원,지역구,6,3,5,1.67,N,,N,N,N,"100154536, 100161784, 100162024, 100161194, 100154890","송치종, 이상욱, 김응숙, 이명기, 김동완","국민의힘, 국민의힘, 국민의힘, 무소속, 무소속",2,0,2,1,0,1,Y,6|경상북도|김천시나선거구
경상북도,김천시사선거구,구시군의회의원,지역구,6,3,8,2.67,N,,N,N,N,"100162643, 100156087, 100161915, 100161751, 100155081, 100162260, 100154921, 100157555","임동규, 이순식, 오세길, 윤영수, 이권중, 진기상, 신형철, 조동민","더불어민주당, 국민의힘, 국민의힘, 국민의힘, 무소속, 무소속, 무소속, 무소속",1,0,4,1,0,0,Y,6|경상북도|김천시사선거구
경상북도,봉화군다선거구,구시군의회의원,지역구,6,3,10,3.33,N,,N,N,N,"100165557, 100158850, 100159540, 100163369, 100163268, 100160589, 100158854, 100159209, 100163618, 100160018","김태수, 김재곤, 이광근, 황문익, 김민호, 이성재, 엄기섭, 장호운, 김연옥, 임용규","더불어민주당, 국민의힘, 국민의힘, 국민의힘, 무소속, 무소속, 무소속, 무소속, 무소속, 무소속",4,0,3,3,0,1,Y,6|경상북도|봉화군다선거구
경상북도,성주군가선거구,구시군의회의원,지역구,6,3,4,1.33,N,,N,N,N,"100159341, 100158588, 100161722, 100161867","이강태, 배재억, 김경호, 김성우","더불어민주당, 국민의힘, 국민의힘, 국민의힘",1,0,0,0,0,0,Y,6|경상북도|성주군가선거구
경상북도,영덕군가선거구,구시군의회의원,지역구,6,3,4,1.33,N,,N,N,N,"100159564, 100158997, 100159893, 100161666","김미애, 나현주, 박현규, 배재현","더불어민주당, 국민의힘, 국민의힘, 국민의힘",1,0,0,0,0,0,Y,6|경상북도|영덕군가선거구
경상북도,영덕군나선거구,구시군의회의원,지역구,6,3,5,1.67,N,,N,N,N,"100159927, 100159641, 100159531, 100162008, 100161895","신명종, 신정희, 조상준, 김성호, 김영준","더불어민주당, 국민의힘, 국민의힘, 국민의힘, 무소속",2,0,2,2,0,2,Y,6|경상북도|영덕군나선거구
경상북도,영양군가선거구,구시군의회의원,지역구,6,3,6,2.00,N,,N,N,N,"100161102, 100159434, 100159941, 100160575, 100160460, 100163022","김상선, 신승배, 오창옥, 우승원, 김영범, 김석현","더불어민주당, 국민의힘, 국민의힘, 국민의힘, 무소속, 무소속",3,0,3,2,0,1,Y,6|경상북도|영양군가선거구
경상북도,영양군나선거구,구시군의회의원,지역구,6,3,5,1.67,N,,N,N,N,"100159437, 100159436, 100161135, 100162251, 100159555","김남수, 구진회, 장수상, 홍점표, 이원기","더불어민주당, 국민의힘, 국민의힘, 국민의힘, 무소속",2,0,2,1,0,1,Y,6|경상북도|영양군나선거구
경상북도,영천시나선거구,구시군의회의원,지역구,6,3,5,1.67,N,,N,N,N,"100156092, 100162306, 100162972, 100156300, 100162406","김형락, 김상호, 김종욱, 서만율, 이영우","더불어민주당, 국민의힘, 국민의힘, 국민의힘, 무소속",0,0,4,3,1,0,Y,6|경상북도|영천시나선거구
경상북도,영천시다선거구,구시군의회의원,지역구,6,3,5,1.67,N,,N,N,N,"100154157, 100159045, 100154616, 100161839, 100159312","조창호, 배수예, 윤영한, 김용문, 전종천","더불어민주당, 국민의힘, 국민의힘, 무소속, 무소속",0,0,2,1,0,0,Y,6|경상북도|영천시다선거구
경상북도,울진군다선거구,구시군의회의원,지역구,6,3,6,2.00,N,,N,N,N,"100159690, 100159485, 100161914, 100159388, 100160905, 100163275","김복자, 김복남, 황현철, 정안일, 안순자, 김정희","더불어민주당, 국민의힘, 국민의힘, 무소속, 무소속, 무소속",1,0,2,1,0,1,Y,6|경상북도|울진군다선거구
경상북도,의성군가선거구,구시군의회의원,지역구,6,3,4,1.33,N,,N,N,N,"100159405, 100161892, 100159403, 100162060","김우정, 지무진, 이상국, 김현찬","더불어민주당, 국민의힘, 국민의힘, 국민의힘",2,0,2,0,0,0,Y,6|경상북도|의성군가선거구
경상북도,청도군가선거구,구시군의회의원,지역구,6,3,6,2.00,N,,N,N,N,"100160262, 100160469, 100160439, 100161510, 100159946, 100160323","박호석, 김동우, 김규봉, 전종율, 이경동, 정두교","더불어민주당, 국민의힘, 국민의힘, 국민의힘, 무소속, 무소속",1,0,3,3,0,0,Y,6|경상북도|청도군가선거구
경상북도,청도군나선거구,구시군의회의원,지역구,6,3,6,2.00,N,,N,N,N,"100159443, 100160506, 100160424, 100160448, 100160717, 100162756","김종명, 손영우, 이수연, 박성곤, 정덕석, 김태이","더불어민주당, 국민의힘, 국민의힘, 국민의힘, 무소속, 무소속",3,0,4,3,0,2,Y,6|경상북도|청도군나선거구
경상북도,청송군가선거구,구시군의회의원,지역구,6,3,4,1.33,N,,N,N,N,"100160119, 100160530, 100160900, 100159067","권광기, 박신영, 심상휴, 황진수","더불어민주당, 국민의힘, 국민의힘, 국민의힘",3,0,2,0,0,0,Y,6|경상북도|청송군가선거구
경상북도,청송군나선거구,구시군의회의원,지역구,6,3,5,1.67,N,,N,N,N,"100161622, 100160355, 100161069, 100159085, 100160400","정미진, 김무섭, 권태준, 임재업, 김오영","국민의힘, 국민의힘, 국민의힘, 무소속, 무소속",1,0,2,2,0,0,Y,6|경상북도|청송군나선거구
경상북도,칠곡군가선거구,구시군의회의원,지역구,6,3,4,1.33,N,,N,N,N,"100158282, 100158281, 100159063, 100159493","장현주, 권선호, 배성현, 장재환","더불어민주당, 국민의힘, 국민의힘, 국민의힘",0,0,2,2,0,0,Y,6|경상북도|칠곡군가선거구
경상북도,포항시자선거구,구시군의회의원,지역구,6,3,4,1.33,N,,N,N,N,"100158038, 100157712, 100157604, 100158314","이민규, 김창희, 양윤제, 조민성","더불어민주당, 국민의힘, 국민의힘, 국민의힘",1,1,3,1,0,0,Y,6|경상북도|포항시자선거구
경상북도,포항시차선거구,구시군의회의원,지역구,6,3,5,1.67,N,,N,N,N,"100156771, 100154067, 100157230, 100154038, 100156011","최광열, 안대천, 최해곤, 김홍열, 윤석열","더불어민주당, 국민의힘, 국민의힘, 국민의힘, 무소속",1,0,3,2,0,1,Y,6|경상북도|포항시차선거구
경상북도,포항시카선거구,구시군의회의원,지역구,6,3,5,1.67,N,,N,N,N,"100162749, 100158673, 100159181, 100161681, 100161372","박칠용, 김정엽, 임주희, 함정호, 홍진기","더불어민주당, 국민의힘, 국민의힘, 국민의힘, 무소속",0,0,1,1,0,0,Y,6|경상북도|포항시카선거구
경상북도,포항시타선거구,구시군의회의원,지역구,6,3,5,1.67,N,,N,N,N,"100153884, 100156762, 100161834, 100162165, 100165587","김은주, 이진원, 김형철, 이재진, 유경락","더불어민주당, 국민의힘, 국민의힘, 국민의힘, 자유와혁신",0,0,2,2,0,0,Y,6|경상북도|포항시타선거구
경상북도,경주시,기초의원비례,비례,9,3,5,1.67,N,,N,N,N,"100165791, 100165809, 100165473, 100165475, 100165324","주미, 허지연, 박지우, 박종우, 김은영","더불어민주당, 더불어민주당, 국민의힘, 국민의힘, 진보당",1,0,0,0,0,0,Y,9|경상북도|경주시
경상북도,구미시,기초의원비례,비례,9,3,6,2.00,N,,N,N,N,"100165352, 100165358, 100165359, 100165084, 100165096, 100165097","전희정, 이원희, 오경숙, 박윤경, 임명섭, 김서정","더불어민주당, 더불어민주당, 더불어민주당, 국민의힘, 국민의힘, 국민의힘",0,0,3,2,2,0,Y,9|경상북도|구미시
광주광역시,광산구마선거구,구시군의회의원,지역구,6,3,6,2.00,N,,N,N,N,"100157396, 100157415, 100162266, 100155006, 100154235, 100157881","임수정, 박경환, 김영선, 박철웅, 박동일, 한윤희","더불어민주당, 더불어민주당, 더불어민주당, 조국혁신당, 진보당, 정의당",0,0,3,1,0,0,Y,6|광주광역시|광산구마선거구
광주광역시,남구가선거구,구시군의회의원,지역구,6,3,5,1.67,N,,N,N,N,"100155390, 100153999, 100156391, 100154474, 100154051","조미애, 김춘구, 김경묵, 김광수, 김용국","더불어민주당, 더불어민주당, 더불어민주당, 무소속, 무소속",2,0,1,1,0,1,Y,6|광주광역시|남구가선거구
광주광역시,남구다선거구,구시군의회의원,지역구,6,3,5,1.67,N,,N,N,N,"100155250, 100157779, 100157322, 100159109, 100154649","박선우영, 오영순, 서상기, 박용화, 박미영","더불어민주당, 더불어민주당, 더불어민주당, 조국혁신당, 진보당",1,0,2,0,0,0,Y,6|광주광역시|남구다선거구
광주광역시,동구나선거구,구시군의회의원,지역구,6,3,5,1.67,N,,N,N,N,"100156674, 100155018, 100155046, 100158596, 100156929","안태자, 허성용, 김대성, 박종균, 김영정","더불어민주당, 더불어민주당, 더불어민주당, 조국혁신당, 진보당",2,0,4,1,0,0,Y,6|광주광역시|동구나선거구
광주광역시,북구가선거구,구시군의회의원,지역구,6,3,5,1.67,N,,N,N,N,"100155681, 100161672, 100161300, 100154001, 100158999","신원근, 고점례, 고영임, 김행, 기대서","더불어민주당, 더불어민주당, 더불어민주당, 진보당, 무소속",3,0,2,2,0,0,Y,6|광주광역시|북구가선거구
광주광역시,북구라선거구,구시군의회의원,지역구,6,3,4,1.33,N,,N,N,N,"100156070, 100155763, 100156311, 100161632","김혜은, 배미선, 황예원, 노한종","더불어민주당, 더불어민주당, 더불어민주당, 무소속",1,0,2,1,0,1,Y,6|광주광역시|북구라선거구
광주광역시,서구가선거구,구시군의회의원,지역구,6,3,5,1.67,N,,N,N,N,"100154163, 100157532, 100156698, 100157381, 100154287","이기성, 김수영, 양하길, 노윤섭, 기춘희","더불어민주당, 더불어민주당, 더불어민주당, 조국혁신당, 진보당",0,0,2,1,1,0,Y,6|광주광역시|서구가선거구
광주광역시,서구나선거구,구시군의회의원,지역구,6,3,5,1.67,N,,N,N,N,"100156324, 100156851, 100158479, 100154196, 100161381","양인기, 오병관, 임성화, 이은주, 오광록","더불어민주당, 더불어민주당, 더불어민주당, 진보당, 무소속",2,0,3,0,0,0,Y,6|광주광역시|서구나선거구
광주광역시,서구다선거구,구시군의회의원,지역구,6,3,4,1.33,N,,N,N,N,"100162877, 100157609, 100163358, 100163903","김인성, 백종한, 최정애, 이동춘","더불어민주당, 더불어민주당, 더불어민주당, 무소속",1,0,2,0,0,0,Y,6|광주광역시|서구다선거구
광주광역시,서구라선거구,구시군의회의원,지역구,6,3,6,2.00,N,,N,N,N,"100155782, 100154579, 100157080, 100157500, 100154285, 100157333","오지은, 김유안, 박영숙, 김훈중, 고기담, 김옥수","더불어민주당, 더불어민주당, 더불어민주당, 조국혁신당, 진보당, 무소속",2,0,4,0,0,0,Y,6|광주광역시|서구라선거구
광주광역시,북구,기초의원비례,비례,9,3,5,1.67,N,,N,N,N,"100165102, 100165108, 100165135, 100165021, 100165053","박은정, 유영근, 변희영, 이정윤, 정승희","더불어민주당, 더불어민주당, 더불어민주당, 조국혁신당, 진보당",1,0,0,0,0,0,Y,9|광주광역시|북구
광주광역시,광산구제3선거구,시도의원,지역구,5,3,5,1.67,N,,N,N,N,"100155800, 100162501, 100157619, 100163449, 100163132","이영훈, 김광란, 박필순, 최경미, 박은영","더불어민주당, 더불어민주당, 더불어민주당, 진보당, 기본소득당",0,0,1,1,0,0,Y,5|광주광역시|광산구제3선거구
광주광역시,북구제2선거구,시도의원,지역구,5,3,6,2.00,N,,N,N,N,"100154086, 100160209, 100160534, 100156645, 100163270, 100163344","허석진, 주순일, 임종국, 선동주, 윤민호, 배훈천","더불어민주당, 더불어민주당, 더불어민주당, 조국혁신당, 진보당, 무소속",1,0,2,0,0,0,Y,5|광주광역시|북구제2선거구
대구광역시,군위군가선거구,구시군의회의원,지역구,6,3,7,2.33,N,,N,N,N,"100161269, 100159630, 100163900, 100163946, 100160002, 100160116, 100163605","김현주, 조만석, 서대식, 홍복순, 류원식, 신부호, 박운표","더불어민주당, 국민의힘, 국민의힘, 국민의힘, 무소속, 무소속, 무소속",1,0,3,0,0,0,Y,6|대구광역시|군위군가선거구
대구광역시,군위군나선거구,구시군의회의원,지역구,6,3,5,1.67,N,,N,N,N,"100159906, 100162753, 100163534, 100162926, 100163942","이종무, 이종은, 장철식, 최규종, 박수현","더불어민주당, 국민의힘, 국민의힘, 국민의힘, 무소속",1,0,3,1,0,0,Y,6|대구광역시|군위군나선거구
대구광역시,남구가선거구,구시군의회의원,지역구,6,3,5,1.67,N,,N,N,N,"100158464, 100162274, 100156793, 100158472, 100161919","김기명, 성윤희, 함광식, 전주현, 강병준","더불어민주당, 국민의힘, 국민의힘, 국민의힘, 무소속",0,0,3,3,0,0,Y,6|대구광역시|남구가선거구
대구광역시,달서구다선거구,구시군의회의원,지역구,6,3,4,1.33,N,,N,N,N,"100158922, 100157505, 100158032, 100155574","유선경, 정재성, 도하석, 박종길","더불어민주당, 국민의힘, 국민의힘, 개혁신당",0,0,1,1,0,0,Y,6|대구광역시|달서구다선거구
대구광역시,달서구바선거구,구시군의회의원,지역구,6,3,4,1.33,N,,N,N,N,"100158559, 100163359, 100163267, 100163356","서보영, 여종상, 곽병희, 김장관","더불어민주당, 국민의힘, 국민의힘, 무소속",0,0,2,1,0,0,Y,6|대구광역시|달서구바선거구
대구광역시,달서구아선거구,구시군의회의원,지역구,6,3,4,1.33,N,,N,N,N,"100158057, 100155377, 100156681, 100157220","이연경, 민상대, 고명욱, 원종진","더불어민주당, 국민의힘, 국민의힘, 무소속",0,0,1,1,0,0,Y,6|대구광역시|달서구아선거구
대구광역시,달성군다선거구,구시군의회의원,지역구,6,3,4,1.33,N,,N,N,N,"100159797, 100161842, 100163042, 100159829","양은숙, 곽동환, 이상봉, 우성원","더불어민주당, 국민의힘, 국민의힘, 개혁신당",1,0,1,0,0,0,Y,6|대구광역시|달성군다선거구
대구광역시,달성군라선거구,구시군의회의원,지역구,6,3,6,2.00,N,,N,N,N,"100163988, 100162892, 100162099, 100163253, 100161782, 100165757","김명화, 김이석, 신동윤, 구봉진, 박주용, 설오열","더불어민주당, 국민의힘, 국민의힘, 무소속, 무소속, 무소속",2,0,2,2,0,1,Y,6|대구광역시|달성군라선거구
대구광역시,동구나선거구,구시군의회의원,지역구,6,3,5,1.67,N,,N,N,N,"100158066, 100163499, 100160268, 100163360, 100163415","강성대, 유병진, 이동훈, 김영화, 서정해","더불어민주당, 국민의힘, 국민의힘, 국민의힘, 무소속",1,0,0,0,0,0,Y,6|대구광역시|동구나선거구
대구광역시,동구라선거구,구시군의회의원,지역구,6,3,5,1.67,N,,N,N,N,"100160362, 100158166, 100162502, 100162532, 100156686","노남옥, 박규탁, 하중호, 김상호, 서정기","더불어민주당, 국민의힘, 국민의힘, 국민의힘, 무소속",0,0,2,1,0,0,Y,6|대구광역시|동구라선거구
대구광역시,동구마선거구,구시군의회의원,지역구,6,3,5,1.67,N,,N,N,N,"100157243, 100162503, 100162468, 100155767, 100158889","최은숙, 김동규, 최건, 황순규, 최익현","더불어민주당, 국민의힘, 국민의힘, 진보당, 자유와혁신",1,0,2,2,0,1,Y,6|대구광역시|동구마선거구
대구광역시,북구마선거구,구시군의회의원,지역구,6,3,4,1.33,N,,N,N,N,"100157988, 100158650, 100158859, 100161302","채장식, 윤승혁, 오택근, 김종길","더불어민주당, 국민의힘, 국민의힘, 무소속",0,0,1,1,0,0,Y,6|대구광역시|북구마선거구
대구광역시,북구바선거구,구시군의회의원,지역구,6,3,7,2.33,N,,N,N,N,"100158042, 100159278, 100160528, 100155016, 100164414, 100155089, 100154773","김종련, 박재열, 이상봉, 정유진, 김재희, 정현동, 김기조","더불어민주당, 국민의힘, 국민의힘, 정의당, 무소속, 무소속, 무소속",1,0,1,0,0,0,Y,6|대구광역시|북구바선거구
대구광역시,북구사선거구,구시군의회의원,지역구,6,3,4,1.33,N,,N,N,N,"100157990, 100158621, 100158686, 100163965","김칠상, 박윤수, 김상선, 김진우","더불어민주당, 국민의힘, 국민의힘, 무소속",1,0,2,2,0,1,Y,6|대구광역시|북구사선거구
대구광역시,서구나선거구,구시군의회의원,지역구,6,3,4,1.33,N,,N,N,N,"100155905, 100162848, 100163355, 100162079","김성규, 최오원, 정영수, 김한태","더불어민주당, 국민의힘, 국민의힘, 무소속",0,0,3,1,0,0,Y,6|대구광역시|서구나선거구
대구광역시,수성구가선거구,구시군의회의원,지역구,6,3,5,1.67,N,,N,N,N,"100155072, 100160169, 100160428, 100163386, 100160383","박서정, 정대현, 박경열, 전영태, 서명교","더불어민주당, 더불어민주당, 국민의힘, 국민의힘, 개혁신당",0,0,1,1,0,0,Y,6|대구광역시|수성구가선거구
대구광역시,중구가선거구,구시군의회의원,지역구,6,3,6,2.00,N,,N,N,N,"100157398, 100163568, 100164380, 100163497, 100156122, 100157201","서용덕, 김결이, 임태훈, 박지용, 성진영, 안정호","더불어민주당, 국민의힘, 국민의힘, 국민의힘, 개혁신당, 무소속",1,0,2,1,0,0,Y,6|대구광역시|중구가선거구
대구광역시,중구나선거구,구시군의회의원,지역구,6,3,6,2.00,N,,N,N,N,"100162061, 100161720, 100162860, 100157908, 100162479, 100161926","안재철, 김재용, 이나겸, 문정일, 홍준연, 김오성","더불어민주당, 국민의힘, 국민의힘, 무소속, 무소속, 무소속",1,0,5,1,0,0,Y,6|대구광역시|중구나선거구
대구광역시,수성구,기초의원비례,비례,9,3,4,1.33,N,,N,N,N,"100165466, 100165442, 100165450, 100165461","송현주, 이지영, 김순덕, 배영희","더불어민주당, 국민의힘, 국민의힘, 개혁신당",1,0,1,0,0,0,Y,9|대구광역시|수성구
대전광역시,대전광역시,광역의원비례,비례,8,3,9,3.00,N,,N,N,N,"100165153, 100164523, 100164532, 100164489, 100164494, 100164499, 100165285, 100164152, 100164520","민향기, 장형순, 조효경, 조재철, 오재웅, 문수연, 김현주, 민지우, 정은희","더불어민주당, 더불어민주당, 더불어민주당, 국민의힘, 국민의힘, 조국혁신당, 진보당, 기본소득당, 정의당",1,0,1,0,0,0,Y,8|대전광역시|대전광역시
대전광역시,대덕구나선거구,구시군의회의원,지역구,6,3,6,2.00,N,,N,N,N,"100154905, 100154998, 100154857, 100155247, 100161035, 100154877","정창희, 홍대식, 김종삼, 박은정, 유승연, 이은영","더불어민주당, 더불어민주당, 국민의힘, 국민의힘, 조국혁신당, 진보당",1,0,1,1,0,0,Y,6|대전광역시|대덕구나선거구
대전광역시,동구나선거구,구시군의회의원,지역구,6,3,6,2.00,N,,N,N,N,"100163034, 100161517, 100154159, 100156931, 100158710, 100155541","도영태, 정용, 박욱범, 전찬규, 박기익, 하용준","더불어민주당, 더불어민주당, 국민의힘, 국민의힘, 조국혁신당, 개혁신당",0,0,2,2,0,0,Y,6|대전광역시|동구나선거구
대전광역시,서구가선거구,구시군의회의원,지역구,6,3,5,1.67,N,,N,N,N,"100161970, 100154057, 100161968, 100156333, 100158416","김태민, 김동성, 최병순, 김세중, 김영욱","더불어민주당, 더불어민주당, 국민의힘, 국민의힘, 개혁신당",0,0,2,2,0,0,Y,6|대전광역시|서구가선거구
대전광역시,서구나선거구,구시군의회의원,지역구,6,3,4,1.33,N,,N,N,N,"100161293, 100155900, 100161845, 100161918","신진미, 이원배, 오세길, 고현석","더불어민주당, 더불어민주당, 국민의힘, 국민의힘",1,0,1,0,0,0,Y,6|대전광역시|서구나선거구
대전광역시,서구라선거구,구시군의회의원,지역구,6,3,4,1.33,N,,N,N,N,"100161207, 100161189, 100162048, 100162488","정능호, 양유환, 설재영, 서지원","더불어민주당, 더불어민주당, 국민의힘, 국민의힘",2,0,0,0,0,0,Y,6|대전광역시|서구라선거구
대전광역시,유성구나선거구,구시군의회의원,지역구,6,3,7,2.33,N,,N,N,N,"100157117, 100161264, 100155684, 100158488, 100161991, 100159376, 100157337","황인경, 최옥술, 유대혁, 김사랑, 강봉구, 윤서진, 박현복","더불어민주당, 더불어민주당, 국민의힘, 국민의힘, 조국혁신당, 개혁신당, 무소속",0,0,3,2,0,0,Y,6|대전광역시|유성구나선거구
대전광역시,유성구다선거구,구시군의회의원,지역구,6,3,5,1.67,N,,N,N,N,"100158009, 100156072, 100157000, 100161617, 100154960","김은진, 황우일, 양명환, 김성환, 신민기","더불어민주당, 더불어민주당, 국민의힘, 조국혁신당, 정의당",1,0,2,0,0,0,Y,6|대전광역시|유성구다선거구
대전광역시,중구가선거구,구시군의회의원,지역구,6,3,5,1.67,N,,N,N,N,"100162604, 100161631, 100162484, 100154588, 100162833","정주용, 유은희, 김석환, 정명훈, 고영혜","더불어민주당, 더불어민주당, 국민의힘, 국민의힘, 새미래민주당",1,0,0,0,0,0,Y,6|대전광역시|중구가선거구
대전광역시,중구나선거구,구시군의회의원,지역구,6,3,6,2.00,N,,N,N,N,"100156237, 100158773, 100158470, 100157927, 100156404, 100162836","윤원옥, 김선옥, 이정수, 김종성, 김봉수, 고영희","더불어민주당, 더불어민주당, 국민의힘, 국민의힘, 조국혁신당, 새미래민주당",0,0,1,1,1,0,Y,6|대전광역시|중구나선거구
대전광역시,중구다선거구,구시군의회의원,지역구,6,3,5,1.67,N,,N,N,N,"100163650, 100155440, 100157869, 100158075, 100162671","정종훈, 이상인, 이진웅, 김두겸, 오은규","더불어민주당, 더불어민주당, 국민의힘, 국민의힘, 조국혁신당",2,0,1,1,0,0,Y,6|대전광역시|중구다선거구
부산광역시,강서구나선거구,구시군의회의원,지역구,6,3,4,1.33,N,,N,N,N,"100157540, 100160266, 100161146, 100160366","김종수, 박상건, 박병률, 이자연","더불어민주당, 더불어민주당, 국민의힘, 국민의힘",1,0,2,1,0,0,Y,6|부산광역시|강서구나선거구
부산광역시,금정구라선거구,구시군의회의원,지역구,6,3,4,1.33,N,,N,N,N,"100156824, 100159272, 100163101, 100160299","박영숙, 원명숙, 김경태, 김태연","더불어민주당, 더불어민주당, 국민의힘, 국민의힘",1,0,0,0,0,0,Y,6|부산광역시|금정구라선거구
부산광역시,남구마선거구,구시군의회의원,지역구,6,3,4,1.33,N,,N,N,N,"100160318, 100156188, 100157852, 100157938","박찬, 이재호, 노택균, 고선화","더불어민주당, 더불어민주당, 국민의힘, 국민의힘",0,0,1,1,0,0,Y,6|부산광역시|남구마선거구
부산광역시,동구가선거구,구시군의회의원,지역구,6,3,6,2.00,N,,N,N,N,"100160686, 100158895, 100163238, 100162192, 100164189, 100157590","김상욱, 신송자, 김경도, 김재헌, 변진웅, 이관우","더불어민주당, 더불어민주당, 국민의힘, 국민의힘, 조국혁신당, 무소속",2,0,2,0,0,0,Y,6|부산광역시|동구가선거구
부산광역시,동구나선거구,구시군의회의원,지역구,6,3,5,1.67,N,,N,N,N,"100161937, 100158669, 100162199, 100156185, 100157011","김희재, 윤정섭, 허근형, 고창식, 김태용","더불어민주당, 국민의힘, 국민의힘, 진보당, 무소속",1,0,2,2,0,1,Y,6|부산광역시|동구나선거구
부산광역시,동래구다선거구,구시군의회의원,지역구,6,3,8,2.67,N,,N,N,N,"100157484, 100164975, 100161039, 100160756, 100155321, 100161977, 100154026, 100161343","이한석, 서대영, 손준영, 이정훈, 조영은, 허미연, 김준식, 김미화","더불어민주당, 더불어민주당, 국민의힘, 국민의힘, 진보당, 무소속, 무소속, 무소속",0,0,2,2,1,0,Y,6|부산광역시|동래구다선거구
부산광역시,동래구마선거구,구시군의회의원,지역구,6,3,6,2.00,N,,N,N,N,"100160919, 100161721, 100160527, 100161501, 100155480, 100161694","전주혁, 권영원, 정명철, 이환기, 장준혁, 장영진","더불어민주당, 더불어민주당, 국민의힘, 국민의힘, 자유와혁신, 무소속",1,0,1,0,0,0,Y,6|부산광역시|동래구마선거구
부산광역시,부산진구가선거구,구시군의회의원,지역구,6,3,5,1.67,N,,N,N,N,"100159259, 100163439, 100163220, 100163480, 100163971","손재호, 이민규, 이도경, 오우택, 신유림","더불어민주당, 더불어민주당, 국민의힘, 국민의힘, 개혁신당",2,0,1,0,0,0,Y,6|부산광역시|부산진구가선거구
부산광역시,북구가선거구,구시군의회의원,지역구,6,3,5,1.67,N,,N,N,N,"100157785, 100162816, 100160037, 100161052, 100154403","이영란, 김효원, 김태식, 김정방, 강인옥","더불어민주당, 더불어민주당, 국민의힘, 국민의힘, 무소속",1,0,1,0,0,0,Y,6|부산광역시|북구가선거구
부산광역시,사상구가선거구,구시군의회의원,지역구,6,3,5,1.67,N,,N,N,N,"100160270, 100158206, 100161095, 100160798, 100156339","김동일, 전영주, 김춘화, 배연옥, 양미자","더불어민주당, 더불어민주당, 국민의힘, 국민의힘, 진보당",1,0,3,1,1,0,Y,6|부산광역시|사상구가선거구
부산광역시,사하구가선거구,구시군의회의원,지역구,6,3,6,2.00,N,,N,N,N,"100156593, 100158177, 100157735, 100155748, 100162767, 100156678","주복미, 박상구, 윤보수, 김진주, 배진수, 정가람","더불어민주당, 국민의힘, 국민의힘, 진보당, 무소속, 무소속",2,0,2,0,0,0,Y,6|부산광역시|사하구가선거구
부산광역시,사하구나선거구,구시군의회의원,지역구,6,3,5,1.67,N,,N,N,N,"100156700, 100157342, 100162273, 100154669, 100157922","이경숙, 강태인, 강기동, 정삼균, 배수현","더불어민주당, 더불어민주당, 국민의힘, 국민의힘, 조국혁신당",0,0,2,1,0,0,Y,6|부산광역시|사하구나선거구
부산광역시,서구가선거구,구시군의회의원,지역구,6,3,5,1.67,N,,N,N,N,"100158321, 100163511, 100161180, 100159935, 100165601","성진택, 황도인, 주지웅, 강경미, 나영호","더불어민주당, 더불어민주당, 국민의힘, 국민의힘, 무소속",1,0,2,1,0,0,Y,6|부산광역시|서구가선거구
부산광역시,서구나선거구,구시군의회의원,지역구,6,3,4,1.33,N,,N,N,N,"100158809, 100160701, 100159058, 100157806","하명희, 이정향, 김건우, 이현우","더불어민주당, 더불어민주당, 국민의힘, 국민의힘",1,0,1,0,0,0,Y,6|부산광역시|서구나선거구
부산광역시,연제구가선거구,구시군의회의원,지역구,6,3,9,3.00,N,,N,N,N,"100156993, 100158642, 100160501, 100157594, 100156634, 100161995, 100155186, 100161525, 100163581","윤지영, 이성화, 임현남, 차성민, 이효성, 고귀한, 노민현, 김기준, 이헌봉","더불어민주당, 더불어민주당, 국민의힘, 국민의힘, 조국혁신당, 개혁신당, 진보당, 무소속, 무소속",0,0,4,2,0,0,Y,6|부산광역시|연제구가선거구
부산광역시,영도구나선거구,구시군의회의원,지역구,6,3,7,2.33,N,,N,N,N,"100155432, 100155286, 100161181, 100159275, 100155259, 100157097, 100162331","신성환, 박승중, 김승찬, 서정희, 장귀선, 문상웅, 최찬훈","더불어민주당, 더불어민주당, 국민의힘, 국민의힘, 진보당, 무소속, 무소속",0,0,2,1,0,0,Y,6|부산광역시|영도구나선거구
부산광역시,중구나선거구,구시군의회의원,지역구,6,3,5,1.67,N,,N,N,N,"100156659, 100162167, 100162554, 100161931, 100162044","안은미, 강인규, 한지원, 이인구, 강주희","더불어민주당, 더불어민주당, 국민의힘, 국민의힘, 무소속",1,1,0,0,0,0,Y,6|부산광역시|중구나선거구
부산광역시,해운대구나선거구,구시군의회의원,지역구,6,3,5,1.67,N,,N,N,N,"100160382, 100162738, 100162470, 100160623, 100163295","원영숙, 오기정, 박대진, 최소영, 우경진","더불어민주당, 더불어민주당, 국민의힘, 국민의힘, 무소속",0,0,1,1,0,0,Y,6|부산광역시|해운대구나선거구
부산광역시,해운대구다선거구,구시군의회의원,지역구,6,3,7,2.33,N,,N,N,N,"100160301, 100160755, 100162850, 100163037, 100162382, 100157876, 100161174","신병륜, 황기전, 장용석, 김민정, 김신재, 유점자, 김상수","더불어민주당, 더불어민주당, 국민의힘, 국민의힘, 개혁신당, 무소속, 무소속",1,0,1,1,0,0,Y,6|부산광역시|해운대구다선거구
서울특별시,강남구다선거구,구시군의회의원,지역구,6,3,6,2.00,N,,N,N,N,"100161594, 100162437, 100162690, 100162327, 100163281, 100163431","한성순, 장용수, 김영민, 이재진, 채송준, 허순임","더불어민주당, 더불어민주당, 국민의힘, 국민의힘, 개혁신당, 자유와혁신",1,0,0,0,0,0,Y,6|서울특별시|강남구다선거구
서울특별시,강남구라선거구,구시군의회의원,지역구,6,3,4,1.33,N,,N,N,N,"100161028, 100163569, 100165463, 100157184","황태현, 이동호, 박대용, 구성도","더불어민주당, 국민의힘, 국민의힘, 개혁신당",0,0,1,1,0,0,Y,6|서울특별시|강남구라선거구
서울특별시,강동구가선거구,구시군의회의원,지역구,6,3,4,1.33,N,,N,N,N,"100157894, 100158269, 100155699, 100160836","김재수, 김현우, 김선애, 한진수","더불어민주당, 더불어민주당, 국민의힘, 국민의힘",1,0,0,0,0,0,Y,6|서울특별시|강동구가선거구
서울특별시,강동구나선거구,구시군의회의원,지역구,6,3,5,1.67,N,,N,N,N,"100159123, 100157713, 100165336, 100161442, 100162731","이원국, 이준재, 김솔샘, 최진유, 서회원","더불어민주당, 더불어민주당, 더불어민주당, 국민의힘, 국민의힘",1,0,1,0,0,0,Y,6|서울특별시|강동구나선거구
서울특별시,강동구사선거구,구시군의회의원,지역구,6,3,5,1.67,N,,N,N,N,"100158757, 100156855, 100161122, 100162443, 100161964","곽움, 손재용, 김기상, 김미정, 김영민","더불어민주당, 더불어민주당, 국민의힘, 국민의힘, 개혁신당",2,0,2,1,0,1,Y,6|서울특별시|강동구사선거구
서울특별시,강북구가선거구,구시군의회의원,지역구,6,3,7,2.33,N,,N,N,N,"100156277, 100160938, 100157978, 100160807, 100161361, 100158788, 100162939","김승식, 박철우, 박상구, 유인애, 선문관, 정윤상, 김종국","더불어민주당, 더불어민주당, 국민의힘, 국민의힘, 조국혁신당, 자유와혁신, 무소속",0,0,4,1,0,0,Y,6|서울특별시|강북구가선거구
서울특별시,강북구나선거구,구시군의회의원,지역구,6,3,4,1.33,N,,N,N,N,"100162194, 100160885, 100159160, 100158695","최미경, 이상수, 신동걸, 조윤섭","더불어민주당, 더불어민주당, 국민의힘, 국민의힘",0,0,1,1,0,0,Y,6|서울특별시|강북구나선거구
서울특별시,강서구가선거구,구시군의회의원,지역구,6,3,6,2.00,N,,N,N,N,"100161871, 100156578, 100162757, 100161495, 100154478, 100163905","최동철, 김영회, 김순옥, 이상빈, 김수림, 신은숙","더불어민주당, 더불어민주당, 국민의힘, 조국혁신당, 진보당, 무소속",3,0,1,0,0,0,Y,6|서울특별시|강서구가선거구
서울특별시,강서구라선거구,구시군의회의원,지역구,6,3,7,2.33,N,,N,N,N,"100157043, 100156471, 100160765, 100165666, 100160079, 100154990, 100163091","김현희, 양진석, 김민석, 안도연, 김삼렬, 김유리, 김동수","더불어민주당, 더불어민주당, 국민의힘, 국민의힘, 조국혁신당, 녹색당, 무소속",1,1,2,2,0,0,Y,6|서울특별시|강서구라선거구
서울특별시,관악구가선거구,구시군의회의원,지역구,6,3,4,1.33,N,,N,N,N,"100155851, 100156767, 100157754, 100165810","임춘수, 박용규, 김금희, 박준민","더불어민주당, 더불어민주당, 국민의힘, 자유와혁신",1,1,2,1,1,1,Y,6|서울특별시|관악구가선거구
서울특별시,관악구나선거구,구시군의회의원,지역구,6,3,5,1.67,N,,N,N,N,"100156077, 100154517, 100163310, 100163687, 100161642","노광자, 표태룡, 이진복, 왕정순, 구자민","더불어민주당, 더불어민주당, 국민의힘, 조국혁신당, 개혁신당",2,0,0,0,0,0,Y,6|서울특별시|관악구나선거구
서울특별시,관악구라선거구,구시군의회의원,지역구,6,3,6,2.00,N,,N,N,N,"100157668, 100157129, 100162716, 100161503, 100156073, 100154542","양윤정, 정현일, 이경관, 박범근, 박명희, 왕복근","더불어민주당, 더불어민주당, 국민의힘, 개혁신당, 진보당, 정의당",1,0,4,1,0,0,Y,6|서울특별시|관악구라선거구
서울특별시,관악구사선거구,구시군의회의원,지역구,6,3,5,1.67,N,,N,N,N,"100162614, 100163526, 100163100, 100158842, 100156451","위성경, 김혜정, 최웅주, 이동일, 원동철","더불어민주당, 더불어민주당, 국민의힘, 국민의힘, 개혁신당",1,1,1,0,0,0,Y,6|서울특별시|관악구사선거구
서울특별시,광진구가선거구,구시군의회의원,지역구,6,3,6,2.00,N,,N,N,N,"100156720, 100157920, 100156509, 100162160, 100156520, 100156047","장지은, 강일, 최동수, 최일환, 추윤구, 고재운","더불어민주당, 더불어민주당, 국민의힘, 국민의힘, 무소속, 무소속",0,0,1,1,0,0,Y,6|서울특별시|광진구가선거구
서울특별시,광진구나선거구,구시군의회의원,지역구,6,3,5,1.67,N,,N,N,N,"100162549, 100163221, 100162471, 100159091, 100157836","유지훈, 고양석, 신진호, 최제일, 김기란","더불어민주당, 더불어민주당, 국민의힘, 개혁신당, 무소속",1,0,1,0,0,0,Y,6|서울특별시|광진구나선거구
서울특별시,광진구다선거구,구시군의회의원,지역구,6,3,6,2.00,N,,N,N,N,"100162030, 100156587, 100162613, 100162622, 100159095, 100155098","이동길, 이정열, 고상순, 김강산, 김주연, 박대희","더불어민주당, 더불어민주당, 국민의힘, 국민의힘, 개혁신당, 진보당",1,0,3,1,0,0,Y,6|서울특별시|광진구다선거구
서울특별시,구로구가선거구,구시군의회의원,지역구,6,3,5,1.67,N,,N,N,N,"100154426, 100161240, 100162049, 100158926, 100157022","신승현, 유경수, 김철규, 이명숙, 이근미","더불어민주당, 더불어민주당, 국민의힘, 국민의힘, 진보당",1,0,0,0,0,0,Y,6|서울특별시|구로구가선거구
서울특별시,구로구다선거구,구시군의회의원,지역구,6,3,5,1.67,N,,N,N,N,"100154903, 100155662, 100157585, 100160874, 100155057","박수철, 최태영, 최은혜, 방은경, 최재희","더불어민주당, 더불어민주당, 국민의힘, 국민의힘, 진보당",1,0,1,0,0,0,Y,6|서울특별시|구로구다선거구
서울특별시,노원구바선거구,구시군의회의원,지역구,6,3,5,1.67,N,,N,N,N,"100164638, 100157113, 100161812, 100155467, 100156442","이동욱, 최용갑, 김재인, 홍기웅, 조세라","더불어민주당, 더불어민주당, 국민의힘, 진보당, 무소속",0,0,2,1,0,0,Y,6|서울특별시|노원구바선거구
서울특별시,서대문구마선거구,구시군의회의원,지역구,6,3,9,3.00,N,,N,N,N,"100157824, 100160146, 100163249, 100163458, 100156170, 100154691, 100155690, 100163057, 100161813","허선경, 이기복, 박진우, 최재혁, 전진희, 안일식, 황경산, 이대준, 윤유현","더불어민주당, 더불어민주당, 국민의힘, 개혁신당, 진보당, 자유와혁신, 정의당, 무소속, 무소속",2,0,6,5,0,1,Y,6|서울특별시|서대문구마선거구
서울특별시,서초구다선거구,구시군의회의원,지역구,6,3,5,1.67,N,,N,N,N,"100162143, 100163516, 100163110, 100162493, 100159218","박은경, 조현선, 이은경, 유지웅, 안병두","더불어민주당, 더불어민주당, 국민의힘, 국민의힘, 개혁신당",2,0,3,1,0,1,Y,6|서울특별시|서초구다선거구
서울특별시,서초구마선거구,구시군의회의원,지역구,6,3,5,1.67,N,,N,N,N,"100163161, 100163924, 100163087, 100163401, 100163517","안종숙, 장은주, 김해바른, 조희옥, 이형준","더불어민주당, 더불어민주당, 국민의힘, 국민의힘, 개혁신당",1,0,1,0,0,0,Y,6|서울특별시|서초구마선거구
서울특별시,성동구나선거구,구시군의회의원,지역구,6,3,4,1.33,N,,N,N,N,"100162451, 100162986, 100163033, 100161648","임영희, 조복심, 박함윗, 정교진","더불어민주당, 더불어민주당, 국민의힘, 국민의힘",0,0,1,1,0,0,Y,6|서울특별시|성동구나선거구
서울특별시,성동구다선거구,구시군의회의원,지역구,6,3,6,2.00,N,,N,N,N,"100165041, 100162936, 100163596, 100162673, 100157902, 100155562","오천수, 이영심, 이재혁, 박영희, 오상균, 강병찬","더불어민주당, 더불어민주당, 국민의힘, 국민의힘, 개혁신당, 진보당",2,0,3,1,0,1,Y,6|서울특별시|성동구다선거구
서울특별시,성동구라선거구,구시군의회의원,지역구,6,3,6,2.00,N,,N,N,N,"100162773, 100157501, 100163308, 100162527, 100162611, 100160482","유영희, 박형석, 이효성, 주복중, 박종승, 고용필","더불어민주당, 더불어민주당, 국민의힘, 국민의힘, 조국혁신당, 무소속",1,0,1,0,0,0,Y,6|서울특별시|성동구라선거구
서울특별시,송파구가선거구,구시군의회의원,지역구,6,3,5,1.67,N,,N,N,N,"100162873, 100156758, 100161468, 100160339, 100156613","정성일, 윤영한, 이강무, 김서윤, 장성혁","더불어민주당, 더불어민주당, 국민의힘, 국민의힘, 개혁신당",0,0,1,1,0,0,Y,6|서울특별시|송파구가선거구
서울특별시,송파구라선거구,구시군의회의원,지역구,6,3,4,1.33,N,,N,N,N,"100164083, 100163367, 100163097, 100161747","박성희, 배신정, 손병화, 유미현","더불어민주당, 더불어민주당, 국민의힘, 국민의힘",0,0,1,1,0,0,Y,6|서울특별시|송파구라선거구
서울특별시,송파구마선거구,구시군의회의원,지역구,6,3,4,1.33,N,,N,N,N,"100156616, 100165366, 100162492, 100159973","이희승, 이성자, 이혜숙, 이원우","더불어민주당, 더불어민주당, 국민의힘, 국민의힘",1,0,2,2,1,1,Y,6|서울특별시|송파구마선거구
서울특별시,영등포구사선거구,구시군의회의원,지역구,6,3,6,2.00,N,,N,N,N,"100157468, 100161726, 100161719, 100163859, 100158322, 100157152","박제욱, 유승용, 이성수, 강광빈, 김재림, 고길주","더불어민주당, 더불어민주당, 국민의힘, 국민의힘, 조국혁신당, 개혁신당",1,0,2,0,0,0,Y,6|서울특별시|영등포구사선거구
서울특별시,은평구라선거구,구시군의회의원,지역구,6,3,7,2.33,N,,N,N,N,"100163003, 100163021, 100158185, 100157469, 100158094, 100162373, 100162128","이동식, 김윤희, 남현우, 김진회, 김진서, 한범진, 이호영","더불어민주당, 더불어민주당, 국민의힘, 조국혁신당, 기본소득당, 자유와혁신, 정의당",0,0,1,1,0,0,Y,6|서울특별시|은평구라선거구
서울특별시,강남구,기초의원비례,비례,9,3,5,1.67,N,,N,N,N,"100164860, 100164888, 100165167, 100165176, 100165184","노미진, 이종권, 은명주, 배근희, 황아성","더불어민주당, 더불어민주당, 국민의힘, 국민의힘, 국민의힘",0,0,1,1,0,0,Y,9|서울특별시|강남구
서울특별시,강서구,기초의원비례,비례,9,3,5,1.67,N,,N,N,N,"100164998, 100165004, 100165328, 100165329, 100165333","나혜심, 문영식, 전혜영, 김치곤, 강하림","더불어민주당, 더불어민주당, 국민의힘, 국민의힘, 국민의힘",1,0,1,1,0,0,Y,9|서울특별시|강서구
서울특별시,관악구,기초의원비례,비례,9,3,6,2.00,N,,N,N,N,"100164621, 100164622, 100164625, 100165433, 100165455, 100165453","임미숙, 김성아, 박경진, 최인정, 박영란, 김진희","더불어민주당, 더불어민주당, 더불어민주당, 국민의힘, 국민의힘, 정의당",1,0,0,0,0,0,Y,9|서울특별시|관악구
세종특별자치시,세종특별자치시,광역의원비례,비례,8,3,9,3.00,N,,N,N,N,"100164147, 100164149, 100164158, 100164162, 100165626, 100165634, 100164168, 100164144, 100164169","김명숙, 강해정, 곽효정, 송동섭, 김미라, 김윤기, 강현옥, 송수미, 김혜란","더불어민주당, 더불어민주당, 국민의힘, 국민의힘, 조국혁신당, 조국혁신당, 진보당, 기본소득당, 정의당",1,0,1,0,0,0,Y,8|세종특별자치시|세종특별자치시
울산광역시,울산광역시,광역의원비례,비례,8,3,11,3.67,N,,N,N,N,"100164034, 100164038, 100164075, 100165542, 100165546, 100165568, 100164526, 100164916, 100164777, 100165040, 100164931","허희정, 김태우, 성현정, 권영애, 정나윤, 강민서, 박해선, 유다영, 김민경, 남혜윤, 박민자","더불어민주당, 더불어민주당, 더불어민주당, 국민의힘, 국민의힘, 국민의힘, 조국혁신당, 개혁신당, 진보당, 기본소득당, 정의당",2,0,3,3,1,1,Y,8|울산광역시|울산광역시
울산광역시,북구나선거구,구시군의회의원,지역구,6,3,5,1.67,N,,N,N,N,"100156831, 100154370, 100157053, 100160629, 100154373","이선경, 김철우, 권혁춘, 박정환, 윤치용","더불어민주당, 더불어민주당, 국민의힘, 국민의힘, 진보당",0,0,1,1,1,0,Y,6|울산광역시|북구나선거구
울산광역시,북구다선거구,구시군의회의원,지역구,6,3,6,2.00,N,,N,N,N,"100154860, 100154371, 100156396, 100160617, 100157402, 100157661","이진복, 엄기윤, 조문경, 손옥선, 최기봉, 김지현","더불어민주당, 더불어민주당, 국민의힘, 국민의힘, 조국혁신당, 진보당",1,0,1,1,0,0,Y,6|울산광역시|북구다선거구
울산광역시,울주군나선거구,구시군의회의원,지역구,6,3,7,2.33,N,,N,N,N,"100160461, 100159824, 100159107, 100160993, 100159653, 100165417, 100165856","이상우, 이지영, 권중건, 정우식, 이상윤, 최치환, 이원옥","더불어민주당, 더불어민주당, 국민의힘, 국민의힘, 진보당, 무소속, 무소속",3,0,2,1,0,0,Y,6|울산광역시|울주군나선거구
울산광역시,중구다선거구,구시군의회의원,지역구,6,3,6,2.00,N,,N,N,N,"100153834, 100155461, 100158697, 100161254, 100160649, 100154197","김시현, 김수정, 홍영진, 박경흠, 문기호, 황미래","더불어민주당, 더불어민주당, 국민의힘, 국민의힘, 국민의힘, 진보당",0,0,2,1,0,0,Y,6|울산광역시|중구다선거구
인천광역시,강화군가선거구,구시군의회의원,지역구,6,3,4,1.33,N,,N,N,N,"100158897, 100158645, 100161971, 100158401","유성헌, 유지철, 한승희, 구본호","더불어민주당, 더불어민주당, 국민의힘, 국민의힘",0,0,3,2,0,0,Y,6|인천광역시|강화군가선거구
인천광역시,강화군나선거구,구시군의회의원,지역구,6,3,6,2.00,N,,N,N,N,"100158518, 100158529, 100161645, 100158774, 100158439, 100159086","김유자, 황성주, 최중찬, 홍정우, 김병연, 장경용","더불어민주당, 더불어민주당, 국민의힘, 국민의힘, 무소속, 무소속",3,0,2,1,0,1,Y,6|인천광역시|강화군나선거구
인천광역시,검단구가선거구,구시군의회의원,지역구,6,3,4,1.33,N,,N,N,N,"100162698, 100157161, 100162300, 100162200","김남원, 이현주, 홍순서, 박용갑","더불어민주당, 더불어민주당, 국민의힘, 국민의힘",1,0,0,0,0,0,Y,6|인천광역시|검단구가선거구
인천광역시,남동구다선거구,구시군의회의원,지역구,6,3,5,1.67,N,,N,N,N,"100157206, 100158211, 100158468, 100160797, 100163962","장성란, 반미선, 김영조, 전용호, 박찬양","더불어민주당, 더불어민주당, 국민의힘, 국민의힘, 조국혁신당",2,0,2,1,0,0,Y,6|인천광역시|남동구다선거구
인천광역시,남동구라선거구,구시군의회의원,지역구,6,3,5,1.67,N,,N,N,N,"100156167, 100156557, 100159235, 100157925, 100156194","최영식, 이영주, 기완수, 유루경, 이현호","더불어민주당, 더불어민주당, 국민의힘, 국민의힘, 조국혁신당",1,0,3,2,0,1,Y,6|인천광역시|남동구라선거구
인천광역시,미추홀구가선거구,구시군의회의원,지역구,6,3,5,1.67,N,,N,N,N,"100156143, 100156958, 100163549, 100165854, 100161280","김경순, 안재훈, 김재원, 이지용, 박경수","더불어민주당, 더불어민주당, 국민의힘, 국민의힘, 정의당",2,1,4,2,0,1,Y,6|인천광역시|미추홀구가선거구
인천광역시,미추홀구다선거구,구시군의회의원,지역구,6,3,5,1.67,N,,N,N,N,"100156961, 100162989, 100162379, 100160454, 100163044","안상미, 이태성, 이관호, 김수경, 홍범석","더불어민주당, 더불어민주당, 국민의힘, 국민의힘, 조국혁신당",1,0,1,1,0,0,Y,6|인천광역시|미추홀구다선거구
인천광역시,부평구라선거구,구시군의회의원,지역구,6,3,4,1.33,N,,N,N,N,"100156494, 100155429, 100162439, 100160515","손대중, 이용우, 강연숙, 정한솔","더불어민주당, 더불어민주당, 국민의힘, 조국혁신당",1,0,1,1,0,0,Y,6|인천광역시|부평구라선거구
인천광역시,서구가선거구,구시군의회의원,지역구,6,3,5,1.67,N,,N,N,N,"100163593, 100163685, 100161082, 100163603, 100156474","김원진, 정태완, 이세리, 김동익, 김동재","더불어민주당, 더불어민주당, 국민의힘, 국민의힘, 조국혁신당",0,0,1,1,0,0,Y,6|인천광역시|서구가선거구
인천광역시,서구나선거구,구시군의회의원,지역구,6,3,5,1.67,N,,N,N,N,"100154531, 100162797, 100161215, 100162159, 100157133","김태형, 고선희, 이한종, 최재, 김남복","더불어민주당, 더불어민주당, 국민의힘, 국민의힘, 조국혁신당",0,0,2,1,1,0,Y,6|인천광역시|서구나선거구
인천광역시,서구다선거구,구시군의회의원,지역구,6,3,6,2.00,N,,N,N,N,"100156998, 100163590, 100161811, 100161217, 100158117, 100158330","정영신, 서지영, 공정숙, 김일태, 문상수, 김민식","더불어민주당, 더불어민주당, 국민의힘, 국민의힘, 조국혁신당, 개혁신당",1,0,2,2,0,0,Y,6|인천광역시|서구다선거구
인천광역시,제물포구가선거구,구시군의회의원,지역구,6,3,5,1.67,N,,N,N,N,"100155830, 100155721, 100155146, 100154687, 100164124","이승욱, 유형숙, 박태은, 장관훈, 이종호","더불어민주당, 더불어민주당, 국민의힘, 국민의힘, 개혁신당",0,0,2,1,0,0,Y,6|인천광역시|제물포구가선거구
전라남도,고흥군다선거구,구시군의회의원,지역구,6,3,4,1.33,N,,N,N,N,"100161241, 100160901, 100160098, 100159440","조영길, 김준곤, 김학태, 황진동","더불어민주당, 더불어민주당, 더불어민주당, 무소속",0,0,2,1,0,0,Y,6|전라남도|고흥군다선거구
전라남도,곡성군가선거구,구시군의회의원,지역구,6,3,5,1.67,N,,N,N,N,"100159736, 100159558, 100159530, 100159416, 100161171","정인관, 박종완, 김재범, 양병식, 박철규","더불어민주당, 더불어민주당, 더불어민주당, 조국혁신당, 무소속",1,0,3,1,0,0,Y,6|전라남도|곡성군가선거구
전라남도,곡성군나선거구,구시군의회의원,지역구,6,3,7,2.33,N,,N,N,N,"100159820, 100159655, 100160087, 100159426, 100161328, 100159419, 100159422","강기순, 김요순, 김홍순, 설단숙, 윤영규, 양해영, 허문회","더불어민주당, 더불어민주당, 더불어민주당, 조국혁신당, 무소속, 무소속, 무소속",2,0,4,1,0,0,Y,6|전라남도|곡성군나선거구
전라남도,광양시나선거구,구시군의회의원,지역구,6,3,5,1.67,N,,N,N,N,"100157945, 100155448, 100155961, 100158332, 100155464","박철수, 박병관, 서영배, 이철재, 박재기","더불어민주당, 더불어민주당, 더불어민주당, 조국혁신당, 무소속",0,0,3,1,0,0,Y,6|전라남도|광양시나선거구
전라남도,광양시라선거구,구시군의회의원,지역구,6,3,4,1.33,N,,N,N,N,"100155836, 100155450, 100157768, 100162371","최준길, 이윤수, 정구호, 이경의","더불어민주당, 더불어민주당, 더불어민주당, 무소속",2,0,1,1,0,1,Y,6|전라남도|광양시라선거구
전라남도,구례군가선거구,구시군의회의원,지역구,6,3,5,1.67,N,,N,N,N,"100158693, 100159074, 100159055, 100159034, 100163262","선상원, 김우정, 유시문, 박형출, 김미애","더불어민주당, 더불어민주당, 더불어민주당, 무소속, 무소속",0,0,2,1,0,0,Y,6|전라남도|구례군가선거구
전라남도,구례군나선거구,구시군의회의원,지역구,6,3,4,1.33,N,,N,N,N,"100159036, 100159026, 100160227, 100160143","문승옥, 김수철, 양준식, 김봉용","더불어민주당, 더불어민주당, 더불어민주당, 진보당",1,0,3,1,0,0,Y,6|전라남도|구례군나선거구
전라남도,나주시가선거구,구시군의회의원,지역구,6,3,5,1.67,N,,N,N,N,"100161724, 100160153, 100161026, 100157057, 100161714","최문환, 김해원, 김관용, 이경천, 한형철","더불어민주당, 더불어민주당, 더불어민주당, 진보당, 무소속",1,0,1,0,0,0,Y,6|전라남도|나주시가선거구
전라남도,나주시나선거구,구시군의회의원,지역구,6,3,5,1.67,N,,N,N,N,"100155325, 100157608, 100163651, 100155696, 100157066","김준정, 김정숙, 박동민, 최현호, 황광민","더불어민주당, 더불어민주당, 더불어민주당, 조국혁신당, 진보당",0,0,4,2,1,0,Y,6|전라남도|나주시나선거구
전라남도,목포시라선거구,구시군의회의원,지역구,6,3,5,1.67,N,,N,N,N,"100156464, 100158950, 100158430, 100160277, 100161940","이형완, 정재훈, 유창훈, 함성옥, 손혜원","더불어민주당, 더불어민주당, 더불어민주당, 조국혁신당, 무소속",1,0,2,1,0,0,Y,6|전라남도|목포시라선거구
전라남도,목포시사선거구,구시군의회의원,지역구,6,3,6,2.00,N,,N,N,N,"100154581, 100156155, 100158002, 100157944, 100155273, 100156878","이정상, 김은숙, 최지선, 박영근, 백동규, 박용준","더불어민주당, 더불어민주당, 더불어민주당, 조국혁신당, 정의당, 무소속",2,0,1,1,0,1,Y,6|전라남도|목포시사선거구
전라남도,보성군가선거구,구시군의회의원,지역구,6,3,7,2.33,N,,N,N,N,"100159845, 100160492, 100159853, 100159823, 100160092, 100160363, 100159832","문점숙, 김경미, 안형상, 박천석, 김홍민, 이춘복, 남향욱","더불어민주당, 더불어민주당, 더불어민주당, 무소속, 무소속, 무소속, 무소속",1,0,5,4,0,1,Y,6|전라남도|보성군가선거구
전라남도,순천시나선거구,구시군의회의원,지역구,6,3,6,2.00,N,,N,N,N,"100156310, 100160930, 100154475, 100160514, 100155406, 100161288","김용찬, 장경원, 조용봉, 최정원, 김준희, 우성원","더불어민주당, 더불어민주당, 더불어민주당, 조국혁신당, 진보당, 무소속",2,0,3,1,0,0,Y,6|전라남도|순천시나선거구
전라남도,순천시라선거구,구시군의회의원,지역구,6,3,4,1.33,N,,N,N,N,"100156303, 100160941, 100154734, 100157435","서선란, 정광현, 한상근, 이복남","더불어민주당, 더불어민주당, 더불어민주당, 조국혁신당",0,0,1,1,0,0,Y,6|전라남도|순천시라선거구
전라남도,순천시마선거구,구시군의회의원,지역구,6,3,5,1.67,N,,N,N,N,"100154514, 100154404, 100158287, 100156213, 100154527","정수진, 정미옥, 이향기, 남연우, 김재진","더불어민주당, 더불어민주당, 더불어민주당, 조국혁신당, 진보당",0,0,2,1,0,0,Y,6|전라남도|순천시마선거구
전라남도,순천시바선거구,구시군의회의원,지역구,6,3,5,1.67,N,,N,N,N,"100154705, 100154635, 100156713, 100155266, 100156942","김미영, 이윤재, 유영철, 지장근, 최미희","더불어민주당, 더불어민주당, 더불어민주당, 조국혁신당, 진보당",0,0,3,2,0,0,Y,6|전라남도|순천시바선거구
전라남도,여수시자선거구,구시군의회의원,지역구,6,3,5,1.67,N,,N,N,N,"100154082, 100156918, 100156248, 100164750, 100161876","김지선, 김종길, 고희권, 정진영, 김광용","더불어민주당, 더불어민주당, 더불어민주당, 국민의힘, 조국혁신당",0,0,1,1,0,0,Y,6|전라남도|여수시자선거구
전라남도,영광군나선거구,구시군의회의원,지역구,6,3,7,2.33,N,,N,N,N,"100159659, 100160643, 100159454, 100159818, 100159534, 100160283, 100159732","정선우, 박진구, 김관필, 윤석진, 박현진, 하기억, 김상희","더불어민주당, 더불어민주당, 더불어민주당, 진보당, 무소속, 무소속, 무소속",0,0,3,2,0,0,Y,6|전라남도|영광군나선거구
전라남도,영암군가선거구,구시군의회의원,지역구,6,3,6,2.00,N,,N,N,N,"100164278, 100159513, 100159802, 100160211, 100163543, 100160380","정운갑, 이봉영, 정선희, 최흥섭, 신영국, 박영배","더불어민주당, 더불어민주당, 더불어민주당, 무소속, 무소속, 무소속",0,0,1,1,0,0,Y,6|전라남도|영암군가선거구
전라남도,장성군가선거구,구시군의회의원,지역구,6,3,6,2.00,N,,N,N,N,"100161584, 100160914, 100159484, 100159896, 100163012, 100159467","차상현, 김연수, 김미순, 이기현, 최미화, 김춘식","더불어민주당, 더불어민주당, 더불어민주당, 조국혁신당, 무소속, 무소속",2,0,3,3,2,0,Y,6|전라남도|장성군가선거구
전라남도,장흥군가선거구,구시군의회의원,지역구,6,3,6,2.00,N,,N,N,N,"100159360, 100159872, 100159665, 100159453, 100159365, 100163187","채은아, 유금렬, 김성민, 서정란, 김선홍, 김익만","더불어민주당, 더불어민주당, 더불어민주당, 진보당, 무소속, 무소속",1,1,1,0,0,0,Y,6|전라남도|장흥군가선거구
전라남도,장흥군나선거구,구시군의회의원,지역구,6,3,4,1.33,N,,N,N,N,"100159473, 100159268, 100160085, 100159459","황호연, 홍정임, 백광철, 박순단","더불어민주당, 더불어민주당, 더불어민주당, 진보당",0,0,1,1,1,0,Y,6|전라남도|장흥군나선거구
전라남도,함평군가선거구,구시군의회의원,지역구,6,3,5,1.67,N,,N,N,N,"100160181, 100160685, 100160413, 100159622, 100160518","이은창, 김영인, 김창문, 이민건, 홍성표","더불어민주당, 더불어민주당, 더불어민주당, 조국혁신당, 무소속",1,0,2,0,0,0,Y,6|전라남도|함평군가선거구
전라남도,함평군나선거구,구시군의회의원,지역구,6,3,4,1.33,N,,N,N,N,"100160536, 100160218, 100160003, 100159901","정현웅, 김은영, 정철성, 박문서","더불어민주당, 더불어민주당, 더불어민주당, 무소속",1,0,2,1,0,1,Y,6|전라남도|함평군나선거구
전라남도,화순군나선거구,구시군의회의원,지역구,6,3,5,1.67,N,,N,N,N,"100159746, 100160607, 100162359, 100165859, 100159916","홍기균, 조세현, 김석봉, 임성훈, 양동술","더불어민주당, 더불어민주당, 더불어민주당, 무소속, 무소속",1,0,3,2,0,1,Y,6|전라남도|화순군나선거구
전라남도,목포시,기초의원비례,비례,9,3,7,2.33,N,,N,N,N,"100165271, 100165300, 100165290, 100164934, 100164902, 100165177, 100165189","홍건숙, 안하늘이, 이미향, 장가영, 정영란, 홍숙정, 김남곤","더불어민주당, 더불어민주당, 더불어민주당, 조국혁신당, 진보당, 정의당, 정의당",1,0,3,2,2,0,Y,9|전라남도|목포시
전라남도,순천시,기초의원비례,비례,9,3,6,2.00,N,,N,N,N,"100165172, 100165180, 100165183, 100164549, 100164550, 100165089","노금희, 이재현, 권애임, 김희강, 유정일, 신정화","더불어민주당, 더불어민주당, 더불어민주당, 조국혁신당, 조국혁신당, 진보당",1,0,0,0,0,0,Y,9|전라남도|순천시
전라남도,여수시,기초의원비례,비례,9,3,6,2.00,N,,N,N,N,"100165707, 100165709, 100165710, 100165711, 100165468, 100165389","최정숙, 김석환, 곽인숙, 박경숙, 조혜현, 최해국","더불어민주당, 더불어민주당, 더불어민주당, 더불어민주당, 국민의힘, 조국혁신당",0,0,1,1,0,0,Y,9|전라남도|여수시
전북특별자치도,고창군가선거구,구시군의회의원,지역구,6,3,5,1.67,N,,N,N,N,"100161325, 100161518, 100159190, 100160272, 100162916","박성만, 이경신, 김송철, 이종해, 진남표","더불어민주당, 더불어민주당, 더불어민주당, 조국혁신당, 무소속",1,0,4,2,0,1,Y,6|전북특별자치도|고창군가선거구
전북특별자치도,군산시나선거구,구시군의회의원,지역구,6,3,4,1.33,N,,N,N,N,"100154624, 100153896, 100158649, 100160096","서은식, 조현수, 설경민, 윤요섭","더불어민주당, 더불어민주당, 더불어민주당, 조국혁신당",2,0,2,1,0,1,Y,6|전북특별자치도|군산시나선거구
전북특별자치도,군산시라선거구,구시군의회의원,지역구,6,3,6,2.00,N,,N,N,N,"100162485, 100155060, 100155310, 100158899, 100156705, 100154121","최유정, 정도원, 김영란, 노영진, 박욱규, 김영자","더불어민주당, 더불어민주당, 더불어민주당, 국민의힘, 조국혁신당, 무소속",1,0,1,0,0,0,Y,6|전북특별자치도|군산시라선거구
전북특별자치도,군산시마선거구,구시군의회의원,지역구,6,3,6,2.00,N,,N,N,N,"100155847, 100155362, 100163624, 100163854, 100162609, 100165683","박광일, 송미숙, 김영일, 윤세자, 김하빈, 배형원","더불어민주당, 더불어민주당, 더불어민주당, 국민의힘, 조국혁신당, 무소속",2,0,3,0,0,0,Y,6|전북특별자치도|군산시마선거구
전북특별자치도,군산시사선거구,구시군의회의원,지역구,6,3,4,1.33,N,,N,N,N,"100155759, 100154280, 100154098, 100155922","김효주, 오승철, 윤신애, 김상윤","더불어민주당, 더불어민주당, 더불어민주당, 조국혁신당",2,0,0,0,0,0,Y,6|전북특별자치도|군산시사선거구
전북특별자치도,군산시아선거구,구시군의회의원,지역구,6,3,5,1.67,N,,N,N,N,"100155485, 100157600, 100156881, 100156500, 100163245","김관우, 김경식, 장병훈, 노정훈, 서동완","더불어민주당, 더불어민주당, 더불어민주당, 조국혁신당, 무소속",3,0,4,2,0,1,Y,6|전북특별자치도|군산시아선거구
전북특별자치도,김제시가선거구,구시군의회의원,지역구,6,3,4,1.33,N,,N,N,N,"100155770, 100155176, 100157560, 100160024","이정자, 주상현, 남궁윤, 유진우","더불어민주당, 더불어민주당, 더불어민주당, 무소속",2,0,1,1,0,0,Y,6|전북특별자치도|김제시가선거구
전북특별자치도,김제시라선거구,구시군의회의원,지역구,6,3,4,1.33,N,,N,N,N,"100154872, 100157339, 100157002, 100162295","김진수, 김승일, 문순자, 최훈","더불어민주당, 더불어민주당, 더불어민주당, 무소속",1,0,2,0,0,0,Y,6|전북특별자치도|김제시라선거구
전북특별자치도,남원시바선거구,구시군의회의원,지역구,6,3,8,2.67,N,,N,N,N,"100157915, 100157549, 100155934, 100155064, 100157182, 100157676, 100155966, 100161471","한명숙, 오창숙, 최형욱, 최수용, 박형규, 김지현, 김경주, 하대식","더불어민주당, 더불어민주당, 더불어민주당, 조국혁신당, 사회민주당, 무소속, 무소속, 무소속",0,0,4,1,1,0,Y,6|전북특별자치도|남원시바선거구
전북특별자치도,무주군가선거구,구시군의회의원,지역구,6,3,5,1.67,N,,N,N,N,"100159698, 100159744, 100161198, 100159730, 100159505","박희용, 최윤선, 이해양, 최일환, 김주성","더불어민주당, 더불어민주당, 더불어민주당, 무소속, 무소속",1,0,2,1,0,0,Y,6|전북특별자치도|무주군가선거구
전북특별자치도,무주군나선거구,구시군의회의원,지역구,6,3,7,2.33,N,,N,N,N,"100159695, 100161887, 100160792, 100159518, 100161327, 100159830, 100159986","육성훈, 문은영, 오광석, 양화모, 이동희, 이재국, 김진수","더불어민주당, 더불어민주당, 더불어민주당, 무소속, 무소속, 무소속, 무소속",0,0,4,3,0,0,Y,6|전북특별자치도|무주군나선거구
전북특별자치도,부안군가선거구,구시군의회의원,지역구,6,3,6,2.00,N,,N,N,N,"100159681, 100159860, 100159716, 100159568, 100160937, 100157913","이강세, 장은아, 김두례, 진창임, 김성찬, 양종천","더불어민주당, 더불어민주당, 더불어민주당, 조국혁신당, 무소속, 무소속",2,0,2,0,0,0,Y,6|전북특별자치도|부안군가선거구
전북특별자치도,순창군다선거구,구시군의회의원,지역구,6,3,6,2.00,N,,N,N,N,"100159277, 100159516, 100161837, 100159256, 100159260, 100162156","조태봉, 정남호, 손종석, 전기룡, 양인섭, 조정희","더불어민주당, 더불어민주당, 더불어민주당, 무소속, 무소속, 무소속",0,0,1,1,0,0,Y,6|전북특별자치도|순창군다선거구
전북특별자치도,완주군나선거구,구시군의회의원,지역구,6,3,6,2.00,N,,N,N,N,"100159635, 100159533, 100159814, 100160535, 100163602, 100162203","최광호, 성중기, 심부건, 이성원, 권오석, 송기운","더불어민주당, 더불어민주당, 더불어민주당, 조국혁신당, 무소속, 무소속",2,0,3,2,0,0,Y,6|전북특별자치도|완주군나선거구
전북특별자치도,익산시아선거구,구시군의회의원,지역구,6,3,4,1.33,N,,N,N,N,"100158364, 100157044, 100157436, 100163863","김순덕, 소길영, 조남석, 이종현","더불어민주당, 더불어민주당, 조국혁신당, 무소속",1,0,4,0,0,0,Y,6|전북특별자치도|익산시아선거구
전북특별자치도,익산시자선거구,구시군의회의원,지역구,6,3,6,2.00,N,,N,N,N,"100158325, 100157855, 100153991, 100165348, 100154723, 100155502","박철원, 최재현, 황두관, 송영자, 국호림, 박종일","더불어민주당, 더불어민주당, 더불어민주당, 국민의힘, 조국혁신당, 무소속",1,0,1,1,0,0,Y,6|전북특별자치도|익산시자선거구
전북특별자치도,임실군다선거구,구시군의회의원,지역구,6,3,6,2.00,N,,N,N,N,"100159604, 100159772, 100160170, 100159554, 100160734, 100159580","김종규, 김용완, 라시열, 김진환, 김한기, 김동규","더불어민주당, 더불어민주당, 더불어민주당, 조국혁신당, 무소속, 무소속",1,1,2,1,0,0,Y,6|전북특별자치도|임실군다선거구
전북특별자치도,장수군가선거구,구시군의회의원,지역구,6,3,4,1.33,N,,N,N,N,"100159451, 100159734, 100160326, 100159763","김광훈, 정상득, 임정권, 장종태","더불어민주당, 더불어민주당, 더불어민주당, 무소속",0,0,2,1,0,0,Y,6|전북특별자치도|장수군가선거구
전북특별자치도,전주시마선거구,구시군의회의원,지역구,6,3,6,2.00,N,,N,N,N,"100156826, 100156542, 100155600, 100154889, 100158283, 100158691","진예찬, 김동헌, 심성욱, 이은경, 한승우, 김현덕","더불어민주당, 더불어민주당, 더불어민주당, 조국혁신당, 정의당, 무소속",1,0,3,0,0,0,Y,6|전북특별자치도|전주시마선거구
전북특별자치도,전주시바선거구,구시군의회의원,지역구,6,3,6,2.00,N,,N,N,N,"100162056, 100155828, 100156912, 100161847, 100155388, 100162322","전윤미, 김성규, 조훈, 송관수, 김금주, 채영병","더불어민주당, 더불어민주당, 더불어민주당, 조국혁신당, 진보당, 무소속",1,0,0,0,0,0,Y,6|전북특별자치도|전주시바선거구
전북특별자치도,전주시자선거구,구시군의회의원,지역구,6,3,4,1.33,N,,N,N,N,"100157642, 100156981, 100154554, 100156712","은영표, 최지은, 김재범, 경현철","더불어민주당, 더불어민주당, 더불어민주당, 조국혁신당",0,0,2,1,0,0,Y,6|전북특별자치도|전주시자선거구
전북특별자치도,정읍시마선거구,구시군의회의원,지역구,6,3,5,1.67,N,,N,N,N,"100153906, 100155407, 100157626, 100160174, 100155315","이남희, 김용훈, 김을수, 이도형, 김석환","더불어민주당, 더불어민주당, 조국혁신당, 무소속, 무소속",0,0,3,1,0,0,Y,6|전북특별자치도|정읍시마선거구
전북특별자치도,진안군가선거구,구시군의회의원,지역구,6,3,6,2.00,N,,N,N,N,"100159504, 100160704, 100159515, 100159489, 100159684, 100159511","김기호, 박상일, 김민규, 이루라, 배성기, 손동규","더불어민주당, 더불어민주당, 더불어민주당, 무소속, 무소속, 무소속",0,0,3,2,0,0,Y,6|전북특별자치도|진안군가선거구
전북특별자치도,군산시,기초의원비례,비례,9,3,6,2.00,N,,N,N,N,"100165685, 100165690, 100165708, 100165750, 100165571, 100165197","박다혜, 강수정, 김효신, 전기수, 한아름, 이화숙","더불어민주당, 더불어민주당, 더불어민주당, 더불어민주당, 국민의힘, 조국혁신당",1,0,2,1,1,0,Y,9|전북특별자치도|군산시
전북특별자치도,익산시,기초의원비례,비례,9,3,4,1.33,N,,N,N,N,"100165790, 100165795, 100165091, 100165182","한명란, 이중연, 이진숙, 강이나","더불어민주당, 더불어민주당, 국민의힘, 조국혁신당",0,0,1,1,0,0,Y,9|전북특별자치도|익산시
충청남도,계룡시가선거구,구시군의회의원,지역구,6,3,6,2.00,N,,N,N,N,"100163542, 100156922, 100156527, 100156808, 100154046, 100162978","이희정, 이양희, 이용권, 신동원, 이승진, 손영훈","더불어민주당, 더불어민주당, 국민의힘, 국민의힘, 국민의힘, 개혁신당",3,0,1,0,0,0,Y,6|충청남도|계룡시가선거구
충청남도,계룡시나선거구,구시군의회의원,지역구,6,3,7,2.33,N,,N,N,N,"100154264, 100153960, 100153882, 100161115, 100161697, 100161802, 100163920","황정호, 이미옥, 강흥식, 김미정, 최헌묵, 한민희, 이정훈","더불어민주당, 더불어민주당, 국민의힘, 국민의힘, 조국혁신당, 개혁신당, 무소속",1,1,3,1,0,1,Y,6|충청남도|계룡시나선거구
충청남도,공주시나선거구,구시군의회의원,지역구,6,3,6,2.00,N,,N,N,N,"100154978, 100157275, 100155340, 100157936, 100163189, 100154574","김명환, 조휘제, 오재원, 이범수, 고광철, 임종섭","더불어민주당, 더불어민주당, 국민의힘, 국민의힘, 무소속, 무소속",2,0,4,4,0,1,Y,6|충청남도|공주시나선거구
충청남도,공주시라선거구,구시군의회의원,지역구,6,3,4,1.33,N,,N,N,N,"100155505, 100155008, 100157211, 100156582","김권한, 이상표, 이용성, 권경운","더불어민주당, 더불어민주당, 국민의힘, 국민의힘",2,0,1,0,0,0,Y,6|충청남도|공주시라선거구
충청남도,금산군가선거구,구시군의회의원,지역구,6,3,8,2.67,N,,N,N,N,"100158608, 100159391, 100159389, 100159253, 100160419, 100163597, 100159372, 100162702","변문환, 안기전, 이상민, 김병수, 송영천, 길태호, 심정수, 김현섭","더불어민주당, 더불어민주당, 더불어민주당, 국민의힘, 국민의힘, 무소속, 무소속, 무소속",3,0,5,3,0,1,Y,6|충청남도|금산군가선거구
충청남도,금산군나선거구,구시군의회의원,지역구,6,3,8,2.67,N,,N,N,N,"100158318, 100159610, 100158684, 100160205, 100160160, 100159385, 100162608, 100158680","이화영, 김범구, 김종렬, 김기윤, 전연석, 강포구, 권병욱, 백창수","더불어민주당, 더불어민주당, 더불어민주당, 국민의힘, 국민의힘, 무소속, 무소속, 무소속",2,0,5,1,0,0,Y,6|충청남도|금산군나선거구
충청남도,논산시나선거구,구시군의회의원,지역구,6,3,5,1.67,N,,N,N,N,"100157141, 100163895, 100161568, 100161760, 100158136","이건창, 김형준, 장진호, 홍태의, 조배식","더불어민주당, 더불어민주당, 국민의힘, 국민의힘, 무소속",0,0,2,2,0,0,Y,6|충청남도|논산시나선거구
충청남도,논산시다선거구,구시군의회의원,지역구,6,3,6,2.00,N,,N,N,N,"100157034, 100154938, 100155989, 100161764, 100158987, 100162436","박민규, 김태성, 최재훈, 이태모, 문지희, 민병춘","더불어민주당, 더불어민주당, 더불어민주당, 국민의힘, 국민의힘, 무소속",2,0,1,0,0,0,Y,6|충청남도|논산시다선거구
충청남도,보령시나선거구,구시군의회의원,지역구,6,3,5,1.67,N,,N,N,N,"100156197, 100156580, 100157644, 100155685, 100157183","강정모, 성태용, 최용식, 김지호, 서정호","더불어민주당, 더불어민주당, 더불어민주당, 국민의힘, 국민의힘",1,0,5,1,0,0,Y,6|충청남도|보령시나선거구
충청남도,보령시다선거구,구시군의회의원,지역구,6,3,5,1.67,N,,N,N,N,"100154361, 100154360, 100155825, 100157649, 100157561","문석주, 김정명, 조장현, 최경운, 백성현","더불어민주당, 더불어민주당, 더불어민주당, 국민의힘, 국민의힘",1,0,3,1,0,0,Y,6|충청남도|보령시다선거구
충청남도,부여군나선거구,구시군의회의원,지역구,6,3,6,2.00,N,,N,N,N,"100159944, 100158224, 100157789, 100160338, 100157268, 100162294","윤선예, 구기홍, 유기주, 이관동, 백용달, 김기일","더불어민주당, 더불어민주당, 더불어민주당, 국민의힘, 국민의힘, 무소속",1,0,3,2,0,1,Y,6|충청남도|부여군나선거구
충청남도,서천군가선거구,구시군의회의원,지역구,6,3,4,1.33,N,,N,N,N,"100160440, 100159598, 100159573, 100161651","조성훈, 박노찬, 노성철, 김원섭","더불어민주당, 더불어민주당, 국민의힘, 국민의힘",0,0,1,1,1,0,Y,6|충청남도|서천군가선거구
충청남도,서천군나선거구,구시군의회의원,지역구,6,3,5,1.67,N,,N,N,N,"100159632, 100164366, 100160269, 100159571, 100163675","김재민, 이강선, 송혜연, 강신두, 한경석","더불어민주당, 더불어민주당, 국민의힘, 국민의힘, 무소속",0,0,3,1,0,0,Y,6|충청남도|서천군나선거구
충청남도,아산시나선거구,구시군의회의원,지역구,6,3,4,1.33,N,,N,N,N,"100156298, 100154449, 100159362, 100158597","윤영숙, 유수영, 이윤규, 박효진","더불어민주당, 더불어민주당, 국민의힘, 국민의힘",1,0,0,0,0,0,Y,6|충청남도|아산시나선거구
충청남도,아산시마선거구,구시군의회의원,지역구,6,3,4,1.33,N,,N,N,N,"100162053, 100162178, 100158787, 100160719","안정근, 이춘호, 김은아, 최민수","더불어민주당, 더불어민주당, 국민의힘, 국민의힘",1,0,1,1,0,0,Y,6|충청남도|아산시마선거구
충청남도,천안시라선거구,구시군의회의원,지역구,6,3,7,2.33,N,,N,N,N,"100156970, 100165598, 100158447, 100157628, 100155159, 100162932, 100157858","김세환, 최혜선, 이교희, 이나현, 이강민, 이종담, 장혁","더불어민주당, 더불어민주당, 국민의힘, 조국혁신당, 개혁신당, 무소속, 무소속",2,0,1,0,0,0,Y,6|충청남도|천안시라선거구
충청남도,천안시마선거구,구시군의회의원,지역구,6,3,4,1.33,N,,N,N,N,"100157338, 100165536, 100160376, 100158006","윤철상, 육종영, 엄기환, 김철환","더불어민주당, 더불어민주당, 국민의힘, 국민의힘",0,0,3,1,0,0,Y,6|충청남도|천안시마선거구
충청남도,천안시바선거구,구시군의회의원,지역구,6,3,6,2.00,N,,N,N,N,"100163403, 100158957, 100157593, 100158258, 100163016, 100163906","김태룡, 엄소영, 고락희, 이지원, 전용길, 이해성","더불어민주당, 더불어민주당, 국민의힘, 국민의힘, 조국혁신당, 개혁신당",1,0,1,1,0,1,Y,6|충청남도|천안시바선거구
충청남도,태안군가선거구,구시군의회의원,지역구,6,3,5,1.67,N,,N,N,N,"100159696, 100159425, 100159709, 100159424, 100159427","홍상금, 김정준, 전재옥, 임해환, 김영인","더불어민주당, 더불어민주당, 더불어민주당, 국민의힘, 무소속",1,0,1,0,0,0,Y,6|충청남도|태안군가선거구
충청남도,태안군나선거구,구시군의회의원,지역구,6,3,7,2.33,N,,N,N,N,"100159755, 100160833, 100161650, 100159760, 100160196, 100160706, 100159857","김주성, 문승일, 박용성, 장영숙, 오동원, 박선의, 국현민","더불어민주당, 더불어민주당, 더불어민주당, 국민의힘, 국민의힘, 국민의힘, 무소속",0,0,3,2,0,0,Y,6|충청남도|태안군나선거구
충청남도,홍성군가선거구,구시군의회의원,지역구,6,3,4,1.33,N,,N,N,N,"100160871, 100160944, 100158619, 100161458","송효진, 최선경, 권영식, 김은미","더불어민주당, 더불어민주당, 국민의힘, 국민의힘",1,0,3,2,0,0,Y,6|충청남도|홍성군가선거구
충청남도,천안시,기초의원비례,비례,9,3,5,1.67,N,,N,N,N,"100165145, 100165147, 100165693, 100165699, 100165149","엄소영, 변일추, 김연정, 윤주남, 주은숙","더불어민주당, 더불어민주당, 국민의힘, 국민의힘, 조국혁신당",1,0,0,0,0,0,Y,9|충청남도|천안시
충청북도,괴산군가선거구,구시군의회의원,지역구,6,3,5,1.67,N,,N,N,N,"100159199, 100159198, 100159206, 100160674, 100160012","최경섭, 이덕용, 이형배, 김영희, 최관선","더불어민주당, 더불어민주당, 국민의힘, 국민의힘, 무소속",2,0,2,0,0,0,Y,6|충청북도|괴산군가선거구
충청북도,단양군가선거구,구시군의회의원,지역구,6,3,7,2.33,N,,N,N,N,"100161638, 100159066, 100161138, 100159138, 100162823, 100159046, 100160648","장영갑, 장효진, 김혜숙, 지영준, 최병만, 서전석, 김영길","더불어민주당, 국민의힘, 국민의힘, 국민의힘, 무소속, 무소속, 무소속",1,0,2,1,1,0,Y,6|충청북도|단양군가선거구
충청북도,단양군나선거구,구시군의회의원,지역구,6,3,6,2.00,N,,N,N,N,"100162163, 100158662, 100159110, 100160637, 100159064, 100163054","오시백, 강미숙, 김진수, 이상훈, 최순철, 전혜란","더불어민주당, 더불어민주당, 국민의힘, 국민의힘, 무소속, 무소속",2,1,2,2,0,1,Y,6|충청북도|단양군나선거구
충청북도,보은군가선거구,구시군의회의원,지역구,6,3,4,1.33,N,,N,N,N,"100158988, 100159710, 100159895, 100158708","이재익, 이은영, 이경노, 윤대성","더불어민주당, 더불어민주당, 국민의힘, 국민의힘",2,0,2,0,0,0,Y,6|충청북도|보은군가선거구
충청북도,영동군가선거구,구시군의회의원,지역구,6,3,7,2.33,N,,N,N,N,"100159324, 100159319, 100160019, 100159780, 100161766, 100159370, 100163306","최순용, 박명종, 황승연, 장윤진, 김대훈, 위정복, 정일택","더불어민주당, 국민의힘, 국민의힘, 진보당, 무소속, 무소속, 무소속",1,0,3,1,0,0,Y,6|충청북도|영동군가선거구
충청북도,옥천군가선거구,구시군의회의원,지역구,6,3,6,2.00,N,,N,N,N,"100158345, 100158348, 100158293, 100158990, 100159321, 100160592","박효서, 안효익, 박영웅, 조규룡, 손준제, 송윤섭","더불어민주당, 더불어민주당, 더불어민주당, 국민의힘, 국민의힘, 진보당",0,0,2,1,0,0,Y,6|충청북도|옥천군가선거구
충청북도,음성군가선거구,구시군의회의원,지역구,6,3,5,1.67,N,,N,N,N,"100159980, 100159752, 100159791, 100162538, 100159757","서효석, 서형석, 박흥식, 장용식, 이천규","더불어민주당, 더불어민주당, 국민의힘, 국민의힘, 정의당",0,0,1,1,0,0,Y,6|충청북도|음성군가선거구
충청북도,진천군가선거구,구시군의회의원,지역구,6,3,4,1.33,N,,N,N,N,"100157303, 100157949, 100160312, 100158814","김기복, 임정구, 윤대영, 홍승의","더불어민주당, 더불어민주당, 국민의힘, 국민의힘",2,0,3,2,0,1,Y,6|충청북도|진천군가선거구
충청북도,청주시가선거구,구시군의회의원,지역구,6,3,5,1.67,N,,N,N,N,"100157001, 100161319, 100159925, 100163486, 100156079","박병만, 남일현, 이연숙, 김정일, 배상철","더불어민주당, 더불어민주당, 국민의힘, 국민의힘, 조국혁신당",0,0,2,1,0,0,Y,6|충청북도|청주시가선거구
충청북도,청주시나선거구,구시군의회의원,지역구,6,3,4,1.33,N,,N,N,N,"100157193, 100157885, 100161746, 100161397","정무신, 이재숙, 이상조, 박봉규","더불어민주당, 더불어민주당, 국민의힘, 국민의힘",3,0,1,0,0,0,Y,6|충청북도|청주시나선거구
충청북도,청주시마선거구,구시군의회의원,지역구,6,3,6,2.00,N,,N,N,N,"100156737, 100154176, 100158880, 100158885, 100157274, 100157103","차순애, 김진석, 홍혜진, 김태순, 이완복, 유진영","더불어민주당, 더불어민주당, 국민의힘, 국민의힘, 개혁신당, 노동당",1,0,2,0,0,0,Y,6|충청북도|청주시마선거구
충청북도,청주시바선거구,구시군의회의원,지역구,6,3,5,1.67,N,,N,N,N,"100160177, 100157633, 100158817, 100156632, 100155688","신민수, 박대용, 최영중, 홍성각, 이복규","더불어민주당, 더불어민주당, 국민의힘, 국민의힘, 진보당",0,0,2,2,0,0,Y,6|충청북도|청주시바선거구
충청북도,청주시차선거구,구시군의회의원,지역구,6,3,6,2.00,N,,N,N,N,"100157007, 100161395, 100156861, 100154843, 100157637, 100161428","정연숙, 김은숙, 홍순철, 민춘기, 황은재, 길한샘","더불어민주당, 더불어민주당, 국민의힘, 국민의힘, 개혁신당, 정의당",2,0,0,0,0,0,Y,6|충청북도|청주시차선거구
충청북도,청주시타선거구,구시군의회의원,지역구,6,3,6,2.00,N,,N,N,N,"100156974, 100158017, 100157309, 100155292, 100162670, 100160567","허희, 이예숙, 송병호, 김성수, 이상용, 상병남","더불어민주당, 더불어민주당, 더불어민주당, 국민의힘, 무소속, 무소속",1,0,1,0,0,0,Y,6|충청북도|청주시타선거구
충청북도,충주시다선거구,구시군의회의원,지역구,6,3,5,1.67,N,,N,N,N,"100156412, 100162034, 100157752, 100160832, 100154591","박장수, 권정희, 이옥순, 정용학, 이기웅","더불어민주당, 더불어민주당, 국민의힘, 국민의힘, 진보당",0,0,1,1,0,0,Y,6|충청북도|충주시다선거구
강원특별자치도,강릉시가선거구,구시군의회의원,지역구,6,2,3,1.50,N,,N,N,N,"100163693, 100156302, 100161828","신선애, 최종혁, 김진용","더불어민주당, 국민의힘, 국민의힘",1,0,1,1,0,1,Y,6|강원특별자치도|강릉시가선거구
강원특별자치도,강릉시나선거구,구시군의회의원,지역구,6,2,4,2.00,N,,N,N,N,"100156503, 100161470, 100160228, 100153936","함은선, 김은숙, 신보금, 김태형","더불어민주당, 더불어민주당, 국민의힘, 무소속",0,0,1,1,0,0,Y,6|강원특별자치도|강릉시나선거구
강원특별자치도,강릉시마선거구,구시군의회의원,지역구,6,2,3,1.50,N,,N,N,N,"100162301, 100161200, 100157248","김용남, 허병관, 정규민","더불어민주당, 국민의힘, 국민의힘",1,0,1,0,0,0,Y,6|강원특별자치도|강릉시마선거구
강원특별자치도,원주시가선거구,구시군의회의원,지역구,6,2,4,2.00,N,,N,N,N,"100157762, 100156939, 100154000, 100155022","곽희운, 박돈하, 김치주, 김기병","더불어민주당, 더불어민주당, 국민의힘, 국민의힘",0,0,1,1,0,0,Y,6|강원특별자치도|원주시가선거구
강원특별자치도,원주시나선거구,구시군의회의원,지역구,6,2,6,3.00,N,,N,N,N,"100156017, 100157107, 100154140, 100153822, 100163368, 100163527","안경호, 김경년, 김선동, 전상현, 조용석, 심규황","더불어민주당, 더불어민주당, 국민의힘, 개혁신당, 무소속, 무소속",1,0,2,0,0,0,Y,6|강원특별자치도|원주시나선거구
강원특별자치도,원주시마선거구,구시군의회의원,지역구,6,2,3,1.50,N,,N,N,N,"100161245, 100155511, 100157186","권아름, 문덕환, 박웅","더불어민주당, 더불어민주당, 국민의힘",0,0,2,1,0,0,Y,6|강원특별자치도|원주시마선거구
강원특별자치도,원주시사선거구,구시군의회의원,지역구,6,2,3,1.50,N,,N,N,N,"100161561, 100155512, 100154846","차은숙, 이용철, 이민영","더불어민주당, 더불어민주당, 국민의힘",1,1,0,0,0,0,Y,6|강원특별자치도|원주시사선거구
강원특별자치도,원주시자선거구,구시군의회의원,지역구,6,2,3,1.50,N,,N,N,N,"100161691, 100154922, 100163612","문정환, 이진, 유오현","더불어민주당, 더불어민주당, 국민의힘",3,0,2,1,0,1,Y,6|강원특별자치도|원주시자선거구
강원특별자치도,원주시차선거구,구시군의회의원,지역구,6,2,5,2.50,N,,N,N,N,"100163422, 100155677, 100153916, 100158499, 100163448","한수정, 김일기, 전미정, 심영미, 전병선","더불어민주당, 더불어민주당, 국민의힘, 국민의힘, 무소속",2,0,1,0,0,0,Y,6|강원특별자치도|원주시차선거구
강원특별자치도,춘천시바선거구,구시군의회의원,지역구,6,2,3,1.50,N,,N,N,N,"100155458, 100154638, 100157149","김경희, 권주상, 박제철","더불어민주당, 더불어민주당, 국민의힘",0,0,2,1,0,0,Y,6|강원특별자치도|춘천시바선거구
강원특별자치도,홍천군나선거구,구시군의회의원,지역구,6,2,3,1.50,N,,N,N,N,"100161152, 100161097, 100159355","용준순, 최진현, 남궁석","더불어민주당, 국민의힘, 진보당",1,0,2,0,0,0,Y,6|강원특별자치도|홍천군나선거구
경기도,가평군가선거구,구시군의회의원,지역구,6,2,5,2.50,N,,N,N,N,"100160041, 100159620, 100160378, 100160502, 100160239","박영희, 신현유, 최원중, 하재선, 양명철","더불어민주당, 국민의힘, 국민의힘, 무소속, 무소속",2,0,2,2,0,1,Y,6|경기도|가평군가선거구
경기도,가평군나선거구,구시군의회의원,지역구,6,2,3,1.50,N,,N,N,N,"100161853, 100160216, 100159854","이오남, 김종성, 조해승","더불어민주당, 국민의힘, 국민의힘",2,0,3,1,0,1,Y,6|경기도|가평군나선거구
경기도,고양시다선거구,구시군의회의원,지역구,6,2,3,1.50,N,,N,N,N,"100161727, 100165671, 100163112","김효금, 박기병, 안중돈","더불어민주당, 더불어민주당, 국민의힘",0,0,1,1,0,0,Y,6|경기도|고양시다선거구
경기도,고양시사선거구,구시군의회의원,지역구,6,2,3,1.50,N,,N,N,N,"100163883, 100156805, 100163229","공소자, 최신명, 고덕희","더불어민주당, 더불어민주당, 국민의힘",1,0,1,0,0,0,Y,6|경기도|고양시사선거구
경기도,군포시가선거구,구시군의회의원,지역구,6,2,3,1.50,N,,N,N,N,"100162801, 100158525, 100162466","이우천, 김용철, 장경민","더불어민주당, 더불어민주당, 국민의힘",1,0,2,2,0,0,Y,6|경기도|군포시가선거구
경기도,군포시다선거구,구시군의회의원,지역구,6,2,3,1.50,N,,N,N,N,"100163553, 100163050, 100163429","이동한, 이호현, 신경원","더불어민주당, 더불어민주당, 국민의힘",1,0,2,2,0,1,Y,6|경기도|군포시다선거구
경기도,남양주시나선거구,구시군의회의원,지역구,6,2,3,1.50,N,,N,N,N,"100160752, 100161201, 100163023","임영신, 오승환, 한근수","더불어민주당, 더불어민주당, 국민의힘",1,0,1,0,0,0,Y,6|경기도|남양주시나선거구
경기도,남양주시다선거구,구시군의회의원,지역구,6,2,4,2.00,N,,N,N,N,"100156858, 100162664, 100158674, 100156641","최문광, 이수련, 김희성, 김용인","더불어민주당, 더불어민주당, 국민의힘, 개혁신당",1,0,1,0,0,0,Y,6|경기도|남양주시다선거구
경기도,남양주시라선거구,구시군의회의원,지역구,6,2,3,1.50,N,,N,N,N,"100162145, 100162811, 100162481","손정자, 이정애, 백선아","더불어민주당, 더불어민주당, 국민의힘",0,0,2,2,0,0,Y,6|경기도|남양주시라선거구
경기도,남양주시마선거구,구시군의회의원,지역구,6,2,4,2.00,N,,N,N,N,"100157090, 100162282, 100162096, 100162349","김수연, 김상수, 김동훈, 함은총","더불어민주당, 더불어민주당, 국민의힘, 무소속",1,0,0,0,0,0,Y,6|경기도|남양주시마선거구
경기도,부천시바선거구,구시군의회의원,지역구,6,2,3,1.50,N,,N,N,N,"100160388, 100154557, 100161962","최의열, 김영규, 정창곤","더불어민주당, 국민의힘, 무소속",0,0,2,2,0,0,Y,6|경기도|부천시바선거구
경기도,수원시가선거구,구시군의회의원,지역구,6,2,3,1.50,N,,N,N,N,"100156132, 100160060, 100163242","함상영, 홍종수, 정영모","더불어민주당, 국민의힘, 무소속",1,0,1,1,0,0,Y,6|경기도|수원시가선거구
경기도,수원시아선거구,구시군의회의원,지역구,6,2,4,2.00,N,,N,N,N,"100162113, 100155988, 100160406, 100157204","사정희, 박경미, 배지환, 신학철","더불어민주당, 더불어민주당, 국민의힘, 국민의힘",0,0,1,1,0,0,Y,6|경기도|수원시아선거구
경기도,수원시타선거구,구시군의회의원,지역구,6,2,4,2.00,N,,N,N,N,"100156697, 100157293, 100158754, 100161235","이기범, 이다원, 배준서, 김영진","더불어민주당, 더불어민주당, 국민의힘, 무소속",2,0,2,2,1,1,Y,6|경기도|수원시타선거구
경기도,시흥시가선거구,구시군의회의원,지역구,6,2,3,1.50,N,,N,N,N,"100161897, 100158355, 100160364","김선옥, 이상훈, 김영훈","더불어민주당, 더불어민주당, 국민의힘",0,0,2,1,1,0,Y,6|경기도|시흥시가선거구
경기도,시흥시다선거구,구시군의회의원,지역구,6,2,3,1.50,N,,N,N,N,"100160835, 100162585, 100163595","김진영, 김수연, 안돈의","더불어민주당, 더불어민주당, 국민의힘",1,0,1,1,0,1,Y,6|경기도|시흥시다선거구
경기도,안산시나선거구,구시군의회의원,지역구,6,2,3,1.50,N,,N,N,N,"100163879, 100156319, 100154138","김진숙, 박영근, 윤성영","더불어민주당, 더불어민주당, 국민의힘",1,1,0,0,0,0,Y,6|경기도|안산시나선거구
경기도,안산시다선거구,구시군의회의원,지역구,6,2,4,2.00,N,,N,N,N,"100163880, 100156996, 100163876, 100154062","윤오일, 방운제, 현옥순, 서태성","더불어민주당, 더불어민주당, 국민의힘, 기본소득당",1,0,3,0,0,0,Y,6|경기도|안산시다선거구
경기도,안산시마선거구,구시군의회의원,지역구,6,2,4,2.00,N,,N,N,N,"100163588, 100164968, 100158413, 100161356","이상우, 최진호, 유민희, 백미란","더불어민주당, 더불어민주당, 국민의힘, 기본소득당",1,0,0,0,0,0,Y,6|경기도|안산시마선거구
경기도,안산시사선거구,구시군의회의원,지역구,6,2,4,2.00,N,,N,N,N,"100163620, 100163607, 100162655, 100156054","박은정, 이진분, 빈호준, 정세경","더불어민주당, 국민의힘, 국민의힘, 진보당",2,0,1,1,0,1,Y,6|경기도|안산시사선거구
경기도,안성시가선거구,구시군의회의원,지역구,6,2,3,1.50,N,,N,N,N,"100156201, 100163914, 100154953","김승택, 양승진, 이용성","더불어민주당, 더불어민주당, 국민의힘",0,0,1,1,0,0,Y,6|경기도|안성시가선거구
경기도,안성시나선거구,구시군의회의원,지역구,6,2,4,2.00,N,,N,N,N,"100154961, 100155756, 100156094, 100158110","박만식, 강충환, 윤한웅, 정천식","더불어민주당, 더불어민주당, 국민의힘, 국민의힘",2,0,4,3,0,2,Y,6|경기도|안성시나선거구
경기도,안양시가선거구,구시군의회의원,지역구,6,2,3,1.50,N,,N,N,N,"100161435, 100155552, 100162164","장명희, 이호건, 김정중","더불어민주당, 더불어민주당, 국민의힘",1,0,1,1,0,0,Y,6|경기도|안양시가선거구
경기도,안양시다선거구,구시군의회의원,지역구,6,2,4,2.00,N,,N,N,N,"100162528, 100155929, 100155134, 100165311","곽동윤, 허희준, 윤순섭, 이광수","더불어민주당, 더불어민주당, 국민의힘, 무소속",1,0,2,1,0,0,Y,6|경기도|안양시다선거구
경기도,안양시라선거구,구시군의회의원,지역구,6,2,3,1.50,N,,N,N,N,"100162429, 100154495, 100156936","윤경숙, 이중민, 조은석","더불어민주당, 더불어민주당, 국민의힘",0,0,2,1,1,0,Y,6|경기도|안양시라선거구
경기도,안양시마선거구,구시군의회의원,지역구,6,2,4,2.00,N,,N,N,N,"100155503, 100162594, 100162009, 100158097","이귀라, 이동훈, 김보영, 허원구","더불어민주당, 더불어민주당, 국민의힘, 무소속",0,0,1,1,0,0,Y,6|경기도|안양시마선거구
경기도,용인시바선거구,구시군의회의원,지역구,6,2,3,1.50,N,,N,N,N,"100162876, 100163615, 100158249","박희정, 이민희, 김교순","더불어민주당, 국민의힘, 조국혁신당",0,0,2,1,0,0,Y,6|경기도|용인시바선거구
경기도,의정부시가선거구,구시군의회의원,지역구,6,2,4,2.00,N,,N,N,N,"100161249, 100160365, 100157127, 100162003","최선자, 박지은, 주제하, 장수봉","더불어민주당, 더불어민주당, 국민의힘, 조국혁신당",2,0,0,0,0,0,Y,6|경기도|의정부시가선거구
경기도,이천시나선거구,구시군의회의원,지역구,6,2,4,2.00,N,,N,N,N,"100155642, 100162852, 100154529, 100156786","최덕수, 송옥란, 박선진, 이종성","더불어민주당, 국민의힘, 국민의힘, 무소속",0,0,1,1,0,0,Y,6|경기도|이천시나선거구
경기도,이천시다선거구,구시군의회의원,지역구,6,2,3,1.50,N,,N,N,N,"100155383, 100163329, 100163616","진재훈, 김하식, 임진모","더불어민주당, 국민의힘, 국민의힘",1,0,3,0,0,0,Y,6|경기도|이천시다선거구
경기도,파주시가선거구,구시군의회의원,지역구,6,2,4,2.00,N,,N,N,N,"100156045, 100154509, 100161878, 100154533","방인혜, 윤석일, 정경민, 김찬우","더불어민주당, 더불어민주당, 국민의힘, 정의당",2,1,2,2,0,1,Y,6|경기도|파주시가선거구
경기도,평택시가선거구,구시군의회의원,지역구,6,2,4,2.00,N,,N,N,N,"100160878, 100155137, 100161423, 100162319","이종원, 백성권, 이관우, 우창곤","더불어민주당, 더불어민주당, 국민의힘, 무소속",0,0,2,1,0,0,Y,6|경기도|평택시가선거구
경기도,평택시나선거구,구시군의회의원,지역구,6,2,3,1.50,N,,N,N,N,"100161639, 100156128, 100155878","최재영, 이원희, 최두성","더불어민주당, 더불어민주당, 국민의힘",0,0,3,2,0,0,Y,6|경기도|평택시나선거구
경기도,화성시나선거구,구시군의회의원,지역구,6,2,3,1.50,N,,N,N,N,"100156676, 100162795, 100161585","송현미, 김정주, 조오순","더불어민주당, 국민의힘, 국민의힘",1,0,1,0,0,0,Y,6|경기도|화성시나선거구
경기도,화성시아선거구,구시군의회의원,지역구,6,2,3,1.50,N,,N,N,N,"100157217, 100161408, 100163077","신동희, 오문섭, 이세원","더불어민주당, 국민의힘, 개혁신당",1,0,1,0,0,0,Y,6|경기도|화성시아선거구
경기도,광주시,기초의원비례,비례,9,2,4,2.00,N,,N,N,N,"100164533, 100164104, 100164113, 100165369","김옥주, 김상덕, 김시은, 정대영","더불어민주당, 더불어민주당, 국민의힘, 국민의힘",1,0,1,1,0,0,Y,9|경기도|광주시
경기도,시흥시,기초의원비례,비례,9,2,4,2.00,N,,N,N,N,"100165099, 100165104, 100165741, 100165754","이재경, 정시우, 정미라, 정경","더불어민주당, 더불어민주당, 국민의힘, 국민의힘",2,0,0,0,0,0,Y,9|경기도|시흥시
경기도,의정부시,기초의원비례,비례,9,2,4,2.00,N,,N,N,N,"100165661, 100165663, 100165673, 100165678","윤미숙, 이영수, 안금례, 최민정","더불어민주당, 더불어민주당, 국민의힘, 국민의힘",1,0,0,0,0,0,Y,9|경기도|의정부시
경기도,파주시,기초의원비례,비례,9,2,3,1.50,N,,N,N,N,"100164961, 100165440, 100165447","김선미, 오은정, 오유진","더불어민주당, 국민의힘, 국민의힘",1,1,1,1,0,0,Y,9|경기도|파주시
경상남도,거제시라선거구,구시군의회의원,지역구,6,2,3,1.50,N,,N,N,N,"100155402, 100157024, 100158232","김미영, 최양희, 조대용","더불어민주당, 더불어민주당, 국민의힘",1,0,0,0,0,0,Y,6|경상남도|거제시라선거구
경상남도,고성군다선거구,구시군의회의원,지역구,6,2,4,2.00,N,,N,N,N,"100161808, 100162059, 100159787, 100163897","김희태, 우정욱, 강진기, 최상림","더불어민주당, 국민의힘, 국민의힘, 무소속",0,0,2,1,1,0,Y,6|경상남도|고성군다선거구
경상남도,김해시나선거구,구시군의회의원,지역구,6,2,4,2.00,N,,N,N,N,"100156677, 100155100, 100157958, 100158107","이승복, 박상인, 이철훈, 조팔도","더불어민주당, 더불어민주당, 국민의힘, 국민의힘",1,0,2,0,0,0,Y,6|경상남도|김해시나선거구
경상남도,김해시마선거구,구시군의회의원,지역구,6,2,4,2.00,N,,N,N,N,"100155304, 100157596, 100157957, 100157781","고옥자, 정희열, 허윤옥, 김주섭","더불어민주당, 더불어민주당, 국민의힘, 국민의힘",2,0,2,1,0,0,Y,6|경상남도|김해시마선거구
경상남도,남해군나선거구,구시군의회의원,지역구,6,2,3,1.50,N,,N,N,N,"100161682, 100162548, 100162929","박삼준, 정진규, 정영란","더불어민주당, 국민의힘, 국민의힘",0,0,3,1,0,0,Y,6|경상남도|남해군나선거구
경상남도,남해군라선거구,구시군의회의원,지역구,6,2,3,1.50,N,,N,N,N,"100162206, 100163501, 100164980","김진실, 정홍찬, 임태식","더불어민주당, 국민의힘, 국민의힘",0,0,2,1,0,0,Y,6|경상남도|남해군라선거구
경상남도,밀양시나선거구,구시군의회의원,지역구,6,2,5,2.50,N,,N,N,N,"100154525, 100160599, 100160799, 100160958, 100164438","박상현, 정희정, 박영배, 손제란, 정성원","더불어민주당, 국민의힘, 국민의힘, 무소속, 무소속",0,1,3,2,1,0,Y,6|경상남도|밀양시나선거구
경상남도,밀양시마선거구,구시군의회의원,지역구,6,2,3,1.50,N,,N,N,N,"100160699, 100160464, 100155743","김태석, 박진수, 김정필","더불어민주당, 국민의힘, 국민의힘",1,0,1,0,0,0,Y,6|경상남도|밀양시마선거구
경상남도,사천시라선거구,구시군의회의원,지역구,6,2,5,2.50,N,,N,N,N,"100154909, 100156413, 100156138, 100157039, 100156001","여지훈, 김경숙, 김경민, 전재석, 김명석","더불어민주당, 국민의힘, 국민의힘, 무소속, 무소속",2,0,2,1,0,0,Y,6|경상남도|사천시라선거구
경상남도,산청군나선거구,구시군의회의원,지역구,6,2,7,3.50,N,,N,N,N,"100158866, 100159961, 100159967, 100160529, 100160014, 100158003, 100159351","정승민, 이종섭, 임길택, 신동복, 신창진, 양인수, 이명환","더불어민주당, 국민의힘, 국민의힘, 무소속, 무소속, 무소속, 무소속",3,0,4,2,0,1,Y,6|경상남도|산청군나선거구
경상남도,산청군라선거구,구시군의회의원,지역구,6,2,6,3.00,N,,N,N,N,"100158839, 100157589, 100159542, 100160523, 100159340, 100165818","문선영, 권순경, 이종혁, 이상원, 안천원, 김구","국민의힘, 국민의힘, 진보당, 무소속, 무소속, 무소속",0,0,4,1,0,0,Y,6|경상남도|산청군라선거구
경상남도,양산시가선거구,구시군의회의원,지역구,6,2,3,1.50,N,,N,N,N,"100157461, 100162807, 100163346","장성호, 정성훈, 김효진","더불어민주당, 국민의힘, 국민의힘",1,0,1,1,0,1,Y,6|경상남도|양산시가선거구
경상남도,양산시다선거구,구시군의회의원,지역구,6,2,5,2.50,N,,N,N,N,"100162560, 100157647, 100154924, 100160668, 100156864","김지원, 권동억, 김교민, 이종희, 정영교","더불어민주당, 더불어민주당, 국민의힘, 국민의힘, 무소속",1,0,2,2,0,0,Y,6|경상남도|양산시다선거구
경상남도,양산시라선거구,구시군의회의원,지역구,6,2,3,1.50,N,,N,N,N,"100158449, 100155990, 100161762","신재향, 문신우, 공유신","더불어민주당, 더불어민주당, 국민의힘",1,0,2,1,0,1,Y,6|경상남도|양산시라선거구
경상남도,양산시바선거구,구시군의회의원,지역구,6,2,4,2.00,N,,N,N,N,"100161251, 100156915, 100161160, 100154815","강태영, 전해광, 성용근, 이장호","더불어민주당, 더불어민주당, 국민의힘, 국민의힘",0,0,2,2,0,0,Y,6|경상남도|양산시바선거구
경상남도,양산시아선거구,구시군의회의원,지역구,6,2,4,2.00,N,,N,N,N,"100161941, 100161502, 100154874, 100154967","이기준, 최복춘, 심경숙, 이상걸","더불어민주당, 국민의힘, 조국혁신당, 무소속",2,0,2,1,0,0,Y,6|경상남도|양산시아선거구
경상남도,의령군라선거구,구시군의회의원,지역구,6,2,4,2.00,N,,N,N,N,"100161665, 100159572, 100161038, 100160151","문봉도, 김영욱, 김규찬, 김창호","국민의힘, 국민의힘, 무소속, 무소속",0,0,2,1,0,0,Y,6|경상남도|의령군라선거구
경상남도,진주시마선거구,구시군의회의원,지역구,6,2,4,2.00,N,,N,N,N,"100155984, 100162147, 100162351, 100154321","정대원, 최민국, 정용학, 김재영","더불어민주당, 국민의힘, 국민의힘, 진보당",1,0,3,2,0,0,Y,6|경상남도|진주시마선거구
경상남도,진주시사선거구,구시군의회의원,지역구,6,2,3,1.50,N,,N,N,N,"100155278, 100157654, 100160590","박재홍, 이태진, 전병웅","더불어민주당, 국민의힘, 국민의힘",2,0,2,2,0,2,Y,6|경상남도|진주시사선거구
경상남도,진주시아선거구,구시군의회의원,지역구,6,2,4,2.00,N,,N,N,N,"100155282, 100162879, 100162290, 100157124","양도근, 나유경, 강진철, 박태양","더불어민주당, 국민의힘, 국민의힘, 무소속",1,0,2,1,0,0,Y,6|경상남도|진주시아선거구
경상남도,창녕군다선거구,구시군의회의원,지역구,6,2,3,1.50,N,,N,N,N,"100159638, 100163184, 100163131","김미정, 김종호, 이동훈","더불어민주당, 국민의힘, 국민의힘",0,0,1,1,0,0,Y,6|경상남도|창녕군다선거구
경상남도,창녕군라선거구,구시군의회의원,지역구,6,2,3,1.50,N,,N,N,N,"100159628, 100161374, 100161765","박차홍, 이승렬, 박상재","더불어민주당, 국민의힘, 국민의힘",0,0,1,1,0,0,Y,6|경상남도|창녕군라선거구
경상남도,창원시너선거구,구시군의회의원,지역구,6,2,4,2.00,N,,N,N,N,"100154770, 100155535, 100155219, 100161669","곽은정, 배정한, 강길순, 김수혜","더불어민주당, 더불어민주당, 국민의힘, 국민의힘",0,0,1,1,0,0,Y,6|경상남도|창원시너선거구
경상남도,창원시다선거구,구시군의회의원,지역구,6,2,4,2.00,N,,N,N,N,"100154224, 100155418, 100154209, 100154764","류성국, 김남수, 오춘근, 양선미","더불어민주당, 더불어민주당, 국민의힘, 진보당",1,0,1,0,0,0,Y,6|경상남도|창원시다선거구
경상남도,창원시더선거구,구시군의회의원,지역구,6,2,3,1.50,N,,N,N,N,"100157131, 100157374, 100165120","배명갑, 장병운, 오상문","더불어민주당, 국민의힘, 국민의힘",0,0,2,1,0,0,Y,6|경상남도|창원시더선거구
경상남도,창원시마선거구,구시군의회의원,지역구,6,2,3,1.50,N,,N,N,N,"100155523, 100157884, 100160127","박현재, 김경희, 이정희","더불어민주당, 더불어민주당, 국민의힘",2,0,2,2,0,1,Y,6|경상남도|창원시마선거구
경상남도,창원시아선거구,구시군의회의원,지역구,6,2,3,1.50,N,,N,N,N,"100156481, 100156400, 100163216","지상록, 전태완, 이천수","더불어민주당, 국민의힘, 국민의힘",1,0,1,1,0,0,Y,6|경상남도|창원시아선거구
경상남도,창원시카선거구,구시군의회의원,지역구,6,2,3,1.50,N,,N,N,N,"100158120, 100160335, 100157021","이우완, 남재욱, 안관호","더불어민주당, 국민의힘, 국민의힘",0,0,3,2,0,0,Y,6|경상남도|창원시카선거구
경상남도,통영시다선거구,구시군의회의원,지역구,6,2,3,1.50,N,,N,N,N,"100157210, 100156886, 100158202","김순덕, 김희자, 신철기","더불어민주당, 국민의힘, 국민의힘",1,0,0,0,0,0,Y,6|경상남도|통영시다선거구
경상남도,하동군다선거구,구시군의회의원,지역구,6,2,5,2.50,N,,N,N,N,"100159940, 100163524, 100163363, 100163175, 100163626","오영숙, 하정미, 서민호, 손병찬, 강대선","더불어민주당, 국민의힘, 국민의힘, 무소속, 무소속",2,0,0,0,0,0,Y,6|경상남도|하동군다선거구
경상남도,하동군라선거구,구시군의회의원,지역구,6,2,4,2.00,N,,N,N,N,"100160622, 100161085, 100159667, 100163147","최민경, 박정우, 양영수, 신재범","더불어민주당, 국민의힘, 국민의힘, 무소속",0,0,2,2,0,0,Y,6|경상남도|하동군라선거구
경상남도,함안군나선거구,구시군의회의원,지역구,6,2,4,2.00,N,,N,N,N,"100160450, 100160588, 100160142, 100160072","조만제, 문석주, 윤광수, 정유돈","국민의힘, 국민의힘, 무소속, 무소속",0,0,3,2,0,0,Y,6|경상남도|함안군나선거구
경상남도,합천군나선거구,구시군의회의원,지역구,6,2,6,3.00,N,,N,N,N,"100160031, 100161492, 100159816, 100160500, 100158551, 100158959","권병윤, 신명기, 하만용, 김태구, 한동기, 조삼술","국민의힘, 국민의힘, 무소속, 무소속, 무소속, 무소속",0,0,4,1,0,0,Y,6|경상남도|합천군나선거구
경상남도,거창군,기초의원비례,비례,9,2,3,1.50,N,,N,N,N,"100164288, 100164319, 100164297","백종숙, 배은미, 김미영","더불어민주당, 더불어민주당, 국민의힘",0,0,1,1,1,0,Y,9|경상남도|거창군
경상남도,고성군,기초의원비례,비례,9,2,4,2.00,N,,N,N,N,"100164197, 100164198, 100164685, 100164688","윤정애, 한채민, 양애정, 이윤이","더불어민주당, 더불어민주당, 국민의힘, 국민의힘",1,0,0,0,0,0,Y,9|경상남도|고성군
경상남도,밀양시,기초의원비례,비례,9,2,5,2.50,N,,N,N,N,"100164378, 100164383, 100164331, 100164371, 100164389","박미경, 최미숙, 이영자, 조재옥, 민정화","더불어민주당, 더불어민주당, 국민의힘, 국민의힘, 진보당",1,0,0,0,0,0,Y,9|경상남도|밀양시
경상남도,사천시,기초의원비례,비례,9,2,4,2.00,N,,N,N,N,"100165080, 100165093, 100164756, 100164876","이정숙, 김미선, 노숙자, 김연화","더불어민주당, 더불어민주당, 국민의힘, 진보당",1,0,0,0,0,0,Y,9|경상남도|사천시
경상남도,양산시,기초의원비례,비례,9,2,3,1.50,N,,N,N,N,"100164432, 100164898, 100164788","이순천, 최연화, 구영순","더불어민주당, 국민의힘, 진보당",1,0,2,1,0,1,Y,9|경상남도|양산시
경상남도,통영시,기초의원비례,비례,9,2,3,1.50,N,,N,N,N,"100165257, 100165302, 100165159","최윤희, 김경희, 박근량","더불어민주당, 더불어민주당, 국민의힘",0,0,1,1,1,0,Y,9|경상남도|통영시
경상북도,경주시나선거구,구시군의회의원,지역구,6,2,5,2.50,N,,N,N,N,"100158653, 100155223, 100156386, 100157369, 100162509","김용관, 김영우, 박용준, 최소동, 김호식","더불어민주당, 국민의힘, 국민의힘, 무소속, 무소속",2,0,3,0,0,0,Y,6|경상북도|경주시나선거구
경상북도,경주시라선거구,구시군의회의원,지역구,6,2,4,2.00,N,,N,N,N,"100155367, 100160877, 100158218, 100154271","김경주, 최재필, 최영기, 김철민","더불어민주당, 국민의힘, 국민의힘, 무소속",0,0,3,3,0,0,Y,6|경상북도|경주시라선거구
경상북도,경주시마선거구,구시군의회의원,지역구,6,2,3,1.50,N,,N,N,N,"100158407, 100155659, 100160219","이강희, 김영철, 정성룡","더불어민주당, 국민의힘, 국민의힘",0,0,2,2,0,0,Y,6|경상북도|경주시마선거구
경상북도,경주시사선거구,구시군의회의원,지역구,6,2,3,1.50,N,,N,N,N,"100158623, 100154268, 100160570","한영태, 김동수, 임활","더불어민주당, 국민의힘, 국민의힘",0,0,2,2,0,0,Y,6|경상북도|경주시사선거구
경상북도,경주시아선거구,구시군의회의원,지역구,6,2,4,2.00,N,,N,N,N,"100155668, 100154250, 100154256, 100161566","최규학, 손윤희, 김학림, 김동해","더불어민주당, 국민의힘, 국민의힘, 무소속",1,0,1,0,0,0,Y,6|경상북도|경주시아선거구
경상북도,고령군나선거구,구시군의회의원,지역구,6,2,3,1.50,N,,N,N,N,"100158749, 100160712, 100160000","성낙철, 나영완, 손형순","국민의힘, 국민의힘, 무소속",1,0,3,1,1,1,Y,6|경상북도|고령군나선거구
경상북도,구미시나선거구,구시군의회의원,지역구,6,2,3,1.50,N,,N,N,N,"100162217, 100161704, 100162228","김정미, 이정호, 박세채","더불어민주당, 국민의힘, 국민의힘",0,0,2,2,0,0,Y,6|경상북도|구미시나선거구
경상북도,구미시다선거구,구시군의회의원,지역구,6,2,3,1.50,N,,N,N,N,"100162197, 100162172, 100162191","김창수, 김원섭, 김영태","더불어민주당, 국민의힘, 국민의힘",1,0,2,1,0,1,Y,6|경상북도|구미시다선거구
경상북도,구미시라선거구,구시군의회의원,지역구,6,2,3,1.50,N,,N,N,N,"100158636, 100162119, 100161769","이영규, 장세구, 김정도","더불어민주당, 국민의힘, 국민의힘",1,0,2,2,0,1,Y,6|경상북도|구미시라선거구
경상북도,구미시마선거구,구시군의회의원,지역구,6,2,3,1.50,N,,N,N,N,"100157355, 100161646, 100161533","김지식, 김춘남, 허민근","더불어민주당, 국민의힘, 국민의힘",1,0,2,2,0,1,Y,6|경상북도|구미시마선거구
경상북도,구미시바선거구,구시군의회의원,지역구,6,2,3,1.50,N,,N,N,N,"100163682, 100162736, 100164823","이정임, 장미경, 양진오","더불어민주당, 국민의힘, 국민의힘",1,0,2,1,0,1,Y,6|경상북도|구미시바선거구
경상북도,구미시사선거구,구시군의회의원,지역구,6,2,4,2.00,N,,N,N,N,"100158446, 100157349, 100161530, 100162185","추은희, 김종화, 강승수, 김순조","더불어민주당, 국민의힘, 국민의힘, 자유와혁신",1,0,1,1,0,0,Y,6|경상북도|구미시사선거구
경상북도,김천시가선거구,구시군의회의원,지역구,6,2,6,3.00,N,,N,N,N,"100157745, 100161734, 100161663, 100154940, 100161857, 100156344","권용덕, 우지연, 박복순, 이상영, 이복상, 박건우","더불어민주당, 국민의힘, 국민의힘, 무소속, 무소속, 무소속",1,0,3,2,1,0,Y,6|경상북도|김천시가선거구
경상북도,김천시다선거구,구시군의회의원,지역구,6,2,5,2.50,N,,N,N,N,"100158767, 100155177, 100160785, 100161789, 100161695","이기유, 김상엽, 하동계, 이승우, 정재정","더불어민주당, 국민의힘, 무소속, 무소속, 무소속",2,0,4,1,0,1,Y,6|경상북도|김천시다선거구
경상북도,김천시라선거구,구시군의회의원,지역구,6,2,3,1.50,N,,N,N,N,"100160015, 100161706, 100161700","최완열, 박대하, 배형태","국민의힘, 국민의힘, 무소속",1,0,1,1,0,1,Y,6|경상북도|김천시라선거구
경상북도,김천시바선거구,구시군의회의원,지역구,6,2,4,2.00,N,,N,N,N,"100157134, 100154565, 100161466, 100157302","박희현, 노하룡, 박근혜, 장재호","더불어민주당, 국민의힘, 국민의힘, 무소속",3,1,2,1,0,1,Y,6|경상북도|김천시바선거구
경상북도,문경시가선거구,구시군의회의원,지역구,6,2,5,2.50,N,,N,N,N,"100155592, 100155997, 100156951, 100155370, 100157969","김남희, 황재용, 채남식, 김원식, 김경환","국민의힘, 국민의힘, 무소속, 무소속, 무소속",1,0,3,2,0,1,Y,6|경상북도|문경시가선거구
경상북도,문경시다선거구,구시군의회의원,지역구,6,2,3,1.50,N,,N,N,N,"100162760, 100163974, 100161958","고상범, 남기호, 김대순","국민의힘, 국민의힘, 무소속",1,0,1,1,0,1,Y,6|경상북도|문경시다선거구
경상북도,문경시라선거구,구시군의회의원,지역구,6,2,6,3.00,N,,N,N,N,"100157507, 100155054, 100157317, 100158116, 100156249, 100156875","김영숙, 양재필, 장봉춘, 박춘남, 송영탁, 정지대","국민의힘, 국민의힘, 무소속, 무소속, 무소속, 무소속",3,0,3,2,0,0,Y,6|경상북도|문경시라선거구
경상북도,봉화군가선거구,구시군의회의원,지역구,6,2,5,2.50,N,,N,N,N,"100158840, 100162255, 100159297, 100162605, 100158847","한재욱, 이승훈, 최기탁, 조병두, 우영달","국민의힘, 국민의힘, 무소속, 무소속, 무소속",1,0,2,0,0,0,Y,6|경상북도|봉화군가선거구
경상북도,상주시가선거구,구시군의회의원,지역구,6,2,5,2.50,N,,N,N,N,"100155217, 100162536, 100162966, 100154763, 100154689","김정규, 박광덕, 최경철, 조희제, 허순이","국민의힘, 국민의힘, 무소속, 무소속, 무소속",1,0,1,1,0,0,Y,6|경상북도|상주시가선거구
경상북도,상주시나선거구,구시군의회의원,지역구,6,2,3,1.50,N,,N,N,N,"100155335, 100163136, 100158579","김영근, 안창수, 성성호","국민의힘, 국민의힘, 무소속",2,0,3,2,0,1,Y,6|경상북도|상주시나선거구
경상북도,성주군다선거구,구시군의회의원,지역구,6,2,4,2.00,N,,N,N,N,"100159335, 100161862, 100162741, 100159336","여청환, 구교강, 여노연, 배명호","국민의힘, 국민의힘, 무소속, 무소속",0,0,2,1,0,0,Y,6|경상북도|성주군다선거구
경상북도,안동시가선거구,구시군의회의원,지역구,6,2,3,1.50,N,,N,N,N,"100163001, 100161627, 100163377","김새롬, 여주희, 우창하","더불어민주당, 국민의힘, 국민의힘",1,0,0,0,0,0,Y,6|경상북도|안동시가선거구
경상북도,안동시다선거구,구시군의회의원,지역구,6,2,3,1.50,N,,N,N,N,"100162562, 100154647, 100156126","김순중, 김철현, 강석주","더불어민주당, 국민의힘, 국민의힘",0,0,1,1,1,0,Y,6|경상북도|안동시다선거구
경상북도,안동시라선거구,구시군의회의원,지역구,6,2,4,2.00,N,,N,N,N,"100157158, 100163936, 100157757, 100163540","안병일, 권기익, 정재충, 이재갑","국민의힘, 국민의힘, 무소속, 무소속",1,1,2,1,0,0,Y,6|경상북도|안동시라선거구
경상북도,안동시마선거구,구시군의회의원,지역구,6,2,5,2.50,N,,N,N,N,"100158622, 100162408, 100155607, 100160679, 100156297","심재한, 김창현, 권용덕, 허승규, 장원호","더불어민주당, 국민의힘, 국민의힘, 녹색당, 무소속",0,0,2,1,0,0,Y,6|경상북도|안동시마선거구
경상북도,안동시바선거구,구시군의회의원,지역구,6,2,5,2.50,N,,N,N,N,"100163060, 100162809, 100158796, 100155154, 100163056","김호석, 박치선, 손경식, 권기원, 김규일","더불어민주당, 국민의힘, 국민의힘, 무소속, 무소속",2,1,4,0,0,0,Y,6|경상북도|안동시바선거구
경상북도,안동시아선거구,구시군의회의원,지역구,6,2,5,2.50,N,,N,N,N,"100155108, 100158765, 100163684, 100161164, 100163472","남준호, 이경환, 김상진, 배은주, 김경도","더불어민주당, 국민의힘, 국민의힘, 무소속, 무소속",0,0,1,1,0,0,Y,6|경상북도|안동시아선거구
경상북도,영주시가선거구,구시군의회의원,지역구,6,2,5,2.50,N,,N,N,N,"100163611, 100162082, 100154232, 100155507, 100163418","김기훈, 이재창, 이정석, 이재민, 김병기","더불어민주당, 국민의힘, 국민의힘, 무소속, 무소속",1,0,2,0,0,0,Y,6|경상북도|영주시가선거구
경상북도,영주시나선거구,구시군의회의원,지역구,6,2,4,2.00,N,,N,N,N,"100156406, 100155394, 100154380, 100162087","최락선, 석혜순, 손종호, 유충상","더불어민주당, 국민의힘, 국민의힘, 무소속",1,0,1,0,0,0,Y,6|경상북도|영주시나선거구
경상북도,영주시다선거구,구시군의회의원,지역구,6,2,5,2.50,N,,N,N,N,"100156066, 100156783, 100154171, 100162011, 100163563","최선희, 권오기, 김석호, 김병창, 이대경","더불어민주당, 국민의힘, 국민의힘, 무소속, 무소속",2,0,0,0,0,0,Y,6|경상북도|영주시다선거구
경상북도,영주시라선거구,구시군의회의원,지역구,6,2,3,1.50,N,,N,N,N,"100162781, 100158548, 100160780","장영희, 이상근, 손성호","더불어민주당, 국민의힘, 국민의힘",0,0,1,1,0,0,Y,6|경상북도|영주시라선거구
경상북도,영주시마선거구,구시군의회의원,지역구,6,2,4,2.00,N,,N,N,N,"100157259, 100156027, 100160462, 100165423","목승균, 김삼재, 전규호, 최홍식","더불어민주당, 국민의힘, 국민의힘, 무소속",0,0,1,1,0,0,Y,6|경상북도|영주시마선거구
경상북도,영주시바선거구,구시군의회의원,지역구,6,2,5,2.50,N,,N,N,N,"100160298, 100155723, 100157104, 100161301, 100158611","전영탁, 양기택, 전풍림, 최종찬, 김주영","더불어민주당, 국민의힘, 국민의힘, 무소속, 무소속",2,0,3,2,0,1,Y,6|경상북도|영주시바선거구
경상북도,영천시라선거구,구시군의회의원,지역구,6,2,3,1.50,N,,N,N,N,"100163492, 100163667, 100163679","이갑균, 권기한, 김수환","국민의힘, 국민의힘, 무소속",1,0,1,1,0,1,Y,6|경상북도|영천시라선거구
경상북도,예천군가선거구,구시군의회의원,지역구,6,2,4,2.00,N,,N,N,N,"100160973, 100163180, 100163669, 100161891","신향순, 권도식, 이성환, 장삼규","국민의힘, 무소속, 무소속, 무소속",1,0,2,1,0,0,Y,6|경상북도|예천군가선거구
경상북도,예천군나선거구,구시군의회의원,지역구,6,2,3,1.50,N,,N,N,N,"100161628, 100161049, 100163671","김홍년, 박종철, 강영구","국민의힘, 무소속, 무소속",1,0,2,1,0,1,Y,6|경상북도|예천군나선거구
경상북도,울릉군나선거구,구시군의회의원,지역구,6,2,4,2.00,N,,N,N,N,"100162683, 100162596, 100162883, 100162761","이상식, 최병호, 백운배, 이철우","국민의힘, 국민의힘, 무소속, 무소속",1,0,2,0,0,0,Y,6|경상북도|울릉군나선거구
경상북도,울진군가선거구,구시군의회의원,지역구,6,2,5,2.50,N,,N,N,N,"100160038, 100159549, 100159581, 100161841, 100159718","장문봉, 임승필, 김승욱, 박영길, 김도엽","국민의힘, 국민의힘, 무소속, 무소속, 무소속",2,0,1,1,0,0,Y,6|경상북도|울진군가선거구
경상북도,울진군나선거구,구시군의회의원,지역구,6,2,4,2.00,N,,N,N,N,"100159339, 100158511, 100161732, 100160275","전석재, 정진호, 장유덕, 임동인","국민의힘, 개혁신당, 무소속, 무소속",1,0,1,0,0,0,Y,6|경상북도|울진군나선거구
경상북도,의성군다선거구,구시군의회의원,지역구,6,2,3,1.50,N,,N,N,N,"100161178, 100161360, 100162612","김원석, 오호열, 김동준","국민의힘, 국민의힘, 무소속",2,0,1,0,0,0,Y,6|경상북도|의성군다선거구
경상북도,의성군라선거구,구시군의회의원,지역구,6,2,4,2.00,N,,N,N,N,"100159420, 100159998, 100160020, 100159936","김성현, 박화자, 이정현, 최정영","국민의힘, 국민의힘, 무소속, 무소속",1,0,1,1,0,1,Y,6|경상북도|의성군라선거구
경상북도,의성군마선거구,구시군의회의원,지역구,6,2,3,1.50,N,,N,N,N,"100159804, 100160897, 100159431","송승목, 우칠윤, 장철수","국민의힘, 국민의힘, 무소속",0,0,2,1,1,0,Y,6|경상북도|의성군마선거구
경상북도,칠곡군라선거구,구시군의회의원,지역구,6,2,4,2.00,N,,N,N,N,"100160309, 100160073, 100158664, 100161674","김석기, 박정익, 조동석, 구정회","더불어민주당, 국민의힘, 국민의힘, 무소속",0,0,3,1,0,0,Y,6|경상북도|칠곡군라선거구
경상북도,포항시다선거구,구시군의회의원,지역구,6,2,4,2.00,N,,N,N,N,"100160795, 100161980, 100157997, 100162846","전주형, 김현옥, 김재원, 안준수","더불어민주당, 국민의힘, 국민의힘, 무소속",1,0,1,1,0,0,Y,6|경상북도|포항시다선거구
경상북도,포항시라선거구,구시군의회의원,지역구,6,2,3,1.50,N,,N,N,N,"100160851, 100155732, 100158607","오호영, 정종식, 안병국","국민의힘, 국민의힘, 무소속",1,0,1,1,1,0,Y,6|경상북도|포항시라선거구
경상북도,포항시바선거구,구시군의회의원,지역구,6,2,4,2.00,N,,N,N,N,"100163446, 100161147, 100158581, 100162964","손태식, 안은희, 양아영, 김성조","더불어민주당, 국민의힘, 국민의힘, 개혁신당",1,1,1,0,0,0,Y,6|경상북도|포항시바선거구
경상북도,포항시사선거구,구시군의회의원,지역구,6,2,4,2.00,N,,N,N,N,"100163341, 100162909, 100160981, 100154397","김만호, 황찬규, 김정희, 박희진","더불어민주당, 국민의힘, 국민의힘, 진보당",0,0,2,1,0,0,Y,6|경상북도|포항시사선거구
경상북도,포항시아선거구,구시군의회의원,지역구,6,2,4,2.00,N,,N,N,N,"100163664, 100162535, 100162558, 100154034","허종문, 김철수, 김영헌, 이준영","더불어민주당, 국민의힘, 국민의힘, 무소속",2,0,2,1,0,1,Y,6|경상북도|포항시아선거구
경상북도,김천시,기초의원비례,비례,9,2,4,2.00,N,,N,N,N,"100165346, 100165349, 100165357, 100165360","전은애, 홍정애, 조명숙, 배정희","더불어민주당, 더불어민주당, 국민의힘, 국민의힘",0,0,1,1,1,0,Y,9|경상북도|김천시
경상북도,상주시,기초의원비례,비례,9,2,4,2.00,N,,N,N,N,"100164356, 100165615, 100165618, 100165624","이은주, 고연선, 김장환, 조은희","더불어민주당, 국민의힘, 국민의힘, 국민의힘",1,0,1,0,0,0,Y,9|경상북도|상주시
경상북도,안동시,기초의원비례,비례,9,2,3,1.50,N,,N,N,N,"100164266, 100164264, 100164268","권해숙, 김미경, 김홍기","더불어민주당, 국민의힘, 국민의힘",1,0,2,2,1,1,Y,9|경상북도|안동시
경상북도,영천시,기초의원비례,비례,9,2,3,1.50,N,,N,N,N,"100164505, 100165483, 100165484","조상임, 김명희, 김상운","더불어민주당, 국민의힘, 국민의힘",1,0,1,1,1,0,Y,9|경상북도|영천시
경상북도,의성군,기초의원비례,비례,9,2,3,1.50,N,,N,N,N,"100164544, 100164546, 100164545","서하나, 이귀애, 윤형호","더불어민주당, 국민의힘, 국민의힘",0,0,1,1,0,0,Y,9|경상북도|의성군
광주광역시,광산구,기초의원비례,비례,9,2,4,2.00,N,,N,N,N,"100165363, 100165371, 100165734, 100164667","이혜경, 임인승, 김미라, 김은희","더불어민주당, 더불어민주당, 조국혁신당, 진보당",1,0,0,0,0,0,Y,9|광주광역시|광산구
광주광역시,남구,기초의원비례,비례,9,2,4,2.00,N,,N,N,N,"100164384, 100164381, 100165124, 100164184","이미경, 최현숙, 유정심, 이선옥","더불어민주당, 더불어민주당, 조국혁신당, 진보당",1,0,0,0,0,0,Y,9|광주광역시|남구
광주광역시,서구,기초의원비례,비례,9,2,4,2.00,N,,N,N,N,"100164094, 100164166, 100164208, 100164213","임수아, 나성주, 유주숙, 박미라","더불어민주당, 더불어민주당, 조국혁신당, 진보당",1,0,1,1,1,1,Y,9|광주광역시|서구
대구광역시,남구나선거구,구시군의회의원,지역구,6,2,4,2.00,N,,N,N,N,"100154733, 100163241, 100161461, 100161967","주경민, 김재겸, 송민선, 도희환","더불어민주당, 국민의힘, 국민의힘, 무소속",1,0,0,0,0,0,Y,6|대구광역시|남구나선거구
대구광역시,남구다선거구,구시군의회의원,지역구,6,2,5,2.50,N,,N,N,N,"100158422, 100163233, 100163652, 100163996, 100162058","강민욱, 나영조, 배민철, 강덕수, 정재목","더불어민주당, 국민의힘, 국민의힘, 자유민주당, 무소속",1,1,2,1,0,0,Y,6|대구광역시|남구다선거구
대구광역시,달서구라선거구,구시군의회의원,지역구,6,2,3,1.50,N,,N,N,N,"100161637, 100163028, 100163530","남은경, 최안집, 강한곤","더불어민주당, 국민의힘, 국민의힘",1,0,1,1,0,1,Y,6|대구광역시|달서구라선거구
대구광역시,달서구마선거구,구시군의회의원,지역구,6,2,3,1.50,N,,N,N,N,"100162525, 100163373, 100163436","배지훈, 이선주, 김광수","더불어민주당, 국민의힘, 국민의힘",0,0,3,1,0,0,Y,6|대구광역시|달서구마선거구
대구광역시,달성군가선거구,구시군의회의원,지역구,6,2,4,2.00,N,,N,N,N,"100160591, 100161999, 100161844, 100160390","배한곤, 전홍배, 신달호, 우영훈","더불어민주당, 국민의힘, 국민의힘, 개혁신당",1,0,0,0,0,0,Y,6|대구광역시|달성군가선거구
대구광역시,동구바선거구,구시군의회의원,지역구,6,2,3,1.50,N,,N,N,N,"100160372, 100162505, 100162180","안평훈, 김은옥, 최호영","더불어민주당, 국민의힘, 국민의힘",1,1,0,0,0,0,Y,6|대구광역시|동구바선거구
대구광역시,서구가선거구,구시군의회의원,지역구,6,2,3,1.50,N,,N,N,N,"100162363, 100154089, 100163340","손효원, 오진영, 김진출","더불어민주당, 국민의힘, 국민의힘",1,0,1,0,0,0,Y,6|대구광역시|서구가선거구
대구광역시,서구다선거구,구시군의회의원,지역구,6,2,4,2.00,N,,N,N,N,"100160537, 100162323, 100158789, 100154110","김남일, 성기순, 오연환, 김종일","더불어민주당, 국민의힘, 국민의힘, 무소속",0,0,2,2,0,0,Y,6|대구광역시|서구다선거구
대구광역시,서구라선거구,구시군의회의원,지역구,6,2,3,1.50,N,,N,N,N,"100157856, 100162182, 100162778","노민석, 우남흥, 백일권","더불어민주당, 국민의힘, 국민의힘",1,0,3,2,0,0,Y,6|대구광역시|서구라선거구
대구광역시,수성구나선거구,구시군의회의원,지역구,6,2,4,2.00,N,,N,N,N,"100158550, 100161429, 100162388, 100154950","지형일, 정준화, 남정호, 김희섭","더불어민주당, 국민의힘, 국민의힘, 무소속",1,0,3,1,0,0,Y,6|대구광역시|수성구나선거구
대구광역시,수성구다선거구,구시군의회의원,지역구,6,2,3,1.50,N,,N,N,N,"100157880, 100162742, 100162885","전학익, 박영환, 최홍석","더불어민주당, 국민의힘, 국민의힘",1,0,2,2,0,1,Y,6|대구광역시|수성구다선거구
대구광역시,동구,기초의원비례,비례,9,2,3,1.50,N,,N,N,N,"100165140, 100165367, 100165380","백소영, 민영혜, 권현구","더불어민주당, 국민의힘, 국민의힘",1,0,1,1,0,1,Y,9|대구광역시|동구
대전광역시,서구,기초의원비례,비례,9,2,3,1.50,N,,N,N,N,"100165241, 100165251, 100165203","최혜연, 한명자, 함미정","더불어민주당, 더불어민주당, 국민의힘",1,0,1,0,0,0,Y,9|대전광역시|서구
대전광역시,유성구,기초의원비례,비례,9,2,3,1.50,N,,N,N,N,"100165721, 100165847, 100165248","박현선, 김현중, 유미자","더불어민주당, 더불어민주당, 국민의힘",2,0,0,0,0,0,Y,9|대전광역시|유성구
부산광역시,금정구가선거구,구시군의회의원,지역구,6,2,5,2.50,N,,N,N,N,"100155799, 100160677, 100160890, 100154979, 100160770","양달막, 김효영, 조현조, 이중열, 김봉곤","더불어민주당, 국민의힘, 개혁신당, 무소속, 무소속",1,0,2,1,0,0,Y,6|부산광역시|금정구가선거구
부산광역시,기장군가선거구,구시군의회의원,지역구,6,2,6,3.00,N,,N,N,N,"100161352, 100160319, 100161636, 100161060, 100161778, 100160802","허준섭, 김명원, 박기조, 김종구, 김순종, 김정우","더불어민주당, 국민의힘, 국민의힘, 조국혁신당, 무소속, 무소속",1,0,3,2,0,0,Y,6|부산광역시|기장군가선거구
부산광역시,기장군나선거구,구시군의회의원,지역구,6,2,4,2.00,N,,N,N,N,"100160344, 100163645, 100162472, 100162705","황준우, 구혜진, 박홍복, 황운철","더불어민주당, 국민의힘, 국민의힘, 무소속",1,0,0,0,0,0,Y,6|부산광역시|기장군나선거구
부산광역시,남구다선거구,구시군의회의원,지역구,6,2,3,1.50,N,,N,N,N,"100158584, 100157625, 100156198","이병준, 백석민, 이종현","더불어민주당, 더불어민주당, 국민의힘",1,0,2,0,0,0,Y,6|부산광역시|남구다선거구
부산광역시,부산진구라선거구,구시군의회의원,지역구,6,2,3,1.50,N,,N,N,N,"100156971, 100163938, 100163576","강지백, 이분희, 배금강","더불어민주당, 국민의힘, 국민의힘",1,0,1,0,0,0,Y,6|부산광역시|부산진구라선거구
부산광역시,북구다선거구,구시군의회의원,지역구,6,2,3,1.50,N,,N,N,N,"100158227, 100161223, 100157780","하남욱, 김성택, 박성복","더불어민주당, 국민의힘, 무소속",0,0,1,1,0,0,Y,6|부산광역시|북구다선거구
부산광역시,사상구나선거구,구시군의회의원,지역구,6,2,3,1.50,N,,N,N,N,"100154510, 100162514, 100162656","윤홍현, 김향남, 김종선","더불어민주당, 더불어민주당, 국민의힘",1,0,2,0,0,0,Y,6|부산광역시|사상구나선거구
부산광역시,사상구다선거구,구시군의회의원,지역구,6,2,3,1.50,N,,N,N,N,"100164423, 100162575, 100165697","주성환, 김윤경, 신세영","더불어민주당, 국민의힘, 무소속",0,0,2,1,0,0,Y,6|부산광역시|사상구다선거구
부산광역시,사하구다선거구,구시군의회의원,지역구,6,2,3,1.50,N,,N,N,N,"100160641, 100158084, 100158443","강현식, 조재영, 정명철","더불어민주당, 국민의힘, 국민의힘",1,0,1,0,0,0,Y,6|부산광역시|사하구다선거구
부산광역시,사하구라선거구,구시군의회의원,지역구,6,2,4,2.00,N,,N,N,N,"100158915, 100158763, 100157222, 100162378","유영현, 김민경, 박훈희, 유동철","더불어민주당, 국민의힘, 국민의힘, 무소속",1,0,0,0,0,0,Y,6|부산광역시|사하구라선거구
부산광역시,수영구나선거구,구시군의회의원,지역구,6,2,3,1.50,N,,N,N,N,"100157850, 100161113, 100161932","이나견, 황도연, 최승호","더불어민주당, 국민의힘, 무소속",0,0,2,1,1,0,Y,6|부산광역시|수영구나선거구
부산광역시,연제구나선거구,구시군의회의원,지역구,6,2,5,2.50,N,,N,N,N,"100160746, 100159892, 100158451, 100156117, 100165335","김근영, 이창민, 황지원, 홍기호, 하만성","더불어민주당, 국민의힘, 국민의힘, 진보당, 무소속",1,0,2,0,0,0,Y,6|부산광역시|연제구나선거구
부산광역시,연제구다선거구,구시군의회의원,지역구,6,2,5,2.50,N,,N,N,N,"100156699, 100160923, 100163247, 100154685, 100162403","변준호, 이미소, 권종헌, 김문노, 박성우","더불어민주당, 국민의힘, 국민의힘, 진보당, 무소속",1,0,1,1,0,0,Y,6|부산광역시|연제구다선거구
부산광역시,해운대구가선거구,구시군의회의원,지역구,6,2,3,1.50,N,,N,N,N,"100163998, 100163098, 100163536","이태희, 심윤정, 박현군","더불어민주당, 국민의힘, 무소속",0,0,1,1,0,0,Y,6|부산광역시|해운대구가선거구
부산광역시,해운대구사선거구,구시군의회의원,지역구,6,2,4,2.00,N,,N,N,N,"100157859, 100160700, 100160612, 100163688","박선용, 박정요, 나근호, 안동화","더불어민주당, 국민의힘, 국민의힘, 무소속",1,0,3,2,0,0,Y,6|부산광역시|해운대구사선거구
부산광역시,해운대구아선거구,구시군의회의원,지역구,6,2,4,2.00,N,,N,N,N,"100156399, 100163345, 100160632, 100155050","박호정, 김성군, 송민우, 손수진","더불어민주당, 더불어민주당, 국민의힘, 진보당",1,0,1,0,0,0,Y,6|부산광역시|해운대구아선거구
부산광역시,사하구,기초의원비례,비례,9,2,3,1.50,N,,N,N,N,"100165052, 100165063, 100165065","문미란, 김예종, 양영진","더불어민주당, 국민의힘, 국민의힘",0,0,1,1,0,0,Y,9|부산광역시|사하구
서울특별시,강남구사선거구,구시군의회의원,지역구,6,2,3,1.50,N,,N,N,N,"100160564, 100162442, 100162935","김윤희, 이인선, 노애자","더불어민주당, 국민의힘, 국민의힘",1,0,1,0,0,0,Y,6|서울특별시|강남구사선거구
서울특별시,강동구바선거구,구시군의회의원,지역구,6,2,4,2.00,N,,N,N,N,"100156200, 100162243, 100164388, 100159252","고종덕, 김경천, 정민우, 최찬호","더불어민주당, 국민의힘, 개혁신당, 자유와혁신",1,0,2,1,0,0,Y,6|서울특별시|강동구바선거구
서울특별시,강서구나선거구,구시군의회의원,지역구,6,2,5,2.50,N,,N,N,N,"100162184, 100162639, 100155973, 100163293, 100162225","조기만, 정재봉, 이상욱, 조화훈, 임문주","더불어민주당, 국민의힘, 정의당, 무소속, 무소속",1,0,2,1,0,0,Y,6|서울특별시|강서구나선거구
서울특별시,강서구다선거구,구시군의회의원,지역구,6,2,3,1.50,N,,N,N,N,"100157749, 100162520, 100162001","이홍영, 김희동, 안성현","더불어민주당, 국민의힘, 무소속",0,0,1,1,1,0,Y,6|서울특별시|강서구다선거구
서울특별시,강서구바선거구,구시군의회의원,지역구,6,2,3,1.50,N,,N,N,N,"100161757, 100162412, 100162623","이충숙, 김희선, 한명희","더불어민주당, 국민의힘, 조국혁신당",0,0,1,1,0,0,Y,6|서울특별시|강서구바선거구
서울특별시,강서구아선거구,구시군의회의원,지역구,6,2,3,1.50,N,,N,N,N,"100161820, 100157665, 100162263","강선영, 김용정, 김현진","더불어민주당, 더불어민주당, 국민의힘",1,0,2,2,0,0,Y,6|서울특별시|강서구아선거구
서울특별시,구로구나선거구,구시군의회의원,지역구,6,2,3,1.50,N,,N,N,N,"100158423, 100161578, 100158039","양명희, 김용권, 신만철","더불어민주당, 국민의힘, 무소속",1,0,0,0,0,0,Y,6|서울특별시|구로구나선거구
서울특별시,금천구나선거구,구시군의회의원,지역구,6,2,4,2.00,N,,N,N,N,"100162276, 100156920, 100157820, 100165714","도병두, 김효섭, 박오임, 김선주","더불어민주당, 더불어민주당, 국민의힘, 무소속",1,0,0,0,0,0,Y,6|서울특별시|금천구나선거구
서울특별시,금천구다선거구,구시군의회의원,지역구,6,2,3,1.50,N,,N,N,N,"100154594, 100156372, 100156843","박대웅, 정재동, 장규권","더불어민주당, 더불어민주당, 국민의힘",1,0,0,0,0,0,Y,6|서울특별시|금천구다선거구
서울특별시,금천구라선거구,구시군의회의원,지역구,6,2,3,1.50,N,,N,N,N,"100155947, 100158978, 100165173","유지영, 우상원, 김민종","더불어민주당, 국민의힘, 무소속",0,0,1,1,0,0,Y,6|서울특별시|금천구라선거구
서울특별시,도봉구라선거구,구시군의회의원,지역구,6,2,3,1.50,N,,N,N,N,"100158458, 100161643, 100155457","이성민, 김복상, 조미애","더불어민주당, 더불어민주당, 국민의힘",0,0,2,1,0,0,Y,6|서울특별시|도봉구라선거구
서울특별시,동대문구가선거구,구시군의회의원,지역구,6,2,3,1.50,N,,N,N,N,"100158598, 100160212, 100162286","서정인, 김남길, 최영숙","더불어민주당, 더불어민주당, 국민의힘",0,0,2,2,0,0,Y,6|서울특별시|동대문구가선거구
서울특별시,동대문구나선거구,구시군의회의원,지역구,6,2,3,1.50,N,,N,N,N,"100161430, 100159137, 100161172","손세영, 강수연, 한지엽","더불어민주당, 더불어민주당, 국민의힘",1,0,1,1,0,0,Y,6|서울특별시|동대문구나선거구
서울특별시,동대문구다선거구,구시군의회의원,지역구,6,2,3,1.50,N,,N,N,N,"100156007, 100159311, 100162676","이도연, 이강숙, 박영훈","더불어민주당, 더불어민주당, 국민의힘",0,0,1,1,0,0,Y,6|서울특별시|동대문구다선거구
서울특별시,동작구가선거구,구시군의회의원,지역구,6,2,4,2.00,N,,N,N,N,"100160933, 100158267, 100162523, 100162857","이영수, 오재영, 이민수, 정재천","더불어민주당, 국민의힘, 개혁신당, 무소속",2,0,1,0,0,0,Y,6|서울특별시|동작구가선거구
서울특별시,동작구마선거구,구시군의회의원,지역구,6,2,3,1.50,N,,N,N,N,"100155631, 100157288, 100158888","이수홍, 이영주, 정세열","더불어민주당, 더불어민주당, 국민의힘",1,0,2,0,0,0,Y,6|서울특별시|동작구마선거구
서울특별시,마포구바선거구,구시군의회의원,지역구,6,2,3,1.50,N,,N,N,N,"100162494, 100161893, 100165835","차해영, 안미자, 최근성","더불어민주당, 국민의힘, 무소속",1,0,1,1,0,0,Y,6|서울특별시|마포구바선거구
서울특별시,서대문구다선거구,구시군의회의원,지역구,6,2,3,1.50,N,,N,N,N,"100156505, 100154732, 100161259","송은경, 한승우, 강민하","더불어민주당, 더불어민주당, 국민의힘",0,0,1,1,0,0,Y,6|서울특별시|서대문구다선거구
서울특별시,서초구라선거구,구시군의회의원,지역구,6,2,5,2.50,N,,N,N,N,"100163173, 100162288, 100161386, 100165691, 100155337","하서영, 김형우, 이현숙, 서용택, 김성주","더불어민주당, 국민의힘, 국민의힘, 자유와혁신, 무소속",2,0,1,1,0,1,Y,6|서울특별시|서초구라선거구
서울특별시,성북구바선거구,구시군의회의원,지역구,6,2,3,1.50,N,,N,N,N,"100161614, 100162150, 100163600","김경이, 김태균, 노진한","더불어민주당, 국민의힘, 무소속",0,0,1,1,0,0,Y,6|서울특별시|성북구바선거구
서울특별시,송파구사선거구,구시군의회의원,지역구,6,2,4,2.00,N,,N,N,N,"100162869, 100165431, 100163503, 100163648","정동배, 박인섭, 이명섭, 이하식","더불어민주당, 국민의힘, 무소속, 무소속",0,0,1,1,0,0,Y,6|서울특별시|송파구사선거구
서울특별시,송파구차선거구,구시군의회의원,지역구,6,2,3,1.50,N,,N,N,N,"100157084, 100156566, 100157515","채승우, 김진호, 박지효","더불어민주당, 더불어민주당, 국민의힘",1,0,1,1,0,0,Y,6|서울특별시|송파구차선거구
서울특별시,양천구가선거구,구시군의회의원,지역구,6,2,4,2.00,N,,N,N,N,"100158014, 100155895, 100163031, 100163485","김광성, 김상기, 공기환, 김범일","더불어민주당, 더불어민주당, 국민의힘, 개혁신당",1,0,1,1,0,0,Y,6|서울특별시|양천구가선거구
서울특별시,양천구나선거구,구시군의회의원,지역구,6,2,3,1.50,N,,N,N,N,"100165387, 100158471, 100165793","이수옥, 천용희, 김원근","더불어민주당, 국민의힘, 무소속",0,0,2,2,0,0,Y,6|서울특별시|양천구나선거구
서울특별시,양천구마선거구,구시군의회의원,지역구,6,2,3,1.50,N,,N,N,N,"100162854, 100154883, 100162684","이재웅, 최수균, 조진호","더불어민주당, 더불어민주당, 국민의힘",1,0,1,1,0,1,Y,6|서울특별시|양천구마선거구
서울특별시,양천구바선거구,구시군의회의원,지역구,6,2,3,1.50,N,,N,N,N,"100160377, 100156114, 100162576","오해정, 박종호, 정택진","더불어민주당, 더불어민주당, 국민의힘",1,0,0,0,0,0,Y,6|서울특별시|양천구바선거구
서울특별시,영등포구나선거구,구시군의회의원,지역구,6,2,3,1.50,N,,N,N,N,"100162105, 100163515, 100162369","김태현, 이태열, 최인순","더불어민주당, 더불어민주당, 국민의힘",1,0,2,1,0,0,Y,6|서울특별시|영등포구나선거구
서울특별시,용산구가선거구,구시군의회의원,지역구,6,2,3,1.50,N,,N,N,N,"100163523, 100163547, 100162511","황금선, 김송환, 김은희","더불어민주당, 국민의힘, 국민주권당",0,0,2,1,0,0,Y,6|서울특별시|용산구가선거구
서울특별시,용산구마선거구,구시군의회의원,지역구,6,2,4,2.00,N,,N,N,N,"100163442, 100163122, 100162397, 100162834","김형원, 박주남, 이미재, 권두성","더불어민주당, 국민의힘, 국민의힘, 무소속",1,0,1,0,0,0,Y,6|서울특별시|용산구마선거구
서울특별시,은평구마선거구,구시군의회의원,지역구,6,2,3,1.50,N,,N,N,N,"100160788, 100162668, 100160831","구미선, 권인경, 황호진","더불어민주당, 더불어민주당, 국민의힘",1,1,0,0,0,0,Y,6|서울특별시|은평구마선거구
서울특별시,은평구사선거구,구시군의회의원,지역구,6,2,3,1.50,N,,N,N,N,"100161523, 100161455, 100160828","이경구, 강태생, 이한백","더불어민주당, 더불어민주당, 국민의힘",0,0,1,1,0,0,Y,6|서울특별시|은평구사선거구
서울특별시,종로구다선거구,구시군의회의원,지역구,6,2,4,2.00,N,,N,N,N,"100158772, 100155977, 100160026, 100157041","이미자, 전영준, 박희연, 이광규","더불어민주당, 더불어민주당, 국민의힘, 국민의힘",0,0,2,2,1,0,Y,6|서울특별시|종로구다선거구
서울특별시,중구라선거구,구시군의회의원,지역구,6,2,3,1.50,N,,N,N,N,"100157325, 100157439, 100162152","김득천, 양찬현, 최윤성","더불어민주당, 더불어민주당, 국민의힘",0,0,1,1,0,0,Y,6|서울특별시|중구라선거구
서울특별시,강동구,기초의원비례,비례,9,2,3,1.50,N,,N,N,N,"100165237, 100165249, 100165556","김숙정, 이옥이, 이경숙","더불어민주당, 더불어민주당, 국민의힘",1,0,0,0,0,0,Y,9|서울특별시|강동구
서울특별시,광진구,기초의원비례,비례,9,2,3,1.50,N,,N,N,N,"100164616, 100164631, 100164634","김은희, 유승연, 김병선","더불어민주당, 국민의힘, 국민의힘",1,0,0,0,0,0,Y,9|서울특별시|광진구
서울특별시,동작구,기초의원비례,비례,9,2,4,2.00,N,,N,N,N,"100165812, 100165814, 100165858, 100165807","양정화, 김정심, 나주영, 김영림","더불어민주당, 더불어민주당, 국민의힘, 개혁신당",1,0,0,0,0,0,Y,9|서울특별시|동작구
서울특별시,마포구,기초의원비례,비례,9,2,3,1.50,N,,N,N,N,"100164511, 100164525, 100164529","고안경, 원성혜, 이채원","더불어민주당, 국민의힘, 국민의힘",0,0,1,1,1,0,Y,9|서울특별시|마포구
서울특별시,성동구,기초의원비례,비례,9,2,3,1.50,N,,N,N,N,"100165114, 100165261, 100165281","윤희정, 이경미, 홍성원","더불어민주당, 국민의힘, 국민의힘",1,0,0,0,0,0,Y,9|서울특별시|성동구
울산광역시,남구가선거구,구시군의회의원,지역구,6,2,3,1.50,N,,N,N,N,"100156156, 100160928, 100161612","강지윤, 안정원, 김언지","더불어민주당, 국민의힘, 국민의힘",1,0,1,0,0,0,Y,6|울산광역시|남구가선거구
울산광역시,남구다선거구,구시군의회의원,지역구,6,2,4,2.00,N,,N,N,N,"100156665, 100158625, 100158574, 100158537","이수현, 김우성, 홍성민, 김영삼","더불어민주당, 국민의힘, 국민의힘, 무소속",1,0,2,1,1,1,Y,6|울산광역시|남구다선거구
울산광역시,남구라선거구,구시군의회의원,지역구,6,2,4,2.00,N,,N,N,N,"100162537, 100161255, 100161256, 100154830","박인서, 권순용, 정훈희, 강미라","더불어민주당, 국민의힘, 국민의힘, 진보당",0,0,2,1,0,0,Y,6|울산광역시|남구라선거구
울산광역시,남구마선거구,구시군의회의원,지역구,6,2,5,2.50,N,,N,N,N,"100157221, 100161611, 100161605, 100163055, 100154818","류왕도, 이양임, 김영석, 정일경, 정기순","더불어민주당, 국민의힘, 국민의힘, 개혁신당, 진보당",2,0,3,1,0,0,Y,6|울산광역시|남구마선거구
울산광역시,남구바선거구,구시군의회의원,지역구,6,2,4,2.00,N,,N,N,N,"100156202, 100161623, 100163063, 100154838","김현정, 이상기, 김근우, 국일선","더불어민주당, 국민의힘, 개혁신당, 진보당",0,0,3,1,0,0,Y,6|울산광역시|남구바선거구
울산광역시,동구가선거구,구시군의회의원,지역구,6,2,3,1.50,N,,N,N,N,"100155226, 100161405, 100155423","유봉선, 임채윤, 조성희","더불어민주당, 국민의힘, 진보당",1,0,0,0,0,0,Y,6|울산광역시|동구가선거구
울산광역시,동구다선거구,구시군의회의원,지역구,6,2,3,1.50,N,,N,N,N,"100157416, 100157148, 100155555","이수영, 사덕민, 박인경","더불어민주당, 국민의힘, 진보당",1,0,2,0,0,0,Y,6|울산광역시|동구다선거구
울산광역시,북구가선거구,구시군의회의원,지역구,6,2,4,2.00,N,,N,N,N,"100162207, 100156950, 100159079, 100155410","박재완, 최병협, 송승엽, 김효증","더불어민주당, 국민의힘, 국민의힘, 진보당",0,0,2,1,0,0,Y,6|울산광역시|북구가선거구
울산광역시,울주군다선거구,구시군의회의원,지역구,6,2,3,1.50,N,,N,N,N,"100160526, 100160259, 100159069","정재훈, 박기홍, 강귀전","더불어민주당, 국민의힘, 진보당",0,0,2,2,0,0,Y,6|울산광역시|울주군다선거구
울산광역시,중구가선거구,구시군의회의원,지역구,6,2,3,1.50,N,,N,N,N,"100156240, 100160250, 100154951","김성민, 김태욱, 이현부","더불어민주당, 국민의힘, 국민의힘",0,0,1,1,0,0,Y,6|울산광역시|중구가선거구
울산광역시,남구,기초의원비례,비례,9,2,4,2.00,N,,N,N,N,"100164316, 100164323, 100164326, 100164360","고미영, 함영진, 강현주, 지연옥","더불어민주당, 국민의힘, 국민의힘, 진보당",1,0,0,0,0,0,Y,9|울산광역시|남구
인천광역시,검단구나선거구,구시군의회의원,지역구,6,2,4,2.00,N,,N,N,N,"100156360, 100157462, 100161059, 100164481","이향미, 백진기, 한규창, 윤현숙","더불어민주당, 더불어민주당, 국민의힘, 국민의힘",1,0,1,0,0,0,Y,6|인천광역시|검단구나선거구
인천광역시,검단구다선거구,구시군의회의원,지역구,6,2,3,1.50,N,,N,N,N,"100158182, 100158167, 100159143","박병빈, 송정호, 최규술","더불어민주당, 더불어민주당, 국민의힘",1,0,1,0,0,0,Y,6|인천광역시|검단구다선거구
인천광역시,계양구가선거구,구시군의회의원,지역구,6,2,3,1.50,N,,N,N,N,"100155752, 100154986, 100155208","백승화, 조덕제, 김연자","더불어민주당, 더불어민주당, 국민의힘",1,0,1,0,0,0,Y,6|인천광역시|계양구가선거구
인천광역시,계양구나선거구,구시군의회의원,지역구,6,2,3,1.50,N,,N,N,N,"100163969, 100165109, 100161753","신지수, 여재만, 박재성","더불어민주당, 국민의힘, 국민의힘",1,0,1,1,0,1,Y,6|인천광역시|계양구나선거구
인천광역시,남동구마선거구,구시군의회의원,지역구,6,2,3,1.50,N,,N,N,N,"100156363, 100158454, 100163096","이햇님, 이상수, 조영규","더불어민주당, 국민의힘, 무소속",1,0,2,2,0,1,Y,6|인천광역시|남동구마선거구
인천광역시,연수구가선거구,구시군의회의원,지역구,6,2,4,2.00,N,,N,N,N,"100155950, 100157977, 100160595, 100158271","구영미, 이정은, 이영자, 황충하","더불어민주당, 국민의힘, 개혁신당, 무소속",0,0,3,2,0,0,Y,6|인천광역시|연수구가선거구
인천광역시,연수구나선거구,구시군의회의원,지역구,6,2,4,2.00,N,,N,N,N,"100155012, 100161119, 100154561, 100155695","국정은, 한성민, 김일중, 황승민","더불어민주당, 국민의힘, 국민의힘, 무소속",2,0,0,0,0,0,Y,6|인천광역시|연수구나선거구
인천광역시,옹진군나선거구,구시군의회의원,지역구,6,2,3,1.50,N,,N,N,N,"100160583, 100160144, 100163704","김재홍, 박주광, 백동현","더불어민주당, 국민의힘, 국민의힘",0,0,2,2,0,0,Y,6|인천광역시|옹진군나선거구
인천광역시,옹진군다선거구,구시군의회의원,지역구,6,2,4,2.00,N,,N,N,N,"100160016, 100160489, 100161137, 100163213","이의명, 홍남곤, 변영현, 김규성","더불어민주당, 국민의힘, 무소속, 무소속",2,1,3,3,0,1,Y,6|인천광역시|옹진군다선거구
인천광역시,부평구,기초의원비례,비례,9,2,3,1.50,N,,N,N,N,"100164719, 100165233, 100165245","고화숙, 박시현, 지태훈","더불어민주당, 국민의힘, 국민의힘",1,0,1,0,0,0,Y,9|인천광역시|부평구
전라남도,나주시다선거구,구시군의회의원,지역구,6,2,3,1.50,N,,N,N,N,"100155713, 100156238, 100157631","김소영, 신상용, 최정기","더불어민주당, 더불어민주당, 무소속",1,0,1,1,0,1,Y,6|전라남도|나주시다선거구
전라남도,나주시라선거구,구시군의회의원,지역구,6,2,4,2.00,N,,N,N,N,"100160246, 100154973, 100157100, 100157509","조영미, 전상규, 김성보, 임준택","더불어민주당, 더불어민주당, 진보당, 무소속",1,0,3,1,0,0,Y,6|전라남도|나주시라선거구
전라남도,담양군가선거구,구시군의회의원,지역구,6,2,4,2.00,N,,N,N,N,"100159700, 100159761, 100161647, 100159754","최용만, 장현동, 천은경, 이기범","더불어민주당, 더불어민주당, 조국혁신당, 무소속",0,0,3,2,0,0,Y,6|전라남도|담양군가선거구
전라남도,담양군나선거구,구시군의회의원,지역구,6,2,3,1.50,N,,N,N,N,"100159781, 100159675, 100159693","조승준, 최태주, 곽승만","더불어민주당, 더불어민주당, 조국혁신당",1,0,3,1,0,0,Y,6|전라남도|담양군나선거구
전라남도,담양군라선거구,구시군의회의원,지역구,6,2,4,2.00,N,,N,N,N,"100159722, 100159765, 100159739, 100159800","김석민, 노대현, 이미행, 최현동","더불어민주당, 더불어민주당, 조국혁신당, 무소속",1,0,3,2,0,0,Y,6|전라남도|담양군라선거구
전라남도,목포시다선거구,구시군의회의원,지역구,6,2,3,1.50,N,,N,N,N,"100156158, 100157615, 100154735","안호선, 박창수, 송선우","더불어민주당, 더불어민주당, 무소속",0,0,2,1,0,0,Y,6|전라남도|목포시다선거구
전라남도,보성군나선거구,구시군의회의원,지역구,6,2,3,1.50,N,,N,N,N,"100159859, 100159865, 100159846","전상호, 윤정국, 정상우","더불어민주당, 더불어민주당, 무소속",0,0,2,1,0,0,Y,6|전라남도|보성군나선거구
전라남도,보성군다선거구,구시군의회의원,지역구,6,2,3,1.50,N,,N,N,N,"100160108, 100160434, 100162928","조영남, 김정구, 윤정재","더불어민주당, 더불어민주당, 무소속",0,0,1,1,0,0,Y,6|전라남도|보성군다선거구
전라남도,순천시가선거구,구시군의회의원,지역구,6,2,5,2.50,N,,N,N,N,"100154604, 100155400, 100162495, 100163574, 100162884","주우성, 정영근, 남정옥, 정영균, 정철균","더불어민주당, 더불어민주당, 조국혁신당, 무소속, 무소속",0,0,2,2,0,0,Y,6|전라남도|순천시가선거구
전라남도,순천시사선거구,구시군의회의원,지역구,6,2,3,1.50,N,,N,N,N,"100154544, 100156199, 100162808","신화철, 이영란, 강형구","더불어민주당, 더불어민주당, 무소속",1,0,2,0,0,0,Y,6|전라남도|순천시사선거구
전라남도,순천시자선거구,구시군의회의원,지역구,6,2,4,2.00,N,,N,N,N,"100155398, 100155451, 100155879, 100158805","한정민, 손두기, 임석훈, 박계수","더불어민주당, 더불어민주당, 진보당, 무소속",1,0,2,1,0,1,Y,6|전라남도|순천시자선거구
전라남도,신안군가선거구,구시군의회의원,지역구,6,2,5,2.50,N,,N,N,N,"100160291, 100160173, 100163456, 100159707, 100160236","김혁성, 최영진, 이의환, 나영효, 김정원","더불어민주당, 더불어민주당, 조국혁신당, 무소속, 무소속",2,0,3,1,0,0,Y,6|전라남도|신안군가선거구
전라남도,신안군나선거구,구시군의회의원,지역구,6,2,5,2.50,N,,N,N,N,"100163019, 100159689, 100161222, 100165275, 100159701","이상주, 문선웅, 전남주, 김동근, 박수영","더불어민주당, 더불어민주당, 조국혁신당, 무소속, 무소속",2,1,3,2,0,2,Y,6|전라남도|신안군나선거구
전라남도,신안군다선거구,구시군의회의원,지역구,6,2,4,2.00,N,,N,N,N,"100160289, 100160586, 100160278, 100161854","김학기, 안원준, 박삼성, 권오연","더불어민주당, 더불어민주당, 무소속, 무소속",1,0,2,0,0,0,Y,6|전라남도|신안군다선거구
전라남도,여수시나선거구,구시군의회의원,지역구,6,2,4,2.00,N,,N,N,N,"100157839, 100158585, 100154087, 100156431","정신출, 김승호, 백진오, 박남조","더불어민주당, 더불어민주당, 조국혁신당, 무소속",1,0,3,3,1,1,Y,6|전라남도|여수시나선거구
전라남도,여수시다선거구,구시군의회의원,지역구,6,2,4,2.00,N,,N,N,N,"100157998, 100157980, 100157178, 100157272","강현태, 진명숙, 이상우, 김양효","더불어민주당, 더불어민주당, 조국혁신당, 무소속",0,0,2,1,0,0,Y,6|전라남도|여수시다선거구
전라남도,여수시라선거구,구시군의회의원,지역구,6,2,4,2.00,N,,N,N,N,"100160945, 100156091, 100156304, 100157582","구민호, 김채경, 서수형, 송하진","더불어민주당, 더불어민주당, 진보당, 무소속",1,0,2,2,0,0,Y,6|전라남도|여수시라선거구
전라남도,여수시마선거구,구시군의회의원,지역구,6,2,6,3.00,N,,N,N,N,"100156472, 100165474, 100162813, 100156275, 100158077, 100162666","민덕희, 서범룡, 권석환, 남동관, 이미경, 김준영","더불어민주당, 더불어민주당, 조국혁신당, 무소속, 무소속, 무소속",1,0,1,1,0,0,Y,6|전라남도|여수시마선거구
전라남도,여수시바선거구,구시군의회의원,지역구,6,2,4,2.00,N,,N,N,N,"100156663, 100164947, 100158369, 100163443","박숙희, 김영규, 김순종, 문종익","더불어민주당, 더불어민주당, 무소속, 무소속",0,0,1,1,0,0,Y,6|전라남도|여수시바선거구
전라남도,여수시사선거구,구시군의회의원,지역구,6,2,3,1.50,N,,N,N,N,"100154213, 100156259, 100160498","문상엽, 나현수, 강재헌","더불어민주당, 더불어민주당, 무소속",1,0,1,1,0,0,Y,6|전라남도|여수시사선거구
전라남도,여수시아선거구,구시군의회의원,지역구,6,2,4,2.00,N,,N,N,N,"100154220, 100158644, 100156995, 100162584","김소리, 주재현, 배정해, 차석철","더불어민주당, 더불어민주당, 진보당, 무소속",0,0,4,4,0,0,Y,6|전라남도|여수시아선거구
전라남도,영암군나선거구,구시군의회의원,지역구,6,2,4,2.00,N,,N,N,N,"100160849, 100161406, 100159679, 100159699","고천수, 강찬원, 신양심, 장문규","더불어민주당, 더불어민주당, 진보당, 정의당",0,0,4,2,0,0,Y,6|전라남도|영암군나선거구
전라남도,완도군다선거구,구시군의회의원,지역구,6,2,3,1.50,N,,N,N,N,"100160435, 100159230, 100159596","박병수, 허동조, 정은상","더불어민주당, 더불어민주당, 무소속",0,0,2,1,0,0,Y,6|전라남도|완도군다선거구
전라남도,장성군나선거구,구시군의회의원,지역구,6,2,3,1.50,N,,N,N,N,"100162168, 100159556, 100163160","심민섭, 이길연, 서춘경","더불어민주당, 조국혁신당, 무소속",0,0,3,1,0,0,Y,6|전라남도|장성군나선거구
전라남도,장성군다선거구,구시군의회의원,지역구,6,2,3,1.50,N,,N,N,N,"100159498, 100160095, 100165504","유태영, 박현숙, 봉맹구","더불어민주당, 더불어민주당, 무소속",0,0,1,1,0,0,Y,6|전라남도|장성군다선거구
전라남도,해남군나선거구,구시군의회의원,지역구,6,2,4,2.00,N,,N,N,N,"100161509, 100159835, 100159727, 100161210","이성옥, 김미숙, 맹성호, 박훈동","더불어민주당, 더불어민주당, 조국혁신당, 무소속",0,0,2,1,0,0,Y,6|전라남도|해남군나선거구
전라남도,해남군다선거구,구시군의회의원,지역구,6,2,3,1.50,N,,N,N,N,"100159240, 100159924, 100161615","노중희, 박상정, 이순태","더불어민주당, 더불어민주당, 무소속",0,0,3,1,0,0,Y,6|전라남도|해남군다선거구
전라남도,해남군라선거구,구시군의회의원,지역구,6,2,5,2.50,N,,N,N,N,"100160064, 100160952, 100159589, 100161431, 100160352","한종천, 김영환, 김동수, 박종부, 민동헌","더불어민주당, 더불어민주당, 무소속, 무소속, 무소속",1,0,2,0,0,0,Y,6|전라남도|해남군라선거구
전라남도,화순군다선거구,구시군의회의원,지역구,6,2,4,2.00,N,,N,N,N,"100160426, 100160348, 100159817, 100159691","류영길, 김용호, 김기중, 정학철","더불어민주당, 더불어민주당, 조국혁신당, 진보당",1,0,2,1,0,0,Y,6|전라남도|화순군다선거구
전라남도,나주시,기초의원비례,비례,9,2,5,2.50,N,,N,N,N,"100165425, 100165430, 100165388, 100165443, 100165449","정서연, 이용천, 김지니, 추은주, 김원숙","더불어민주당, 더불어민주당, 조국혁신당, 진보당, 진보당",1,0,0,0,0,0,Y,9|전라남도|나주시
전북특별자치도,고창군나선거구,구시군의회의원,지역구,6,2,5,2.50,N,,N,N,N,"100159613, 100161078, 100160990, 100160626, 100163052","박종열, 고정호, 최인규, 안선홍, 임종훈","더불어민주당, 더불어민주당, 조국혁신당, 무소속, 무소속",2,0,2,1,0,1,Y,6|전북특별자치도|고창군나선거구
전북특별자치도,고창군다선거구,구시군의회의원,지역구,6,2,3,1.50,N,,N,N,N,"100160121, 100162068, 100163899","강상원, 임정호, 정관진","더불어민주당, 더불어민주당, 조국혁신당",0,0,1,1,0,0,Y,6|전북특별자치도|고창군다선거구
전북특별자치도,군산시가선거구,구시군의회의원,지역구,6,2,4,2.00,N,,N,N,N,"100156608, 100154234, 100158294, 100157009","서동수, 임동준, 한안길, 김경구","더불어민주당, 더불어민주당, 조국혁신당, 무소속",1,0,3,1,1,0,Y,6|전북특별자치도|군산시가선거구
전북특별자치도,군산시바선거구,구시군의회의원,지역구,6,2,4,2.00,N,,N,N,N,"100156478, 100157635, 100161112, 100158255","지해춘, 이영미, 한경봉, 김중신","더불어민주당, 더불어민주당, 무소속, 무소속",1,0,1,1,0,1,Y,6|전북특별자치도|군산시바선거구
전북특별자치도,남원시나선거구,구시군의회의원,지역구,6,2,4,2.00,N,,N,N,N,"100154864, 100157006, 100161921, 100158403","양순철, 염봉섭, 손중열, 김광호","더불어민주당, 더불어민주당, 무소속, 무소속",0,0,2,1,0,0,Y,6|전북특별자치도|남원시나선거구
전북특별자치도,부안군다선거구,구시군의회의원,지역구,6,2,3,1.50,N,,N,N,N,"100159627, 100159938, 100159673","송희복, 조병숙, 김정군","더불어민주당, 더불어민주당, 조국혁신당",0,0,2,1,0,0,Y,6|전북특별자치도|부안군다선거구
전북특별자치도,부안군라선거구,구시군의회의원,지역구,6,2,4,2.00,N,,N,N,N,"100159648, 100159721, 100159751, 100160008","이현기, 박태수, 이상수, 김형관","더불어민주당, 더불어민주당, 조국혁신당, 무소속",1,0,2,2,0,1,Y,6|전북특별자치도|부안군라선거구
전북특별자치도,순창군가선거구,구시군의회의원,지역구,6,2,5,2.50,N,,N,N,N,"100159873, 100160913, 100163589, 100159146, 100159161","이성용, 김정숙, 신정이, 김문소, 임양호","더불어민주당, 더불어민주당, 무소속, 무소속, 무소속",0,0,2,2,0,0,Y,6|전북특별자치도|순창군가선거구
전북특별자치도,순창군나선거구,구시군의회의원,지역구,6,2,3,1.50,N,,N,N,N,"100159185, 100159223, 100162880","문완식, 오수환, 윤태호","더불어민주당, 더불어민주당, 무소속",0,0,3,2,0,0,Y,6|전북특별자치도|순창군나선거구
전북특별자치도,완주군다선거구,구시군의회의원,지역구,6,2,3,1.50,N,,N,N,N,"100159988, 100159833, 100163619","김규성, 김상식, 임귀현","더불어민주당, 더불어민주당, 무소속",0,0,1,1,0,0,Y,6|전북특별자치도|완주군다선거구
전북특별자치도,익산시다선거구,구시군의회의원,지역구,6,2,3,1.50,N,,N,N,N,"100158311, 100158279, 100154888","강경숙, 박종대, 박중희","더불어민주당, 더불어민주당, 조국혁신당",0,0,1,1,0,0,Y,6|전북특별자치도|익산시다선거구
전북특별자치도,익산시라선거구,구시군의회의원,지역구,6,2,3,1.50,N,,N,N,N,"100155463, 100157867, 100156247","한창훈, 박종철, 조규대","더불어민주당, 더불어민주당, 무소속",1,0,1,1,0,0,Y,6|전북특별자치도|익산시라선거구
전북특별자치도,익산시마선거구,구시군의회의원,지역구,6,2,3,1.50,N,,N,N,N,"100154797, 100155204, 100156648","정원상, 전세성, 김영민","더불어민주당, 더불어민주당, 조국혁신당",0,0,1,1,0,0,Y,6|전북특별자치도|익산시마선거구
전북특별자치도,임실군나선거구,구시군의회의원,지역구,6,2,3,1.50,N,,N,N,N,"100159512, 100159724, 100159815","임은두, 김종수, 김영부","더불어민주당, 더불어민주당, 무소속",1,0,2,1,0,1,Y,6|전북특별자치도|임실군나선거구
전북특별자치도,전주시라선거구,구시군의회의원,지역구,6,2,4,2.00,N,,N,N,N,"100156278, 100154948, 100156711, 100165323","최명철, 심진철, 최인호, 최영심","더불어민주당, 더불어민주당, 조국혁신당, 무소속",1,0,2,1,0,1,Y,6|전북특별자치도|전주시라선거구
전북특별자치도,전주시아선거구,구시군의회의원,지역구,6,2,3,1.50,N,,N,N,N,"100154995, 100157700, 100159039","김윤수, 최서연, 윤선호","더불어민주당, 더불어민주당, 무소속",1,0,1,1,1,1,Y,6|전북특별자치도|전주시아선거구
전북특별자치도,전주시차선거구,구시군의회의원,지역구,6,2,3,1.50,N,,N,N,N,"100156305, 100159087, 100158963","신동이, 온혜정, 오현숙","더불어민주당, 더불어민주당, 정의당",2,0,0,0,0,0,Y,6|전북특별자치도|전주시차선거구
전북특별자치도,정읍시가선거구,구시군의회의원,지역구,6,2,4,2.00,N,,N,N,N,"100155288, 100158556, 100155630, 100156986","오명제, 고성환, 박철용, 오승현","더불어민주당, 더불어민주당, 조국혁신당, 무소속",1,0,2,0,0,0,Y,6|전북특별자치도|정읍시가선거구
전북특별자치도,정읍시나선거구,구시군의회의원,지역구,6,2,4,2.00,N,,N,N,N,"100154009, 100165552, 100160638, 100158295","김경섭, 고경윤, 이복형, 이영민","더불어민주당, 더불어민주당, 무소속, 무소속",1,0,1,1,0,0,Y,6|전북특별자치도|정읍시나선거구
전북특별자치도,정읍시사선거구,구시군의회의원,지역구,6,2,4,2.00,N,,N,N,N,"100154195, 100154276, 100158440, 100160733","정상섭, 김영현, 이홍로, 이만재","더불어민주당, 더불어민주당, 조국혁신당, 무소속",0,0,2,1,1,0,Y,6|전북특별자치도|정읍시사선거구
전북특별자치도,김제시,기초의원비례,비례,9,2,3,1.50,N,,N,N,N,"100165600, 100165602, 100165310","손정애, 정경원, 강보람","더불어민주당, 더불어민주당, 조국혁신당",1,1,1,1,1,0,Y,9|전북특별자치도|김제시
전북특별자치도,남원시,기초의원비례,비례,9,2,4,2.00,N,,N,N,N,"100165632, 100165643, 100164963, 100164946","전인숙, 김순복, 노현이, 황지영","더불어민주당, 더불어민주당, 조국혁신당, 진보당",1,0,0,0,0,0,Y,9|전북특별자치도|남원시
전북특별자치도,정읍시,기초의원비례,비례,9,2,3,1.50,N,,N,N,N,"100165747, 100165748, 100165439","김경란, 이정순, 이슬비","더불어민주당, 더불어민주당, 조국혁신당",1,0,0,0,0,0,Y,9|전북특별자치도|정읍시
충청남도,공주시가선거구,구시군의회의원,지역구,6,2,3,1.50,N,,N,N,N,"100160594, 100158492, 100157281","구본길, 박천수, 이맹석","더불어민주당, 국민의힘, 국민의힘",2,0,2,1,0,1,Y,6|충청남도|공주시가선거구
충청남도,공주시다선거구,구시군의회의원,지역구,6,2,4,2.00,N,,N,N,N,"100158561, 100158777, 100161317, 100157556","김필중, 서승열, 박미옥, 김경수","더불어민주당, 더불어민주당, 국민의힘, 국민의힘",0,0,2,1,0,0,Y,6|충청남도|공주시다선거구
충청남도,당진시가선거구,구시군의회의원,지역구,6,2,3,1.50,N,,N,N,N,"100162132, 100154282, 100155368","김명진, 이화용, 김연경","더불어민주당, 더불어민주당, 국민의힘",0,0,1,1,0,0,Y,6|충청남도|당진시가선거구
충청남도,당진시나선거구,구시군의회의원,지역구,6,2,3,1.50,N,,N,N,N,"100155055, 100156806, 100161543","김초롱, 문선이, 서영훈","더불어민주당, 국민의힘, 국민의힘",1,0,1,0,0,0,Y,6|충청남도|당진시나선거구
충청남도,보령시가선거구,구시군의회의원,지역구,6,2,3,1.50,N,,N,N,N,"100154358, 100158329, 100158071","백승만, 김충호, 백남숙","더불어민주당, 국민의힘, 국민의힘",0,0,2,2,0,0,Y,6|충청남도|보령시가선거구
충청남도,보령시라선거구,구시군의회의원,지역구,6,2,4,2.00,N,,N,N,N,"100155071, 100158049, 100156380, 100158893","권승현, 이정근, 유병효, 전진석","더불어민주당, 더불어민주당, 국민의힘, 국민의힘",0,0,3,3,0,0,Y,6|충청남도|보령시라선거구
충청남도,부여군다선거구,구시군의회의원,지역구,6,2,5,2.50,N,,N,N,N,"100159822, 100158610, 100158122, 100159963, 100160433","김병철, 조덕연, 조재범, 김지숙, 김종수","더불어민주당, 국민의힘, 국민의힘, 진보당, 무소속",1,0,1,1,0,0,Y,6|충청남도|부여군다선거구
충청남도,서산시가선거구,구시군의회의원,지역구,6,2,5,2.50,N,,N,N,N,"100155374, 100157838, 100158452, 100157731, 100155855","송치윤, 안효돈, 장갑순, 한석화, 강문수","더불어민주당, 더불어민주당, 국민의힘, 국민의힘, 무소속",2,0,2,1,0,0,Y,6|충청남도|서산시가선거구
충청남도,서산시다선거구,구시군의회의원,지역구,6,2,3,1.50,N,,N,N,N,"100155655, 100156232, 100161412","강석환, 김용경, 이정수","더불어민주당, 더불어민주당, 국민의힘",1,0,1,1,0,0,Y,6|충청남도|서산시다선거구
충청남도,서산시라선거구,구시군의회의원,지역구,6,2,4,2.00,N,,N,N,N,"100155005, 100154914, 100162202, 100155105","김혜림, 조병완, 안원기, 김정이","더불어민주당, 더불어민주당, 국민의힘, 진보당",1,0,3,2,1,1,Y,6|충청남도|서산시라선거구
충청남도,서산시마선거구,구시군의회의원,지역구,6,2,5,2.50,N,,N,N,N,"100156203, 100160652, 100158564, 100155350, 100157932","이국찬, 김기욱, 정구현, 서태모, 이수의","더불어민주당, 국민의힘, 국민의힘, 개혁신당, 무소속",3,0,2,1,0,0,Y,6|충청남도|서산시마선거구
충청남도,아산시가선거구,구시군의회의원,지역구,6,2,3,1.50,N,,N,N,N,"100162758, 100158463, 100158799","명노봉, 이기애, 신미진","더불어민주당, 국민의힘, 국민의힘",1,0,1,0,0,0,Y,6|충청남도|아산시가선거구
충청남도,아산시바선거구,구시군의회의원,지역구,6,2,3,1.50,N,,N,N,N,"100159292, 100155119, 100158270","전준범, 홍순철, 윤예숙","더불어민주당, 국민의힘, 국민의힘",1,0,0,0,0,0,Y,6|충청남도|아산시바선거구
충청남도,예산군나선거구,구시군의회의원,지역구,6,2,3,1.50,N,,N,N,N,"100159251, 100161928, 100161797","이정호, 박중수, 이상우","더불어민주당, 국민의힘, 국민의힘",0,0,3,2,0,0,Y,6|충청남도|예산군나선거구
충청남도,예산군다선거구,구시군의회의원,지역구,6,2,3,1.50,N,,N,N,N,"100159303, 100162111, 100161231","이정순, 장순관, 임종용","더불어민주당, 국민의힘, 국민의힘",0,0,1,1,0,0,Y,6|충청남도|예산군다선거구
충청남도,예산군라선거구,구시군의회의원,지역구,6,2,5,2.50,N,,N,N,N,"100159551, 100160389, 100161123, 100159274, 100159243","임애민, 김영진, 박종국, 장동진, 홍원표","더불어민주당, 국민의힘, 국민의힘, 진보당, 무소속",1,0,4,3,0,1,Y,6|충청남도|예산군라선거구
충청남도,천안시사선거구,구시군의회의원,지역구,6,2,3,1.50,N,,N,N,N,"100159229, 100161261, 100161053","이영재, 배성민, 황경수","더불어민주당, 더불어민주당, 국민의힘",0,0,1,1,0,0,Y,6|충청남도|천안시사선거구
충청남도,천안시아선거구,구시군의회의원,지역구,6,2,3,1.50,N,,N,N,N,"100154917, 100162110, 100160811","이한솔, 조은석, 노종관","더불어민주당, 더불어민주당, 국민의힘",0,0,2,1,0,0,Y,6|충청남도|천안시아선거구
충청남도,천안시차선거구,구시군의회의원,지역구,6,2,6,3.00,N,,N,N,N,"100154327, 100154338, 100154329, 100158418, 100154331, 100158000","김재구, 강환봉, 장래홍, 조상기, 권오대, 김행금","더불어민주당, 더불어민주당, 국민의힘, 조국혁신당, 진보당, 무소속",2,0,2,1,0,1,Y,6|충청남도|천안시차선거구
충청남도,청양군나선거구,구시군의회의원,지역구,6,2,4,2.00,N,,N,N,N,"100160543, 100158815, 100159144, 100158469","김평수, 최광석, 이장우, 윤일묵","더불어민주당, 더불어민주당, 국민의힘, 국민의힘",0,0,2,2,0,0,Y,6|충청남도|청양군나선거구
충청남도,홍성군나선거구,구시군의회의원,지역구,6,2,5,2.50,N,,N,N,N,"100159037, 100159712, 100158877, 100162845, 100162766","문병오, 김관태, 김호진, 조용한, 이호원","더불어민주당, 더불어민주당, 국민의힘, 조국혁신당, 무소속",1,0,1,1,0,0,Y,6|충청남도|홍성군나선거구
충청남도,홍성군다선거구,구시군의회의원,지역구,6,2,3,1.50,N,,N,N,N,"100159625, 100160179, 100158280","신동규, 신경진, 조현희","더불어민주당, 국민의힘, 국민의힘",0,0,2,1,0,0,Y,6|충청남도|홍성군다선거구
충청남도,논산시,기초의원비례,비례,9,2,3,1.50,N,,N,N,N,"100165067, 100165073, 100165064","국중숙, 조아라, 홍경임","더불어민주당, 더불어민주당, 국민의힘",1,0,0,0,0,0,Y,9|충청남도|논산시
충청남도,당진시,기초의원비례,비례,9,2,4,2.00,N,,N,N,N,"100165592, 100165593, 100164819, 100164882","박수규, 임희정, 최재인, 한은경","더불어민주당, 더불어민주당, 국민의힘, 진보당",2,0,0,0,0,0,Y,9|충청남도|당진시
충청남도,보령시,기초의원비례,비례,9,2,5,2.50,N,,N,N,N,"100165789, 100165794, 100165799, 100165260, 100165282","전춘순, 이은옥, 최미자, 강순자, 한선영","더불어민주당, 더불어민주당, 더불어민주당, 국민의힘, 국민의힘",2,0,2,1,0,0,Y,9|충청남도|보령시
충청남도,아산시,기초의원비례,비례,9,2,3,1.50,N,,N,N,N,"100164967, 100165851, 100165852","정란홍, 이강미, 김예진","더불어민주당, 국민의힘, 국민의힘",1,0,1,0,0,0,Y,9|충청남도|아산시
충청남도,예산군,기초의원비례,비례,9,2,3,1.50,N,,N,N,N,"100164969, 100165045, 100165050","김옥자, 김외숙, 김성호","더불어민주당, 국민의힘, 국민의힘",0,0,1,1,0,0,Y,9|충청남도|예산군
충청북도,괴산군다선거구,구시군의회의원,지역구,6,2,5,2.50,N,,N,N,N,"100159113, 100158534, 100158648, 100158716, 100159102","김종화, 진석봉, 조명동, 신송규, 김재현","더불어민주당, 더불어민주당, 국민의힘, 국민의힘, 무소속",1,0,2,2,0,1,Y,6|충청북도|괴산군다선거구
충청북도,보은군나선거구,구시군의회의원,지역구,6,2,5,2.50,N,,N,N,N,"100157961, 100158748, 100159187, 100159262, 100158970","이형석, 김창식, 성제홍, 우종원, 김응철","더불어민주당, 더불어민주당, 국민의힘, 국민의힘, 무소속",0,0,4,1,0,0,Y,6|충청북도|보은군나선거구
충청북도,보은군다선거구,구시군의회의원,지역구,6,2,4,2.00,N,,N,N,N,"100158626, 100160839, 100159908, 100159028","박헌주, 윤석영, 김낙경, 조위필","더불어민주당, 더불어민주당, 국민의힘, 무소속",0,0,4,1,0,0,Y,6|충청북도|보은군다선거구
충청북도,영동군다선거구,구시군의회의원,지역구,6,2,3,1.50,N,,N,N,N,"100160023, 100159888, 100159509","손석구, 김오봉, 박용성","더불어민주당, 국민의힘, 국민의힘",0,0,1,1,0,0,Y,6|충청북도|영동군다선거구
충청북도,음성군나선거구,구시군의회의원,지역구,6,2,3,1.50,N,,N,N,N,"100158870, 100158876, 100159767","강영훈, 송병림, 송춘홍","더불어민주당, 더불어민주당, 국민의힘",1,0,1,0,0,0,Y,6|충청북도|음성군나선거구
충청북도,음성군다선거구,구시군의회의원,지역구,6,2,3,1.50,N,,N,N,N,"100158865, 100159743, 100159441","오영훈, 허재영, 서대석","더불어민주당, 더불어민주당, 국민의힘",0,0,2,1,0,0,Y,6|충청북도|음성군다선거구
충청북도,제천시다선거구,구시군의회의원,지역구,6,2,3,1.50,N,,N,N,N,"100156666, 100155584, 100155834","김영중, 원승희, 김성휘","더불어민주당, 더불어민주당, 국민의힘",0,0,1,1,0,0,Y,6|충청북도|제천시다선거구
충청북도,제천시라선거구,구시군의회의원,지역구,6,2,4,2.00,N,,N,N,N,"100155831, 100154489, 100154768, 100158756","신동윤, 김태호, 박헌영, 박영기","더불어민주당, 더불어민주당, 국민의힘, 국민의힘",0,0,1,1,0,0,Y,6|충청북도|제천시라선거구
충청북도,제천시마선거구,구시군의회의원,지역구,6,2,3,1.50,N,,N,N,N,"100155839, 100157951, 100160479","배동만, 문교영, 윤치국","더불어민주당, 더불어민주당, 국민의힘",1,0,2,1,0,0,Y,6|충청북도|제천시마선거구
충청북도,제천시바선거구,구시군의회의원,지역구,6,2,4,2.00,N,,N,N,N,"100160843, 100160315, 100163507, 100162140","이정현, 김정문, 김대호, 김달성","더불어민주당, 국민의힘, 국민의힘, 조국혁신당",0,0,2,1,1,0,Y,6|충청북도|제천시바선거구
충청북도,증평군가선거구,구시군의회의원,지역구,6,2,3,1.50,N,,N,N,N,"100161859, 100161969, 100158709","장천배, 조윤성, 윤해명","더불어민주당, 국민의힘, 무소속",1,0,1,0,0,0,Y,6|충청북도|증평군가선거구
충청북도,증평군다선거구,구시군의회의원,지역구,6,2,3,1.50,N,,N,N,N,"100161644, 100160310, 100159088","이창규, 현종진, 안홍순","더불어민주당, 더불어민주당, 국민의힘",0,0,2,1,0,0,Y,6|충청북도|증평군다선거구
충청북도,청주시파선거구,구시군의회의원,지역구,6,2,6,3.00,N,,N,N,N,"100154476, 100156657, 100155079, 100158576, 100158060, 100153985","한용진, 정태훈, 임정수, 이병주, 최혜림, 김광복","더불어민주당, 국민의힘, 조국혁신당, 정의당, 무소속, 무소속",0,0,3,2,0,0,Y,6|충청북도|청주시파선거구
충청북도,충주시마선거구,구시군의회의원,지역구,6,2,3,1.50,N,,N,N,N,"100156830, 100155210, 100157842","손상현, 심재익, 강명철","더불어민주당, 국민의힘, 국민의힘",1,0,2,1,0,0,Y,6|충청북도|충주시마선거구
충청북도,충주시,기초의원비례,비례,9,2,7,3.50,N,,N,N,N,"100164106, 100164108, 100164110, 100164112, 100164114, 100164118, 100164119","박현주, 손경수, 곽애자, 이영미, 박종연, 김명진, 강윤미","더불어민주당, 더불어민주당, 더불어민주당, 더불어민주당, 더불어민주당, 국민의힘, 국민의힘",2,0,0,0,0,0,Y,9|충청북도|충주시
강원특별자치도,동해시,기초단체장,지역구,4,1,3,3.00,N,,N,N,N,"100155866, 100159313, 100155938","이정학, 김기하, 김홍수","더불어민주당, 국민의힘, 개혁신당",1,0,1,0,0,0,Y,4|강원특별자치도|동해시
강원특별자치도,삼척시,기초단체장,지역구,4,1,3,3.00,N,,N,N,N,"100154339, 100161949, 100155103","이정훈, 박상수, 김형우","더불어민주당, 국민의힘, 개혁신당",0,0,2,1,0,0,Y,4|강원특별자치도|삼척시
강원특별자치도,양구군,기초단체장,지역구,4,1,2,2.00,N,,N,N,N,"100160581, 100162724","김왕규, 서흥원","더불어민주당, 국민의힘",0,0,1,1,0,0,Y,4|강원특별자치도|양구군
강원특별자치도,양양군,기초단체장,지역구,4,1,3,3.00,N,,N,N,N,"100158374, 100158425, 100158565","김정중, 김호열, 고제철","더불어민주당, 국민의힘, 무소속",0,0,1,1,0,0,Y,4|강원특별자치도|양양군
강원특별자치도,원주시,기초단체장,지역구,4,1,2,2.00,N,,N,N,N,"100153887, 100162269","구자열, 원강수","더불어민주당, 국민의힘",1,0,1,0,0,0,Y,4|강원특별자치도|원주시
강원특별자치도,인제군,기초단체장,지역구,4,1,3,3.00,N,,N,N,N,"100163065, 100160490, 100159265","최상기, 엄윤순, 한상철","더불어민주당, 국민의힘, 무소속",0,0,1,1,0,0,Y,4|강원특별자치도|인제군
강원특별자치도,철원군,기초단체장,지역구,4,1,3,3.00,N,,N,N,N,"100158521, 100158762, 100159147","한금석, 김동일, 고기영","더불어민주당, 국민의힘, 무소속",0,0,3,2,0,0,Y,4|강원특별자치도|철원군
강원특별자치도,평창군,기초단체장,지역구,4,1,2,2.00,N,,N,N,N,"100159646, 100161176","한왕기, 심재국","더불어민주당, 국민의힘",0,0,2,1,0,0,Y,4|강원특별자치도|평창군
강원특별자치도,홍천군,기초단체장,지역구,4,1,2,2.00,N,,N,N,N,"100159348, 100162136","박승영, 신영재","더불어민주당, 국민의힘",0,0,2,2,0,0,Y,4|강원특별자치도|홍천군
강원특별자치도,횡성군,기초단체장,지역구,4,1,3,3.00,N,,N,N,N,"100159399, 100159397, 100163032","장신상, 임광식, 김명기","더불어민주당, 국민의힘, 무소속",0,0,1,1,0,0,Y,4|강원특별자치도|횡성군
강원특별자치도,양구군,기초의원비례,비례,9,1,2,2.00,N,,N,N,N,"100165243, 100165223","배종화, 홍성미","더불어민주당, 국민의힘",1,0,0,0,0,0,Y,9|강원특별자치도|양구군
강원특별자치도,양양군,기초의원비례,비례,9,1,2,2.00,N,,N,N,N,"100164377, 100164421","신인옥, 신선애","더불어민주당, 국민의힘",1,1,0,0,0,0,Y,9|강원특별자치도|양양군
강원특별자치도,영월군,기초의원비례,비례,9,1,2,2.00,N,,N,N,N,"100164060, 100164063","김미희, 최상미","더불어민주당, 국민의힘",0,0,1,1,1,0,Y,9|강원특별자치도|영월군
강원특별자치도,정선군,기초의원비례,비례,9,1,2,2.00,N,,N,N,N,"100164103, 100164100","김미숙, 정희정","더불어민주당, 국민의힘",1,0,0,0,0,0,Y,9|강원특별자치도|정선군
강원특별자치도,평창군,기초의원비례,비례,9,1,2,2.00,N,,N,N,N,"100164018, 100164013","김복준, 김진옥","더불어민주당, 국민의힘",1,0,0,0,0,0,Y,9|강원특별자치도|평창군
강원특별자치도,화천군,기초의원비례,비례,9,1,2,2.00,N,,N,N,N,"100164054, 100164251","신승연, 김은경","더불어민주당, 국민의힘",0,0,1,1,1,0,Y,9|강원특별자치도|화천군
강원특별자치도,강릉시제3선거구,시도의원,지역구,5,1,2,2.00,N,,N,N,N,"100155180, 100162697","반태연, 김용래","더불어민주당, 국민의힘",0,0,1,1,0,0,Y,5|강원특별자치도|강릉시제3선거구
강원특별자치도,강릉시제4선거구,시도의원,지역구,5,1,3,3.00,N,,N,N,N,"100153934, 100155133, 100154230","고인규, 차주철, 홍정현","더불어민주당, 국민의힘, 무소속",1,0,2,2,0,1,Y,5|강원특별자치도|강릉시제4선거구
강원특별자치도,강릉시제5선거구,시도의원,지역구,5,1,2,2.00,N,,N,N,N,"100153937, 100157533","김정래, 최승순","더불어민주당, 국민의힘",1,0,1,0,0,0,Y,5|강원특별자치도|강릉시제5선거구
강원특별자치도,고성군선거구,시도의원,지역구,5,1,3,3.00,N,,N,N,N,"100157480, 100161716, 100158843","이지영, 용광열, 김용복","더불어민주당, 국민의힘, 무소속",0,0,2,2,0,0,Y,5|강원특별자치도|고성군선거구
강원특별자치도,동해시제2선거구,시도의원,지역구,5,1,2,2.00,N,,N,N,N,"100157409, 100159958","김형원, 정동수","더불어민주당, 국민의힘",0,0,1,1,0,0,Y,5|강원특별자치도|동해시제2선거구
강원특별자치도,삼척시제2선거구,시도의원,지역구,5,1,2,2.00,N,,N,N,N,"100158344, 100158882","최병석, 정연철","더불어민주당, 국민의힘",1,0,1,1,0,1,Y,5|강원특별자치도|삼척시제2선거구
강원특별자치도,양구군선거구,시도의원,지역구,5,1,3,3.00,N,,N,N,N,"100155262, 100157696, 100156829","곽원일, 이병구, 김규호","더불어민주당, 국민의힘, 무소속",0,0,1,1,0,0,Y,5|강원특별자치도|양구군선거구
강원특별자치도,양양군선거구,시도의원,지역구,5,1,3,3.00,N,,N,N,N,"100162787, 100162226, 100155591","김동진, 이종석, 김영근","더불어민주당, 국민의힘, 무소속",1,0,2,2,0,0,Y,5|강원특별자치도|양양군선거구
강원특별자치도,영월군제2선거구,시도의원,지역구,5,1,3,3.00,N,,N,N,N,"100153919, 100158024, 100162814","유영일, 김학조, 윤길로","더불어민주당, 국민의힘, 무소속",0,0,1,1,0,0,Y,5|강원특별자치도|영월군제2선거구
강원특별자치도,원주시제3선거구,시도의원,지역구,5,1,2,2.00,N,,N,N,N,"100156488, 100157702","권순성, 최재민","더불어민주당, 국민의힘",1,0,0,0,0,0,Y,5|강원특별자치도|원주시제3선거구
강원특별자치도,원주시제5선거구,시도의원,지역구,5,1,2,2.00,N,,N,N,N,"100156778, 100158385","박윤미, 최원병","더불어민주당, 국민의힘",1,0,1,0,0,0,Y,5|강원특별자치도|원주시제5선거구
강원특별자치도,원주시제6선거구,시도의원,지역구,5,1,3,3.00,N,,N,N,N,"100155531, 100153953, 100162000","신재섭, 하석균, 함경호","더불어민주당, 국민의힘, 무소속",0,0,2,2,0,0,Y,5|강원특별자치도|원주시제6선거구
강원특별자치도,원주시제7선거구,시도의원,지역구,5,1,2,2.00,N,,N,N,N,"100155045, 100162907","조성호, 장민열","더불어민주당, 국민의힘",0,0,1,1,0,0,Y,5|강원특별자치도|원주시제7선거구
강원특별자치도,원주시제8선거구,시도의원,지역구,5,1,3,3.00,N,,N,N,N,"100162038, 100155596, 100162779","안정민, 배근형, 류인출","더불어민주당, 국민의힘, 무소속",1,0,2,2,0,1,Y,5|강원특별자치도|원주시제8선거구
강원특별자치도,원주시제9선거구,시도의원,지역구,5,1,3,3.00,N,,N,N,N,"100163169, 100161371, 100163692","전찬성, 류제용, 장이수","더불어민주당, 국민의힘, 무소속",1,0,1,1,0,1,Y,5|강원특별자치도|원주시제9선거구
강원특별자치도,인제군선거구,시도의원,지역구,5,1,3,3.00,N,,N,N,N,"100155470, 100156276, 100163413","김영희, 김영진, 남평우","더불어민주당, 국민의힘, 무소속",1,0,1,1,0,1,Y,5|강원특별자치도|인제군선거구
강원특별자치도,정선군선거구,시도의원,지역구,5,1,2,2.00,N,,N,N,N,"100156581, 100161779","나일주, 김기철","더불어민주당, 국민의힘",0,0,2,1,0,0,Y,5|강원특별자치도|정선군선거구
강원특별자치도,춘천시제1선거구,시도의원,지역구,5,1,2,2.00,N,,N,N,N,"100155097, 100163296","윤지영, 한중일","더불어민주당, 국민의힘",2,0,1,1,0,1,Y,5|강원특별자치도|춘천시제1선거구
강원특별자치도,춘천시제2선거구,시도의원,지역구,5,1,2,2.00,N,,N,N,N,"100153893, 100153841","이교선, 김희철","더불어민주당, 국민의힘",0,0,1,1,0,0,Y,5|강원특별자치도|춘천시제2선거구
강원특별자치도,춘천시제4선거구,시도의원,지역구,5,1,2,2.00,N,,N,N,N,"100157105, 100156997","이승진, 이무철","더불어민주당, 국민의힘",1,0,1,1,0,0,Y,5|강원특별자치도|춘천시제4선거구
강원특별자치도,춘천시제5선거구,시도의원,지역구,5,1,3,3.00,N,,N,N,N,"100153930, 100153879, 100155901","정재웅, 임미선, 유정선","더불어민주당, 국민의힘, 무소속",0,0,1,1,0,0,Y,5|강원특별자치도|춘천시제5선거구
강원특별자치도,춘천시제7선거구,시도의원,지역구,5,1,2,2.00,N,,N,N,N,"100156178, 100155583","남상규, 박찬흥","더불어민주당, 국민의힘",0,0,2,1,0,0,Y,5|강원특별자치도|춘천시제7선거구
강원특별자치도,춘천시제8선거구,시도의원,지역구,5,1,2,2.00,N,,N,N,N,"100155906, 100162703","김산, 박관희","더불어민주당, 국민의힘",1,0,1,1,0,0,Y,5|강원특별자치도|춘천시제8선거구
강원특별자치도,태백시제1선거구,시도의원,지역구,5,1,2,2.00,N,,N,N,N,"100154620, 100161973","최정섭, 이한영","더불어민주당, 국민의힘",0,0,2,2,0,0,Y,5|강원특별자치도|태백시제1선거구
강원특별자치도,평창군제2선거구,시도의원,지역구,5,1,2,2.00,N,,N,N,N,"100155954, 100161136","김동용, 최종수","더불어민주당, 국민의힘",1,0,1,1,0,0,Y,5|강원특별자치도|평창군제2선거구
강원특별자치도,홍천군제2선거구,시도의원,지역구,5,1,3,3.00,N,,N,N,N,"100161143, 100162380, 100155613","나기호, 홍성기, 박현중","더불어민주당, 국민의힘, 무소속",1,0,1,0,0,0,Y,5|강원특별자치도|홍천군제2선거구
강원특별자치도,횡성군제1선거구,시도의원,지역구,5,1,3,3.00,N,,N,N,N,"100155924, 100160171, 100157270","김세종, 김영래, 한창수","더불어민주당, 국민의힘, 무소속",0,0,1,1,0,0,Y,5|강원특별자치도|횡성군제1선거구
강원특별자치도,횡성군제2선거구,시도의원,지역구,5,1,3,3.00,N,,N,N,N,"100157219, 100160790, 100159386","남홍순, 김영숙, 최규만","더불어민주당, 국민의힘, 무소속",0,0,1,1,0,0,Y,5|강원특별자치도|횡성군제2선거구
경기도,안산시갑,국회의원(재·보궐),특수(교육감·재보궐 등),2,1,3,3.00,N,,N,N,N,"100163874, 100158139, 100163873","김남국, 김석훈, 문인수","더불어민주당, 국민의힘, 개혁신당",1,0,1,0,0,0,Y,2|경기도|안산시갑
경기도,평택시을,국회의원(재·보궐),특수(교육감·재보궐 등),2,1,5,5.00,N,,N,N,N,"100163255, 100157960, 100162512, 100153855, 100153807","김용남, 유의동, 조국, 김재연, 황교안","더불어민주당, 국민의힘, 조국혁신당, 진보당, 자유와혁신",2,0,3,2,0,0,Y,2|경기도|평택시을
경기도,하남시갑,국회의원(재·보궐),특수(교육감·재보궐 등),2,1,3,3.00,N,,N,N,N,"100163279, 100163317, 100163888","이광재, 이용, 김성열","더불어민주당, 국민의힘, 개혁신당",1,0,1,1,0,0,Y,2|경기도|하남시갑
경기도,가평군,기초단체장,지역구,4,1,5,5.00,N,,N,N,N,"100159216, 100163623, 100159460, 100160960, 100159806","김경호, 서태원, 이충선, 이진용, 신동진","더불어민주당, 국민의힘, 무소속, 무소속, 무소속",1,0,2,1,0,0,Y,4|경기도|가평군
경기도,고양시,기초단체장,지역구,4,1,4,4.00,N,,N,N,N,"100155611, 100163639, 100163143, 100156944","민경선, 이동환, 신현철, 송영주","더불어민주당, 국민의힘, 개혁신당, 진보당",2,1,2,0,0,0,Y,4|경기도|고양시
경기도,과천시,기초단체장,지역구,4,1,3,3.00,N,,N,N,N,"100157110, 100162856, 100162975","김종천, 신계용, 고금란","더불어민주당, 국민의힘, 개혁신당",0,0,1,1,0,0,Y,4|경기도|과천시
경기도,부천시,기초단체장,지역구,4,1,2,2.00,N,,N,N,N,"100161476, 100162201","조용익, 곽내경","더불어민주당, 국민의힘",0,0,1,1,0,0,Y,4|경기도|부천시
경기도,수원시,기초단체장,지역구,4,1,3,3.00,N,,N,N,N,"100163860, 100155010, 100162275","이재준, 안교재, 정희윤","더불어민주당, 국민의힘, 개혁신당",0,0,1,1,0,0,Y,4|경기도|수원시
경기도,안산시,기초단체장,지역구,4,1,2,2.00,N,,N,N,N,"100154386, 100162786","천영미, 이민근","더불어민주당, 국민의힘",0,0,1,1,0,0,Y,4|경기도|안산시
경기도,안양시,기초단체장,지역구,4,1,2,2.00,N,,N,N,N,"100161957, 100155153","최대호, 김대영","더불어민주당, 국민의힘",1,0,1,0,0,0,Y,4|경기도|안양시
경기도,양평군,기초단체장,지역구,4,1,2,2.00,N,,N,N,N,"100158297, 100162432","박은미, 전진선","더불어민주당, 국민의힘",2,0,0,0,0,0,Y,4|경기도|양평군
경기도,연천군,기초단체장,지역구,4,1,3,3.00,N,,N,N,N,"100161054, 100161733, 100161966","박충식, 김덕현, 송병서","더불어민주당, 국민의힘, 무소속",0,0,2,1,0,0,Y,4|경기도|연천군
경기도,용인시,기초단체장,지역구,4,1,3,3.00,N,,N,N,N,"100156754, 100162849, 100163609","현근택, 이상일, 송창훈","더불어민주당, 국민의힘, 개혁신당",1,0,1,0,0,0,Y,4|경기도|용인시
경기도,평택시,기초단체장,지역구,4,1,2,2.00,N,,N,N,N,"100153870, 100162688","최원용, 차화열","더불어민주당, 국민의힘",1,0,0,0,0,0,Y,4|경기도|평택시
경기도,포천시,기초단체장,지역구,4,1,3,3.00,N,,N,N,N,"100157687, 100162868, 100163362","박윤국, 백영현, 이재수","더불어민주당, 국민의힘, 무소속",0,0,1,1,0,0,Y,4|경기도|포천시
경기도,화성시,기초단체장,지역구,4,1,3,3.00,N,,N,N,N,"100160956, 100156226, 100158769","정명근, 박태경, 전성균","더불어민주당, 국민의힘, 개혁신당",1,1,0,0,0,0,Y,4|경기도|화성시
경기도,가평군선거구,시도의원,지역구,5,1,3,3.00,N,,N,N,N,"100161929, 100158203, 100162278","박재현, 박영선, 강태만","더불어민주당, 국민의힘, 무소속",1,0,2,1,0,1,Y,5|경기도|가평군선거구
경기도,고양시제12선거구,시도의원,지역구,5,1,2,2.00,N,,N,N,N,"100156791, 100161641","이윤승, 김완규","더불어민주당, 국민의힘",0,0,1,1,0,0,Y,5|경기도|고양시제12선거구
경기도,고양시제3선거구,시도의원,지역구,5,1,2,2.00,N,,N,N,N,"100163594, 100163167","류기준, 여지현","더불어민주당, 국민의힘",0,0,1,1,0,0,Y,5|경기도|고양시제3선거구
경기도,고양시제5선거구,시도의원,지역구,5,1,2,2.00,N,,N,N,N,"100163210, 100158568","정연일, 이은직","더불어민주당, 국민의힘",0,0,1,1,0,0,Y,5|경기도|고양시제5선거구
경기도,고양시제8선거구,시도의원,지역구,5,1,2,2.00,N,,N,N,N,"100155438, 100162706","이성한, 정형배","더불어민주당, 국민의힘",0,0,1,1,0,0,Y,5|경기도|고양시제8선거구
경기도,고양시제9선거구,시도의원,지역구,5,1,2,2.00,N,,N,N,N,"100156534, 100161587","이기대, 김수환","더불어민주당, 국민의힘",0,0,1,1,0,0,Y,5|경기도|고양시제9선거구
경기도,광명시제1선거구,시도의원,지역구,5,1,2,2.00,N,,N,N,N,"100156242, 100161338","심상록, 백종진","더불어민주당, 국민의힘",1,1,2,1,0,1,Y,5|경기도|광명시제1선거구
경기도,광명시제2선거구,시도의원,지역구,5,1,2,2.00,N,,N,N,N,"100160517, 100161131","최민, 이근우","더불어민주당, 국민의힘",0,0,1,1,0,0,Y,5|경기도|광명시제2선거구
경기도,광명시제3선거구,시도의원,지역구,5,1,2,2.00,N,,N,N,N,"100154585, 100162563","유종상, 이지석","더불어민주당, 국민의힘",0,0,2,1,0,0,Y,5|경기도|광명시제3선거구
경기도,광주시제1선거구,시도의원,지역구,5,1,2,2.00,N,,N,N,N,"100155319, 100162083","최보라, 김동균","더불어민주당, 국민의힘",1,0,1,1,0,1,Y,5|경기도|광주시제1선거구
경기도,광주시제2선거구,시도의원,지역구,5,1,2,2.00,N,,N,N,N,"100156787, 100163976","임창휘, 김민석","더불어민주당, 국민의힘",1,0,0,0,0,0,Y,5|경기도|광주시제2선거구
경기도,광주시제4선거구,시도의원,지역구,5,1,2,2.00,N,,N,N,N,"100157830, 100160560","김미경, 이주훈","더불어민주당, 국민의힘",2,0,1,0,0,0,Y,5|경기도|광주시제4선거구
경기도,군포시제1선거구,시도의원,지역구,5,1,3,3.00,N,,N,N,N,"100162922, 100163453, 100162474","성복임, 임현아, 조성범","더불어민주당, 국민의힘, 자유와혁신",1,0,0,0,0,0,Y,5|경기도|군포시제1선거구
경기도,군포시제2선거구,시도의원,지역구,5,1,2,2.00,N,,N,N,N,"100162993, 100158183","성기황, 김옥자","더불어민주당, 국민의힘",0,0,1,1,0,0,Y,5|경기도|군포시제2선거구
경기도,남양주시제1선거구,시도의원,지역구,5,1,2,2.00,N,,N,N,N,"100155761, 100161185","이건희, 이석균","더불어민주당, 국민의힘",1,0,0,0,0,0,Y,5|경기도|남양주시제1선거구
경기도,남양주시제2선거구,시도의원,지역구,5,1,2,2.00,N,,N,N,N,"100157765, 100163236","유병수, 김미리","더불어민주당, 국민의힘",1,0,0,0,0,0,Y,5|경기도|남양주시제2선거구
경기도,남양주시제6선거구,시도의원,지역구,5,1,2,2.00,N,,N,N,N,"100161162, 100163660","유호준, 나성주","더불어민주당, 국민의힘",1,0,2,0,0,0,Y,5|경기도|남양주시제6선거구
경기도,남양주시제7선거구,시도의원,지역구,5,1,2,2.00,N,,N,N,N,"100156614, 100158030","장송회, 조희영","더불어민주당, 국민의힘",1,0,1,0,0,0,Y,5|경기도|남양주시제7선거구
경기도,남양주시제8선거구,시도의원,지역구,5,1,2,2.00,N,,N,N,N,"100163165, 100157504","정현미, 이병길","더불어민주당, 국민의힘",1,1,1,1,0,0,Y,5|경기도|남양주시제8선거구
경기도,동두천시제2선거구,시도의원,지역구,5,1,2,2.00,N,,N,N,N,"100161387, 100161340","심동용, 임상오","더불어민주당, 국민의힘",0,0,2,1,0,0,Y,5|경기도|동두천시제2선거구
경기도,부천시제7선거구,시도의원,지역구,5,1,2,2.00,N,,N,N,N,"100161044, 100164234","유경현, 이학환","더불어민주당, 국민의힘",0,0,1,1,0,0,Y,5|경기도|부천시제7선거구
경기도,성남시제4선거구,시도의원,지역구,5,1,2,2.00,N,,N,N,N,"100156105, 100162675","국중범, 이승진","더불어민주당, 국민의힘",0,0,1,1,0,0,Y,5|경기도|성남시제4선거구
경기도,성남시제7선거구,시도의원,지역구,5,1,2,2.00,N,,N,N,N,"100158160, 100160672","정종혁, 안계일","더불어민주당, 국민의힘",0,0,2,2,0,0,Y,5|경기도|성남시제7선거구
경기도,수원시제2선거구,시도의원,지역구,5,1,2,2.00,N,,N,N,N,"100161313, 100163351","박옥분, 남택호","더불어민주당, 국민의힘",0,0,1,1,0,0,Y,5|경기도|수원시제2선거구
경기도,수원시제5선거구,시도의원,지역구,5,1,2,2.00,N,,N,N,N,"100157162, 100159009","황수영, 김재은","더불어민주당, 국민의힘",1,0,1,1,0,0,Y,5|경기도|수원시제5선거구
경기도,수원시제6선거구,시도의원,지역구,5,1,2,2.00,N,,N,N,N,"100155806, 100161823","최찬민, 한원찬","더불어민주당, 국민의힘",1,0,2,0,0,0,Y,5|경기도|수원시제6선거구
경기도,수원시제8선거구,시도의원,지역구,5,1,2,2.00,N,,N,N,N,"100160197, 100159175","채명기, 이필근","더불어민주당, 국민의힘",1,0,1,1,0,1,Y,5|경기도|수원시제8선거구
경기도,시흥시제4선거구,시도의원,지역구,5,1,2,2.00,N,,N,N,N,"100157965, 100163706","김종배, 최성열","더불어민주당, 국민의힘",0,0,2,1,0,0,Y,5|경기도|시흥시제4선거구
경기도,안산시제1선거구,시도의원,지역구,5,1,2,2.00,N,,N,N,N,"100158055, 100165416","김동규, 이옥례","더불어민주당, 국민의힘",0,0,2,1,0,0,Y,5|경기도|안산시제1선거구
경기도,안산시제4선거구,시도의원,지역구,5,1,2,2.00,N,,N,N,N,"100163522, 100165640","유재수, 김양우","더불어민주당, 국민의힘",0,0,2,2,0,0,Y,5|경기도|안산시제4선거구
경기도,안산시제6선거구,시도의원,지역구,5,1,2,2.00,N,,N,N,N,"100163987, 100163274","박은경, 정택환","더불어민주당, 국민의힘",0,0,1,1,0,0,Y,5|경기도|안산시제6선거구
경기도,안산시제8선거구,시도의원,지역구,5,1,2,2.00,N,,N,N,N,"100157214, 100163891","이철형, 안종철","더불어민주당, 국민의힘",1,0,0,0,0,0,Y,5|경기도|안산시제8선거구
경기도,안양시제1선거구,시도의원,지역구,5,1,2,2.00,N,,N,N,N,"100161600, 100161661","김성수, 정완기","더불어민주당, 국민의힘",0,0,2,1,0,0,Y,5|경기도|안양시제1선거구
경기도,안양시제2선거구,시도의원,지역구,5,1,2,2.00,N,,N,N,N,"100157073, 100154977","최경순, 정영근","더불어민주당, 국민의힘",1,0,1,1,0,1,Y,5|경기도|안양시제2선거구
경기도,안양시제3선거구,시도의원,지역구,5,1,2,2.00,N,,N,N,N,"100158493, 100158426","윤도희, 임철호","더불어민주당, 국민의힘",1,0,0,0,0,0,Y,5|경기도|안양시제3선거구
경기도,안양시제4선거구,시도의원,지역구,5,1,2,2.00,N,,N,N,N,"100163185, 100158099","박준모, 김재훈","더불어민주당, 국민의힘",2,0,1,1,0,1,Y,5|경기도|안양시제4선거구
경기도,안양시제6선거구,시도의원,지역구,5,1,2,2.00,N,,N,N,N,"100162045, 100161096","이채명, 오인용","더불어민주당, 국민의힘",1,0,2,1,0,0,Y,5|경기도|안양시제6선거구
경기도,양주시제1선거구,시도의원,지역구,5,1,2,2.00,N,,N,N,N,"100163333, 100163074","채정선, 이영주","더불어민주당, 국민의힘",1,0,0,0,0,0,Y,5|경기도|양주시제1선거구
경기도,양주시제3선거구,시도의원,지역구,5,1,2,2.00,N,,N,N,N,"100162148, 100163956","최수연, 강혜숙","더불어민주당, 국민의힘",1,0,0,0,0,0,Y,5|경기도|양주시제3선거구
경기도,양평군제1선거구,시도의원,지역구,5,1,2,2.00,N,,N,N,N,"100154865, 100159205","정인봉, 윤순옥","더불어민주당, 국민의힘",2,0,1,0,0,0,Y,5|경기도|양평군제1선거구
경기도,여주시제1선거구,시도의원,지역구,5,1,2,2.00,N,,N,N,N,"100156755, 100162424","김동현, 서광범","더불어민주당, 국민의힘",0,0,2,2,0,0,Y,5|경기도|여주시제1선거구
경기도,용인시제1선거구,시도의원,지역구,5,1,2,2.00,N,,N,N,N,"100154481, 100163657","한영수, 이영희","더불어민주당, 국민의힘",0,0,1,1,0,0,Y,5|경기도|용인시제1선거구
경기도,용인시제4선거구,시도의원,지역구,5,1,2,2.00,N,,N,N,N,"100162490, 100162057","전자영, 윤정희","더불어민주당, 국민의힘",0,0,1,1,0,0,Y,5|경기도|용인시제4선거구
경기도,용인시제5선거구,시도의원,지역구,5,1,2,2.00,N,,N,N,N,"100157732, 100160721","채명신, 정하용","더불어민주당, 국민의힘",1,0,1,1,0,0,Y,5|경기도|용인시제5선거구
경기도,용인시제6선거구,시도의원,지역구,5,1,2,2.00,N,,N,N,N,"100156932, 100158191","류정원, 김선희","더불어민주당, 국민의힘",1,0,0,0,0,0,Y,5|경기도|용인시제6선거구
경기도,의왕시제2선거구,시도의원,지역구,5,1,2,2.00,N,,N,N,N,"100154941, 100160804","장태환, 김학기","더불어민주당, 국민의힘",1,0,0,0,0,0,Y,5|경기도|의왕시제2선거구
경기도,의정부시제4선거구,시도의원,지역구,5,1,2,2.00,N,,N,N,N,"100155951, 100163557","조병진, 박웅비","더불어민주당, 국민의힘",0,0,2,2,0,0,Y,5|경기도|의정부시제4선거구
경기도,파주시제2선거구,시도의원,지역구,5,1,2,2.00,N,,N,N,N,"100155476, 100157123","손희정, 김광선","더불어민주당, 국민의힘",1,0,1,1,0,1,Y,5|경기도|파주시제2선거구
경기도,파주시제4선거구,시도의원,지역구,5,1,2,2.00,N,,N,N,N,"100158168, 100158339","김순현, 이한국","더불어민주당, 국민의힘",0,0,2,1,0,0,Y,5|경기도|파주시제4선거구
경기도,파주시제5선거구,시도의원,지역구,5,1,2,2.00,N,,N,N,N,"100160436, 100155791","이종춘, 한규민","더불어민주당, 국민의힘",1,0,1,1,0,1,Y,5|경기도|파주시제5선거구
경기도,평택시제1선거구,시도의원,지역구,5,1,2,2.00,N,,N,N,N,"100161212, 100161462","양경석, 김상곤","더불어민주당, 국민의힘",0,0,1,1,0,0,Y,5|경기도|평택시제1선거구
경기도,평택시제2선거구,시도의원,지역구,5,1,2,2.00,N,,N,N,N,"100161998, 100157708","김명숙, 백정일","더불어민주당, 국민의힘",1,0,0,0,0,0,Y,5|경기도|평택시제2선거구
경기도,평택시제5선거구,시도의원,지역구,5,1,2,2.00,N,,N,N,N,"100155807, 100158250","안계명, 이학수","더불어민주당, 국민의힘",1,0,1,1,1,1,Y,5|경기도|평택시제5선거구
경기도,평택시제6선거구,시도의원,지역구,5,1,3,3.00,N,,N,N,N,"100158381, 100160261, 100164312","한승훈, 김근용, 김지수","더불어민주당, 국민의힘, 자유와혁신",1,0,1,0,0,0,Y,5|경기도|평택시제6선거구
경기도,하남시제1선거구,시도의원,지역구,5,1,3,3.00,N,,N,N,N,"100158186, 100155024, 100156085","오민용, 이상원, 김광석","더불어민주당, 국민의힘, 무소속",1,0,1,0,0,0,Y,5|경기도|하남시제1선거구
경기도,하남시제2선거구,시도의원,지역구,5,1,2,2.00,N,,N,N,N,"100160247, 100162553","강성삼, 김성수","더불어민주당, 국민의힘",0,0,1,1,1,0,Y,5|경기도|하남시제2선거구
경기도,하남시제3선거구,시도의원,지역구,5,1,2,2.00,N,,N,N,N,"100161242, 100162386","오지훈, 최용근","더불어민주당, 국민의힘",1,0,0,0,0,0,Y,5|경기도|하남시제3선거구
경기도,하남시제4선거구,시도의원,지역구,5,1,2,2.00,N,,N,N,N,"100161037, 100163673","방미숙, 윤태길","더불어민주당, 국민의힘",1,0,1,1,0,1,Y,5|경기도|하남시제4선거구
경기도,화성시제2선거구,시도의원,지역구,5,1,2,2.00,N,,N,N,N,"100163440, 100163084","오현정, 심용진","더불어민주당, 국민의힘",0,0,1,1,0,0,Y,5|경기도|화성시제2선거구
경기도,화성시제5선거구,시도의원,지역구,5,1,3,3.00,N,,N,N,N,"100163172, 100163209, 100162550","김태형, 배춘봉, 양시훈","더불어민주당, 국민의힘, 개혁신당",0,0,2,2,0,0,Y,5|경기도|화성시제5선거구
경기도,화성시제9선거구,시도의원,지역구,5,1,2,2.00,N,,N,N,N,"100158989, 100161874","오진택, 정흥범","더불어민주당, 국민의힘",1,1,1,0,0,0,Y,5|경기도|화성시제9선거구
경기도,경기도,시도지사,지역구,3,1,5,5.00,N,,N,N,N,"100163148, 100163432, 100163471, 100153796, 100158402","추미애, 양향자, 조응천, 홍성규, 김현욱","더불어민주당, 국민의힘, 개혁신당, 진보당, 국민연합",0,0,2,2,0,0,Y,3|경기도|경기도
경상남도,경상남도,교육감,특수(교육감·재보궐 등),11,1,4,4.00,N,,N,N,N,"100153751, 100153784, 100153823, 100153770","오인태, 송영기, 김준식, 권순기","무소속, 무소속, 무소속, 무소속",1,0,2,0,0,0,Y,11|경상남도|경상남도
경상남도,거제시,기초단체장,지역구,4,1,3,3.00,N,,N,N,N,"100163067, 100156086, 100154902","변광용, 김선민, 하준명","더불어민주당, 국민의힘, 무소속",0,0,2,1,0,0,Y,4|경상남도|거제시
경상남도,거창군,기초단체장,지역구,4,1,4,4.00,N,,N,N,N,"100159233, 100158505, 100159332, 100159907","최창열, 이홍기, 김일수, 구인모","더불어민주당, 무소속, 무소속, 무소속",0,0,3,2,1,0,Y,4|경상남도|거창군
경상남도,고성군,기초단체장,지역구,4,1,4,4.00,N,,N,N,N,"100159097, 100159308, 100162592, 100159769","백수명, 하학열, 이옥철, 양정건","더불어민주당, 국민의힘, 무소속, 무소속",0,0,2,2,2,0,Y,4|경상남도|고성군
경상남도,김해시,기초단체장,지역구,4,1,3,3.00,N,,N,N,N,"100154419, 100161907, 100155891","정영두, 홍태용, 박봉열","더불어민주당, 국민의힘, 진보당",0,0,2,1,0,0,Y,4|경상남도|김해시
경상남도,남해군,기초단체장,지역구,4,1,2,2.00,N,,N,N,N,"100161024, 100159446","류경완, 류성식","더불어민주당, 국민의힘",0,0,1,1,0,0,Y,4|경상남도|남해군
경상남도,산청군,기초단체장,지역구,4,1,3,3.00,N,,N,N,N,"100158778, 100158967, 100158643","최호림, 유명현, 이황석","더불어민주당, 국민의힘, 무소속",1,0,1,0,0,0,Y,4|경상남도|산청군
경상남도,양산시,기초단체장,지역구,4,1,2,2.00,N,,N,N,N,"100155956, 100162067","조문관, 나동연","더불어민주당, 국민의힘",0,0,1,1,0,0,Y,4|경상남도|양산시
경상남도,창원시,기초단체장,지역구,4,1,4,4.00,N,,N,N,N,"100154342, 100154126, 100154158, 100163564","송순호, 강기윤, 강명상, 박정임","더불어민주당, 국민의힘, 개혁신당, 무소속",1,0,3,0,0,0,Y,4|경상남도|창원시
경상남도,하동군,기초단체장,지역구,4,1,3,3.00,N,,N,N,N,"100159309, 100160777, 100159618","제윤경, 김현수, 남명우","더불어민주당, 국민의힘, 무소속",1,0,2,2,1,1,Y,4|경상남도|하동군
경상남도,함양군,기초단체장,지역구,4,1,4,4.00,N,,N,N,N,"100159848, 100163073, 100159615, 100161016","서필상, 진병영, 이철우, 김재웅","더불어민주당, 국민의힘, 무소속, 무소속",1,0,2,1,1,1,Y,4|경상남도|함양군
경상남도,합천군,기초단체장,지역구,4,1,2,2.00,N,,N,N,N,"100157986, 100161711","류순철, 김윤철","국민의힘, 무소속",0,0,2,1,1,0,Y,4|경상남도|합천군
경상남도,함안군,기초의원비례,비례,9,1,3,3.00,N,,N,N,N,"100164514, 100164211, 100164407","하미옥, 윤지원, 이성희","더불어민주당, 국민의힘, 진보당",0,0,1,1,1,0,Y,9|경상남도|함안군
경상남도,거제시제1선거구,시도의원,지역구,5,1,2,2.00,N,,N,N,N,"100161169, 100155408","박명옥, 전형기","더불어민주당, 국민의힘",1,0,0,0,0,0,Y,5|경상남도|거제시제1선거구
경상남도,거제시제2선거구,시도의원,지역구,5,1,2,2.00,N,,N,N,N,"100154630, 100158531","박봉휘, 전기풍","더불어민주당, 국민의힘",1,0,2,1,0,1,Y,5|경상남도|거제시제2선거구
경상남도,거창군제1선거구,시도의원,지역구,5,1,2,2.00,N,,N,N,N,"100160548, 100162071","김태경, 박주언","더불어민주당, 국민의힘",1,0,2,0,0,0,Y,5|경상남도|거창군제1선거구
경상남도,김해시제1선거구,시도의원,지역구,5,1,2,2.00,N,,N,N,N,"100154971, 100156374","신영욱, 엄정","더불어민주당, 국민의힘",1,0,2,0,0,0,Y,5|경상남도|김해시제1선거구
경상남도,김해시제2선거구,시도의원,지역구,5,1,2,2.00,N,,N,N,N,"100156182, 100161055","이종호, 서희봉","더불어민주당, 국민의힘",0,0,1,1,0,0,Y,5|경상남도|김해시제2선거구
경상남도,김해시제3선거구,시도의원,지역구,5,1,2,2.00,N,,N,N,N,"100154807, 100157929","김진기, 최동원","더불어민주당, 국민의힘",1,0,1,1,0,0,Y,5|경상남도|김해시제3선거구
경상남도,김해시제6선거구,시도의원,지역구,5,1,2,2.00,N,,N,N,N,"100156772, 100161522","김경수, 박병영","더불어민주당, 국민의힘",0,0,2,1,0,0,Y,5|경상남도|김해시제6선거구
경상남도,김해시제7선거구,시도의원,지역구,5,1,2,2.00,N,,N,N,N,"100157570, 100158272","박준호, 이시영","더불어민주당, 국민의힘",1,0,2,2,0,1,Y,5|경상남도|김해시제7선거구
경상남도,김해시제8선거구,시도의원,지역구,5,1,4,4.00,N,,N,N,N,"100160128, 100163223, 100154931, 100161173","손덕상, 진영호, 김병균, 장지현","더불어민주당, 국민의힘, 진보당, 무소속",0,0,1,1,0,0,Y,5|경상남도|김해시제8선거구
경상남도,밀양시제1선거구,시도의원,지역구,5,1,2,2.00,N,,N,N,N,"100162858, 100160394","정무권, 장병국","더불어민주당, 국민의힘",0,0,2,1,0,0,Y,5|경상남도|밀양시제1선거구
경상남도,밀양시제2선거구,시도의원,지역구,5,1,2,2.00,N,,N,N,N,"100162920, 100155298","배심교, 민경우","더불어민주당, 국민의힘",0,0,1,1,1,0,Y,5|경상남도|밀양시제2선거구
경상남도,사천시제1선거구,시도의원,지역구,5,1,3,3.00,N,,N,N,N,"100157313, 100160123, 100154251","황재은, 김규헌, 김동수","더불어민주당, 국민의힘, 진보당",0,0,2,2,0,0,Y,5|경상남도|사천시제1선거구
경상남도,양산시제1선거구,시도의원,지역구,5,1,2,2.00,N,,N,N,N,"100156884, 100162236","이상열, 문백청","더불어민주당, 국민의힘",1,0,0,0,0,0,Y,5|경상남도|양산시제1선거구
경상남도,양산시제2선거구,시도의원,지역구,5,1,3,3.00,N,,N,N,N,"100160203, 100161188, 100156642","김혜림, 이영수, 윤영미","더불어민주당, 국민의힘, 진보당",1,0,1,1,1,0,Y,5|경상남도|양산시제2선거구
경상남도,양산시제3선거구,시도의원,지역구,5,1,2,2.00,N,,N,N,N,"100160040, 100161426","강명구, 최영호","더불어민주당, 국민의힘",1,0,1,0,0,0,Y,5|경상남도|양산시제3선거구
경상남도,양산시제4선거구,시도의원,지역구,5,1,2,2.00,N,,N,N,N,"100163390, 100162745","이윤구, 신경진","더불어민주당, 국민의힘",1,0,0,0,0,0,Y,5|경상남도|양산시제4선거구
경상남도,진주시제1선거구,시도의원,지역구,5,1,2,2.00,N,,N,N,N,"100155673, 100161901","이동섭, 정재욱","더불어민주당, 국민의힘",0,0,1,1,0,0,Y,5|경상남도|진주시제1선거구
경상남도,진주시제3선거구,시도의원,지역구,5,1,3,3.00,N,,N,N,N,"100161801, 100163614, 100163545","조현신, 류재수, 김형석","국민의힘, 진보당, 무소속",1,0,3,1,0,0,Y,5|경상남도|진주시제3선거구
경상남도,진주시제4선거구,시도의원,지역구,5,1,2,2.00,N,,N,N,N,"100162118, 100162821","천진수, 유계현","더불어민주당, 국민의힘",1,0,1,0,0,0,Y,5|경상남도|진주시제4선거구
경상남도,창녕군제1선거구,시도의원,지역구,5,1,2,2.00,N,,N,N,N,"100154675, 100157974","이경재, 한현기","국민의힘, 진보당",0,0,2,1,0,0,Y,5|경상남도|창녕군제1선거구
경상남도,창녕군제2선거구,시도의원,지역구,5,1,3,3.00,N,,N,N,N,"100163159, 100158399, 100157049","조미련, 이상주, 김연숙","더불어민주당, 국민의힘, 진보당",0,0,2,2,0,0,Y,5|경상남도|창녕군제2선거구
경상남도,창원시제11선거구,시도의원,지역구,5,1,2,2.00,N,,N,N,N,"100162129, 100160692","강정중, 진상락","더불어민주당, 국민의힘",0,0,2,1,0,0,Y,5|경상남도|창원시제11선거구
경상남도,창원시제13선거구,시도의원,지역구,5,1,2,2.00,N,,N,N,N,"100154296, 100159005","박태준, 박승엽","더불어민주당, 국민의힘",1,0,0,0,0,0,Y,5|경상남도|창원시제13선거구
경상남도,창원시제15선거구,시도의원,지역구,5,1,2,2.00,N,,N,N,N,"100155559, 100161417","조광호, 김순택","더불어민주당, 국민의힘",0,0,2,1,0,0,Y,5|경상남도|창원시제15선거구
경상남도,창원시제1선거구,시도의원,지역구,5,1,3,3.00,N,,N,N,N,"100155864, 100160063, 100154701","김석규, 권성현, 이준석","더불어민주당, 국민의힘, 진보당",1,0,2,2,0,1,Y,5|경상남도|창원시제1선거구
경상남도,창원시제2선거구,시도의원,지역구,5,1,3,3.00,N,,N,N,N,"100163007, 100154259, 100154244","김장하, 박진현, 김영혜","더불어민주당, 국민의힘, 진보당",0,0,1,1,0,0,Y,5|경상남도|창원시제2선거구
경상남도,창원시제3선거구,시도의원,지역구,5,1,3,3.00,N,,N,N,N,"100154318, 100157800, 100154323","승장권, 박해영, 박은영","더불어민주당, 국민의힘, 진보당",1,0,2,0,0,0,Y,5|경상남도|창원시제3선거구
경상남도,창원시제4선거구,시도의원,지역구,5,1,2,2.00,N,,N,N,N,"100153899, 100157330","김경영, 박준","더불어민주당, 국민의힘",0,0,2,2,0,0,Y,5|경상남도|창원시제4선거구
경상남도,창원시제5선거구,시도의원,지역구,5,1,3,3.00,N,,N,N,N,"100153941, 100157300, 100164451","이성배, 이찬호, 박민정","더불어민주당, 국민의힘, 진보당",0,0,2,2,0,0,Y,5|경상남도|창원시제5선거구
경상남도,창원시제8선거구,시도의원,지역구,5,1,2,2.00,N,,N,N,N,"100163072, 100161324","손민식, 김이근","더불어민주당, 국민의힘",0,0,1,1,1,0,Y,5|경상남도|창원시제8선거구
경상남도,창원시제9선거구,시도의원,지역구,5,1,2,2.00,N,,N,N,N,"100157005, 100162031","구자찬, 정규헌","더불어민주당, 국민의힘",1,0,0,0,0,0,Y,5|경상남도|창원시제9선거구
경상남도,하동군선거구,시도의원,지역구,5,1,3,3.00,N,,N,N,N,"100159956, 100160688, 100163556","정영섭, 김구연, 박희성","더불어민주당, 국민의힘, 무소속",2,0,1,1,0,0,Y,5|경상남도|하동군선거구
경상남도,함안군제1선거구,시도의원,지역구,5,1,2,2.00,N,,N,N,N,"100160059, 100154555","김주석, 이관맹","더불어민주당, 국민의힘",1,0,1,0,0,0,Y,5|경상남도|함안군제1선거구
경상남도,함안군제2선거구,시도의원,지역구,5,1,2,2.00,N,,N,N,N,"100160555, 100157187","윤상철, 김수봉","더불어민주당, 국민의힘",1,0,1,1,1,0,Y,5|경상남도|함안군제2선거구
경상남도,합천군선거구,시도의원,지역구,5,1,2,2.00,N,,N,N,N,"100154225, 100163195","이필호, 이만우","국민의힘, 무소속",0,0,1,1,0,0,Y,5|경상남도|합천군선거구
경상북도,경주시,기초단체장,지역구,4,1,2,2.00,N,,N,N,N,"100164739, 100158547","박근영, 주낙영","더불어민주당, 국민의힘",1,0,0,0,0,0,Y,4|경상북도|경주시
경상북도,고령군,기초단체장,지역구,4,1,3,3.00,N,,N,N,N,"100163980, 100162618, 100160587","정석원, 이남철, 김명국","더불어민주당, 국민의힘, 무소속",0,0,2,1,0,0,Y,4|경상북도|고령군
경상북도,구미시,기초단체장,지역구,4,1,4,4.00,N,,N,N,N,"100162942, 100161869, 100162066, 100158906","장세용, 김장호, 조순자, 임명배","더불어민주당, 국민의힘, 개혁신당, 무소속",1,0,1,1,0,0,Y,4|경상북도|구미시
경상북도,김천시,기초단체장,지역구,4,1,3,3.00,N,,N,N,N,"100154512, 100161954, 100163658","나영민, 배낙호, 이창재","더불어민주당, 국민의힘, 무소속",0,0,2,2,0,0,Y,4|경상북도|김천시
경상북도,문경시,기초단체장,지역구,4,1,3,3.00,N,,N,N,N,"100163018, 100154216, 100158533","이윤희, 김학홍, 신현국","더불어민주당, 국민의힘, 무소속",0,0,1,1,0,0,Y,4|경상북도|문경시
경상북도,봉화군,기초단체장,지역구,4,1,3,3.00,N,,N,N,N,"100158832, 100158824, 100159090","이상식, 최기영, 박만우","더불어민주당, 국민의힘, 무소속",0,0,2,1,0,0,Y,4|경상북도|봉화군
경상북도,성주군,기초단체장,지역구,4,1,2,2.00,N,,N,N,N,"100158966, 100158732","정영길, 전화식","국민의힘, 무소속",1,0,0,0,0,0,Y,4|경상북도|성주군
경상북도,안동시,기초단체장,지역구,4,1,2,2.00,N,,N,N,N,"100156106, 100161712","이삼걸, 권기창","더불어민주당, 국민의힘",1,0,0,0,0,0,Y,4|경상북도|안동시
경상북도,영덕군,기초단체장,지역구,4,1,4,4.00,N,,N,N,N,"100159112, 100159545, 100158770, 100163277","강부송, 조주홍, 박병일, 장성욱","더불어민주당, 국민의힘, 무소속, 무소속",1,0,2,2,1,1,Y,4|경상북도|영덕군
경상북도,영주시,기초단체장,지역구,4,1,3,3.00,N,,N,N,N,"100162018, 100153885, 100163565","우창윤, 황병직, 황선종","더불어민주당, 국민의힘, 무소속",1,0,2,0,0,0,Y,4|경상북도|영주시
경상북도,영천시,기초단체장,지역구,4,1,3,3.00,N,,N,N,N,"100154149, 100154245, 100161843","이정훈, 김병삼, 최기문","더불어민주당, 국민의힘, 무소속",0,0,3,2,0,0,Y,4|경상북도|영천시
경상북도,울릉군,기초단체장,지역구,4,1,4,4.00,N,,N,N,N,"100159783, 100160131, 100163336, 100161979","정성환, 김병수, 남한권, 남진복","더불어민주당, 국민의힘, 무소속, 무소속",3,0,1,0,0,0,Y,4|경상북도|울릉군
경상북도,울진군,기초단체장,지역구,4,1,2,2.00,N,,N,N,N,"100161346, 100159499","손병복, 황이주","국민의힘, 무소속",1,0,1,1,0,1,Y,4|경상북도|울진군
경상북도,청도군,기초단체장,지역구,4,1,3,3.00,N,,N,N,N,"100162354, 100159842, 100159837","김하수, 박권현, 이승민","국민의힘, 무소속, 무소속",0,0,3,1,0,0,Y,4|경상북도|청도군
경상북도,청송군,기초단체장,지역구,4,1,2,2.00,N,,N,N,N,"100161822, 100159080","임기진, 윤경희","더불어민주당, 국민의힘",0,0,2,1,1,0,Y,4|경상북도|청송군
경상북도,칠곡군,기초단체장,지역구,4,1,2,2.00,N,,N,N,N,"100159600, 100162448","김시환, 김재욱","더불어민주당, 국민의힘",1,0,0,0,0,0,Y,4|경상북도|칠곡군
경상북도,경산시제1선거구,시도의원,지역구,5,1,3,3.00,N,,N,N,N,"100162667, 100162669, 100163550","전봉근, 백운성, 김상호","더불어민주당, 국민의힘, 무소속",0,0,3,2,0,0,Y,5|경상북도|경산시제1선거구
경상북도,경산시제2선거구,시도의원,지역구,5,1,3,3.00,N,,N,N,N,"100160187, 100162444, 100160830","윤기현, 남희태, 황동희","국민의힘, 무소속, 무소속",2,0,3,0,0,0,Y,5|경상북도|경산시제2선거구
경상북도,경산시제5선거구,시도의원,지역구,5,1,2,2.00,N,,N,N,N,"100163421, 100162919","배향선, 이철식","더불어민주당, 국민의힘",0,0,2,1,0,0,Y,5|경상북도|경산시제5선거구
경상북도,구미시제1선거구,시도의원,지역구,5,1,2,2.00,N,,N,N,N,"100162046, 100165585","김용현, 김경훈","국민의힘, 무소속",2,1,2,1,1,1,Y,5|경상북도|구미시제1선거구
경상북도,구미시제2선거구,시도의원,지역구,5,1,3,3.00,N,,N,N,N,"100163230, 100162281, 100162247","권성철, 정세현, 황두영","더불어민주당, 국민의힘, 무소속",1,0,3,2,0,1,Y,5|경상북도|구미시제2선거구
경상북도,구미시제4선거구,시도의원,지역구,5,1,2,2.00,N,,N,N,N,"100162866, 100162304","채한성, 김일수","더불어민주당, 국민의힘",1,0,1,0,0,0,Y,5|경상북도|구미시제4선거구
경상북도,구미시제6선거구,시도의원,지역구,5,1,2,2.00,N,,N,N,N,"100162230, 100162547","김득환, 윤종호","더불어민주당, 국민의힘",2,0,1,0,0,0,Y,5|경상북도|구미시제6선거구
경상북도,문경시제1선거구,시도의원,지역구,5,1,2,2.00,N,,N,N,N,"100162543, 100161959","박영서, 신봉식","국민의힘, 자유와혁신",0,0,2,1,0,0,Y,5|경상북도|문경시제1선거구
경상북도,봉화군선거구,시도의원,지역구,5,1,2,2.00,N,,N,N,N,"100154425, 100159012","권영만, 김상희","국민의힘, 무소속",1,0,1,0,0,0,Y,5|경상북도|봉화군선거구
경상북도,안동시제2선거구,시도의원,지역구,5,1,3,3.00,N,,N,N,N,"100163647, 100163691, 100157660","최미연, 권백신, 김상진","더불어민주당, 국민의힘, 무소속",1,0,2,1,0,1,Y,5|경상북도|안동시제2선거구
경상북도,안동시제3선거구,시도의원,지역구,5,1,3,3.00,N,,N,N,N,"100163493, 100162959, 100163304","손진걸, 김정대, 김대일","더불어민주당, 국민의힘, 무소속",1,0,2,1,0,1,Y,5|경상북도|안동시제3선거구
경상북도,영덕군선거구,시도의원,지역구,5,1,2,2.00,N,,N,N,N,"100156532, 100154133","임민혁, 황재철","더불어민주당, 국민의힘",0,0,1,1,0,0,Y,5|경상북도|영덕군선거구
경상북도,예천군제1선거구,시도의원,지역구,5,1,2,2.00,N,,N,N,N,"100156670, 100158154","김재환, 조동광","국민의힘, 무소속",0,0,1,1,0,0,Y,5|경상북도|예천군제1선거구
경상북도,예천군제2선거구,시도의원,지역구,5,1,3,3.00,N,,N,N,N,"100160907, 100160103, 100155754","정광주, 최병욱, 이승희","더불어민주당, 국민의힘, 무소속",1,0,0,0,0,0,Y,5|경상북도|예천군제2선거구
경상북도,의성군제1선거구,시도의원,지역구,5,1,2,2.00,N,,N,N,N,"100158156, 100158857","박지혁, 최태림","국민의힘, 무소속",1,0,2,0,0,0,Y,5|경상북도|의성군제1선거구
경상북도,포항시제1선거구,시도의원,지역구,5,1,2,2.00,N,,N,N,N,"100163394, 100163420","김상백, 한창화","국민의힘, 무소속",1,0,2,2,0,1,Y,5|경상북도|포항시제1선거구
경상북도,포항시제3선거구,시도의원,지역구,5,1,2,2.00,N,,N,N,N,"100163656, 100163587","김상일, 정승곤","국민의힘, 무소속",1,0,2,1,0,1,Y,5|경상북도|포항시제3선거구
경상북도,포항시제7선거구,시도의원,지역구,5,1,2,2.00,N,,N,N,N,"100161909, 100157790","이동업, 주해남","국민의힘, 무소속",1,0,2,0,0,0,Y,5|경상북도|포항시제7선거구
경상북도,포항시제8선거구,시도의원,지역구,5,1,3,3.00,N,,N,N,N,"100161896, 100158353, 100162246","박성필, 박정호, 김진엽","더불어민주당, 국민의힘, 무소속",1,0,2,2,0,1,Y,5|경상북도|포항시제8선거구
경상북도,포항시제9선거구,시도의원,지역구,5,1,2,2.00,N,,N,N,N,"100153874, 100157298","김상헌, 손희권","더불어민주당, 국민의힘",1,0,1,1,0,1,Y,5|경상북도|포항시제9선거구
광주광역시,전남광주통합특별시,교육감,특수(교육감·재보궐 등),11,1,4,4.00,N,,N,N,N,"100153856, 100160673, 100153771, 100162107","강숙영, 이정선, 장관호, 김대중","무소속, 무소속, 무소속, 무소속",1,0,0,0,0,0,Y,11|광주광역시|전남광주통합특별시
광주광역시,북구,기초단체장,지역구,4,1,4,4.00,N,,N,N,N,"100158994, 100154186, 100164186, 100163450","신수정, 김주업, 김성현, 노남수","더불어민주당, 진보당, 무소속, 무소속",0,0,2,1,0,0,Y,4|광주광역시|북구
광주광역시,광산구제2선거구,시도의원,지역구,5,1,2,2.00,N,,N,N,N,"100155184, 100155820","이영순, 김선미","더불어민주당, 진보당",1,0,0,0,0,0,Y,5|광주광역시|광산구제2선거구
광주광역시,북구제3선거구,시도의원,지역구,5,1,2,2.00,N,,N,N,N,"100157372, 100154791","조석호, 소재섭","더불어민주당, 진보당",1,0,1,0,0,0,Y,5|광주광역시|북구제3선거구
광주광역시,전남광주통합특별시,시도지사,지역구,3,1,5,5.00,N,,N,N,N,"100163198, 100163089, 100153775, 100159061, 100162728","민형배, 이정현, 이종욱, 강은미, 김광만","더불어민주당, 국민의힘, 진보당, 정의당, 무소속",0,0,2,1,0,0,Y,3|광주광역시|전남광주통합특별시
대구광역시,대구광역시,교육감,특수(교육감·재보궐 등),11,1,3,3.00,N,,N,N,N,"100153820, 100162085, 100162500","서중현, 임성무, 강은희","무소속, 무소속, 무소속",0,0,1,1,0,0,Y,11|대구광역시|대구광역시
대구광역시,군위군,기초단체장,지역구,4,1,2,2.00,N,,N,N,N,"100163558, 100162112","이기만, 김진열","더불어민주당, 국민의힘",0,0,1,1,1,0,Y,4|대구광역시|군위군
대구광역시,달성군,기초단체장,지역구,4,1,2,2.00,N,,N,N,N,"100160034, 100163666","김보경, 최재훈","더불어민주당, 국민의힘",0,0,2,1,0,0,Y,4|대구광역시|달성군
대구광역시,북구,기초단체장,지역구,4,1,2,2.00,N,,N,N,N,"100157985, 100154405","최우영, 이근수","더불어민주당, 국민의힘",0,0,1,1,0,0,Y,4|대구광역시|북구
대구광역시,서구,기초단체장,지역구,4,1,2,2.00,N,,N,N,N,"100156133, 100154194","최규식, 권오상","더불어민주당, 국민의힘",0,0,1,1,0,0,Y,4|대구광역시|서구
대구광역시,중구,기초단체장,지역구,4,1,2,2.00,N,,N,N,N,"100161033, 100160346","오영준, 류규하","더불어민주당, 국민의힘",1,0,0,0,0,0,Y,4|대구광역시|중구
대구광역시,남구,기초의원비례,비례,9,1,3,3.00,N,,N,N,N,"100164746, 100164827, 100164833","김은하, 윤정혜, 심은진","더불어민주당, 국민의힘, 국민의힘",1,0,0,0,0,0,Y,9|대구광역시|남구
대구광역시,중구,기초의원비례,비례,9,1,3,3.00,N,,N,N,N,"100164905, 100165005, 100164978","양순정, 유성자, 이도겸","더불어민주당, 국민의힘, 국민의힘",1,0,0,0,0,0,Y,9|대구광역시|중구
대구광역시,군위군선거구,시도의원,지역구,5,1,2,2.00,N,,N,N,N,"100163560, 100164450","정유석, 박창석","더불어민주당, 국민의힘",1,0,1,1,0,1,Y,5|대구광역시|군위군선거구
대구광역시,남구제1선거구,시도의원,지역구,5,1,2,2.00,N,,N,N,N,"100163294, 100162499","이정현, 권오섭","더불어민주당, 국민의힘",0,0,1,1,0,0,Y,5|대구광역시|남구제1선거구
대구광역시,달서구제2선거구,시도의원,지역구,5,1,2,2.00,N,,N,N,N,"100164595, 100162250","장갑호, 김기열","더불어민주당, 국민의힘",1,0,1,1,1,1,Y,5|대구광역시|달서구제2선거구
대구광역시,달서구제3선거구,시도의원,지역구,5,1,3,3.00,N,,N,N,N,"100162898, 100163459, 100163361","차우미, 오명환, 박왕규","더불어민주당, 국민의힘, 무소속",1,0,1,1,0,0,Y,5|대구광역시|달서구제3선거구
대구광역시,달서구제4선거구,시도의원,지역구,5,1,2,2.00,N,,N,N,N,"100163561, 100163357","우영식, 이태손","더불어민주당, 국민의힘",1,0,0,0,0,0,Y,5|대구광역시|달서구제4선거구
대구광역시,달서구제5선거구,시도의원,지역구,5,1,4,4.00,N,,N,N,N,"100163366, 100156168, 100161670, 100155801","김태형, 진미숙, 최영오, 윤권근","더불어민주당, 국민의힘, 진보당, 무소속",1,0,1,0,0,0,Y,5|대구광역시|달서구제5선거구
대구광역시,달성군제2선거구,시도의원,지역구,5,1,2,2.00,N,,N,N,N,"100161866, 100162116","이대곤, 최재규","더불어민주당, 국민의힘",1,0,1,1,0,0,Y,5|대구광역시|달성군제2선거구
대구광역시,달성군제3선거구,시도의원,지역구,5,1,2,2.00,N,,N,N,N,"100162361, 100162336","박영동, 배창규","더불어민주당, 국민의힘",0,0,1,1,0,0,Y,5|대구광역시|달성군제3선거구
대구광역시,동구제4선거구,시도의원,지역구,5,1,3,3.00,N,,N,N,N,"100154658, 100158204, 100162315","박동규, 이재숙, 최일영","더불어민주당, 국민의힘, 진보당",0,0,1,1,0,0,Y,5|대구광역시|동구제4선거구
대구광역시,북구제1선거구,시도의원,지역구,5,1,2,2.00,N,,N,N,N,"100162088, 100162121","이명복, 류종우","더불어민주당, 국민의힘",0,0,2,1,0,0,Y,5|대구광역시|북구제1선거구
대구광역시,북구제3선거구,시도의원,지역구,5,1,2,2.00,N,,N,N,N,"100164324, 100162285","김태훈, 최수열","더불어민주당, 국민의힘",0,0,1,1,0,0,Y,5|대구광역시|북구제3선거구
대구광역시,북구제5선거구,시도의원,지역구,5,1,3,3.00,N,,N,N,N,"100163005, 100158615, 100160829","김규학, 김재용, 김용주","더불어민주당, 국민의힘, 무소속",1,0,2,1,0,0,Y,5|대구광역시|북구제5선거구
대구광역시,서구제1선거구,시도의원,지역구,5,1,2,2.00,N,,N,N,N,"100161003, 100162598","이주한, 이동운","더불어민주당, 국민의힘",0,0,1,1,0,0,Y,5|대구광역시|서구제1선거구
대구광역시,수성구제2선거구,시도의원,지역구,5,1,3,3.00,N,,N,N,N,"100162829, 100160401, 100161030","차현민, 김중군, 황기호","더불어민주당, 국민의힘, 무소속",1,0,2,2,0,1,Y,5|대구광역시|수성구제2선거구
대구광역시,수성구제3선거구,시도의원,지역구,5,1,4,4.00,N,,N,N,N,"100160497, 100160915, 100155639, 100165420","황혜진, 이성오, 서운교, 김삼조","더불어민주당, 국민의힘, 개혁신당, 무소속",0,0,2,1,0,0,Y,5|대구광역시|수성구제3선거구
대구광역시,수성구제5선거구,시도의원,지역구,5,1,2,2.00,N,,N,N,N,"100162904, 100163280","정애향, 김태우","더불어민주당, 국민의힘",0,0,1,1,0,0,Y,5|대구광역시|수성구제5선거구
대구광역시,중구제2선거구,시도의원,지역구,5,1,2,2.00,N,,N,N,N,"100156535, 100156026","김혜진, 이형원","더불어민주당, 국민의힘",1,0,2,0,0,0,Y,5|대구광역시|중구제2선거구
대전광역시,대전광역시,교육감,특수(교육감·재보궐 등),11,1,5,5.00,N,,N,N,N,"100153741, 100153739, 100153764, 100153740, 100153737","정상신, 맹수석, 성광진, 오석진, 진동규","무소속, 무소속, 무소속, 무소속, 무소속",1,0,1,1,0,0,Y,11|대전광역시|대전광역시
대전광역시,대덕구,기초단체장,지역구,4,1,2,2.00,N,,N,N,N,"100154870, 100163481","김찬술, 최충규","더불어민주당, 국민의힘",0,0,1,1,0,0,Y,4|대전광역시|대덕구
대전광역시,동구,기초단체장,지역구,4,1,3,3.00,N,,N,N,N,"100154226, 100162951, 100154139","황인호, 박희조, 한현택","더불어민주당, 국민의힘, 무소속",0,0,2,2,0,0,Y,4|대전광역시|동구
대전광역시,서구,기초단체장,지역구,4,1,3,3.00,N,,N,N,N,"100154033, 100163049, 100154367","전문학, 서철모, 유지곤","더불어민주당, 국민의힘, 조국혁신당",1,0,3,1,1,0,Y,4|대전광역시|서구
대전광역시,유성구,기초단체장,지역구,4,1,2,2.00,N,,N,N,N,"100163126, 100162041","정용래, 조원휘","더불어민주당, 국민의힘",1,0,1,1,0,0,Y,4|대전광역시|유성구
대전광역시,동구,기초의원비례,비례,9,1,3,3.00,N,,N,N,N,"100164010, 100165749, 100164014","김은지, 김성락, 김혜원","더불어민주당, 더불어민주당, 국민의힘",2,0,0,0,0,0,Y,9|대전광역시|동구
대전광역시,대덕구제1선거구,시도의원,지역구,5,1,2,2.00,N,,N,N,N,"100160286, 100157841","김기흥, 이효성","더불어민주당, 국민의힘",0,0,1,1,0,0,Y,5|대전광역시|대덕구제1선거구
대전광역시,대덕구제2선거구,시도의원,지역구,5,1,3,3.00,N,,N,N,N,"100154913, 100155211, 100160288","박은희, 박종서, 송활섭","더불어민주당, 국민의힘, 무소속",0,0,1,1,0,0,Y,5|대전광역시|대덕구제2선거구
대전광역시,동구제1선거구,시도의원,지역구,5,1,2,2.00,N,,N,N,N,"100154177, 100161688","정근모, 송인석","더불어민주당, 국민의힘",1,0,0,0,0,0,Y,5|대전광역시|동구제1선거구
대전광역시,동구제2선거구,시도의원,지역구,5,1,2,2.00,N,,N,N,N,"100153890, 100160136","최대성, 박철용","더불어민주당, 국민의힘",0,0,1,1,0,0,Y,5|대전광역시|동구제2선거구
대전광역시,서구제5선거구,시도의원,지역구,5,1,3,3.00,N,,N,N,N,"100160254, 100163700, 100155569","김신웅, 이중호, 이하영","더불어민주당, 국민의힘, 진보당",1,0,0,0,0,0,Y,5|대전광역시|서구제5선거구
대전광역시,유성구제2선거구,시도의원,지역구,5,1,2,2.00,N,,N,N,N,"100160572, 100155654","인미동, 여황현","더불어민주당, 국민의힘",0,0,1,1,0,0,Y,5|대전광역시|유성구제2선거구
대전광역시,유성구제3선거구,시도의원,지역구,5,1,2,2.00,N,,N,N,N,"100160691, 100163099","하경옥, 한형신","더불어민주당, 국민의힘",0,0,1,1,0,0,Y,5|대전광역시|유성구제3선거구
대전광역시,유성구제4선거구,시도의원,지역구,5,1,2,2.00,N,,N,N,N,"100158569, 100161511","구본환, 이금선","더불어민주당, 국민의힘",1,0,0,0,0,0,Y,5|대전광역시|유성구제4선거구
대전광역시,중구제2선거구,시도의원,지역구,5,1,2,2.00,N,,N,N,N,"100159213, 100158688","유수열, 오한숙","더불어민주당, 국민의힘",1,0,0,0,0,0,Y,5|대전광역시|중구제2선거구
대전광역시,중구제3선거구,시도의원,지역구,5,1,2,2.00,N,,N,N,N,"100154090, 100159298","고제열, 안형진","더불어민주당, 국민의힘",1,0,2,0,0,0,Y,5|대전광역시|중구제3선거구
부산광역시,강서구,기초단체장,지역구,4,1,2,2.00,N,,N,N,N,"100156803, 100161550","박상준, 김형찬","더불어민주당, 국민의힘",1,0,0,0,0,0,Y,4|부산광역시|강서구
부산광역시,남구,기초단체장,지역구,4,1,2,2.00,N,,N,N,N,"100154429, 100156672","박재범, 김광명","더불어민주당, 국민의힘",0,0,1,1,0,0,Y,4|부산광역시|남구
부산광역시,동구,기초단체장,지역구,4,1,2,2.00,N,,N,N,N,"100154786, 100161624","김종우, 강철호","더불어민주당, 국민의힘",0,0,1,1,0,0,Y,4|부산광역시|동구
부산광역시,북구,기초단체장,지역구,4,1,2,2.00,N,,N,N,N,"100156818, 100162619","정명희, 오태원","더불어민주당, 국민의힘",2,0,1,0,0,0,Y,4|부산광역시|북구
부산광역시,사하구,기초단체장,지역구,4,1,2,2.00,N,,N,N,N,"100154670, 100157797","김태석, 김척수","더불어민주당, 국민의힘",0,0,1,1,0,0,Y,4|부산광역시|사하구
부산광역시,서구,기초단체장,지역구,4,1,2,2.00,N,,N,N,N,"100157569, 100160476","황정재, 공한수","더불어민주당, 국민의힘",1,0,0,0,0,0,Y,4|부산광역시|서구
부산광역시,기장군,기초의원비례,비례,9,1,2,2.00,N,,N,N,N,"100165668, 100165674","조혜원, 이진희","더불어민주당, 국민의힘",1,0,0,0,0,0,Y,9|부산광역시|기장군
부산광역시,강서구제2선거구,시도의원,지역구,5,1,2,2.00,N,,N,N,N,"100157746, 100157866","정영수, 송현준","더불어민주당, 국민의힘",2,0,0,0,0,0,Y,5|부산광역시|강서구제2선거구
부산광역시,기장군제1선거구,시도의원,지역구,5,1,2,2.00,N,,N,N,N,"100156172, 100159920","최정우, 박종철","더불어민주당, 국민의힘",1,0,0,0,0,0,Y,5|부산광역시|기장군제1선거구
부산광역시,기장군제2선거구,시도의원,지역구,5,1,3,3.00,N,,N,N,N,"100160045, 100159280, 100156121","라기오, 맹승자, 안준용","더불어민주당, 국민의힘, 진보당",1,0,1,1,1,0,Y,5|부산광역시|기장군제2선거구
부산광역시,남구제2선거구,시도의원,지역구,5,1,2,2.00,N,,N,N,N,"100158341, 100157486","이강영, 조상진","더불어민주당, 국민의힘",0,0,1,1,0,0,Y,5|부산광역시|남구제2선거구
부산광역시,남구제4선거구,시도의원,지역구,5,1,2,2.00,N,,N,N,N,"100156545, 100156863","유정기, 박미순","더불어민주당, 국민의힘",0,0,1,1,0,0,Y,5|부산광역시|남구제4선거구
부산광역시,동구제1선거구,시도의원,지역구,5,1,2,2.00,N,,N,N,N,"100161056, 100162374","김진오, 이상욱","더불어민주당, 국민의힘",1,0,2,2,0,1,Y,5|부산광역시|동구제1선거구
부산광역시,동구제2선거구,시도의원,지역구,5,1,2,2.00,N,,N,N,N,"100162556, 100160398","임진권, 김재헌","더불어민주당, 국민의힘",0,0,1,1,0,0,Y,5|부산광역시|동구제2선거구
부산광역시,동래구제1선거구,시도의원,지역구,5,1,2,2.00,N,,N,N,N,"100159126, 100160932","박민성, 김동하","더불어민주당, 국민의힘",1,0,1,1,0,1,Y,5|부산광역시|동래구제1선거구
부산광역시,부산진구제1선거구,시도의원,지역구,5,1,3,3.00,N,,N,N,N,"100160183, 100161375, 100165105","성현옥, 박희용, 박석동","더불어민주당, 국민의힘, 무소속",0,0,1,1,1,0,Y,5|부산광역시|부산진구제1선거구
부산광역시,부산진구제3선거구,시도의원,지역구,5,1,2,2.00,N,,N,N,N,"100157422, 100160834","장백산, 김재운","더불어민주당, 국민의힘",0,0,1,1,0,0,Y,5|부산광역시|부산진구제3선거구
부산광역시,북구제3선거구,시도의원,지역구,5,1,2,2.00,N,,N,N,N,"100162130, 100161195","정양훈, 이종진","더불어민주당, 국민의힘",0,0,1,1,0,0,Y,5|부산광역시|북구제3선거구
부산광역시,북구제4선거구,시도의원,지역구,5,1,3,3.00,N,,N,N,N,"100160005, 100161457, 100157572","김태희, 박종율, 김수민","더불어민주당, 국민의힘, 무소속",1,0,1,1,0,0,Y,5|부산광역시|북구제4선거구
부산광역시,사하구제1선거구,시도의원,지역구,5,1,3,3.00,N,,N,N,N,"100160568, 100156394, 100162828","한정옥, 윤지영, 양기주","더불어민주당, 국민의힘, 무소속",0,0,1,1,0,0,Y,5|부산광역시|사하구제1선거구
부산광역시,사하구제2선거구,시도의원,지역구,5,1,3,3.00,N,,N,N,N,"100158651, 100154667, 100164972","전원석, 최종원, 김장성","더불어민주당, 국민의힘, 무소속",0,0,1,1,0,0,Y,5|부산광역시|사하구제2선거구
부산광역시,사하구제4선거구,시도의원,지역구,5,1,2,2.00,N,,N,N,N,"100160961, 100154775","박정순, 이상은","더불어민주당, 국민의힘",0,0,1,1,1,0,Y,5|부산광역시|사하구제4선거구
부산광역시,서구제1선거구,시도의원,지역구,5,1,2,2.00,N,,N,N,N,"100157776, 100161226","윤지환, 송상조","더불어민주당, 국민의힘",0,0,1,1,0,0,Y,5|부산광역시|서구제1선거구
부산광역시,수영구제1선거구,시도의원,지역구,5,1,2,2.00,N,,N,N,N,"100157956, 100162620","황성의, 조병제","더불어민주당, 국민의힘",1,0,0,0,0,0,Y,5|부산광역시|수영구제1선거구
부산광역시,영도구제2선거구,시도의원,지역구,5,1,2,2.00,N,,N,N,N,"100154884, 100158278","박상현, 양준모","더불어민주당, 국민의힘",0,0,1,1,1,0,Y,5|부산광역시|영도구제2선거구
부산광역시,중구선거구,시도의원,지역구,5,1,3,3.00,N,,N,N,N,"100162393, 100161064, 100163508","김시형, 강주택, 오경석","더불어민주당, 국민의힘, 무소속",0,0,2,2,0,0,Y,5|부산광역시|중구선거구
부산광역시,해운대구제1선거구,시도의원,지역구,5,1,3,3.00,N,,N,N,N,"100162258, 100162469, 100160707","김삼수, 박준영, 신정철","더불어민주당, 국민의힘, 무소속",0,0,1,1,0,0,Y,5|부산광역시|해운대구제1선거구
부산광역시,부산광역시,시도지사,지역구,3,1,3,3.00,N,,N,N,N,"100163192, 100162954, 100155833","전재수, 박형준, 정이한","더불어민주당, 국민의힘, 개혁신당",1,0,0,0,0,0,Y,3|부산광역시|부산광역시
서울특별시,서울특별시,교육감,특수(교육감·재보궐 등),11,1,8,8.00,N,,N,N,N,"100153800, 100155563, 100163258, 100162651, 100153774, 100161493, 100153778, 100153786","김영배, 한만중, 조전혁, 이학인, 윤호상, 정근식, 홍제남, 류수노","무소속, 무소속, 무소속, 무소속, 무소속, 무소속, 무소속, 무소속",1,0,3,3,0,1,Y,11|서울특별시|서울특별시
서울특별시,강북구,기초단체장,지역구,4,1,4,4.00,N,,N,N,N,"100165736, 100156415, 100157120, 100157755","정창수, 장지호, 윤정현, 한덕희","더불어민주당, 국민의힘, 노동당, 무소속",0,0,2,1,0,0,Y,4|서울특별시|강북구
서울특별시,강서구,기초단체장,지역구,4,1,4,4.00,N,,N,N,N,"100162985, 100157541, 100154493, 100154808","진교훈, 김진선, 이미선, 백철","더불어민주당, 국민의힘, 진보당, 무소속",2,0,0,0,0,0,Y,4|서울특별시|강서구
서울특별시,관악구,기초단체장,지역구,4,1,3,3.00,N,,N,N,N,"100161558, 100160057, 100162020","박준희, 이남형, 이혜숙","더불어민주당, 국민의힘, 개혁신당",0,0,2,2,1,0,Y,4|서울특별시|관악구
서울특별시,동대문구,기초단체장,지역구,4,1,2,2.00,N,,N,N,N,"100154237, 100162700","최동민, 이필형","더불어민주당, 국민의힘",1,0,1,0,0,0,Y,4|서울특별시|동대문구
서울특별시,동작구,기초단체장,지역구,4,1,4,4.00,N,,N,N,N,"100155877, 100156792, 100163677, 100162126","류삼영, 김정태, 박일하, 조성범","더불어민주당, 국민의힘, 개혁신당, 무소속",1,1,0,0,0,0,Y,4|서울특별시|동작구
서울특별시,서초구,기초단체장,지역구,4,1,2,2.00,N,,N,N,N,"100161489, 100162496","황인식, 전성수","더불어민주당, 국민의힘",1,0,0,0,0,0,Y,4|서울특별시|서초구
서울특별시,성동구,기초단체장,지역구,4,1,3,3.00,N,,N,N,N,"100154364, 100158996, 100165564","유보화, 고재현, 정찬옥","더불어민주당, 국민의힘, 개혁신당",1,0,1,0,0,0,Y,4|서울특별시|성동구
서울특별시,성북구,기초단체장,지역구,4,1,3,3.00,N,,N,N,N,"100161486, 100161480, 100158480","이승로, 민병웅, 홍희진","더불어민주당, 국민의힘, 진보당",1,0,0,0,0,0,Y,4|서울특별시|성북구
서울특별시,중랑구,기초단체장,지역구,4,1,2,2.00,N,,N,N,N,"100163845, 100157783","류경기, 황종석","더불어민주당, 국민의힘",0,0,1,1,0,0,Y,4|서울특별시|중랑구
서울특별시,종로구,기초의원비례,비례,9,1,2,2.00,N,,N,N,N,"100164864, 100165170","강수은, 양민아","더불어민주당, 국민의힘",0,0,1,1,1,0,Y,9|서울특별시|종로구
서울특별시,강남구제3선거구,시도의원,지역구,5,1,2,2.00,N,,N,N,N,"100163483, 100155766","조유란, 이인화","더불어민주당, 국민의힘",1,0,0,0,0,0,Y,5|서울특별시|강남구제3선거구
서울특별시,강동구제4선거구,시도의원,지역구,5,1,2,2.00,N,,N,N,N,"100160133, 100162674","양평호, 조동탁","더불어민주당, 국민의힘",1,0,2,0,0,0,Y,5|서울특별시|강동구제4선거구
서울특별시,강동구제6선거구,시도의원,지역구,5,1,2,2.00,N,,N,N,N,"100163297, 100162859","이동매, 장태용","더불어민주당, 국민의힘",0,0,1,1,0,0,Y,5|서울특별시|강동구제6선거구
서울특별시,강북구제1선거구,시도의원,지역구,5,1,2,2.00,N,,N,N,N,"100162340, 100162533","김명희, 이종환","더불어민주당, 국민의힘",0,0,2,1,0,0,Y,5|서울특별시|강북구제1선거구
서울특별시,강서구제5선거구,시도의원,지역구,5,1,2,2.00,N,,N,N,N,"100161427, 100162780","홍재희, 김경훈","더불어민주당, 국민의힘",1,0,0,0,0,0,Y,5|서울특별시|강서구제5선거구
서울특별시,강서구제6선거구,시도의원,지역구,5,1,2,2.00,N,,N,N,N,"100160837, 100161446","김병진, 신찬호","더불어민주당, 국민의힘",0,0,1,1,0,0,Y,5|서울특별시|강서구제6선거구
서울특별시,관악구제4선거구,시도의원,지역구,5,1,2,2.00,N,,N,N,N,"100155986, 100162489","김정애, 김호경","더불어민주당, 국민의힘",2,0,1,0,0,0,Y,5|서울특별시|관악구제4선거구
서울특별시,관악구제5선거구,시도의원,지역구,5,1,2,2.00,N,,N,N,N,"100163254, 100163913","김정우, 장현수","더불어민주당, 국민의힘",1,1,0,0,0,0,Y,5|서울특별시|관악구제5선거구
서울특별시,광진구제3선거구,시도의원,지역구,5,1,2,2.00,N,,N,N,N,"100158563, 100157973","이상엽, 김영옥","더불어민주당, 국민의힘",0,0,1,1,0,0,Y,5|서울특별시|광진구제3선거구
서울특별시,구로구제1선거구,시도의원,지역구,5,1,2,2.00,N,,N,N,N,"100160520, 100158540","김미주, 서상열","더불어민주당, 국민의힘",0,0,1,1,0,0,Y,5|서울특별시|구로구제1선거구
서울특별시,구로구제4선거구,시도의원,지역구,5,1,2,2.00,N,,N,N,N,"100162597, 100162450","박칠성, 정성호","더불어민주당, 국민의힘",1,1,2,0,0,0,Y,5|서울특별시|구로구제4선거구
서울특별시,노원구제5선거구,시도의원,지역구,5,1,3,3.00,N,,N,N,N,"100156802, 100156513, 100158397","채유미, 윤기섭, 용순옥","더불어민주당, 국민의힘, 진보당",0,0,2,2,1,0,Y,5|서울특별시|노원구제5선거구
서울특별시,도봉구제2선거구,시도의원,지역구,5,1,2,2.00,N,,N,N,N,"100160495, 100156770","박상근, 홍국표","더불어민주당, 국민의힘",0,0,1,1,0,0,Y,5|서울특별시|도봉구제2선거구
서울특별시,동작구제1선거구,시도의원,지역구,5,1,2,2.00,N,,N,N,N,"100160710, 100162410","김정환, 장순욱","더불어민주당, 국민의힘",1,0,2,1,0,0,Y,5|서울특별시|동작구제1선거구
서울특별시,동작구제2선거구,시도의원,지역구,5,1,3,3.00,N,,N,N,N,"100157472, 100162772, 100161904","김경우, 최민규, 이원순","더불어민주당, 국민의힘, 진보당",0,0,1,1,0,0,Y,5|서울특별시|동작구제2선거구
서울특별시,동작구제3선거구,시도의원,지역구,5,1,2,2.00,N,,N,N,N,"100162539, 100162326","노성철, 이수연","더불어민주당, 국민의힘",1,0,1,1,0,1,Y,5|서울특별시|동작구제3선거구
서울특별시,마포구제3선거구,시도의원,지역구,5,1,3,3.00,N,,N,N,N,"100160695, 100156814, 100159168","채우진, 한일용, 이상옥","더불어민주당, 국민의힘, 진보당",1,0,1,0,0,0,Y,5|서울특별시|마포구제3선거구
서울특별시,서초구제1선거구,시도의원,지역구,5,1,3,3.00,N,,N,N,N,"100155508, 100162289, 100163257","전태우, 김지훈, 박상혁","더불어민주당, 국민의힘, 개혁신당",1,0,0,0,0,0,Y,5|서울특별시|서초구제1선거구
서울특별시,서초구제3선거구,시도의원,지역구,5,1,2,2.00,N,,N,N,N,"100162435, 100165821","고광민, 강여정","국민의힘, 무소속",0,0,1,1,0,0,Y,5|서울특별시|서초구제3선거구
서울특별시,성북구제1선거구,시도의원,지역구,5,1,4,4.00,N,,N,N,N,"100161184, 100162187, 100162097, 100158484","한신, 서미나, 박상현, 허수경","더불어민주당, 국민의힘, 조국혁신당, 진보당",1,0,0,0,0,0,Y,5|서울특별시|성북구제1선거구
서울특별시,영등포구제3선거구,시도의원,지역구,5,1,4,4.00,N,,N,N,N,"100156035, 100162491, 100160747, 100162874","박경만, 차인영, 천승훈, 도문열","더불어민주당, 국민의힘, 진보당, 무소속",0,0,1,1,1,0,Y,5|서울특별시|영등포구제3선거구
서울특별시,용산구제1선거구,시도의원,지역구,5,1,2,2.00,N,,N,N,N,"100159876, 100159015","백준석, 오천진","더불어민주당, 국민의힘",1,0,2,2,0,1,Y,5|서울특별시|용산구제1선거구
서울특별시,용산구제2선거구,시도의원,지역구,5,1,2,2.00,N,,N,N,N,"100156006, 100162983","노식래, 최유희","더불어민주당, 국민의힘",1,0,0,0,0,0,Y,5|서울특별시|용산구제2선거구
서울특별시,은평구제1선거구,시도의원,지역구,5,1,2,2.00,N,,N,N,N,"100163322, 100162350","성흠제, 박등규","더불어민주당, 국민의힘",1,0,0,0,0,0,Y,5|서울특별시|은평구제1선거구
서울특별시,종로구제2선거구,시도의원,지역구,5,1,4,4.00,N,,N,N,N,"100154944, 100158390, 100163117, 100158437","선정환, 박병철, 노희준, 조상지","더불어민주당, 국민의힘, 진보당, 무소속",1,0,2,1,0,0,Y,5|서울특별시|종로구제2선거구
세종특별자치시,세종특별자치시,교육감,특수(교육감·재보궐 등),11,1,4,4.00,N,,N,N,N,"100153756, 100153760, 100153758, 100153759","강미애, 안광식, 임전수, 원성수","무소속, 무소속, 무소속, 무소속",1,0,1,0,0,0,Y,11|세종특별자치시|세종특별자치시
세종특별자치시,세종특별자치시제11선거구,시도의원,지역구,5,1,2,2.00,N,,N,N,N,"100154116, 100154114","이재준, 양진호","더불어민주당, 국민의힘",0,0,1,1,0,0,Y,5|세종특별자치시|세종특별자치시제11선거구
세종특별자치시,세종특별자치시제12선거구,시도의원,지역구,5,1,2,2.00,N,,N,N,N,"100161795, 100154031","김재형, 서용숙","더불어민주당, 국민의힘",1,0,0,0,0,0,Y,5|세종특별자치시|세종특별자치시제12선거구
세종특별자치시,세종특별자치시제14선거구,시도의원,지역구,5,1,3,3.00,N,,N,N,N,"100156966, 100161825, 100154049","김현미, 홍나영, 김길모","더불어민주당, 국민의힘, 조국혁신당",2,0,2,1,0,1,Y,5|세종특별자치시|세종특별자치시제14선거구
세종특별자치시,세종특별자치시제18선거구,시도의원,지역구,5,1,2,2.00,N,,N,N,N,"100160630, 100162498","박란희, 정은주","더불어민주당, 국민의힘",1,0,0,0,0,0,Y,5|세종특별자치시|세종특별자치시제18선거구
세종특별자치시,세종특별자치시제1선거구,시도의원,지역구,5,1,3,3.00,N,,N,N,N,"100154035, 100159007, 100155975","정연희, 김충식, 임재옥","더불어민주당, 국민의힘, 자유와혁신",1,0,1,0,0,0,Y,5|세종특별자치시|세종특별자치시제1선거구
세종특별자치시,세종특별자치시제2선거구,시도의원,지역구,5,1,3,3.00,N,,N,N,N,"100155983, 100161805, 100154052","윤성규, 김광운, 홍순기","더불어민주당, 국민의힘, 조국혁신당",1,0,3,1,0,1,Y,5|세종특별자치시|세종특별자치시제2선거구
세종특별자치시,세종특별자치시제4선거구,시도의원,지역구,5,1,3,3.00,N,,N,N,N,"100162838, 100162166, 100155664","노종용, 윤지성, 김순주","더불어민주당, 국민의힘, 개혁신당",0,0,1,1,0,0,Y,5|세종특별자치시|세종특별자치시제4선거구
세종특별자치시,세종특별자치시제6선거구,시도의원,지역구,5,1,2,2.00,N,,N,N,N,"100162215, 100162356","안신일, 김대곤","더불어민주당, 국민의힘",1,0,0,0,0,0,Y,5|세종특별자치시|세종특별자치시제6선거구
울산광역시,울산광역시,교육감,특수(교육감·재보궐 등),11,1,3,3.00,N,,N,N,N,"100161017, 100160241, 100156317","구광렬, 조용식, 김주홍","무소속, 무소속, 무소속",0,0,1,1,0,0,Y,11|울산광역시|울산광역시
울산광역시,남구갑,국회의원(재·보궐),특수(교육감·재보궐 등),2,1,4,4.00,N,,N,N,N,"100163278, 100163287, 100163584, 100163705","전태진, 김태규, 김동칠, 이미영","더불어민주당, 국민의힘, 개혁신당, 새미래민주당",1,0,1,1,0,0,Y,2|울산광역시|남구갑
울산광역시,남구,기초단체장,지역구,4,1,4,4.00,N,,N,N,N,"100157140, 100154806, 100162763, 100154789","최덕종, 임현철, 방인섭, 김진석","더불어민주당, 국민의힘, 개혁신당, 진보당",2,0,2,0,0,0,Y,4|울산광역시|남구
울산광역시,동구,기초단체장,지역구,4,1,3,3.00,N,,N,N,N,"100158728, 100155421, 100156531","천기옥, 박문옥, 이장우","국민의힘, 진보당, 노동당",0,0,2,1,1,0,Y,4|울산광역시|동구
울산광역시,울주군,기초단체장,지역구,4,1,3,3.00,N,,N,N,N,"100159494, 100163313, 100160472","김시욱, 이순걸, 강상규","더불어민주당, 국민의힘, 진보당",1,0,2,2,1,0,Y,4|울산광역시|울주군
울산광역시,중구,기초단체장,지역구,4,1,3,3.00,N,,N,N,N,"100154185, 100162960, 100164128","박태완, 김영길, 고호근","더불어민주당, 국민의힘, 무소속",0,0,1,1,0,0,Y,4|울산광역시|중구
울산광역시,동구,기초의원비례,비례,9,1,3,3.00,N,,N,N,N,"100164861, 100165808, 100164241","전혜화, 천현영, 박혜영","더불어민주당, 국민의힘, 진보당",1,0,0,0,0,0,Y,9|울산광역시|동구
울산광역시,북구,기초의원비례,비례,9,1,2,2.00,N,,N,N,N,"100164734, 100164747","안현진, 김여진","더불어민주당, 국민의힘",1,0,1,1,0,0,Y,9|울산광역시|북구
울산광역시,울주군,기초의원비례,비례,9,1,3,3.00,N,,N,N,N,"100164431, 100165641, 100165644","한혜진, 장동희, 박미연","더불어민주당, 국민의힘, 국민의힘",1,0,0,0,0,0,Y,9|울산광역시|울주군
울산광역시,남구제2선거구,시도의원,지역구,5,1,2,2.00,N,,N,N,N,"100161816, 100159145","서진수, 이장걸","더불어민주당, 국민의힘",1,0,1,1,0,1,Y,5|울산광역시|남구제2선거구
울산광역시,남구제3선거구,시도의원,지역구,5,1,4,4.00,N,,N,N,N,"100155638, 100161678, 100156916, 100155095","강정덕, 안대룡, 한겨레, 권수찬","더불어민주당, 국민의힘, 진보당, 새미래민주당",0,0,2,1,0,0,Y,5|울산광역시|남구제3선거구
울산광역시,남구제4선거구,시도의원,지역구,5,1,3,3.00,N,,N,N,N,"100161100, 100162588, 100162933","황주경, 김남이, 김장호","더불어민주당, 국민의힘, 개혁신당",0,0,1,1,0,0,Y,5|울산광역시|남구제4선거구
울산광역시,남구제5선거구,시도의원,지역구,5,1,3,3.00,N,,N,N,N,"100157031, 100162007, 100162930","황숲, 김대영, 최신성","더불어민주당, 국민의힘, 개혁신당",2,1,1,1,0,0,Y,5|울산광역시|남구제5선거구
울산광역시,남구제6선거구,시도의원,지역구,5,1,4,4.00,N,,N,N,N,"100156968, 100161365, 100163058, 100157476","임우철, 이영해, 김소라, 손상희","더불어민주당, 국민의힘, 개혁신당, 진보당",1,0,0,0,0,0,Y,5|울산광역시|남구제6선거구
울산광역시,동구제2선거구,시도의원,지역구,5,1,3,3.00,N,,N,N,N,"100155679, 100162364, 100161043","노명환, 홍유준, 황성순","더불어민주당, 국민의힘, 진보당",0,0,1,1,0,0,Y,5|울산광역시|동구제2선거구
울산광역시,북구제1선거구,시도의원,지역구,5,1,3,3.00,N,,N,N,N,"100156867, 100160850, 100161404","손근호, 김상태, 김한","더불어민주당, 국민의힘, 진보당",0,0,1,1,0,0,Y,5|울산광역시|북구제1선거구
울산광역시,북구제2선거구,시도의원,지역구,5,1,3,3.00,N,,N,N,N,"100154369, 100160722, 100154378","이주언, 문석주, 임민정","더불어민주당, 국민의힘, 진보당",1,0,0,0,0,0,Y,5|울산광역시|북구제2선거구
울산광역시,울주군제1선거구,시도의원,지역구,5,1,2,2.00,N,,N,N,N,"100159753, 100159380","서휘웅, 공진혁","더불어민주당, 국민의힘",1,0,2,0,0,0,Y,5|울산광역시|울주군제1선거구
울산광역시,울주군제2선거구,시도의원,지역구,5,1,3,3.00,N,,N,N,N,"100157467, 100160714, 100157224","김봉민, 홍성우, 김우성","더불어민주당, 국민의힘, 조국혁신당",0,0,1,1,0,0,Y,5|울산광역시|울주군제2선거구
울산광역시,울주군제3선거구,시도의원,지역구,5,1,2,2.00,N,,N,N,N,"100155015, 100157817","조성철, 김종훈","더불어민주당, 국민의힘",0,0,2,2,0,0,Y,5|울산광역시|울주군제3선거구
울산광역시,중구제1선거구,시도의원,지역구,5,1,2,2.00,N,,N,N,N,"100161579, 100161555","손일홍, 권태호","더불어민주당, 국민의힘",1,0,2,0,0,0,Y,5|울산광역시|중구제1선거구
울산광역시,중구제2선거구,시도의원,지역구,5,1,3,3.00,N,,N,N,N,"100161067, 100161323, 100162124","문희성, 김기환, 천병태","더불어민주당, 국민의힘, 진보당",0,0,3,2,1,0,Y,5|울산광역시|중구제2선거구
울산광역시,중구제3선거구,시도의원,지역구,5,1,2,2.00,N,,N,N,N,"100162641, 100160573","정재환, 이성룡","더불어민주당, 국민의힘",0,0,1,1,0,0,Y,5|울산광역시|중구제3선거구
울산광역시,울산광역시,시도지사,지역구,3,1,4,4.00,N,,N,N,N,"100162996, 100163070, 100153854, 100157730","김상욱, 김두겸, 김종훈, 박맹우","더불어민주당, 국민의힘, 진보당, 무소속",1,0,1,1,0,0,Y,3|울산광역시|울산광역시
인천광역시,인천광역시,교육감,특수(교육감·재보궐 등),11,1,3,3.00,N,,N,N,N,"100163408, 100153794, 100153776","도성훈, 이대형, 임병구","무소속, 무소속, 무소속",1,0,1,0,0,0,Y,11|인천광역시|인천광역시
인천광역시,계양구을,국회의원(재·보궐),특수(교육감·재보궐 등),2,1,3,3.00,N,,N,N,N,"100162872, 100153824, 100163966","김남준, 심왕섭, 김현태","더불어민주당, 국민의힘, 무소속",0,0,1,1,0,0,Y,2|인천광역시|계양구을
인천광역시,연수구갑,국회의원(재·보궐),특수(교육감·재보궐 등),2,1,3,3.00,N,,N,N,N,"100163276, 100163382, 100165027","송영길, 박종진, 정승연","더불어민주당, 국민의힘, 개혁신당",0,0,1,1,0,0,Y,2|인천광역시|연수구갑
인천광역시,강화군,기초단체장,지역구,4,1,3,3.00,N,,N,N,N,"100159384, 100162891, 100163321","한연희, 박용철, 문경신","더불어민주당, 국민의힘, 무소속",0,0,1,1,0,0,Y,4|인천광역시|강화군
인천광역시,검단구,기초단체장,지역구,4,1,2,2.00,N,,N,N,N,"100154634, 100160467","김진규, 박세훈","더불어민주당, 국민의힘",1,0,1,1,0,1,Y,4|인천광역시|검단구
인천광역시,계양구,기초단체장,지역구,4,1,2,2.00,N,,N,N,N,"100157457, 100157587","박형우, 이병택","더불어민주당, 국민의힘",0,0,1,1,1,0,Y,4|인천광역시|계양구
인천광역시,남동구,기초단체장,지역구,4,1,2,2.00,N,,N,N,N,"100154310, 100163027","이병래, 박종효","더불어민주당, 국민의힘",0,0,1,1,0,0,Y,4|인천광역시|남동구
인천광역시,부평구,기초단체장,지역구,4,1,2,2.00,N,,N,N,N,"100161436, 100162615","차준택, 이단비","더불어민주당, 국민의힘",1,0,0,0,0,0,Y,4|인천광역시|부평구
인천광역시,서구,기초단체장,지역구,4,1,3,3.00,N,,N,N,N,"100158205, 100163349, 100154173","구재용, 강범석, 김용섭","더불어민주당, 국민의힘, 무소속",2,0,2,2,1,2,Y,4|인천광역시|서구
인천광역시,연수구,기초단체장,지역구,4,1,2,2.00,N,,N,N,N,"100156526, 100163000","정지열, 이재호","더불어민주당, 국민의힘",0,0,2,1,0,0,Y,4|인천광역시|연수구
인천광역시,영종구,기초단체장,지역구,4,1,3,3.00,N,,N,N,N,"100157153, 100162238, 100158290","손화정, 김정헌, 안광호","더불어민주당, 국민의힘, 조국혁신당",1,0,2,0,0,0,Y,4|인천광역시|영종구
인천광역시,제물포구,기초의원비례,비례,9,1,2,2.00,N,,N,N,N,"100164678, 100165815","김윤선, 김훈임","더불어민주당, 국민의힘",0,0,1,1,0,0,Y,9|인천광역시|제물포구
인천광역시,검단구제1선거구,시도의원,지역구,5,1,2,2.00,N,,N,N,N,"100162815, 100161542","김명주, 원정식","더불어민주당, 국민의힘",0,0,2,2,0,0,Y,5|인천광역시|검단구제1선거구
인천광역시,검단구제3선거구,시도의원,지역구,5,1,3,3.00,N,,N,N,N,"100157307, 100162019, 100161042","양인모, 주현석, 정성용","더불어민주당, 국민의힘, 노동당",0,0,3,2,0,0,Y,5|인천광역시|검단구제3선거구
인천광역시,계양구제2선거구,시도의원,지역구,5,1,2,2.00,N,,N,N,N,"100157827, 100163342","임현주, 황순남","더불어민주당, 국민의힘",0,0,1,1,0,0,Y,5|인천광역시|계양구제2선거구
인천광역시,계양구제3선거구,시도의원,지역구,5,1,2,2.00,N,,N,N,N,"100162630, 100158124","석정규, 김인희","더불어민주당, 국민의힘",0,0,1,1,0,0,Y,5|인천광역시|계양구제3선거구
인천광역시,남동구제1선거구,시도의원,지역구,5,1,2,2.00,N,,N,N,N,"100154336, 100163383","황규진, 임춘원","더불어민주당, 국민의힘",0,0,1,1,0,0,Y,5|인천광역시|남동구제1선거구
인천광역시,남동구제2선거구,시도의원,지역구,5,1,2,2.00,N,,N,N,N,"100158252, 100161701","임애숙, 이선옥","더불어민주당, 국민의힘",1,1,0,0,0,0,Y,5|인천광역시|남동구제2선거구
인천광역시,남동구제6선거구,시도의원,지역구,5,1,2,2.00,N,,N,N,N,"100156142, 100161401","최재현, 이인교","더불어민주당, 국민의힘",2,0,0,0,0,0,Y,5|인천광역시|남동구제6선거구
인천광역시,미추홀구제3선거구,시도의원,지역구,5,1,2,2.00,N,,N,N,N,"100159883, 100161424","김대영, 김태계","더불어민주당, 국민의힘",1,0,1,1,0,1,Y,5|인천광역시|미추홀구제3선거구
인천광역시,부평구제1선거구,시도의원,지역구,5,1,2,2.00,N,,N,N,N,"100155483, 100162077","강순화, 이명규","더불어민주당, 국민의힘",1,0,1,0,0,0,Y,5|인천광역시|부평구제1선거구
인천광역시,부평구제2선거구,시도의원,지역구,5,1,2,2.00,N,,N,N,N,"100160818, 100160627","김동민, 김일환","더불어민주당, 국민의힘",0,0,1,1,0,0,Y,5|인천광역시|부평구제2선거구
인천광역시,부평구제3선거구,시도의원,지역구,5,1,2,2.00,N,,N,N,N,"100156489, 100161927","노태손, 정지용","더불어민주당, 국민의힘",1,0,2,2,0,1,Y,5|인천광역시|부평구제3선거구
인천광역시,서구제1선거구,시도의원,지역구,5,1,2,2.00,N,,N,N,N,"100162483, 100162360","정종혁, 김영훈","더불어민주당, 국민의힘",1,0,0,0,0,0,Y,5|인천광역시|서구제1선거구
인천광역시,서구제2선거구,시도의원,지역구,5,1,2,2.00,N,,N,N,N,"100155914, 100161221","김영상, 이용창","더불어민주당, 국민의힘",0,0,1,1,0,0,Y,5|인천광역시|서구제2선거구
인천광역시,서구제4선거구,시도의원,지역구,5,1,2,2.00,N,,N,N,N,"100161549, 100160969","전재운, 정성미","더불어민주당, 국민의힘",0,0,1,1,0,0,Y,5|인천광역시|서구제4선거구
인천광역시,연수구제2선거구,시도의원,지역구,5,1,2,2.00,N,,N,N,N,"100154819, 100161519","김우성, 김용희","더불어민주당, 국민의힘",1,0,0,0,0,0,Y,5|인천광역시|연수구제2선거구
인천광역시,연수구제5선거구,시도의원,지역구,5,1,2,2.00,N,,N,N,N,"100158158, 100158368","장성숙, 이강구","더불어민주당, 국민의힘",1,0,0,0,0,0,Y,5|인천광역시|연수구제5선거구
인천광역시,영종구제1선거구,시도의원,지역구,5,1,2,2.00,N,,N,N,N,"100158972, 100156874","김광호, 최성필","더불어민주당, 국민의힘",1,0,1,1,0,1,Y,5|인천광역시|영종구제1선거구
인천광역시,영종구제2선거구,시도의원,지역구,5,1,3,3.00,N,,N,N,N,"100156273, 100157155, 100161484","김광훈, 임옥주, 이현진","더불어민주당, 국민의힘, 조국혁신당",0,0,2,1,1,0,Y,5|인천광역시|영종구제2선거구
인천광역시,제물포구제1선거구,시도의원,지역구,5,1,2,2.00,N,,N,N,N,"100155545, 100159300","윤희정, 임관만","더불어민주당, 국민의힘",1,0,0,0,0,0,Y,5|인천광역시|제물포구제1선거구
인천광역시,인천광역시,시도지사,지역구,3,1,3,3.00,N,,N,N,N,"100163128, 100163134, 100153769","박찬대, 유정복, 이기붕","더불어민주당, 국민의힘, 개혁신당",1,0,1,1,0,0,Y,3|인천광역시|인천광역시
전라남도,강진군,기초단체장,지역구,4,1,2,2.00,N,,N,N,N,"100159466, 100162004","차영수, 강진원","더불어민주당, 무소속",0,0,1,1,0,0,Y,4|전라남도|강진군
전라남도,고흥군,기초단체장,지역구,4,1,3,3.00,N,,N,N,N,"100164457, 100163115, 100164445","공영민, 류봉진, 최진열","더불어민주당, 무소속, 무소속",1,0,2,1,0,0,Y,4|전라남도|고흥군
전라남도,광양시,기초단체장,지역구,4,1,3,3.00,N,,N,N,N,"100158508, 100154755, 100162955","정인화, 박성현, 박필순","더불어민주당, 무소속, 무소속",1,0,0,0,0,0,Y,4|전라남도|광양시
전라남도,구례군,기초단체장,지역구,4,1,6,6.00,N,,N,N,N,"100158337, 100159577, 100162855, 100163552, 100158655, 100159742","장길선, 이창호, 이현창, 전경태, 정현택, 정택균","더불어민주당, 조국혁신당, 무소속, 무소속, 무소속, 무소속",0,0,4,4,0,0,Y,4|전라남도|구례군
전라남도,목포시,기초단체장,지역구,4,1,4,4.00,N,,N,N,N,"100154453, 100163944, 100155357, 100156171","강성휘, 윤선웅, 박홍률, 여인두","더불어민주당, 국민의힘, 조국혁신당, 정의당",1,0,3,3,0,0,Y,4|전라남도|목포시
전라남도,무안군,기초단체장,지역구,4,1,2,2.00,N,,N,N,N,"100161183, 100165742","김산, 정영덕","더불어민주당, 무소속",0,0,2,1,0,0,Y,4|전라남도|무안군
전라남도,보성군,기초단체장,지역구,4,1,3,3.00,N,,N,N,N,"100159879, 100159794, 100164310","김철우, 윤영주, 임영수","더불어민주당, 무소속, 무소속",1,0,1,0,0,0,Y,4|전라남도|보성군
전라남도,순천시,기초단체장,지역구,4,1,3,3.00,N,,N,N,N,"100154578, 100155728, 100163478","손훈모, 이성수, 노관규","더불어민주당, 진보당, 무소속",1,0,1,0,0,0,Y,4|전라남도|순천시
전라남도,신안군,기초단체장,지역구,4,1,3,3.00,N,,N,N,N,"100159790, 100159704, 100159939","박우량, 김태성, 고봉기","더불어민주당, 조국혁신당, 무소속",0,0,1,1,0,0,Y,4|전라남도|신안군
전라남도,여수시,기초단체장,지역구,4,1,4,4.00,N,,N,N,N,"100155926, 100154344, 100154700, 100156517","서영학, 명창환, 원용규, 김창주","더불어민주당, 조국혁신당, 무소속, 무소속",0,0,1,1,0,0,Y,4|전라남도|여수시
전라남도,영광군,기초단체장,지역구,4,1,5,5.00,N,,N,N,N,"100160676, 100159566, 100159982, 100160718, 100160571","장세일, 정원식, 이석하, 오기원, 김한균","더불어민주당, 조국혁신당, 진보당, 무소속, 무소속",1,0,3,2,0,0,Y,4|전라남도|영광군
전라남도,영암군,기초단체장,지역구,4,1,2,2.00,N,,N,N,N,"100159607, 100161488","우승희, 최영열","더불어민주당, 조국혁신당",0,0,2,1,1,0,Y,4|전라남도|영암군
전라남도,완도군,기초단체장,지역구,4,1,2,2.00,N,,N,N,N,"100159567, 100159672","우홍섭, 김신","더불어민주당, 무소속",1,0,0,0,0,0,Y,4|전라남도|완도군
전라남도,장성군,기초단체장,지역구,4,1,2,2.00,N,,N,N,N,"100159900, 100160071","김한종, 김왕근","더불어민주당, 조국혁신당",0,0,1,1,1,0,Y,4|전라남도|장성군
전라남도,함평군,기초단체장,지역구,4,1,3,3.00,N,,N,N,N,"100159559, 100159120, 100159972","이남오, 이윤행, 이행섭","더불어민주당, 조국혁신당, 무소속",0,0,3,1,1,0,Y,4|전라남도|함평군
전라남도,해남군,기초단체장,지역구,4,1,2,2.00,N,,N,N,N,"100161349, 100162681","명현관, 박지원","더불어민주당, 무소속",0,0,1,1,0,0,Y,4|전라남도|해남군
전라남도,강진군선거구,시도의원,지역구,5,1,2,2.00,N,,N,N,N,"100156267, 100157743","김주웅, 강광석","더불어민주당, 진보당",0,0,1,1,0,0,Y,5|전라남도|강진군선거구
전라남도,곡성군선거구,시도의원,지역구,5,1,2,2.00,N,,N,N,N,"100159106, 100162610","진호건, 신현주","더불어민주당, 무소속",1,0,0,0,0,0,Y,5|전라남도|곡성군선거구
전라남도,광양시제2선거구,시도의원,지역구,5,1,2,2.00,N,,N,N,N,"100160078, 100162704","강정일, 이형선","더불어민주당, 무소속",0,0,1,1,0,0,Y,5|전라남도|광양시제2선거구
전라남도,나주시제3선거구,시도의원,지역구,5,1,2,2.00,N,,N,N,N,"100155727, 100163140","양순봉, 최승현","더불어민주당, 조국혁신당",1,0,2,1,0,0,Y,5|전라남도|나주시제3선거구
전라남도,담양군제2선거구,시도의원,지역구,5,1,2,2.00,N,,N,N,N,"100154695, 100160304","김명우, 전정철","더불어민주당, 무소속",0,0,2,2,0,0,Y,5|전라남도|담양군제2선거구
전라남도,목포시제2선거구,시도의원,지역구,5,1,2,2.00,N,,N,N,N,"100155354, 100165152","강성찬, 정승욱","더불어민주당, 조국혁신당",0,0,1,1,0,0,Y,5|전라남도|목포시제2선거구
전라남도,목포시제5선거구,시도의원,지역구,5,1,3,3.00,N,,N,N,N,"100160420, 100154611, 100154508","전경선, 천혁진, 김우영","더불어민주당, 국민의힘, 진보당",0,0,1,1,0,0,Y,5|전라남도|목포시제5선거구
전라남도,순천시제1선거구,시도의원,지역구,5,1,2,2.00,N,,N,N,N,"100158838, 100162865","오행숙, 김일중","더불어민주당, 무소속",0,0,1,1,0,0,Y,5|전라남도|순천시제1선거구
전라남도,순천시제3선거구,시도의원,지역구,5,1,2,2.00,N,,N,N,N,"100155804, 100163665","김정희, 조성완","더불어민주당, 무소속",0,0,2,1,1,0,Y,5|전라남도|순천시제3선거구
전라남도,순천시제4선거구,시도의원,지역구,5,1,2,2.00,N,,N,N,N,"100158952, 100163949","김미연, 김태훈","더불어민주당, 무소속",1,0,0,0,0,0,Y,5|전라남도|순천시제4선거구
전라남도,순천시제7선거구,시도의원,지역구,5,1,3,3.00,N,,N,N,N,"100154823, 100158572, 100162212","정희선, 홍성훈, 임종기","더불어민주당, 조국혁신당, 무소속",0,0,2,2,0,0,Y,5|전라남도|순천시제7선거구
전라남도,신안군제2선거구,시도의원,지역구,5,1,3,3.00,N,,N,N,N,"100160774, 100161197, 100156502","최미숙, 고인철, 최신웅","더불어민주당, 조국혁신당, 무소속",1,0,2,1,0,1,Y,5|전라남도|신안군제2선거구
전라남도,여수시제1선거구,시도의원,지역구,5,1,3,3.00,N,,N,N,N,"100160562, 100156282, 100155745","최동익, 배민우, 김근선","더불어민주당, 조국혁신당, 무소속",0,0,2,2,0,0,Y,5|전라남도|여수시제1선거구
전라남도,여수시제4선거구,시도의원,지역구,5,1,3,3.00,N,,N,N,N,"100155687, 100158233, 100162577","주연창, 최무경, 김춘식","더불어민주당, 조국혁신당, 무소속",0,0,3,2,0,0,Y,5|전라남도|여수시제4선거구
전라남도,영광군제1선거구,시도의원,지역구,5,1,2,2.00,N,,N,N,N,"100157810, 100160860","박원종, 정영남","더불어민주당, 무소속",0,0,1,1,0,0,Y,5|전라남도|영광군제1선거구
전라남도,영광군제2선거구,시도의원,지역구,5,1,2,2.00,N,,N,N,N,"100161554, 100159886","김강헌, 오미화","더불어민주당, 진보당",1,0,1,1,0,1,Y,5|전라남도|영광군제2선거구
전라남도,완도군제2선거구,시도의원,지역구,5,1,3,3.00,N,,N,N,N,"100158415, 100161092, 100158660","조인호, 김양훈, 김윤성","더불어민주당, 무소속, 무소속",0,0,1,1,0,0,Y,5|전라남도|완도군제2선거구
전라남도,장성군제1선거구,시도의원,지역구,5,1,2,2.00,N,,N,N,N,"100156530, 100163309","김수권, 정철","더불어민주당, 무소속",1,0,2,0,0,0,Y,5|전라남도|장성군제1선거구
전라남도,장흥군제2선거구,시도의원,지역구,5,1,2,2.00,N,,N,N,N,"100159527, 100164035","윤명희, 최기순","더불어민주당, 무소속",0,0,1,1,1,0,Y,5|전라남도|장흥군제2선거구
전라남도,진도군선거구,시도의원,지역구,5,1,2,2.00,N,,N,N,N,"100160602, 100156524","이현명, 장일","더불어민주당, 조국혁신당",1,0,2,1,0,0,Y,5|전라남도|진도군선거구
전라남도,함평군선거구,시도의원,지역구,5,1,3,3.00,N,,N,N,N,"100163164, 100164334, 100158288","모정환, 임용수, 편기석","더불어민주당, 조국혁신당, 기본소득당",1,0,1,1,0,0,Y,5|전라남도|함평군선거구
전북특별자치도,고창군,기초단체장,지역구,4,1,4,4.00,N,,N,N,N,"100159182, 100159114, 100159173, 100164732","심덕섭, 유기상, 장명식, 정원환","더불어민주당, 조국혁신당, 무소속, 무소속",1,1,3,0,0,0,Y,4|전북특별자치도|고창군
전북특별자치도,남원시,기초단체장,지역구,4,1,3,3.00,N,,N,N,N,"100154499, 100158759, 100162400","양충모, 강동원, 황의돈","더불어민주당, 조국혁신당, 무소속",0,0,2,1,0,0,Y,4|전북특별자치도|남원시
전북특별자치도,무주군,기초단체장,지역구,4,1,2,2.00,N,,N,N,N,"100161544, 100162825","황인홍, 한송희","더불어민주당, 무소속",0,0,1,1,0,0,Y,4|전북특별자치도|무주군
전북특별자치도,부안군,기초단체장,지역구,4,1,4,4.00,N,,N,N,N,"100159616, 100159745, 100159592, 100163535","권익현, 김성태, 김성수, 김종규","더불어민주당, 국민의힘, 조국혁신당, 무소속",0,0,3,1,0,0,Y,4|전북특별자치도|부안군
전북특별자치도,순창군,기초단체장,지역구,4,1,2,2.00,N,,N,N,N,"100163638, 100161080","최영일, 오은미","더불어민주당, 진보당",1,0,1,1,1,1,Y,4|전북특별자치도|순창군
전북특별자치도,완주군,기초단체장,지역구,4,1,2,2.00,N,,N,N,N,"100161540, 100165284","유희태, 국영석","더불어민주당, 무소속",0,0,1,1,0,0,Y,4|전북특별자치도|완주군
전북특별자치도,익산시,기초단체장,지역구,4,1,4,4.00,N,,N,N,N,"100154556, 100155689, 100153831, 100163020","최정호, 임형택, 박경철, 황세연","더불어민주당, 조국혁신당, 무소속, 무소속",0,0,3,2,1,0,Y,4|전북특별자치도|익산시
전북특별자치도,임실군,기초단체장,지역구,4,1,3,3.00,N,,N,N,N,"100160282, 100159563, 100159965","한득수, 정인준, 한병락","더불어민주당, 무소속, 무소속",2,0,2,2,1,2,Y,4|전북특별자치도|임실군
전북특별자치도,장수군,기초단체장,지역구,4,1,2,2.00,N,,N,N,N,"100160494, 100159912","최훈식, 장영수","더불어민주당, 조국혁신당",0,0,1,1,0,0,Y,4|전북특별자치도|장수군
전북특별자치도,전주시,기초단체장,지역구,4,1,4,4.00,N,,N,N,N,"100154441, 100163931, 100154492, 100163701","조지훈, 조양덕, 강성희, 김광종","더불어민주당, 국민의힘, 진보당, 무소속",0,0,2,1,0,0,Y,4|전북특별자치도|전주시
전북특별자치도,정읍시,기초단체장,지역구,4,1,3,3.00,N,,N,N,N,"100163655, 100156163, 100154602","이학수, 김민영, 김재선","더불어민주당, 조국혁신당, 무소속",0,0,1,1,1,0,Y,4|전북특별자치도|정읍시
전북특별자치도,고창군,기초의원비례,비례,9,1,3,3.00,N,,N,N,N,"100165652, 100165653, 100165113","최선례, 최은서, 김영원","더불어민주당, 더불어민주당, 조국혁신당",1,0,0,0,0,0,Y,9|전북특별자치도|고창군
전북특별자치도,장수군,기초의원비례,비례,9,1,3,3.00,N,,N,N,N,"100164215, 100164235, 100164238","한선미, 오미은, 정미경","더불어민주당, 더불어민주당, 조국혁신당",1,0,0,0,0,0,Y,9|전북특별자치도|장수군
전북특별자치도,군산시제1선거구,시도의원,지역구,5,1,3,3.00,N,,N,N,N,"100162312, 100159065, 100161545","강태창, 나기학, 고명석","더불어민주당, 조국혁신당, 기본소득당",0,0,2,1,0,0,Y,5|전북특별자치도|군산시제1선거구
전북특별자치도,김제시제2선거구,시도의원,지역구,5,1,2,2.00,N,,N,N,N,"100158070, 100156256","김영자, 백창민","더불어민주당, 무소속",1,0,0,0,0,0,Y,5|전북특별자치도|김제시제2선거구
전북특별자치도,부안군선거구,시도의원,지역구,5,1,3,3.00,N,,N,N,N,"100157490, 100155735, 100163985","김창현, 최안식, 김동선","더불어민주당, 조국혁신당, 무소속",1,0,1,1,0,0,Y,5|전북특별자치도|부안군선거구
전북특별자치도,순창군선거구,시도의원,지역구,5,1,2,2.00,N,,N,N,N,"100155188, 100165631","장승필, 강윤경","더불어민주당, 무소속",0,0,2,2,1,0,Y,5|전북특별자치도|순창군선거구
전북특별자치도,장수군선거구,시도의원,지역구,5,1,2,2.00,N,,N,N,N,"100160395, 100158310","장정복, 박용근","더불어민주당, 무소속",1,0,1,0,0,0,Y,5|전북특별자치도|장수군선거구
전북특별자치도,전주시제3선거구,시도의원,지역구,5,1,2,2.00,N,,N,N,N,"100164396, 100161205","정종복, 배정현","더불어민주당, 조국혁신당",1,0,1,0,0,0,Y,5|전북특별자치도|전주시제3선거구
전북특별자치도,진안군선거구,시도의원,지역구,5,1,2,2.00,N,,N,N,N,"100157651, 100163634","전용태, 박석주","더불어민주당, 무소속",0,0,2,1,1,0,Y,5|전북특별자치도|진안군선거구
전북특별자치도,전북특별자치도,시도지사,지역구,3,1,5,5.00,N,,N,N,N,"100163170, 100163202, 100162052, 100153829, 100163514","이원택, 양정무, 백승재, 김성수, 김관영","더불어민주당, 국민의힘, 진보당, 무소속, 무소속",1,0,4,2,0,1,Y,3|전북특별자치도|전북특별자치도
제주특별자치도,제주특별자치도 서귀포시 대정읍선거구,시도의원,지역구,5,1,3,3.00,N,,N,N,N,"100156351, 100162938, 100156355","이경철, 이향, 송호철","더불어민주당, 국민의힘, 무소속",1,1,2,1,0,1,Y,5|제주특별자치도|제주특별자치도 서귀포시 대정읍선거구
제주특별자치도,제주특별자치도 서귀포시 동홍동선거구,시도의원,지역구,5,1,2,2.00,N,,N,N,N,"100159032, 100155923","김대진, 오현승","더불어민주당, 국민의힘",1,0,1,0,0,0,Y,5|제주특별자치도|제주특별자치도 서귀포시 동홍동선거구
제주특별자치도,제주특별자치도 서귀포시 송산동·효돈동·영천동선거구,시도의원,지역구,5,1,2,2.00,N,,N,N,N,"100156123, 100160280","오정훈, 강충룡","더불어민주당, 국민의힘",0,0,2,1,0,0,Y,5|제주특별자치도|제주특별자치도 서귀포시 송산동·효돈동·영천동선거구
제주특별자치도,제주특별자치도 서귀포시 안덕면선거구,시도의원,지역구,5,1,2,2.00,N,,N,N,N,"100161116, 100158546","하성용, 조훈배","더불어민주당, 국민의힘",0,0,2,1,1,0,Y,5|제주특별자치도|제주특별자치도 서귀포시 안덕면선거구
제주특별자치도,제주특별자치도 서귀포시 정방동·중앙동·천지동·서홍동선거구,시도의원,지역구,5,1,3,3.00,N,,N,N,N,"100162977, 100159033, 100160964","오은초, 강하영, 강상수","더불어민주당, 국민의힘, 무소속",1,0,0,0,0,0,Y,5|제주특별자치도|제주특별자치도 서귀포시 정방동·중앙동·천지동·서홍동선거구
제주특별자치도,제주특별자치도 제주시 노형동갑선거구,시도의원,지역구,5,1,2,2.00,N,,N,N,N,"100162383, 100161354","양경호, 김세훈","더불어민주당, 국민의힘",0,0,2,1,1,0,Y,5|제주특별자치도|제주특별자치도 제주시 노형동갑선거구
제주특별자치도,제주특별자치도 제주시 노형동을선거구,시도의원,지역구,5,1,3,3.00,N,,N,N,N,"100158495, 100155355, 100154720","이경심, 이건우, 고민수","더불어민주당, 개혁신당, 무소속",2,0,1,0,0,0,Y,5|제주특별자치도|제주특별자치도 제주시 노형동을선거구
제주특별자치도,제주특별자치도 제주시 아라동을선거구,시도의원,지역구,5,1,2,2.00,N,,N,N,N,"100154851, 100161320","정현철, 양영수","더불어민주당, 진보당",0,0,2,2,0,0,Y,5|제주특별자치도|제주특별자치도 제주시 아라동을선거구
제주특별자치도,제주특별자치도 제주시 연동을선거구,시도의원,지역구,5,1,3,3.00,N,,N,N,N,"100161868, 100156433, 100154803","강철남, 김지은, 정근효","더불어민주당, 국민의힘, 진보당",1,0,0,0,0,0,Y,5|제주특별자치도|제주특별자치도 제주시 연동을선거구
제주특별자치도,제주특별자치도 제주시 오라동선거구,시도의원,지역구,5,1,2,2.00,N,,N,N,N,"100154696, 100154850","강정범, 부람준","더불어민주당, 진보당",0,0,1,1,0,0,Y,5|제주특별자치도|제주특별자치도 제주시 오라동선거구
제주특별자치도,제주특별자치도 제주시 외도동·이호동·도두동선거구,시도의원,지역구,5,1,3,3.00,N,,N,N,N,"100158663, 100156605, 100154788","송창권, 양해두, 김형미","더불어민주당, 개혁신당, 진보당",0,0,2,2,0,0,Y,5|제주특별자치도|제주특별자치도 제주시 외도동·이호동·도두동선거구
제주특별자치도,제주특별자치도 제주시 이도2동을선거구,시도의원,지역구,5,1,2,2.00,N,,N,N,N,"100157802, 100154878","한동수, 송경남","더불어민주당, 진보당",1,0,0,0,0,0,Y,5|제주특별자치도|제주특별자치도 제주시 이도2동을선거구
제주특별자치도,제주특별자치도 제주시 일도2동선거구,시도의원,지역구,5,1,3,3.00,N,,N,N,N,"100158867, 100163412, 100155245","박호형, 박현욱, 강순아","더불어민주당, 국민의힘, 정의당",1,1,0,0,0,0,Y,5|제주특별자치도|제주특별자치도 제주시 일도2동선거구
제주특별자치도,제주특별자치도 제주시 한경면·추자면선거구,시도의원,지역구,5,1,2,2.00,N,,N,N,N,"100161799, 100159954","김승준, 김원찬","더불어민주당, 국민의힘",1,0,1,0,0,0,Y,5|제주특별자치도|제주특별자치도 제주시 한경면·추자면선거구
제주특별자치도,제주특별자치도 제주시 한림읍선거구,시도의원,지역구,5,1,2,2.00,N,,N,N,N,"100163495, 100161246","김도엽, 이남근","더불어민주당, 국민의힘",1,0,0,0,0,0,Y,5|제주특별자치도|제주특별자치도 제주시 한림읍선거구
충청남도,충청남도,교육감,특수(교육감·재보궐 등),11,1,4,4.00,N,,N,N,N,"100153788, 100153791, 100153814, 100158164","이병도, 이병학, 김영춘, 이명수","무소속, 무소속, 무소속, 무소속",1,0,1,1,0,1,Y,11|충청남도|충청남도
충청남도,공주시부여군청양군,국회의원(재·보궐),특수(교육감·재보궐 등),2,1,5,5.00,N,,N,N,N,"100163929, 100163866, 100163918, 100163300, 100165850","김영빈, 윤용근, 이은창, 김혁종, 정연상","더불어민주당, 국민의힘, 개혁신당, 무소속, 무소속",2,0,2,2,0,1,Y,2|충청남도|공주시부여군청양군
충청남도,계룡시,기초단체장,지역구,4,1,2,2.00,N,,N,N,N,"100153959, 100163636","정준영, 이응우","더불어민주당, 국민의힘",0,0,1,1,0,0,Y,4|충청남도|계룡시
충청남도,보령시,기초단체장,지역구,4,1,3,3.00,N,,N,N,N,"100153989, 100156967, 100157659","이영우, 엄승용, 김흥식","더불어민주당, 국민의힘, 무소속",1,0,2,0,0,0,Y,4|충청남도|보령시
충청남도,부여군,기초단체장,지역구,4,1,3,3.00,N,,N,N,N,"100159359, 100158308, 100160810","김민수, 이용우, 김기서","더불어민주당, 국민의힘, 무소속",1,0,2,0,0,0,Y,4|충청남도|부여군
충청남도,예산군,기초단체장,지역구,4,1,2,2.00,N,,N,N,N,"100159246, 100162827","조한영, 최재구","더불어민주당, 국민의힘",0,0,1,1,0,0,Y,4|충청남도|예산군
충청남도,천안시,기초단체장,지역구,4,1,3,3.00,N,,N,N,N,"100155038, 100155104, 100163395","장기수, 박찬우, 이성진","더불어민주당, 국민의힘, 개혁신당",0,0,3,1,1,0,Y,4|충청남도|천안시
충청남도,태안군,기초단체장,지역구,4,1,2,2.00,N,,N,N,N,"100159472, 100159430","강철민, 윤희신","더불어민주당, 국민의힘",1,0,0,0,0,0,Y,4|충청남도|태안군
충청남도,홍성군,기초단체장,지역구,4,1,3,3.00,N,,N,N,N,"100157966, 100158881, 100159999","손세희, 박정주, 이두원","더불어민주당, 국민의힘, 무소속",1,1,3,1,0,0,Y,4|충청남도|홍성군
충청남도,태안군,기초의원비례,비례,9,1,2,2.00,N,,N,N,N,"100164744, 100165530","이정희, 최성미","더불어민주당, 국민의힘",0,0,1,1,1,0,Y,9|충청남도|태안군
충청남도,계룡시선거구,시도의원,지역구,5,1,3,3.00,N,,N,N,N,"100157388, 100156216, 100165728","윤재은, 이재운, 조기성","더불어민주당, 국민의힘, 무소속",1,0,1,0,0,0,Y,5|충청남도|계룡시선거구
충청남도,공주시제1선거구,시도의원,지역구,5,1,2,2.00,N,,N,N,N,"100155328, 100155216","최훈, 노한섭","더불어민주당, 국민의힘",2,0,1,1,0,1,Y,5|충청남도|공주시제1선거구
충청남도,공주시제2선거구,시도의원,지역구,5,1,2,2.00,N,,N,N,N,"100155229, 100160513","권흥길, 박기영","더불어민주당, 국민의힘",1,0,2,0,0,0,Y,5|충청남도|공주시제2선거구
충청남도,금산군제1선거구,시도의원,지역구,5,1,2,2.00,N,,N,N,N,"100157799, 100155455","박병훈, 조재환","더불어민주당, 국민의힘",0,0,1,1,0,0,Y,5|충청남도|금산군제1선거구
충청남도,금산군제2선거구,시도의원,지역구,5,1,3,3.00,N,,N,N,N,"100162589, 100162624, 100157598","정옥균, 김복만, 황교성","더불어민주당, 국민의힘, 무소속",0,0,1,1,0,0,Y,5|충청남도|금산군제2선거구
충청남도,당진시제1선거구,시도의원,지역구,5,1,2,2.00,N,,N,N,N,"100161657, 100161835","김봉균, 이철수","더불어민주당, 국민의힘",0,0,2,2,1,0,Y,5|충청남도|당진시제1선거구
충청남도,보령시제2선거구,시도의원,지역구,5,1,2,2.00,N,,N,N,N,"100154357, 100160263","강학서, 편삼범","더불어민주당, 국민의힘",1,0,0,0,0,0,Y,5|충청남도|보령시제2선거구
충청남도,서산시제1선거구,시도의원,지역구,5,1,3,3.00,N,,N,N,N,"100157446, 100161159, 100162792","유해중, 김옥수, 김일환","더불어민주당, 국민의힘, 무소속",0,0,2,1,0,0,Y,5|충청남도|서산시제1선거구
충청남도,서산시제3선거구,시도의원,지역구,5,1,2,2.00,N,,N,N,N,"100156187, 100160959","김영수, 이연희","더불어민주당, 국민의힘",0,0,1,1,0,0,Y,5|충청남도|서산시제3선거구
충청남도,아산시제1선거구,시도의원,지역구,5,1,2,2.00,N,,N,N,N,"100155149, 100158063","김영권, 박정식","더불어민주당, 국민의힘",0,0,2,1,0,0,Y,5|충청남도|아산시제1선거구
충청남도,아산시제2선거구,시도의원,지역구,5,1,2,2.00,N,,N,N,N,"100154910, 100162122","황재만, 김응규","더불어민주당, 국민의힘",0,0,1,1,0,0,Y,5|충청남도|아산시제2선거구
충청남도,아산시제4선거구,시도의원,지역구,5,1,2,2.00,N,,N,N,N,"100158395, 100162117","조철기, 손도신","더불어민주당, 국민의힘",1,0,1,0,0,0,Y,5|충청남도|아산시제4선거구
충청남도,예산군제1선거구,시도의원,지역구,5,1,3,3.00,N,,N,N,N,"100162515, 100156020, 100162461","이용도, 최광선, 방한일","더불어민주당, 국민의힘, 무소속",1,0,1,0,0,0,Y,5|충청남도|예산군제1선거구
충청남도,천안시제10선거구,시도의원,지역구,5,1,2,2.00,N,,N,N,N,"100157036, 100157512","정근수, 노희준","더불어민주당, 국민의힘",1,0,0,0,0,0,Y,5|충청남도|천안시제10선거구
충청남도,천안시제11선거구,시도의원,지역구,5,1,2,2.00,N,,N,N,N,"100156927, 100160856","김은나, 이현숙","더불어민주당, 국민의힘",1,0,1,0,0,0,Y,5|충청남도|천안시제11선거구
충청남도,천안시제6선거구,시도의원,지역구,5,1,2,2.00,N,,N,N,N,"100155082, 100161735","김선홍, 이상구","더불어민주당, 국민의힘",0,0,1,1,0,0,Y,5|충청남도|천안시제6선거구
충청남도,청양군선거구,시도의원,지역구,5,1,2,2.00,N,,N,N,N,"100161773, 100154093","김기준, 심우성","더불어민주당, 국민의힘",1,0,1,0,0,0,Y,5|충청남도|청양군선거구
충청남도,태안군제2선거구,시도의원,지역구,5,1,2,2.00,N,,N,N,N,"100156023, 100157269","강종국, 정광섭","더불어민주당, 국민의힘",2,0,2,0,0,0,Y,5|충청남도|태안군제2선거구
충청남도,홍성군제2선거구,시도의원,지역구,5,1,2,2.00,N,,N,N,N,"100157678, 100162570","박현주, 장재석","더불어민주당, 국민의힘",0,0,1,1,0,0,Y,5|충청남도|홍성군제2선거구
충청북도,괴산군,기초단체장,지역구,4,1,2,2.00,N,,N,N,N,"100158742, 100163201","이차영, 송인헌","더불어민주당, 국민의힘",0,0,1,1,0,0,Y,4|충청북도|괴산군
충청북도,보은군,기초단체장,지역구,4,1,2,2.00,N,,N,N,N,"100158573, 100162213","하유정, 최재형","더불어민주당, 국민의힘",0,0,1,1,1,0,Y,4|충청북도|보은군
충청북도,옥천군,기초단체장,지역구,4,1,2,2.00,N,,N,N,N,"100158951, 100158946","황규철, 전상인","더불어민주당, 국민의힘",0,0,1,1,1,0,Y,4|충청북도|옥천군
충청북도,진천군,기초단체장,지역구,4,1,2,2.00,N,,N,N,N,"100158298, 100158594","김명식, 이양섭","더불어민주당, 국민의힘",1,1,1,0,0,0,Y,4|충청북도|진천군
충청북도,청주시,기초단체장,지역구,4,1,3,3.00,N,,N,N,N,"100154752, 100162973, 100163217","이장섭, 이범석, 한현구","더불어민주당, 국민의힘, 무소속",1,0,0,0,0,0,Y,4|충청북도|청주시
충청북도,충주시,기초단체장,지역구,4,1,2,2.00,N,,N,N,N,"100159899, 100154335","맹정섭, 이동석","더불어민주당, 국민의힘",0,0,1,1,1,0,Y,4|충청북도|충주시
충청북도,단양군,기초의원비례,비례,9,1,2,2.00,N,,N,N,N,"100165570, 100164413","박소현, 정옥림","더불어민주당, 국민의힘",0,0,1,1,1,0,Y,9|충청북도|단양군
충청북도,진천군,기초의원비례,비례,9,1,2,2.00,N,,N,N,N,"100164567, 100164281","정필순, 최상미","더불어민주당, 국민의힘",2,1,1,0,0,0,Y,9|충청북도|진천군
충청북도,괴산군선거구,시도의원,지역구,5,1,2,2.00,N,,N,N,N,"100158702, 100158215","이완철, 이태훈","더불어민주당, 국민의힘",0,0,1,1,0,0,Y,5|충청북도|괴산군선거구
충청북도,단양군선거구,시도의원,지역구,5,1,2,2.00,N,,N,N,N,"100162571, 100159084","정상례, 조성룡","더불어민주당, 국민의힘",0,0,1,1,0,0,Y,5|충청북도|단양군선거구
충청북도,보은군선거구,시도의원,지역구,5,1,2,2.00,N,,N,N,N,"100157685, 100159344","김도화, 최부림","더불어민주당, 국민의힘",1,0,0,0,0,0,Y,5|충청북도|보은군선거구
충청북도,옥천군제2선거구,시도의원,지역구,5,1,2,2.00,N,,N,N,N,"100161886, 100161453","김외식, 유재목","더불어민주당, 국민의힘",0,0,1,1,0,0,Y,5|충청북도|옥천군제2선거구
충청북도,음성군제2선거구,시도의원,지역구,5,1,2,2.00,N,,N,N,N,"100154166, 100156162","김기창, 노금식","더불어민주당, 국민의힘",1,0,1,0,0,0,Y,5|충청북도|음성군제2선거구
충청북도,청주시제10선거구,시도의원,지역구,5,1,2,2.00,N,,N,N,N,"100158620, 100165529","이상식, 이화정","더불어민주당, 국민의힘",0,0,1,1,0,0,Y,5|충청북도|청주시제10선거구
충청북도,청주시제12선거구,시도의원,지역구,5,1,2,2.00,N,,N,N,N,"100157825, 100155271","정재우, 최진현","더불어민주당, 국민의힘",0,0,1,1,0,0,Y,5|충청북도|청주시제12선거구
충청북도,청주시제13선거구,시도의원,지역구,5,1,3,3.00,N,,N,N,N,"100157711, 100153984, 100162890","신민정, 황영호, 류근윤","더불어민주당, 국민의힘, 개혁신당",1,0,0,0,0,0,Y,5|충청북도|청주시제13선거구
충청북도,청주시제14선거구,시도의원,지역구,5,1,2,2.00,N,,N,N,N,"100156284, 100159008","임동현, 노명숙","더불어민주당, 국민의힘",1,0,1,0,0,0,Y,5|충청북도|청주시제14선거구
충청북도,청주시제15선거구,시도의원,지역구,5,1,2,2.00,N,,N,N,N,"100156710, 100155625","박진희, 박봉순","더불어민주당, 국민의힘",0,0,1,1,0,0,Y,5|충청북도|청주시제15선거구
충청북도,청주시제3선거구,시도의원,지역구,5,1,2,2.00,N,,N,N,N,"100156905, 100154518","최충진, 이성용","더불어민주당, 국민의힘",1,0,0,0,0,0,Y,5|충청북도|청주시제3선거구
충청북도,청주시제5선거구,시도의원,지역구,5,1,2,2.00,N,,N,N,N,"100153939, 100157424","이정태, 채수민","더불어민주당, 국민의힘",0,0,2,2,0,0,Y,5|충청북도|청주시제5선거구
충청북도,청주시제6선거구,시도의원,지역구,5,1,2,2.00,N,,N,N,N,"100160814, 100159970","김영근, 박재주","더불어민주당, 국민의힘",1,0,1,1,0,0,Y,5|충청북도|청주시제6선거구
충청북도,청주시제8선거구,시도의원,지역구,5,1,2,2.00,N,,N,N,N,"100160240, 100156498","이윤재, 임병운","더불어민주당, 국민의힘",0,0,1,1,0,0,Y,5|충청북도|청주시제8선거구
충청북도,청주시제9선거구,시도의원,지역구,5,1,2,2.00,N,,N,N,N,"100160996, 100161780","허철, 김성대","더불어민주당, 국민의힘",0,0,1,1,0,0,Y,5|충청북도|청주시제9선거구
충청북도,충주시제1선거구,시도의원,지역구,5,1,2,2.00,N,,N,N,N,"100156774, 100157387","강진권, 조성태","더불어민주당, 국민의힘",1,0,1,0,0,0,Y,5|충청북도|충주시제1선거구
충청북도,충주시제2선거구,시도의원,지역구,5,1,2,2.00,N,,N,N,N,"100155174, 100157550","심기보, 이정범","더불어민주당, 국민의힘",1,0,1,0,0,0,Y,5|충청북도|충주시제2선거구
충청북도,충주시제3선거구,시도의원,지역구,5,1,2,2.00,N,,N,N,N,"100154692, 100155037","조중근, 이종갑","더불어민주당, 국민의힘",1,0,0,0,0,0,Y,5|충청북도|충주시제3선거구
충청북도,충주시제4선거구,시도의원,지역구,5,1,2,2.00,N,,N,N,N,"100155239, 100158150","서동학, 김종필","더불어민주당, 국민의힘",1,0,2,1,0,0,Y,5|충청북도|충주시제4선거구
충청북도,충청북도,시도지사,지역구,3,1,2,2.00,N,,N,N,N,"100153742, 100163211","신용한, 김영환","더불어민주당, 국민의힘",1,0,1,0,0,0,Y,3|충청북도|충청북도
인천광역시,남동구가선거구,구시군의회의원,지역구,6,5,9,1.80,N,,N,N,N,"100158890, 100154943, 100160817, 100160794, 100155719, 100154304, 100163608, 100155115, 100163917","김재남, 김진형, 김용호, 김은숙, 김태경, 주열아, 양희정, 강민제, 김광진","더불어민주당, 더불어민주당, 더불어민주당, 국민의힘, 국민의힘, 국민의힘, 조국혁신당, 개혁신당, 진보당",0,0,1,0,0,0,N,6|인천광역시|남동구가선거구
광주광역시,북구제1선거구,시도의원,지역구,5,4,8,2.00,N,,N,N,N,"100161101, 100161297, 100161864, 100155880, 100163138, 100164336, 100162915, 100163240","이숙희, 김건안, 안평환, 박수민, 양혜령, 김상훈, 이재광, 문현철","더불어민주당, 더불어민주당, 더불어민주당, 더불어민주당, 국민의힘, 조국혁신당, 진보당, 기본소득당",0,0,1,0,0,0,N,5|광주광역시|북구제1선거구
부산광역시,북구라선거구,구시군의회의원,지역구,6,4,6,1.50,N,,N,N,N,"100154409, 100163562, 100163252, 100162551, 100165739, 100157244","박원진, 이주연, 조복남, 박기훈, 백순택, 정기수","더불어민주당, 더불어민주당, 국민의힘, 국민의힘, 무소속, 무소속",0,0,1,0,0,0,N,6|부산광역시|북구라선거구
전라남도,강진군가선거구,구시군의회의원,지역구,6,4,7,1.75,N,,N,N,N,"100159487, 100159678, 100159775, 100160771, 100161422, 100162784, 100159477","김호석, 윤영남, 배홍준, 강명구, 노두섭, 유경숙, 김한성","더불어민주당, 더불어민주당, 더불어민주당, 더불어민주당, 무소속, 무소속, 무소속",0,0,1,0,0,0,N,6|전라남도|강진군가선거구
전라남도,무안군나선거구,구시군의회의원,지역구,6,4,5,1.25,N,,N,N,N,"100159151, 100159715, 100159174, 100161202, 100160967","이준회, 임윤택, 정옥헌, 정은경, 김미경","더불어민주당, 더불어민주당, 더불어민주당, 더불어민주당, 정의당",0,0,0,0,0,0,N,6|전라남도|무안군나선거구
충청북도,청주시사선거구,구시군의회의원,지역구,6,4,5,1.25,N,,N,N,N,"100154497, 100155413, 100156576, 100162910, 100162699","김은교, 김병년, 최동식, 김종식, 박노학","더불어민주당, 더불어민주당, 더불어민주당, 국민의힘, 국민의힘",0,0,1,0,0,0,N,6|충청북도|청주시사선거구
강원특별자치도,원주시라선거구,구시군의회의원,지역구,6,3,6,2.00,N,,N,N,N,"100156865, 100156853, 100162183, 100157930, 100157999, 100160392","박순호, 이윤학, 김지헌, 박재현, 라윤선, 김영춘","더불어민주당, 더불어민주당, 더불어민주당, 국민의힘, 국민의힘, 조국혁신당",0,0,0,0,0,0,N,6|강원특별자치도|원주시라선거구
강원특별자치도,원주시바선거구,구시군의회의원,지역구,6,3,4,1.33,N,,N,N,N,"100157778, 100155000, 100154869, 100157935","홍기상, 이숙은, 나경만, 원용대","더불어민주당, 더불어민주당, 국민의힘, 국민의힘",0,0,1,0,0,0,N,6|강원특별자치도|원주시바선거구
강원특별자치도,인제군나선거구,구시군의회의원,지역구,6,3,6,2.00,N,,N,N,N,"100160565, 100159911, 100159316, 100159383, 100161410, 100163193","조원선, 전경민, 박응삼, 박이춘, 김재규, 이춘만","더불어민주당, 더불어민주당, 더불어민주당, 국민의힘, 국민의힘, 무소속",0,0,1,0,0,0,N,6|강원특별자치도|인제군나선거구
강원특별자치도,철원군나선거구,구시군의회의원,지역구,6,3,5,1.67,N,,N,N,N,"100160669, 100159158, 100159154, 100159847, 100159245","김광성, 박구영, 유민호, 박기준, 장용","더불어민주당, 더불어민주당, 국민의힘, 국민의힘, 국민의힘",0,0,2,0,0,0,N,6|강원특별자치도|철원군나선거구
강원특별자치도,춘천시라선거구,구시군의회의원,지역구,6,3,6,2.00,N,,N,N,N,"100157353, 100156215, 100157196, 100156193, 100153922, 100153920","나유경, 윤채옥, 남숙희, 김운기, 최태영, 윤민섭","더불어민주당, 더불어민주당, 국민의힘, 국민의힘, 개혁신당, 정의당",0,0,1,0,0,0,N,6|강원특별자치도|춘천시라선거구
강원특별자치도,평창군나선거구,구시군의회의원,지역구,6,3,4,1.33,N,,N,N,N,"100159968, 100161334, 100161087, 100161227","이명순, 김광성, 심현정, 남진삼","더불어민주당, 더불어민주당, 국민의힘, 국민의힘",0,0,1,0,0,0,N,6|강원특별자치도|평창군나선거구
강원특별자치도,화천군나선거구,구시군의회의원,지역구,6,3,6,2.00,N,,N,N,N,"100159439, 100159687, 100160444, 100157948, 100160427, 100160614","최호기, 임성규, 이선희, 김명진, 김흥기, 한원희","더불어민주당, 더불어민주당, 국민의힘, 국민의힘, 국민의힘, 무소속",0,0,2,0,0,0,N,6|강원특별자치도|화천군나선거구
강원특별자치도,횡성군가선거구,구시군의회의원,지역구,6,3,5,1.67,N,,N,N,N,"100161110, 100161149, 100161098, 100159395, 100159398","이수정, 백오인, 박승남, 정운현, 김은숙","더불어민주당, 더불어민주당, 국민의힘, 국민의힘, 무소속",0,0,1,0,0,0,N,6|강원특별자치도|횡성군가선거구
강원특별자치도,원주시,기초의원비례,비례,9,3,4,1.33,N,,N,N,N,"100164362, 100164368, 100164355, 100164374","박필여, 김기민, 김명신, 안은정","더불어민주당, 더불어민주당, 국민의힘, 국민의힘",0,0,0,0,0,0,N,9|강원특별자치도|원주시
강원특별자치도,춘천시,기초의원비례,비례,9,3,4,1.33,N,,N,N,N,"100164044, 100164051, 100164023, 100164026","박인옥, 변용대, 신선미, 최은지","더불어민주당, 더불어민주당, 국민의힘, 국민의힘",0,0,0,0,0,0,N,9|강원특별자치도|춘천시
경기도,고양시나선거구,구시군의회의원,지역구,6,3,5,1.67,N,,N,N,N,"100164487, 100164957, 100158560, 100158387, 100156925","문재호, 이종덕, 황선경, 김영식, 장영학","더불어민주당, 더불어민주당, 국민의힘, 국민의힘, 진보당",0,0,2,0,0,0,N,6|경기도|고양시나선거구
경기도,고양시마선거구,구시군의회의원,지역구,6,3,5,1.67,N,,N,N,N,"100155128, 100158130, 100161199, 100163475, 100156924","차지현, 송금희, 이종진, 고부미, 전민선","더불어민주당, 더불어민주당, 국민의힘, 국민의힘, 진보당",0,0,1,0,0,0,N,6|경기도|고양시마선거구
경기도,과천시가선거구,구시군의회의원,지역구,6,3,4,1.33,N,,N,N,N,"100161881, 100157236, 100158830, 100162518","이주연, 정혜숙, 김동현, 김동진","더불어민주당, 더불어민주당, 국민의힘, 국민의힘",0,0,0,0,0,0,N,6|경기도|과천시가선거구
경기도,과천시나선거구,구시군의회의원,지역구,6,3,4,1.33,N,,N,N,N,"100157052, 100163190, 100160307, 100162691","최지희, 임지웅, 지태훈, 황선희","더불어민주당, 더불어민주당, 국민의힘, 국민의힘",0,0,0,0,0,0,N,6|경기도|과천시나선거구
경기도,김포시가선거구,구시군의회의원,지역구,6,3,4,1.33,N,,N,N,N,"100160432, 100160138, 100162453, 100157135","김계순, 진병삼, 박재영, 정나라","더불어민주당, 더불어민주당, 국민의힘, 국민의힘",0,0,0,0,0,0,N,6|경기도|김포시가선거구
경기도,성남시차선거구,구시군의회의원,지역구,6,3,5,1.67,N,,N,N,N,"100162769, 100157877, 100157441, 100161284, 100163633","이종목, 최종성, 이정아, 서희경, 홍승우","더불어민주당, 더불어민주당, 국민의힘, 국민의힘, 개혁신당",0,0,0,0,0,0,N,6|경기도|성남시차선거구
경기도,안산시가선거구,구시군의회의원,지역구,6,3,7,2.33,N,,N,N,N,"100163877, 100162104, 100163881, 100156186, 100156989, 100155675, 100154005","한명훈, 최찬규, 염정우, 김유숙, 최진형, 박범수, 홍순영","더불어민주당, 더불어민주당, 국민의힘, 국민의힘, 개혁신당, 진보당, 기본소득당",0,0,2,0,0,0,N,6|경기도|안산시가선거구
경기도,안양시바선거구,구시군의회의원,지역구,6,3,5,1.67,N,,N,N,N,"100161910, 100163323, 100160412, 100158096, 100154891","장경술, 윤해동, 설다영, 김주석, 이천은","더불어민주당, 더불어민주당, 국민의힘, 국민의힘, 개혁신당",0,0,0,0,0,0,N,6|경기도|안양시바선거구
경기도,용인시가선거구,구시군의회의원,지역구,6,3,5,1.67,N,,N,N,N,"100158247, 100162644, 100161730, 100163451, 100155436","심정은, 박병민, 김윤선, 김상수, 고명환","더불어민주당, 더불어민주당, 국민의힘, 국민의힘, 자유통일당",0,0,1,0,0,0,N,6|경기도|용인시가선거구
경기도,의정부시나선거구,구시군의회의원,지역구,6,3,5,1.67,N,,N,N,N,"100161515, 100156817, 100158438, 100158605, 100161696","이규헌, 이광수, 빈미선, 전은영, 권오성","더불어민주당, 더불어민주당, 국민의힘, 국민의힘, 조국혁신당",0,0,1,0,0,0,N,6|경기도|의정부시나선거구
경기도,파주시다선거구,구시군의회의원,지역구,6,3,5,1.67,N,,N,N,N,"100154491, 100155478, 100161924, 100164800, 100157056","유장무, 김환중, 이진아, 한종갑, 안소희","더불어민주당, 더불어민주당, 국민의힘, 조국혁신당, 진보당",0,0,2,0,0,0,N,6|경기도|파주시다선거구
경기도,평택시사선거구,구시군의회의원,지역구,6,3,6,2.00,N,,N,N,N,"100161580, 100156820, 100158324, 100160759, 100154632, 100161745","최동윤, 이기형, 오치성, 정일구, 신미정, 오세옥","더불어민주당, 더불어민주당, 국민의힘, 국민의힘, 진보당, 자유와혁신",0,0,3,0,0,0,N,6|경기도|평택시사선거구
경기도,하남시다선거구,구시군의회의원,지역구,6,3,5,1.67,N,,N,N,N,"100160314, 100161266, 100156152, 100156798, 100156579","신선호, 정병용, 이정연, 김희중, 이경민","더불어민주당, 더불어민주당, 국민의힘, 국민의힘, 진보당",0,0,1,0,0,0,N,6|경기도|하남시다선거구
경상남도,김해시다선거구,구시군의회의원,지역구,6,3,5,1.67,N,,N,N,N,"100154993, 100158780, 100156842, 100158289, 100161425","강대규, 조종현, 손철익, 김유상, 김희성","더불어민주당, 더불어민주당, 국민의힘, 국민의힘, 개혁신당",0,0,2,0,0,0,N,6|경상남도|김해시다선거구
경상남도,김해시사선거구,구시군의회의원,지역구,6,3,6,2.00,N,,N,N,N,"100161818, 100158113, 100158268, 100158284, 100161982, 100154751","허수정, 황현재, 김영서, 송재석, 문현진, 이천기","더불어민주당, 더불어민주당, 국민의힘, 국민의힘, 개혁신당, 진보당",0,0,1,0,0,0,N,6|경상남도|김해시사선거구
경상남도,남해군가선거구,구시군의회의원,지역구,6,3,5,1.67,N,,N,N,N,"100160137, 100161883, 100160979, 100162740, 100162659","박환구, 하복만, 김낙균, 장행복, 여동찬","더불어민주당, 더불어민주당, 국민의힘, 국민의힘, 국민의힘",0,0,2,0,0,0,N,6|경상남도|남해군가선거구
경상남도,진주시바선거구,구시군의회의원,지역구,6,3,7,2.33,N,,N,N,N,"100157807, 100156414, 100162540, 100159287, 100154320, 100163548, 100163479","신서경, 박철홍, 오경훈, 윤갑수, 김상대, 하삼봉, 임기향","더불어민주당, 더불어민주당, 국민의힘, 국민의힘, 진보당, 무소속, 무소속",0,0,0,0,0,0,N,6|경상남도|진주시바선거구
경상북도,경산시라선거구,구시군의회의원,지역구,6,3,4,1.33,N,,N,N,N,"100163696, 100161345, 100155588, 100162663","이경원, 여연주, 서정창, 권중석","더불어민주당, 국민의힘, 국민의힘, 무소속",0,0,1,0,0,0,N,6|경상북도|경산시라선거구
경상북도,경산시마선거구,구시군의회의원,지역구,6,3,5,1.67,N,,N,N,N,"100162297, 100160903, 100162971, 100162912, 100154417","양재영, 김주홍, 김인수, 손병숙, 박정애","더불어민주당, 국민의힘, 국민의힘, 국민의힘, 진보당",0,0,2,0,0,0,N,6|경상북도|경산시마선거구
경상북도,문경시나선거구,구시군의회의원,지역구,6,3,6,2.00,N,,N,N,N,"100156069, 100158326, 100156251, 100157694, 100160984, 100156095","임휘철, 신성호, 김태건, 서정식, 진후진, 김경숙","더불어민주당, 국민의힘, 국민의힘, 국민의힘, 무소속, 무소속",0,0,0,0,0,0,N,6|경상북도|문경시나선거구
경상북도,상주시다선거구,구시군의회의원,지역구,6,3,6,2.00,N,,N,N,N,"100162709, 100162175, 100155258, 100157693, 100157829, 100158848","정용운, 정길수, 김종철, 김익상, 이경옥, 김진우","더불어민주당, 더불어민주당, 국민의힘, 국민의힘, 국민의힘, 무소속",0,0,1,0,0,0,N,6|경상북도|상주시다선거구
경상북도,상주시마선거구,구시군의회의원,지역구,6,3,5,1.67,N,,N,N,N,"100156252, 100158829, 100154513, 100154728, 100155821","신영대, 진태종, 신순화, 남성구, 민경삼","더불어민주당, 국민의힘, 국민의힘, 국민의힘, 무소속",0,0,0,0,0,0,N,6|경상북도|상주시마선거구
경상북도,상주시바선거구,구시군의회의원,지역구,6,3,4,1.33,N,,N,N,N,"100156560, 100155294, 100157059, 100160050","성동현, 조동규, 강효구, 김호","더불어민주당, 국민의힘, 국민의힘, 무소속",0,0,0,0,0,0,N,6|경상북도|상주시바선거구
경상북도,칠곡군다선거구,구시군의회의원,지역구,6,3,4,1.33,N,,N,N,N,"100159502, 100162526, 100162617, 100159042","이영석, 오용만, 김태희, 이기훈","더불어민주당, 국민의힘, 국민의힘, 국민의힘",0,0,1,0,0,0,N,6|경상북도|칠곡군다선거구
광주광역시,광산구다선거구,구시군의회의원,지역구,6,3,5,1.67,N,,N,N,N,"100159942, 100162897, 100160257, 100154969, 100156321","최윤종, 강한솔, 조영임, 임범섭, 김은정","더불어민주당, 더불어민주당, 더불어민주당, 국민의힘, 진보당",0,0,1,0,0,0,N,6|광주광역시|광산구다선거구
광주광역시,동구가선거구,구시군의회의원,지역구,6,3,6,2.00,N,,N,N,N,"100157098, 100156376, 100157088, 100156071, 100154708, 100154523","이지애, 문선화, 홍두석, 조성오, 박진우, 박현정","더불어민주당, 더불어민주당, 더불어민주당, 조국혁신당, 개혁신당, 진보당",0,0,2,0,0,0,N,6|광주광역시|동구가선거구
광주광역시,북구나선거구,구시군의회의원,지역구,6,3,4,1.33,N,,N,N,N,"100155536, 100156664, 100161007, 100154169","박정하, 김재덕, 신정훈, 장애란","더불어민주당, 더불어민주당, 더불어민주당, 진보당",0,0,0,0,0,0,N,6|광주광역시|북구나선거구
광주광역시,북구마선거구,구시군의회의원,지역구,6,3,5,1.67,N,,N,N,N,"100155797, 100157320, 100156014, 100157611, 100154218","윤은경, 정재성, 한양임, 정청기, 최연용","더불어민주당, 더불어민주당, 더불어민주당, 조국혁신당, 진보당",0,0,1,0,0,0,N,6|광주광역시|북구마선거구
광주광역시,북구바선거구,구시군의회의원,지역구,6,3,4,1.33,N,,N,N,N,"100155667, 100155528, 100157147, 100154182","정의헌, 서은하, 주수영, 손혜진","더불어민주당, 더불어민주당, 더불어민주당, 진보당",0,0,0,0,0,0,N,6|광주광역시|북구바선거구
광주광역시,남구제1선거구,시도의원,지역구,5,3,4,1.33,N,,N,N,N,"100160011, 100155814, 100157517, 100163163","노소영, 강원호, 임미란, 김혜란","더불어민주당, 더불어민주당, 더불어민주당, 진보당",0,0,0,0,0,0,N,5|광주광역시|남구제1선거구
대구광역시,달서구사선거구,구시군의회의원,지역구,6,3,4,1.33,N,,N,N,N,"100158786, 100156044, 100154837, 100163498","김민주, 권선희, 손범구, 박선희","더불어민주당, 국민의힘, 국민의힘, 무소속",0,0,0,0,0,0,N,6|대구광역시|달서구사선거구
대구광역시,동구가선거구,구시군의회의원,지역구,6,3,4,1.33,N,,N,N,N,"100155378, 100162790, 100163011, 100161168","윤영덕, 김진락, 박정심, 주형숙","더불어민주당, 국민의힘, 국민의힘, 무소속",0,0,0,0,0,0,N,6|대구광역시|동구가선거구
대구광역시,동구다선거구,구시군의회의원,지역구,6,3,4,1.33,N,,N,N,N,"100156348, 100162719, 100163428, 100156948","이해서, 손동한, 이연미, 박철현","더불어민주당, 국민의힘, 국민의힘, 개혁신당",0,0,0,0,0,0,N,6|대구광역시|동구다선거구
대구광역시,수성구라선거구,구시군의회의원,지역구,6,3,8,2.67,N,,N,N,N,"100155124, 100157843, 100159905, 100163529, 100155680, 100157716, 100154551, 100154780","배진형, 최명숙, 양정미, 황치모, 오태훈, 김성년, 김태은, 정주봉","더불어민주당, 더불어민주당, 국민의힘, 국민의힘, 개혁신당, 정의당, 무소속, 무소속",0,0,2,0,0,0,N,6|대구광역시|수성구라선거구
대전광역시,유성구라선거구,구시군의회의원,지역구,6,3,6,2.00,N,,N,N,N,"100162569, 100158760, 100162131, 100161987, 100158015, 100154238","박정수, 김인중, 이희환, 이명숙, 임대호, 손민기","더불어민주당, 더불어민주당, 국민의힘, 국민의힘, 조국혁신당, 자유통일당",0,0,0,0,0,0,N,6|대전광역시|유성구라선거구
부산광역시,동래구나선거구,구시군의회의원,지역구,6,3,6,2.00,N,,N,N,N,"100160585, 100163404, 100160753, 100161877, 100157296, 100155290","이규만, 하성기, 조진우, 최수용, 김정식, 홍예준","더불어민주당, 더불어민주당, 국민의힘, 국민의힘, 조국혁신당, 무소속",0,0,1,0,0,0,N,6|부산광역시|동래구나선거구
부산광역시,북구나선거구,구시군의회의원,지역구,6,3,5,1.67,N,,N,N,N,"100158082, 100154199, 100161121, 100161001, 100156847","임성배, 손분연, 박성진, 김장수, 백종학","더불어민주당, 더불어민주당, 국민의힘, 국민의힘, 무소속",0,0,0,0,0,0,N,6|부산광역시|북구나선거구
부산광역시,사하구마선거구,구시군의회의원,지역구,6,3,5,1.67,N,,N,N,N,"100157759, 100160636, 100157583, 100158088, 100162153","성병욱, 이임선, 신현수, 장재희, 오다겸","더불어민주당, 더불어민주당, 국민의힘, 국민의힘, 개혁신당",0,0,0,0,0,0,N,6|부산광역시|사하구마선거구
부산광역시,영도구가선거구,구시군의회의원,지역구,6,3,5,1.67,N,,N,N,N,"100157727, 100155665, 100161263, 100161341, 100155023","이용성, 강소영, 부석규, 서승환, 권혁","더불어민주당, 더불어민주당, 국민의힘, 국민의힘, 진보당",0,0,1,0,0,0,N,6|부산광역시|영도구가선거구
부산광역시,중구가선거구,구시군의회의원,지역구,6,3,5,1.67,N,,N,N,N,"100158408, 100162653, 100161743, 100161239, 100154395","박민해, 최학철, 이길희, 이대봉, 금동욱","더불어민주당, 더불어민주당, 국민의힘, 국민의힘, 국민의힘",0,0,0,0,0,0,N,6|부산광역시|중구가선거구
서울특별시,강남구나선거구,구시군의회의원,지역구,6,3,6,2.00,N,,N,N,N,"100163423, 100163085, 100162531, 100158490, 100163231, 100163301","김현정, 강현섭, 이종원, 양현성, 황영각, 홍명실","더불어민주당, 국민의힘, 국민의힘, 개혁신당, 무소속, 무소속",0,0,1,0,0,0,N,6|서울특별시|강남구나선거구
서울특별시,강남구자선거구,구시군의회의원,지역구,6,3,5,1.67,N,,N,N,N,"100161960, 100162146, 100162239, 100156250, 100163339","복진경, 우종혁, 염희옥, 김동현, 이향숙","더불어민주당, 국민의힘, 국민의힘, 개혁신당, 무소속",0,0,0,0,0,0,N,6|서울특별시|강남구자선거구
서울특별시,강동구라선거구,구시군의회의원,지역구,6,3,4,1.33,N,,N,N,N,"100163857, 100156214, 100162279, 100162774","이재란, 김종범, 이강해, 제갑섭","더불어민주당, 더불어민주당, 국민의힘, 국민의힘",0,0,0,0,0,0,N,6|서울특별시|강동구라선거구
서울특별시,강동구마선거구,구시군의회의원,지역구,6,3,5,1.67,N,,N,N,N,"100157180, 100161191, 100162566, 100163945, 100161944","김태현, 심우열, 이현동, 김정일, 김성준","더불어민주당, 더불어민주당, 국민의힘, 국민의힘, 개혁신당",0,0,0,0,0,0,N,6|서울특별시|강동구마선거구
서울특별시,강북구다선거구,구시군의회의원,지역구,6,3,5,1.67,N,,N,N,N,"100154706, 100160329, 100162287, 100160496, 100156208","문혜원, 심재억, 배증윤, 노윤상, 김은주","더불어민주당, 더불어민주당, 국민의힘, 국민의힘, 국민주권당",0,0,1,0,0,0,N,6|서울특별시|강북구다선거구
서울특별시,광진구라선거구,구시군의회의원,지역구,6,3,5,1.67,N,,N,N,N,"100157215, 100160845, 100157793, 100162991, 100159105","최규철, 서민우, 최상규, 김상배, 이진현","더불어민주당, 더불어민주당, 국민의힘, 국민의힘, 개혁신당",0,0,2,0,0,0,N,6|서울특별시|광진구라선거구
서울특별시,금천구가선거구,구시군의회의원,지역구,6,3,4,1.33,N,,N,N,N,"100162138, 100163118, 100162507, 100163337","고성미, 정문교, 고영찬, 이경옥","더불어민주당, 더불어민주당, 국민의힘, 국민의힘",0,0,1,0,0,0,N,6|서울특별시|금천구가선거구
서울특별시,노원구가선거구,구시군의회의원,지역구,6,3,4,1.33,N,,N,N,N,"100163689, 100157648, 100160504, 100154812","이수근, 정시온, 유정수, 강미경","더불어민주당, 더불어민주당, 국민의힘, 진보당",0,0,0,0,0,0,N,6|서울특별시|노원구가선거구
서울특별시,노원구나선거구,구시군의회의원,지역구,6,3,5,1.67,N,,N,N,N,"100163670, 100156695, 100160539, 100161798, 100155004","박명수, 이경선, 김기범, 유웅상, 최나영","더불어민주당, 더불어민주당, 국민의힘, 국민의힘, 진보당",0,0,1,0,0,0,N,6|서울특별시|노원구나선거구
서울특별시,노원구마선거구,구시군의회의원,지역구,6,3,4,1.33,N,,N,N,N,"100164721, 100161388, 100162141, 100155944","장경서, 안복동, 손명영, 박성진","더불어민주당, 더불어민주당, 국민의힘, 개혁신당",0,0,0,0,0,0,N,6|서울특별시|노원구마선거구
서울특별시,도봉구가선거구,구시군의회의원,지역구,6,3,4,1.33,N,,N,N,N,"100155092, 100160793, 100158491, 100159049","김명희, 양덕모, 강혜란, 안병건","더불어민주당, 더불어민주당, 국민의힘, 국민의힘",0,0,0,0,0,0,N,6|서울특별시|도봉구가선거구
서울특별시,동작구사선거구,구시군의회의원,지역구,6,3,5,1.67,N,,N,N,N,"100156416, 100157431, 100160866, 100161114, 100162390","나현희, 강한옥, 이미연, 변종득, 최민석","더불어민주당, 더불어민주당, 국민의힘, 국민의힘, 미래연대",0,0,1,0,0,0,N,6|서울특별시|동작구사선거구
서울특별시,마포구아선거구,구시군의회의원,지역구,6,3,5,1.67,N,,N,N,N,"100161659, 100160139, 100162600, 100156872, 100162157","최영섭, 최은하, 백남환, 김기석, 한선미","더불어민주당, 더불어민주당, 국민의힘, 국민의힘, 조국혁신당",0,0,0,0,0,0,N,6|서울특별시|마포구아선거구
서울특별시,서대문구가선거구,구시군의회의원,지역구,6,3,6,2.00,N,,N,N,N,"100156482, 100156183, 100161142, 100155261, 100156761, 100160327","김해숙, 김선우, 이진삼, 김성우, 이민지, 이호석","더불어민주당, 더불어민주당, 국민의힘, 개혁신당, 진보당, 자유와혁신",0,0,1,0,0,0,N,6|서울특별시|서대문구가선거구
서울특별시,서초구나선거구,구시군의회의원,지역구,6,3,4,1.33,N,,N,N,N,"100161208, 100156048, 100162313, 100162221","정순용, 김안숙, 박성준, 이화성","더불어민주당, 더불어민주당, 국민의힘, 국민의힘",0,0,0,0,0,0,N,6|서울특별시|서초구나선거구
서울특별시,성북구나선거구,구시군의회의원,지역구,6,3,4,1.33,N,,N,N,N,"100162914, 100161713, 100160742, 100161768","장선희, 양순임, 조민국, 임현주","더불어민주당, 더불어민주당, 국민의힘, 국민의힘",0,0,0,0,0,0,N,6|서울특별시|성북구나선거구
서울특별시,송파구아선거구,구시군의회의원,지역구,6,3,5,1.67,N,,N,N,N,"100163371, 100160870, 100156084, 100163484, 100158554","조용근, 신중철, 지정수, 윤정식, 박지선","더불어민주당, 더불어민주당, 국민의힘, 국민의힘, 진보당",0,0,0,0,0,0,N,6|서울특별시|송파구아선거구
서울특별시,용산구다선거구,구시군의회의원,지역구,6,3,5,1.67,N,,N,N,N,"100163641, 100163628, 100162454, 100163150, 100165415","양동호, 윤정회, 우병호, 고진숙, 이인호","더불어민주당, 더불어민주당, 국민의힘, 국민의힘, 무소속",0,0,0,0,0,0,N,6|서울특별시|용산구다선거구
서울특별시,중랑구다선거구,구시군의회의원,지역구,6,3,5,1.67,N,,N,N,N,"100163496, 100161048, 100160978, 100161943, 100155187","김대형, 최은주, 황정순, 민경준, 노혜령","더불어민주당, 더불어민주당, 국민의힘, 개혁신당, 진보당",0,0,2,0,0,0,N,6|서울특별시|중랑구다선거구
서울특별시,송파구,기초의원비례,비례,9,3,5,1.67,N,,N,N,N,"100165136, 100165138, 100165401, 100165404, 100165525","이승희, 강기운, 강정선, 김언주, 김별님","더불어민주당, 더불어민주당, 국민의힘, 국민의힘, 진보당",0,0,0,0,0,0,N,9|서울특별시|송파구
인천광역시,계양구라선거구,구시군의회의원,지역구,6,3,4,1.33,N,,N,N,N,"100162335, 100156852, 100161331, 100162672","문미혜, 김재성, 김숙의, 표명자","더불어민주당, 더불어민주당, 국민의힘, 국민의힘",0,0,0,0,0,0,N,6|인천광역시|계양구라선거구
인천광역시,남동구나선거구,구시군의회의원,지역구,6,3,5,1.67,N,,N,N,N,"100155295, 100155605, 100154309, 100163960, 100154311","이철상, 이학정, 최연선, 오진희, 용혜랑","더불어민주당, 더불어민주당, 국민의힘, 조국혁신당, 진보당",0,0,1,0,0,0,N,6|인천광역시|남동구나선거구
인천광역시,미추홀구나선거구,구시군의회의원,지역구,6,3,4,1.33,N,,N,N,N,"100156955, 100161739, 100162381, 100160425","장현태, 정락재, 이병학, 박봉관","더불어민주당, 더불어민주당, 국민의힘, 국민의힘",0,0,1,0,0,0,N,6|인천광역시|미추홀구나선거구
인천광역시,서구라선거구,구시군의회의원,지역구,6,3,4,1.33,N,,N,N,N,"100161066, 100164239, 100162662, 100157185","임기현, 김춘수, 김학엽, 하기정","더불어민주당, 더불어민주당, 국민의힘, 국민의힘",0,0,1,0,0,0,N,6|인천광역시|서구라선거구
인천광역시,제물포구다선거구,구시군의회의원,지역구,6,3,4,1.33,N,,N,N,N,"100156316, 100162634, 100160935, 100165727","이정휘, 송광식, 오수연, 원태근","더불어민주당, 더불어민주당, 국민의힘, 국민의힘",0,0,0,0,0,0,N,6|인천광역시|제물포구다선거구
전라남도,강진군나선거구,구시군의회의원,지역구,6,3,5,1.67,N,,N,N,N,"100159587, 100160455, 100159501, 100159479, 100159994","이나겸, 윤영상, 김상은, 김강민, 이명식","더불어민주당, 더불어민주당, 더불어민주당, 무소속, 무소속",0,0,1,0,0,0,N,6|전라남도|강진군나선거구
전라남도,광양시가선거구,구시군의회의원,지역구,6,3,4,1.33,N,,N,N,N,"100154900, 100155776, 100158076, 100154930","이기연, 정회기, 박문섭, 정우범","더불어민주당, 더불어민주당, 더불어민주당, 조국혁신당",0,0,1,0,0,0,N,6|전라남도|광양시가선거구
전라남도,광양시다선거구,구시군의회의원,지역구,6,3,4,1.33,N,,N,N,N,"100157246, 100154855, 100156930, 100154923","김한나, 박정숙, 이돈견, 백성호","더불어민주당, 더불어민주당, 더불어민주당, 진보당",0,0,2,0,0,0,N,6|전라남도|광양시다선거구
전라남도,목포시마선거구,구시군의회의원,지역구,6,3,4,1.33,N,,N,N,N,"100156148, 100155465, 100162241, 100156443","장국진, 고경욱, 조성오, 최현주","더불어민주당, 더불어민주당, 더불어민주당, 정의당",0,0,2,0,0,0,N,6|전라남도|목포시마선거구
전라남도,목포시바선거구,구시군의회의원,지역구,6,3,7,2.33,N,,N,N,N,"100156164, 100161588, 100161804, 100163121, 100154759, 100165865, 100162652","김호한, 최원석, 이동수, 정정문, 박수인, 나영민, 오호영","더불어민주당, 더불어민주당, 더불어민주당, 조국혁신당, 진보당, 무소속, 무소속",0,0,0,0,0,0,N,6|전라남도|목포시바선거구
전라남도,해남군가선거구,구시군의회의원,지역구,6,3,4,1.33,N,,N,N,N,"100160359, 100161383, 100159666, 100160186","민찬혁, 민경매, 이기우, 이정확","더불어민주당, 더불어민주당, 더불어민주당, 진보당",0,0,1,0,0,0,N,6|전라남도|해남군가선거구
전북특별자치도,김제시나선거구,구시군의회의원,지역구,6,3,5,1.67,N,,N,N,N,"100154854, 100156260, 100160387, 100163659, 100165246","최보선, 오승경, 김영자, 박성운, 조성원","더불어민주당, 더불어민주당, 더불어민주당, 조국혁신당, 무소속",0,0,1,0,0,0,N,6|전북특별자치도|김제시나선거구
전북특별자치도,남원시다선거구,구시군의회의원,지역구,6,3,6,2.00,N,,N,N,N,"100154816, 100154486, 100154428, 100163585, 100162344, 100159978","마우천, 이상현, 오동환, 김현철, 박남규, 이숙자","더불어민주당, 더불어민주당, 더불어민주당, 조국혁신당, 무소속, 무소속",0,0,4,0,0,0,N,6|전북특별자치도|남원시다선거구
전북특별자치도,익산시바선거구,구시군의회의원,지역구,6,3,4,1.33,N,,N,N,N,"100154841, 100158410, 100155426, 100156452","김선남, 정영미, 이충열, 손문선","더불어민주당, 더불어민주당, 더불어민주당, 무소속",0,0,1,0,0,0,N,6|전북특별자치도|익산시바선거구
전북특별자치도,익산시사선거구,구시군의회의원,지역구,6,3,4,1.33,N,,N,N,N,"100155276, 100158593, 100154983, 100156736","김숙영, 유재구, 박경원, 손진영","더불어민주당, 더불어민주당, 조국혁신당, 진보당",0,0,1,0,0,0,N,6|전북특별자치도|익산시사선거구
전북특별자치도,장수군나선거구,구시군의회의원,지역구,6,3,5,1.67,N,,N,N,N,"100160162, 100159880, 100159674, 100160483, 100163843","문재표, 채수권, 김남수, 임재성, 곽한옥","더불어민주당, 더불어민주당, 더불어민주당, 무소속, 무소속",0,0,1,0,0,0,N,6|전북특별자치도|장수군나선거구
전북특별자치도,전주시가선거구,구시군의회의원,지역구,6,3,4,1.33,N,,N,N,N,"100162142, 100161148, 100161708, 100155376","최용철, 김윤철, 김원주, 채민석","더불어민주당, 더불어민주당, 더불어민주당, 조국혁신당",0,0,1,0,0,0,N,6|전북특별자치도|전주시가선거구
전북특별자치도,전주시나선거구,구시군의회의원,지역구,6,3,5,1.67,N,,N,N,N,"100157488, 100156063, 100157646, 100156111, 100156335","장병익, 이동문, 김세혁, 조우영, 여민영","더불어민주당, 더불어민주당, 더불어민주당, 조국혁신당, 진보당",0,0,1,0,0,0,N,6|전북특별자치도|전주시나선거구
전북특별자치도,전주시카선거구,구시군의회의원,지역구,6,3,5,1.67,N,,N,N,N,"100157492, 100155237, 100158309, 100155425, 100155036","김인철, 박윤정, 최명권, 정현진, 최한별","더불어민주당, 더불어민주당, 더불어민주당, 조국혁신당, 진보당",0,0,1,0,0,0,N,6|전북특별자치도|전주시카선거구
전북특별자치도,진안군나선거구,구시군의회의원,지역구,6,3,4,1.33,N,,N,N,N,"100159539, 100159623, 100159523, 100159789","이미옥, 김명갑, 박관순, 이명진","더불어민주당, 더불어민주당, 더불어민주당, 무소속",0,0,1,0,0,0,N,6|전북특별자치도|진안군나선거구
충청남도,아산시라선거구,구시군의회의원,지역구,6,3,5,1.67,N,,N,N,N,"100158045, 100158519, 100161526, 100161654, 100155526","김민규, 위민경, 전남수, 김관호, 김남기","더불어민주당, 더불어민주당, 국민의힘, 개혁신당, 무소속",0,0,2,0,0,0,N,6|충청남도|아산시라선거구
충청남도,예산군가선거구,구시군의회의원,지역구,6,3,6,2.00,N,,N,N,N,"100159264, 100159282, 100159270, 100160750, 100159293, 100159301","오현주, 고진석, 황두현, 이길원, 김태금, 박성실","더불어민주당, 더불어민주당, 국민의힘, 국민의힘, 국민의힘, 무소속",0,0,2,0,0,0,N,6|충청남도|예산군가선거구
충청남도,천안시다선거구,구시군의회의원,지역구,6,3,6,2.00,N,,N,N,N,"100162070, 100163632, 100155634, 100158378, 100157032, 100163539","복아영, 정선희, 도병국, 김강진, 손승범, 안종혁","더불어민주당, 더불어민주당, 국민의힘, 국민의힘, 개혁신당, 무소속",0,0,0,0,0,0,N,6|충청남도|천안시다선거구
충청북도,청주시다선거구,구시군의회의원,지역구,6,3,4,1.33,N,,N,N,N,"100155444, 100157137, 100161850, 100156334","곽현희, 안광수, 김완식, 김미자","더불어민주당, 더불어민주당, 국민의힘, 국민의힘",0,0,2,0,0,0,N,6|충청북도|청주시다선거구
충청북도,청주시아선거구,구시군의회의원,지역구,6,3,4,1.33,N,,N,N,N,"100160987, 100154160, 100163533, 100161330","한동순, 허선, 최서진, 이우균","더불어민주당, 더불어민주당, 국민의힘, 국민의힘",0,0,1,0,0,0,N,6|충청북도|청주시아선거구
충청북도,청주시자선거구,구시군의회의원,지역구,6,3,4,1.33,N,,N,N,N,"100154994, 100163452, 100161807, 100163166","박수민, 노순옥, 김준석, 유광욱","더불어민주당, 더불어민주당, 국민의힘, 국민의힘",0,0,0,0,0,0,N,6|충청북도|청주시자선거구
강원특별자치도,강릉시바선거구,구시군의회의원,지역구,6,2,4,2.00,N,,N,N,N,"100154174, 100158478, 100163537, 100155158","김태완, 김문섭, 최인규, 이재모","더불어민주당, 더불어민주당, 국민의힘, 무소속",0,0,3,0,0,0,N,6|강원특별자치도|강릉시바선거구
강원특별자치도,춘천시아선거구,구시군의회의원,지역구,6,2,3,1.50,N,,N,N,N,"100157485, 100153962, 100158992","이희자, 권준혁, 지승민","더불어민주당, 국민의힘, 국민의힘",0,0,0,0,0,0,N,6|강원특별자치도|춘천시아선거구
강원특별자치도,홍천군다선거구,구시군의회의원,지역구,6,2,3,1.50,N,,N,N,N,"100159884, 100159328, 100161390","차학준, 이영복, 박영록","더불어민주당, 국민의힘, 국민의힘",0,0,0,0,0,0,N,6|강원특별자치도|홍천군다선거구
강원특별자치도,강릉시,기초의원비례,비례,9,2,3,1.50,N,,N,N,N,"100164272, 100164273, 100164792","권은숙, 정준민, 김미심","더불어민주당, 더불어민주당, 국민의힘",0,0,0,0,0,0,N,9|강원특별자치도|강릉시
경기도,가평군다선거구,구시군의회의원,지역구,6,2,3,1.50,N,,N,N,N,"100159801, 100160505, 100159813","양재성, 유재혁, 이진옥","더불어민주당, 국민의힘, 국민의힘",0,0,0,0,0,0,N,6|경기도|가평군다선거구
경기도,고양시가선거구,구시군의회의원,지역구,6,2,3,1.50,N,,N,N,N,"100157051, 100161996, 100159870","김보경, 임홍열, 오영숙","더불어민주당, 더불어민주당, 국민의힘",0,0,0,0,0,0,N,6|경기도|고양시가선거구
경기도,고양시라선거구,구시군의회의원,지역구,6,2,4,2.00,N,,N,N,N,"100162957, 100156752, 100162987, 100162751","이해림, 박종권, 장예선, 김미경","더불어민주당, 더불어민주당, 국민의힘, 무소속",0,0,0,0,0,0,N,6|경기도|고양시라선거구
경기도,고양시차선거구,구시군의회의원,지역구,6,2,4,2.00,N,,N,N,N,"100163923, 100158388, 100161399, 100162776","김미수, 배영민, 길종성, 이철조","더불어민주당, 더불어민주당, 국민의힘, 무소속",0,0,1,0,0,0,N,6|경기도|고양시차선거구
경기도,고양시카선거구,구시군의회의원,지역구,6,2,3,1.50,N,,N,N,N,"100163487, 100163434, 100162710","최성원, 전희정, 김희섭","더불어민주당, 국민의힘, 무소속",0,0,0,0,0,0,N,6|경기도|고양시카선거구
경기도,광명시나선거구,구시군의회의원,지역구,6,2,4,2.00,N,,N,N,N,"100160531, 100165428, 100160399, 100158436","이형덕, 이승희, 김상겸, 이재한","더불어민주당, 더불어민주당, 국민의힘, 국민의힘",0,0,0,0,0,0,N,6|경기도|광명시나선거구
경기도,광명시다선거구,구시군의회의원,지역구,6,2,3,1.50,N,,N,N,N,"100161364, 100163048, 100158630","최미정, 강찬호, 설진서","더불어민주당, 더불어민주당, 국민의힘",0,0,1,0,0,0,N,6|경기도|광명시다선거구
경기도,광주시가선거구,구시군의회의원,지역구,6,2,4,2.00,N,,N,N,N,"100153851, 100155572, 100158685, 100163419","윤기서, 이경선, 주임록, 최응경","더불어민주당, 더불어민주당, 국민의힘, 무소속",0,0,0,0,0,0,N,6|경기도|광주시가선거구
경기도,군포시나선거구,구시군의회의원,지역구,6,2,4,2.00,N,,N,N,N,"100162162, 100162871, 100157912, 100155472","이혜승, 신금자, 박재신, 김동별","더불어민주당, 더불어민주당, 국민의힘, 무소속",0,0,0,0,0,0,N,6|경기도|군포시나선거구
경기도,부천시나선거구,구시군의회의원,지역구,6,2,4,2.00,N,,N,N,N,"100157728, 100157518, 100155927, 100160985","염보라, 권유경, 임숙희, 구점자","더불어민주당, 더불어민주당, 국민의힘, 무소속",0,0,0,0,0,0,N,6|경기도|부천시나선거구
경기도,부천시다선거구,구시군의회의원,지역구,6,2,3,1.50,N,,N,N,N,"100154606, 100159945, 100159083","이강일, 임은분, 김미자","더불어민주당, 더불어민주당, 국민의힘",0,0,1,0,0,0,N,6|경기도|부천시다선거구
경기도,부천시라선거구,구시군의회의원,지역구,6,2,3,1.50,N,,N,N,N,"100155703, 100160385, 100158935","강은주, 박찬희, 김건","더불어민주당, 더불어민주당, 국민의힘",0,0,1,0,0,0,N,6|경기도|부천시라선거구
경기도,부천시아선거구,구시군의회의원,지역구,6,2,3,1.50,N,,N,N,N,"100161213, 100160847, 100155007","윤단비, 최은경, 노근호","더불어민주당, 더불어민주당, 국민의힘",0,0,0,0,0,0,N,6|경기도|부천시아선거구
경기도,성남시바선거구,구시군의회의원,지역구,6,2,4,2.00,N,,N,N,N,"100161581, 100159305, 100155701, 100164735","김소희, 민영미, 오정대, 박종각","더불어민주당, 국민의힘, 개혁신당, 무소속",0,0,1,0,0,0,N,6|경기도|성남시바선거구
경기도,성남시타선거구,구시군의회의원,지역구,6,2,3,1.50,N,,N,N,N,"100156060, 100157470, 100162590","장정현, 백진규, 김영발","더불어민주당, 국민의힘, 무소속",0,0,0,0,0,0,N,6|경기도|성남시타선거구
경기도,수원시자선거구,구시군의회의원,지역구,6,2,5,2.50,N,,N,N,N,"100160468, 100155341, 100158144, 100158245, 100156610","윤일영, 이선우, 김현, 이재형, 최용근","더불어민주당, 더불어민주당, 국민의힘, 개혁신당, 자유와혁신",0,0,1,0,0,0,N,6|경기도|수원시자선거구
경기도,안산시아선거구,구시군의회의원,지역구,6,2,3,1.50,N,,N,N,N,"100163604, 100161419, 100156832","선현우, 김태성, 김병철","더불어민주당, 국민의힘, 조국혁신당",0,0,2,0,0,0,N,6|경기도|안산시아선거구
경기도,안양시사선거구,구시군의회의원,지역구,6,2,4,2.00,N,,N,N,N,"100161606, 100160855, 100163156, 100165760","김서경, 최병일, 음경택, 신찬호","더불어민주당, 더불어민주당, 국민의힘, 개혁신당",0,0,1,0,0,0,N,6|경기도|안양시사선거구
경기도,양주시나선거구,구시군의회의원,지역구,6,2,3,1.50,N,,N,N,N,"100154396, 100154563, 100160663","강동찬, 이광호, 김현수","더불어민주당, 더불어민주당, 국민의힘",0,0,0,0,0,0,N,6|경기도|양주시나선거구
경기도,용인시자선거구,구시군의회의원,지역구,6,2,3,1.50,N,,N,N,N,"100162981, 100158020, 100160966","이교우, 김주환, 정선일","더불어민주당, 국민의힘, 자유와혁신",0,0,1,0,0,0,N,6|경기도|용인시자선거구
경기도,하남시나선거구,구시군의회의원,지역구,6,2,4,2.00,N,,N,N,N,"100156465, 100163928, 100163981, 100155206","정혜영, 이영아, 오지연, 이영준","더불어민주당, 더불어민주당, 국민의힘, 국민의힘",0,0,0,0,0,0,N,6|경기도|하남시나선거구
경기도,김포시,기초의원비례,비례,9,2,3,1.50,N,,N,N,N,"100165131, 100165456, 100165840","박세진, 반주영, 나혜정","더불어민주당, 국민의힘, 개혁신당",0,0,0,0,0,0,N,9|경기도|김포시
경기도,남양주시,기초의원비례,비례,9,2,3,1.50,N,,N,N,N,"100164058, 100164111, 100164146","정미정, 김도은, 박윤희","더불어민주당, 국민의힘, 진보당",0,0,0,0,0,0,N,9|경기도|남양주시
경기도,안산시,기초의원비례,비례,9,2,3,1.50,N,,N,N,N,"100165392, 100165391, 100165394","백승희, 천복희, 황순화","더불어민주당, 국민의힘, 진보당",0,0,0,0,0,0,N,9|경기도|안산시
경기도,안양시,기초의원비례,비례,9,2,3,1.50,N,,N,N,N,"100165765, 100165766, 100165833","박순임, 이재옥, 김유미","더불어민주당, 더불어민주당, 국민의힘",0,0,0,0,0,0,N,9|경기도|안양시
경기도,평택시,기초의원비례,비례,9,2,5,2.50,N,,N,N,N,"100165168, 100165238, 100165698, 100165704, 100165095","김래현, 정은희, 유미경, 조승자, 하정희","더불어민주당, 더불어민주당, 국민의힘, 국민의힘, 진보당",0,0,0,0,0,0,N,9|경기도|평택시
경상남도,거제시나선거구,구시군의회의원,지역구,6,2,3,1.50,N,,N,N,N,"100155435, 100155197, 100155150","옥은림, 권순옥, 추인호","더불어민주당, 더불어민주당, 국민의힘",0,0,2,0,0,0,N,6|경상남도|거제시나선거구
경상남도,거창군다선거구,구시군의회의원,지역구,6,2,4,2.00,N,,N,N,N,"100159650, 100159957, 100162940, 100160190","김외향, 구교천, 박수자, 임채옥","국민의힘, 국민의힘, 무소속, 무소속",0,0,4,0,0,0,N,6|경상남도|거창군다선거구
경상남도,고성군나선거구,구시군의회의원,지역구,6,2,3,1.50,N,,N,N,N,"100162193, 100159118, 100162647","오태호, 이은호, 정영환","더불어민주당, 국민의힘, 국민의힘",0,0,0,0,0,0,N,6|경상남도|고성군나선거구
경상남도,고성군라선거구,구시군의회의원,지역구,6,2,3,1.50,N,,N,N,N,"100159133, 100159128, 100159148","이승환, 손상재, 최두임","더불어민주당, 국민의힘, 국민의힘",0,0,2,0,0,0,N,6|경상남도|고성군라선거구
경상남도,남해군다선거구,구시군의회의원,지역구,6,2,3,1.50,N,,N,N,N,"100161238, 100163441, 100162695","최경진, 박종식, 박종길","더불어민주당, 국민의힘, 국민의힘",0,0,2,0,0,0,N,6|경상남도|남해군다선거구
경상남도,밀양시가선거구,구시군의회의원,지역구,6,2,4,2.00,N,,N,N,N,"100156212, 100160823, 100158745, 100160918","손문규, 박원태, 김상득, 석희억","더불어민주당, 국민의힘, 국민의힘, 무소속",0,0,1,0,0,0,N,6|경상남도|밀양시가선거구
경상남도,밀양시다선거구,구시군의회의원,지역구,6,2,4,2.00,N,,N,N,N,"100155202, 100155301, 100160827, 100157933","이현민, 이준우, 강창오, 최남기","더불어민주당, 국민의힘, 국민의힘, 무소속",0,0,1,0,0,0,N,6|경상남도|밀양시다선거구
경상남도,사천시다선거구,구시군의회의원,지역구,6,2,3,1.50,N,,N,N,N,"100156153, 100153958, 100155316","최동환, 박도희, 윤형근","더불어민주당, 국민의힘, 국민의힘",0,0,1,0,0,0,N,6|경상남도|사천시다선거구
경상남도,산청군가선거구,구시군의회의원,지역구,6,2,3,1.50,N,,N,N,N,"100159100, 100159052, 100157982","이종상, 신희동, 조병식","더불어민주당, 국민의힘, 국민의힘",0,0,0,0,0,0,N,6|경상남도|산청군가선거구
경상남도,의령군나선거구,구시군의회의원,지역구,6,2,3,1.50,N,,N,N,N,"100161303, 100163491, 100159731","김행연, 오민자, 손우기","국민의힘, 국민의힘, 무소속",0,0,2,0,0,0,N,6|경상남도|의령군나선거구
경상남도,진주시나선거구,구시군의회의원,지역구,6,2,4,2.00,N,,N,N,N,"100157788, 100158647, 100161777, 100163261","전종현, 허정림, 신현국, 정미경","더불어민주당, 더불어민주당, 국민의힘, 무소속",0,0,0,0,0,0,N,6|경상남도|진주시나선거구
경상남도,진주시다선거구,구시군의회의원,지역구,6,2,3,1.50,N,,N,N,N,"100157282, 100162233, 100155980","이영훈, 이규섭, 최미선","더불어민주당, 더불어민주당, 국민의힘",0,0,0,0,0,0,N,6|경상남도|진주시다선거구
경상남도,창녕군나선거구,구시군의회의원,지역구,6,2,3,1.50,N,,N,N,N,"100160438, 100163531, 100162645","박종수, 김재한, 노영도","더불어민주당, 국민의힘, 국민의힘",0,0,1,0,0,0,N,6|경상남도|창녕군나선거구
경상남도,창원시거선거구,구시군의회의원,지역구,6,2,5,2.50,N,,N,N,N,"100154567, 100155073, 100154716, 100158029, 100155065","정순욱, 김소영, 김동엽, 김헌일, 이관희","더불어민주당, 더불어민주당, 국민의힘, 국민의힘, 진보당",0,0,0,0,0,0,N,6|경상남도|창원시거선거구
경상남도,창원시라선거구,구시군의회의원,지역구,6,2,3,1.50,N,,N,N,N,"100155112, 100154002, 100160330","박해정, 오은옥, 강창석","더불어민주당, 더불어민주당, 국민의힘",0,0,2,0,0,0,N,6|경상남도|창원시라선거구
경상남도,창원시하선거구,구시군의회의원,지역구,6,2,4,2.00,N,,N,N,N,"100154784, 100156962, 100160784, 100161576","강미식, 김상현, 심임숙, 이해련","더불어민주당, 더불어민주당, 국민의힘, 국민의힘",0,0,0,0,0,0,N,6|경상남도|창원시하선거구
경상남도,하동군가선거구,구시군의회의원,지역구,6,2,4,2.00,N,,N,N,N,"100159169, 100159548, 100161005, 100159544","김종환, 김태종, 이하옥, 이순경","더불어민주당, 국민의힘, 국민의힘, 무소속",0,0,2,0,0,0,N,6|경상남도|하동군가선거구
경상남도,함양군나선거구,구시군의회의원,지역구,6,2,3,1.50,N,,N,N,N,"100161497, 100159671, 100162950","조용수, 성병흔, 박용운","더불어민주당, 국민의힘, 국민의힘",0,0,1,0,0,0,N,6|경상남도|함양군나선거구
경상남도,합천군다선거구,구시군의회의원,지역구,6,2,3,1.50,N,,N,N,N,"100162456, 100162321, 100161126","이태련, 이종철, 노성용","국민의힘, 국민의힘, 무소속",0,0,2,0,0,0,N,6|경상남도|합천군다선거구
경상남도,합천군라선거구,구시군의회의원,지역구,6,2,3,1.50,N,,N,N,N,"100158707, 100159798, 100160132","신경자, 임재진, 성종태","더불어민주당, 국민의힘, 국민의힘",0,0,0,0,0,0,N,6|경상남도|합천군라선거구
경상남도,거제시,기초의원비례,비례,9,2,3,1.50,N,,N,N,N,"100164524, 100164528, 100164496","이재순, 김광중, 신수정","더불어민주당, 더불어민주당, 국민의힘",0,0,2,0,0,0,N,9|경상남도|거제시
경상남도,창녕군,기초의원비례,비례,9,2,4,2.00,N,,N,N,N,"100164379, 100164064, 100164066, 100164435","이진아, 이성자, 정세연, 윤진숙","더불어민주당, 국민의힘, 국민의힘, 진보당",0,0,0,0,0,0,N,9|경상남도|창녕군
경상남도,합천군,기초의원비례,비례,9,2,3,1.50,N,,N,N,N,"100165684, 100165527, 100165534","권영주, 박미란, 정순옥","더불어민주당, 국민의힘, 국민의힘",0,0,0,0,0,0,N,9|경상남도|합천군
경상북도,경산시나선거구,구시군의회의원,지역구,6,2,4,2.00,N,,N,N,N,"100158603, 100159327, 100157903, 100161573","채태수, 이성일, 김현락, 이동욱","더불어민주당, 국민의힘, 국민의힘, 무소속",0,0,2,0,0,0,N,6|경상북도|경산시나선거구
경상북도,경주시바선거구,구시군의회의원,지역구,6,2,3,1.50,N,,N,N,N,"100155919, 100158328, 100158736","방현우, 이성락, 이락우","더불어민주당, 국민의힘, 국민의힘",0,0,0,0,0,0,N,6|경상북도|경주시바선거구
경상북도,경주시자선거구,구시군의회의원,지역구,6,2,3,1.50,N,,N,N,N,"100154261, 100156113, 100160864","이종일, 김태수, 박광호","더불어민주당, 국민의힘, 국민의힘",0,0,0,0,0,0,N,6|경상북도|경주시자선거구
경상북도,고령군가선거구,구시군의회의원,지역구,6,2,3,1.50,N,,N,N,N,"100158444, 100159345, 100161132","김진수, 성원환, 김기창","국민의힘, 국민의힘, 무소속",0,0,0,0,0,0,N,6|경상북도|고령군가선거구
경상북도,구미시아선거구,구시군의회의원,지역구,6,2,4,2.00,N,,N,N,N,"100162338, 100157909, 100154613, 100163849","신용하, 이탕모, 신용주, 최광재","더불어민주당, 국민의힘, 국민의힘, 무소속",0,0,1,0,0,0,N,6|경상북도|구미시아선거구
경상북도,구미시차선거구,구시군의회의원,지역구,6,2,3,1.50,N,,N,N,N,"100156909, 100158300, 100161218","유승헌, 김현경, 정지원","더불어민주당, 국민의힘, 국민의힘",0,0,0,0,0,0,N,6|경상북도|구미시차선거구
경상북도,상주시라선거구,구시군의회의원,지역구,6,2,3,1.50,N,,N,N,N,"100154896, 100158273, 100155849","최재응, 정석용, 이호상","국민의힘, 국민의힘, 무소속",0,0,2,0,0,0,N,6|경상북도|상주시라선거구
경상북도,성주군나선거구,구시군의회의원,지역구,6,2,4,2.00,N,,N,N,N,"100161861, 100161810, 100160125, 100159850","장익봉, 김종식, 김용희, 배재욱","국민의힘, 국민의힘, 무소속, 무소속",0,0,2,0,0,0,N,6|경상북도|성주군나선거구
경상북도,안동시사선거구,구시군의회의원,지역구,6,2,4,2.00,N,,N,N,N,"100162822, 100162755, 100163852, 100163676","김정림, 이석원, 안유안, 손광영","더불어민주당, 국민의힘, 국민의힘, 무소속",0,0,0,0,0,0,N,6|경상북도|안동시사선거구
경상북도,영천시가선거구,구시군의회의원,지역구,6,2,5,2.50,N,,N,N,N,"100157747, 100161362, 100158389, 100155267, 100161955","최순례, 하기태, 조현우, 박규면, 우애자","더불어민주당, 국민의힘, 국민의힘, 무소속, 무소속",0,0,2,0,0,0,N,6|경상북도|영천시가선거구
경상북도,의성군나선거구,구시군의회의원,지역구,6,2,4,2.00,N,,N,N,N,"100159750, 100159423, 100159413, 100159408","신태수, 김영대, 신광진, 노경윤","국민의힘, 국민의힘, 진보당, 무소속",0,0,0,0,0,0,N,6|경상북도|의성군나선거구
경상북도,포항시가선거구,구시군의회의원,지역구,6,2,4,2.00,N,,N,N,N,"100158138, 100158125, 100162759, 100163152","김후환, 유흥근, 백강훈, 이상범","국민의힘, 국민의힘, 무소속, 무소속",0,0,0,0,0,0,N,6|경상북도|포항시가선거구
경상북도,포항시나선거구,구시군의회의원,지역구,6,2,3,1.50,N,,N,N,N,"100156177, 100163006, 100158238","문성호, 김종익, 김도준","더불어민주당, 국민의힘, 국민의힘",0,0,1,0,0,0,N,6|경상북도|포항시나선거구
경상북도,경산시,기초의원비례,비례,9,2,3,1.50,N,,N,N,N,"100164024, 100164363, 100164367","곽희은, 석옥선, 이성덕","더불어민주당, 국민의힘, 국민의힘",0,0,0,0,0,0,N,9|경상북도|경산시
경상북도,영주시,기초의원비례,비례,9,2,3,1.50,N,,N,N,N,"100165297, 100165800, 100165820","김명정, 조현숙, 오자금","더불어민주당, 국민의힘, 국민의힘",0,0,0,0,0,0,N,9|경상북도|영주시
대구광역시,달서구자선거구,구시군의회의원,지역구,6,2,4,2.00,N,,N,N,N,"100162385, 100163364, 100163582, 100163476","이성순, 장시훈, 장호섭, 정순옥","더불어민주당, 국민의힘, 국민의힘, 무소속",0,0,0,0,0,0,N,6|대구광역시|달서구자선거구
대구광역시,달성군나선거구,구시군의회의원,지역구,6,2,4,2.00,N,,N,N,N,"100159452, 100164227, 100160324, 100160579","권주연, 김은영, 서창석, 신인호","더불어민주당, 국민의힘, 국민의힘, 무소속",0,0,0,0,0,0,N,6|대구광역시|달성군나선거구
대구광역시,북구나선거구,구시군의회의원,지역구,6,2,3,1.50,N,,N,N,N,"100158013, 100162078, 100162100","신창섭, 김상혁, 천민경","더불어민주당, 국민의힘, 국민의힘",0,0,1,0,0,0,N,6|대구광역시|북구나선거구
대전광역시,동구다선거구,구시군의회의원,지역구,6,2,3,1.50,N,,N,N,N,"100162840, 100160274, 100163890","이지현, 김영희, 문정호","더불어민주당, 국민의힘, 새미래민주당",0,0,0,0,0,0,N,6|대전광역시|동구다선거구
부산광역시,금정구다선거구,구시군의회의원,지역구,6,2,3,1.50,N,,N,N,N,"100157447, 100161993, 100162545","윤치호, 김종택, 권민찬","더불어민주당, 국민의힘, 개혁신당",0,0,0,0,0,0,N,6|부산광역시|금정구다선거구
부산광역시,부산진구마선거구,구시군의회의원,지역구,6,2,4,2.00,N,,N,N,N,"100154546, 100160172, 100154047, 100165657","김철현, 유제필, 김상희, 김동효","더불어민주당, 국민의힘, 노동당, 무소속",0,0,1,0,0,0,N,6|부산광역시|부산진구마선거구
부산광역시,부산진구아선거구,구시군의회의원,지역구,6,2,3,1.50,N,,N,N,N,"100160582, 100160948, 100165733","강도희, 안수만, 박신욱","더불어민주당, 국민의힘, 자유와혁신",0,0,0,0,0,0,N,6|부산광역시|부산진구아선거구
부산광역시,수영구라선거구,구시군의회의원,지역구,6,2,4,2.00,N,,N,N,N,"100157195, 100161680, 100162214, 100162911","이대웅, 김동욱, 서동욱, 김종근","더불어민주당, 국민의힘, 정의당, 무소속",0,0,2,0,0,0,N,6|부산광역시|수영구라선거구
부산광역시,연제구라선거구,구시군의회의원,지역구,6,2,4,2.00,N,,N,N,N,"100156600, 100158614, 100160819, 100155287","성태준, 박재홍, 김현규, 이정은","더불어민주당, 국민의힘, 국민의힘, 진보당",0,0,1,0,0,0,N,6|부산광역시|연제구라선거구
부산광역시,부산진구,기초의원비례,비례,9,2,4,2.00,N,,N,N,N,"100165294, 100165305, 100165326, 100165337","김정애, 이호철, 고은지, 박미점","더불어민주당, 더불어민주당, 국민의힘, 국민의힘",0,0,2,0,0,0,N,9|부산광역시|부산진구
서울특별시,강남구가선거구,구시군의회의원,지역구,6,2,3,1.50,N,,N,N,N,"100163426, 100165122, 100162307","김진경, 김지웅, 장인숙","더불어민주당, 국민의힘, 국민의힘",0,0,1,0,0,0,N,6|서울특별시|강남구가선거구
서울특별시,강남구마선거구,구시군의회의원,지역구,6,2,4,2.00,N,,N,N,N,"100163702, 100162475, 100163144, 100162995","이상애, 이종원, 하숙자, 이규민","더불어민주당, 국민의힘, 국민의힘, 개혁신당",0,0,0,0,0,0,N,6|서울특별시|강남구마선거구
서울특별시,강서구사선거구,구시군의회의원,지역구,6,2,3,1.50,N,,N,N,N,"100158801, 100162252, 100165700","오용석, 지주용, 정수연","더불어민주당, 국민의힘, 자유와혁신",0,0,0,0,0,0,N,6|서울특별시|강서구사선거구
서울특별시,관악구마선거구,구시군의회의원,지역구,6,2,4,2.00,N,,N,N,N,"100157911, 100156116, 100163350, 100158616","손숙희, 이상옥, 백성원, 민영진","더불어민주당, 더불어민주당, 국민의힘, 개혁신당",0,0,0,0,0,0,N,6|서울특별시|관악구마선거구
서울특별시,관악구바선거구,구시군의회의원,지역구,6,2,3,1.50,N,,N,N,N,"100156038, 100155067, 100162714","김영미, 안진섭, 이원상","더불어민주당, 더불어민주당, 국민의힘",0,0,1,0,0,0,N,6|서울특별시|관악구바선거구
서울특별시,구로구바선거구,구시군의회의원,지역구,6,2,4,2.00,N,,N,N,N,"100156253, 100160176, 100160369, 100157078","김효림, 노경숙, 곽노혁, 최성진","더불어민주당, 더불어민주당, 국민의힘, 개혁신당",0,0,0,0,0,0,N,6|서울특별시|구로구바선거구
서울특별시,도봉구다선거구,구시군의회의원,지역구,6,2,3,1.50,N,,N,N,N,"100157019, 100155550, 100162411","손혜영, 김명화, 고금숙","더불어민주당, 국민의힘, 무소속",0,0,0,0,0,0,N,6|서울특별시|도봉구다선거구
서울특별시,동대문구라선거구,구시군의회의원,지역구,6,2,4,2.00,N,,N,N,N,"100160010, 100155125, 100162901, 100153951","김창규, 강성학, 전범일, 오준석","더불어민주당, 더불어민주당, 국민의힘, 진보당",0,0,0,0,0,0,N,6|서울특별시|동대문구라선거구
서울특별시,동작구나선거구,구시군의회의원,지역구,6,2,5,2.50,N,,N,N,N,"100163264, 100161505, 100158264, 100162396, 100163405","송동석, 홍진우, 박승준, 이상훈, 김효숙","더불어민주당, 더불어민주당, 국민의힘, 조국혁신당, 개혁신당",0,0,1,0,0,0,N,6|서울특별시|동작구나선거구
서울특별시,동작구다선거구,구시군의회의원,지역구,6,2,4,2.00,N,,N,N,N,"100161653, 100162014, 100158176, 100163952","오성민, 정동연, 최무근, 민경희","더불어민주당, 더불어민주당, 국민의힘, 개혁신당",0,0,2,0,0,0,N,6|서울특별시|동작구다선거구
서울특별시,마포구나선거구,구시군의회의원,지역구,6,2,3,1.50,N,,N,N,N,"100157882, 100163119, 100164994","배동수, 김해진, 김종대","더불어민주당, 국민의힘, 무소속",0,0,1,0,0,0,N,6|서울특별시|마포구나선거구
서울특별시,마포구다선거구,구시군의회의원,지역구,6,2,3,1.50,N,,N,N,N,"100165345, 100165174, 100165836","장정희, 채종민, 마동환","더불어민주당, 국민의힘, 새미래민주당",0,0,1,0,0,0,N,6|서울특별시|마포구다선거구
서울특별시,마포구마선거구,구시군의회의원,지역구,6,2,3,1.50,N,,N,N,N,"100156274, 100156643, 100156384","허디모데, 한송이, 김성은","더불어민주당, 국민의힘, 진보당",0,0,0,0,0,0,N,6|서울특별시|마포구마선거구
서울특별시,서대문구나선거구,구시군의회의원,지역구,6,2,3,1.50,N,,N,N,N,"100158582, 100156272, 100155751","김덕현, 전승찬, 최은정","더불어민주당, 더불어민주당, 국민의힘",0,0,0,0,0,0,N,6|서울특별시|서대문구나선거구
서울특별시,영등포구라선거구,구시군의회의원,지역구,6,2,3,1.50,N,,N,N,N,"100156279, 100156693, 100163933","하혜진, 윤준용, 임헌호","더불어민주당, 더불어민주당, 국민의힘",0,0,1,0,0,0,N,6|서울특별시|영등포구라선거구
서울특별시,은평구다선거구,구시군의회의원,지역구,6,2,3,1.50,N,,N,N,N,"100163111, 100161475, 100160744","이미경, 신재환, 김유진","더불어민주당, 더불어민주당, 국민의힘",0,0,1,0,0,0,N,6|서울특별시|은평구다선거구
서울특별시,은평구아선거구,구시군의회의원,지역구,6,2,3,1.50,N,,N,N,N,"100156877, 100157979, 100160758","김호승, 조정환, 오소영","더불어민주당, 더불어민주당, 국민의힘",0,0,1,0,0,0,N,6|서울특별시|은평구아선거구
서울특별시,종로구가선거구,구시군의회의원,지역구,6,2,3,1.50,N,,N,N,N,"100159165, 100156145, 100162204","여봉무, 신기수, 라도균","더불어민주당, 국민의힘, 국민의힘",0,0,0,0,0,0,N,6|서울특별시|종로구가선거구
서울특별시,중구나선거구,구시군의회의원,지역구,6,2,3,1.50,N,,N,N,N,"100156811, 100161759, 100162073","문영희, 김태희, 박창배","더불어민주당, 더불어민주당, 국민의힘",0,0,1,0,0,0,N,6|서울특별시|중구나선거구
서울특별시,중구다선거구,구시군의회의원,지역구,6,2,3,1.50,N,,N,N,N,"100157012, 100157451, 100162174","강현미, 양연순, 양은미","더불어민주당, 더불어민주당, 국민의힘",0,0,0,0,0,0,N,6|서울특별시|중구다선거구
서울특별시,중랑구가선거구,구시군의회의원,지역구,6,2,3,1.50,N,,N,N,N,"100162094, 100162357, 100165074","박열완, 주덕성, 최경식","더불어민주당, 국민의힘, 무소속",0,0,0,0,0,0,N,6|서울특별시|중랑구가선거구
서울특별시,중랑구라선거구,구시군의회의원,지역구,6,2,3,1.50,N,,N,N,N,"100157638, 100162161, 100162994","정현섭, 이윤재, 신동욱","더불어민주당, 더불어민주당, 국민의힘",0,0,1,0,0,0,N,6|서울특별시|중랑구라선거구
서울특별시,중랑구바선거구,구시군의회의원,지역구,6,2,4,2.00,N,,N,N,N,"100163237, 100158497, 100163002, 100162924","김미애, 김옥숙, 박정은, 정민기","더불어민주당, 더불어민주당, 국민의힘, 개혁신당",0,0,0,0,0,0,N,6|서울특별시|중랑구바선거구
서울특별시,중랑구사선거구,구시군의회의원,지역구,6,2,3,1.50,N,,N,N,N,"100157226, 100161754, 100162579","김재수, 김민주, 최윤찬","더불어민주당, 더불어민주당, 국민의힘",0,0,1,0,0,0,N,6|서울특별시|중랑구사선거구
서울특별시,강북구,기초의원비례,비례,9,2,3,1.50,N,,N,N,N,"100164171, 100165314, 100165320","송은주, 김미리, 최효재","더불어민주당, 국민의힘, 국민의힘",0,0,0,0,0,0,N,9|서울특별시|강북구
서울특별시,동대문구,기초의원비례,비례,9,2,5,2.50,N,,N,N,N,"100164915, 100164940, 100165075, 100165078, 100165330","윤순옥, 김엄지, 김순자, 원옥선, 박민주","더불어민주당, 더불어민주당, 국민의힘, 국민의힘, 진보당",0,0,1,0,0,0,N,9|서울특별시|동대문구
서울특별시,서초구,기초의원비례,비례,9,2,4,2.00,N,,N,N,N,"100165383, 100165752, 100165776, 100165797","이슬기, 정민우, 김태림, 김연정","더불어민주당, 국민의힘, 국민의힘, 국민의힘",0,0,0,0,0,0,N,9|서울특별시|서초구
서울특별시,양천구,기초의원비례,비례,9,2,3,1.50,N,,N,N,N,"100165289, 100165636, 100165637","김임옥, 양찬효, 조연이","더불어민주당, 국민의힘, 국민의힘",0,0,0,0,0,0,N,9|서울특별시|양천구
서울특별시,영등포구,기초의원비례,비례,9,2,3,1.50,N,,N,N,N,"100164762, 100164820, 100164763","오지연, 권은영, 이순우","더불어민주당, 더불어민주당, 국민의힘",0,0,0,0,0,0,N,9|서울특별시|영등포구
서울특별시,용산구,기초의원비례,비례,9,2,4,2.00,N,,N,N,N,"100165046, 100165059, 100165118, 100165126","김인숙, 서후진, 강문숙, 최경화","더불어민주당, 더불어민주당, 국민의힘, 국민의힘",0,0,0,0,0,0,N,9|서울특별시|용산구
서울특별시,은평구,기초의원비례,비례,9,2,3,1.50,N,,N,N,N,"100164971, 100164977, 100165579","김송희, 이경희, 이효주","더불어민주당, 더불어민주당, 국민의힘",0,0,0,0,0,0,N,9|서울특별시|은평구
서울특별시,중랑구,기초의원비례,비례,9,2,3,1.50,N,,N,N,N,"100164985, 100164990, 100164429","복경옥, 이춘재, 차영숙","더불어민주당, 더불어민주당, 국민의힘",0,0,0,0,0,0,N,9|서울특별시|중랑구
울산광역시,남구나선거구,구시군의회의원,지역구,6,2,5,2.50,N,,N,N,N,"100158207, 100161411, 100159017, 100163061, 100154826","이혜인, 김태훈, 장현진, 박소영, 이선영","더불어민주당, 국민의힘, 국민의힘, 개혁신당, 진보당",0,0,0,0,0,0,N,6|울산광역시|남구나선거구
울산광역시,동구나선거구,구시군의회의원,지역구,6,2,3,1.50,N,,N,N,N,"100155289, 100161351, 100155415","서성태, 강동효, 이성규","더불어민주당, 국민의힘, 진보당",0,0,0,0,0,0,N,6|울산광역시|동구나선거구
울산광역시,중구나선거구,구시군의회의원,지역구,6,2,3,1.50,N,,N,N,N,"100156154, 100157262, 100161252","문승재, 이재철, 김도운","더불어민주당, 국민의힘, 국민의힘",0,0,1,0,0,0,N,6|울산광역시|중구나선거구
울산광역시,중구라선거구,구시군의회의원,지역구,6,2,4,2.00,N,,N,N,N,"100155477, 100155840, 100154942, 100154236","이명녀, 최병호, 김햇살, 정현희","더불어민주당, 국민의힘, 국민의힘, 진보당",0,0,1,0,0,0,N,6|울산광역시|중구라선거구
인천광역시,연수구다선거구,구시군의회의원,지역구,6,2,4,2.00,N,,N,N,N,"100155601, 100154796, 100157739, 100165781","박희두, 탁현수, 이원우, 변재민","더불어민주당, 국민의힘, 국민의힘, 개혁신당",0,0,0,0,0,0,N,6|인천광역시|연수구다선거구
인천광역시,연수구라선거구,구시군의회의원,지역구,6,2,3,1.50,N,,N,N,N,"100154540, 100154688, 100154707","최정희, 노광주, 이성실","더불어민주당, 국민의힘, 개혁신당",0,0,0,0,0,0,N,6|인천광역시|연수구라선거구
인천광역시,연수구바선거구,구시군의회의원,지역구,6,2,3,1.50,N,,N,N,N,"100157122, 100158414, 100157558","신선혜, 이상곤, 강신학","더불어민주당, 국민의힘, 개혁신당",0,0,1,0,0,0,N,6|인천광역시|연수구바선거구
인천광역시,옹진군가선거구,구시군의회의원,지역구,6,2,4,2.00,N,,N,N,N,"100160033, 100161244, 100160861, 100161589","김영진, 이종선, 진광원, 김민애","더불어민주당, 국민의힘, 국민의힘, 무소속",0,0,1,0,0,0,N,6|인천광역시|옹진군가선거구
전라남도,고흥군나선거구,구시군의회의원,지역구,6,2,3,1.50,N,,N,N,N,"100160328, 100159488, 100162650","김민열, 홍우열, 김재열","더불어민주당, 더불어민주당, 무소속",0,0,1,0,0,0,N,6|전라남도|고흥군나선거구
전라남도,담양군다선거구,구시군의회의원,지역구,6,2,5,2.50,N,,N,N,N,"100161312, 100160333, 100161792, 100159803, 100161590","김삼중, 장명영, 조관훈, 진철, 방평원","더불어민주당, 더불어민주당, 조국혁신당, 무소속, 무소속",0,1,4,0,0,0,N,6|전라남도|담양군다선거구
전라남도,목포시나선거구,구시군의회의원,지역구,6,2,3,1.50,N,,N,N,N,"100156837, 100154726, 100154686","최환석, 김종찬, 이정석","더불어민주당, 더불어민주당, 진보당",0,0,1,0,0,0,N,6|전라남도|목포시나선거구
전라남도,순천시다선거구,구시군의회의원,지역구,6,2,3,1.50,N,,N,N,N,"100155570, 100156295, 100156539","이현재, 서병남, 정홍준","더불어민주당, 더불어민주당, 무소속",0,0,0,0,0,0,N,6|전라남도|순천시다선거구
전라남도,순천시아선거구,구시군의회의원,지역구,6,2,3,1.50,N,,N,N,N,"100154852, 100161155, 100155884","김성하, 양동진, 조대익","더불어민주당, 더불어민주당, 진보당",0,0,1,0,0,0,N,6|전라남도|순천시아선거구
전라남도,영암군다선거구,구시군의회의원,지역구,6,2,3,1.50,N,,N,N,N,"100160245, 100160909, 100159450","이만진, 박종대, 김기천","더불어민주당, 더불어민주당, 정의당",0,0,1,0,0,0,N,6|전라남도|영암군다선거구
전라남도,진도군나선거구,구시군의회의원,지역구,6,2,3,1.50,N,,N,N,N,"100160653, 100158286, 100158928","박금례, 이문포, 김종열","더불어민주당, 더불어민주당, 무소속",0,0,0,0,0,0,N,6|전라남도|진도군나선거구
전라남도,광양시,기초의원비례,비례,9,2,4,2.00,N,,N,N,N,"100165208, 100165216, 100165220, 100164849","이은경, 윤정천, 박옥희, 이혜경","더불어민주당, 더불어민주당, 더불어민주당, 조국혁신당",0,0,0,0,0,0,N,9|전라남도|광양시
전라남도,해남군,기초의원비례,비례,9,2,3,1.50,N,,N,N,N,"100164361, 100164364, 100164314","김미경, 김연수, 김종숙","더불어민주당, 더불어민주당, 조국혁신당",0,0,1,0,0,0,N,9|전라남도|해남군
전북특별자치도,고창군라선거구,구시군의회의원,지역구,6,2,3,1.50,N,,N,N,N,"100159629, 100161652, 100162040","김삼용, 조규철, 차남준","더불어민주당, 더불어민주당, 무소속",0,0,0,0,0,0,N,6|전북특별자치도|고창군라선거구
전북특별자치도,남원시마선거구,구시군의회의원,지역구,6,2,3,1.50,N,,N,N,N,"100158512, 100157101, 100163447","김정현, 김한수, 양경님","더불어민주당, 더불어민주당, 무소속",0,0,1,0,0,0,N,6|전북특별자치도|남원시마선거구
전북특별자치도,익산시나선거구,구시군의회의원,지역구,6,2,3,1.50,N,,N,N,N,"100155131, 100158522, 100155127","이중선, 김충영, 박상우","더불어민주당, 더불어민주당, 조국혁신당",0,0,2,0,0,0,N,6|전북특별자치도|익산시나선거구
전북특별자치도,임실군가선거구,구시군의회의원,지역구,6,2,4,2.00,N,,N,N,N,"100159543, 100159844, 100159685, 100159597","김정흠, 정일윤, 이충효, 양주영","더불어민주당, 더불어민주당, 조국혁신당, 무소속",0,0,2,0,0,0,N,6|전북특별자치도|임실군가선거구
전북특별자치도,전주시사선거구,구시군의회의원,지역구,6,2,3,1.50,N,,N,N,N,"100155632, 100156217, 100163040","이성국, 박용욱, 홍대규","더불어민주당, 더불어민주당, 조국혁신당",0,0,0,0,0,0,N,6|전북특별자치도|전주시사선거구
전북특별자치도,정읍시라선거구,구시군의회의원,지역구,6,2,4,2.00,N,,N,N,N,"100153909, 100157273, 100158753, 100161796","최강술, 최재기, 박성완, 김승범","더불어민주당, 더불어민주당, 조국혁신당, 무소속",0,0,0,0,0,0,N,6|전북특별자치도|정읍시라선거구
전북특별자치도,정읍시바선거구,구시군의회의원,지역구,6,2,3,1.50,N,,N,N,N,"100154880, 100158689, 100163544","서향경, 박일, 조상중","더불어민주당, 더불어민주당, 무소속",0,0,0,0,0,0,N,6|전북특별자치도|정읍시바선거구
전북특별자치도,완주군,기초의원비례,비례,9,2,3,1.50,N,,N,N,N,"100165584, 100165586, 100165016","이미경, 최은규, 이효진","더불어민주당, 더불어민주당, 조국혁신당",0,0,0,0,0,0,N,9|전북특별자치도|완주군
충청남도,서산시나선거구,구시군의회의원,지역구,6,2,4,2.00,N,,N,N,N,"100154862, 100158237, 100160660, 100162264","기양순, 최동묵, 가충순, 안동석","더불어민주당, 더불어민주당, 국민의힘, 국민의힘",0,0,1,0,0,0,N,6|충청남도|서산시나선거구
충청남도,서산시바선거구,구시군의회의원,지역구,6,2,3,1.50,N,,N,N,N,"100159201, 100156869, 100162428","이경화, 최형식, 조동식","더불어민주당, 더불어민주당, 국민의힘",0,0,0,0,0,0,N,6|충청남도|서산시바선거구
충청남도,천안시카선거구,구시군의회의원,지역구,6,2,3,1.50,N,,N,N,N,"100158476, 100161157, 100160290","유영채, 김길자, 김민호","더불어민주당, 더불어민주당, 국민의힘",0,0,0,0,0,0,N,6|충청남도|천안시카선거구
충청남도,홍성군라선거구,구시군의회의원,지역구,6,2,3,1.50,N,,N,N,N,"100161006, 100162476, 100163039","이정희, 박만, 김덕배","더불어민주당, 국민의힘, 국민의힘",0,0,0,0,0,0,N,6|충청남도|홍성군라선거구
충청남도,공주시,기초의원비례,비례,9,2,4,2.00,N,,N,N,N,"100165412, 100165422, 100165207, 100165266","이지은, 오연욱, 임흔구, 송향순","더불어민주당, 더불어민주당, 국민의힘, 국민의힘",0,0,0,0,0,0,N,9|충청남도|공주시
충청남도,서산시,기초의원비례,비례,9,2,4,2.00,N,,N,N,N,"100164983, 100164988, 100164970, 100164976","김애란, 송영미, 이만, 한정인","더불어민주당, 더불어민주당, 국민의힘, 국민의힘",0,0,0,0,0,0,N,9|충청남도|서산시
충청남도,홍성군,기초의원비례,비례,9,2,4,2.00,N,,N,N,N,"100164767, 100164771, 100164773, 100164775","최선미, 백혜순, 임이재, 박춘화","더불어민주당, 더불어민주당, 국민의힘, 국민의힘",0,0,0,0,0,0,N,9|충청남도|홍성군
충청북도,괴산군나선거구,구시군의회의원,지역구,6,2,4,2.00,N,,N,N,N,"100159167, 100159314, 100160773, 100158665","박천웅, 김주성, 송영순, 박선옥","더불어민주당, 국민의힘, 국민의힘, 무소속",0,0,0,0,0,0,N,6|충청북도|괴산군나선거구
충청북도,영동군나선거구,구시군의회의원,지역구,6,2,3,1.50,N,,N,N,N,"100159323, 100159330, 100160404","안정훈, 임동호, 이승주","더불어민주당, 국민의힘, 무소속",0,0,2,0,0,0,N,6|충청북도|영동군나선거구
충청북도,제천시가선거구,구시군의회의원,지역구,6,2,3,1.50,N,,N,N,N,"100156107, 100157191, 100157086","안병기, 이성진, 함동완","더불어민주당, 국민의힘, 국민의힘",0,0,1,0,0,0,N,6|충청북도|제천시가선거구
충청북도,제천시나선거구,구시군의회의원,지역구,6,2,4,2.00,N,,N,N,N,"100155936, 100156717, 100163509, 100158162","김병권, 정미녀, 이정수, 김진환","더불어민주당, 더불어민주당, 국민의힘, 국민의힘",0,0,0,0,0,0,N,6|충청북도|제천시나선거구
충청북도,증평군나선거구,구시군의회의원,지역구,6,2,3,1.50,N,,N,N,N,"100161737, 100158712, 100162329","최명호, 민광준, 홍종숙","더불어민주당, 국민의힘, 국민의힘",0,0,0,0,0,0,N,6|충청북도|증평군나선거구
충청북도,청주시하선거구,구시군의회의원,지역구,6,2,4,2.00,N,,N,N,N,"100161613, 100161729, 100158984, 100153986","변은영, 이한국, 이인숙, 안기원","더불어민주당, 국민의힘, 개혁신당, 진보당",0,0,0,0,0,0,N,6|충청북도|청주시하선거구
충청북도,충주시가선거구,구시군의회의원,지역구,6,2,4,2.00,N,,N,N,N,"100156093, 100155498, 100158137, 100156160","김영웅, 이종억, 홍성억, 허인순","더불어민주당, 더불어민주당, 국민의힘, 국민의힘",0,0,1,0,0,0,N,6|충청북도|충주시가선거구
충청북도,충주시나선거구,구시군의회의원,지역구,6,2,3,1.50,N,,N,N,N,"100156516, 100157906, 100165008","이두원, 최지원, 박배균","더불어민주당, 국민의힘, 무소속",0,0,0,0,0,0,N,6|충청북도|충주시나선거구
충청북도,충주시바선거구,구시군의회의원,지역구,6,2,3,1.50,N,,N,N,N,"100155575, 100154736, 100157970","김원일, 정석훈, 김영석","더불어민주당, 더불어민주당, 국민의힘",0,0,1,0,0,0,N,6|충청북도|충주시바선거구
충청북도,충주시사선거구,구시군의회의원,지역구,6,2,4,2.00,N,,N,N,N,"100154964, 100156745, 100154326, 100155972","김자운, 이회수, 백승대, 박해수","더불어민주당, 더불어민주당, 국민의힘, 무소속",0,0,1,0,0,0,N,6|충청북도|충주시사선거구
충청북도,제천시,기초의원비례,비례,9,2,3,1.50,N,,N,N,N,"100165738, 100165740, 100164801","허찬영, 김지윤, 이경자","더불어민주당, 더불어민주당, 국민의힘",0,0,0,0,0,0,N,9|충청북도|제천시
강원특별자치도,강원특별자치도,교육감,특수(교육감·재보궐 등),11,1,4,4.00,N,,N,N,N,"100153785, 100153787, 100162320, 100153782","강삼영, 최광익, 신경호, 박현숙","무소속, 무소속, 무소속, 무소속",0,0,0,0,0,0,N,11|강원특별자치도|강원특별자치도
강원특별자치도,강릉시,기초단체장,지역구,4,1,3,3.00,N,,N,N,N,"100154106, 100161983, 100154117","김중남, 김홍규, 김동기","더불어민주당, 국민의힘, 무소속",0,0,1,0,0,0,N,4|강원특별자치도|강릉시
강원특별자치도,고성군,기초단체장,지역구,4,1,2,2.00,N,,N,N,N,"100160161, 100159861","함명준, 박효동","더불어민주당, 국민의힘",0,0,0,0,0,0,N,4|강원특별자치도|고성군
강원특별자치도,속초시,기초단체장,지역구,4,1,3,3.00,N,,N,N,N,"100154183, 100162392, 100156821","김철수, 이병선, 염하나","더불어민주당, 국민의힘, 무소속",0,0,0,0,0,0,N,4|강원특별자치도|속초시
강원특별자치도,영월군,기초단체장,지역구,4,1,4,4.00,N,,N,N,N,"100159281, 100159127, 100159124, 100162025","박선규, 김길수, 엄삼용, 최명서","더불어민주당, 국민의힘, 조국혁신당, 무소속",0,0,0,0,0,0,N,4|강원특별자치도|영월군
강원특별자치도,정선군,기초단체장,지역구,4,1,2,2.00,N,,N,N,N,"100162887, 100159163","최승준, 최철규","더불어민주당, 국민의힘",0,0,2,0,0,0,N,4|강원특별자치도|정선군
강원특별자치도,춘천시,기초단체장,지역구,4,1,2,2.00,N,,N,N,N,"100161433, 100156336","육동한, 정광열","더불어민주당, 국민의힘",0,0,0,0,0,0,N,4|강원특별자치도|춘천시
강원특별자치도,태백시,기초단체장,지역구,4,1,2,2.00,N,,N,N,N,"100154401, 100162480","김동구, 이상호","더불어민주당, 국민의힘",0,0,1,0,0,0,N,4|강원특별자치도|태백시
강원특별자치도,화천군,기초단체장,지역구,4,1,2,2.00,N,,N,N,N,"100158943, 100159013","김세훈, 최명수","더불어민주당, 국민의힘",0,0,1,0,0,0,N,4|강원특별자치도|화천군
강원특별자치도,고성군,기초의원비례,비례,9,1,2,2.00,N,,N,N,N,"100164428, 100164430","정영애, 이재희","더불어민주당, 국민의힘",0,0,1,0,0,0,N,9|강원특별자치도|고성군
강원특별자치도,동해시,기초의원비례,비례,9,1,2,2.00,N,,N,N,N,"100164398, 100164402","유영선, 김윤미","더불어민주당, 국민의힘",0,0,0,0,0,0,N,9|강원특별자치도|동해시
강원특별자치도,삼척시,기초의원비례,비례,9,1,2,2.00,N,,N,N,N,"100164282, 100164293","최희선, 홍금화","더불어민주당, 국민의힘",0,0,0,0,0,0,N,9|강원특별자치도|삼척시
강원특별자치도,속초시,기초의원비례,비례,9,1,2,2.00,N,,N,N,N,"100165024, 100164925","지수아, 황양미","더불어민주당, 국민의힘",0,0,0,0,0,0,N,9|강원특별자치도|속초시
강원특별자치도,인제군,기초의원비례,비례,9,1,2,2.00,N,,N,N,N,"100164156, 100164204","정옥수, 최현순","더불어민주당, 국민의힘",0,0,0,0,0,0,N,9|강원특별자치도|인제군
강원특별자치도,철원군,기초의원비례,비례,9,1,2,2.00,N,,N,N,N,"100164440, 100164390","김명숙, 문성명","더불어민주당, 국민의힘",0,0,0,0,0,0,N,9|강원특별자치도|철원군
강원특별자치도,태백시,기초의원비례,비례,9,1,2,2.00,N,,N,N,N,"100164903, 100164436","최재순, 이경옥","더불어민주당, 국민의힘",0,0,1,0,0,0,N,9|강원특별자치도|태백시
강원특별자치도,홍천군,기초의원비례,비례,9,1,3,3.00,N,,N,N,N,"100164212, 100164177, 100164179","장수정, 박순복, 박근호","더불어민주당, 국민의힘, 국민의힘",0,0,1,0,0,0,N,9|강원특별자치도|홍천군
강원특별자치도,횡성군,기초의원비례,비례,9,1,3,3.00,N,,N,N,N,"100164539, 100164540, 100164537","임유정, 이동수, 정순연","더불어민주당, 더불어민주당, 국민의힘",0,0,0,0,0,0,N,9|강원특별자치도|횡성군
강원특별자치도,강릉시제1선거구,시도의원,지역구,5,1,2,2.00,N,,N,N,N,"100153931, 100161677","박갑용, 박호균","더불어민주당, 국민의힘",0,0,0,0,0,0,N,5|강원특별자치도|강릉시제1선거구
강원특별자치도,강릉시제2선거구,시도의원,지역구,5,1,2,2.00,N,,N,N,N,"100154025, 100156444","김남희, 심오섭","더불어민주당, 국민의힘",0,0,0,0,0,0,N,5|강원특별자치도|강릉시제2선거구
강원특별자치도,동해시제1선거구,시도의원,지역구,5,1,2,2.00,N,,N,N,N,"100160341, 100160082","이동호, 안성준","더불어민주당, 국민의힘",0,0,1,0,0,0,N,5|강원특별자치도|동해시제1선거구
강원특별자치도,삼척시제1선거구,시도의원,지역구,5,1,2,2.00,N,,N,N,N,"100154252, 100156175","김혁준, 조성운","더불어민주당, 국민의힘",0,0,0,0,0,0,N,5|강원특별자치도|삼척시제1선거구
강원특별자치도,속초시제1선거구,시도의원,지역구,5,1,2,2.00,N,,N,N,N,"100158911, 100157620","최종현, 유정수","더불어민주당, 국민의힘",0,0,0,0,0,0,N,5|강원특별자치도|속초시제1선거구
강원특별자치도,속초시제2선거구,시도의원,지역구,5,1,2,2.00,N,,N,N,N,"100159904, 100157878","신선익, 강정호","더불어민주당, 국민의힘",0,0,0,0,0,0,N,5|강원특별자치도|속초시제2선거구
강원특별자치도,영월군제1선거구,시도의원,지역구,5,1,2,2.00,N,,N,N,N,"100158398, 100153917","손경희, 정대옥","더불어민주당, 국민의힘",0,0,0,0,0,0,N,5|강원특별자치도|영월군제1선거구
강원특별자치도,원주시제10선거구,시도의원,지역구,5,1,2,2.00,N,,N,N,N,"100163137, 100155066","곽문근, 이상종","더불어민주당, 국민의힘",0,0,1,0,0,0,N,5|강원특별자치도|원주시제10선거구
강원특별자치도,원주시제1선거구,시도의원,지역구,5,1,2,2.00,N,,N,N,N,"100157306, 100161988","정재선, 박길선","더불어민주당, 국민의힘",0,0,2,0,0,0,N,5|강원특별자치도|원주시제1선거구
강원특별자치도,원주시제2선거구,시도의원,지역구,5,1,2,2.00,N,,N,N,N,"100155085, 100163177","용정순, 김희도","더불어민주당, 국민의힘",0,0,0,0,0,0,N,5|강원특별자치도|원주시제2선거구
강원특별자치도,원주시제4선거구,시도의원,지역구,5,1,2,2.00,N,,N,N,N,"100154008, 100162333","정지욱, 김기홍","더불어민주당, 국민의힘",0,0,0,0,0,0,N,5|강원특별자치도|원주시제4선거구
강원특별자치도,철원군제1선거구,시도의원,지역구,5,1,2,2.00,N,,N,N,N,"100153943, 100161216","지형운, 한종문","더불어민주당, 국민의힘",0,0,1,0,0,0,N,5|강원특별자치도|철원군제1선거구
강원특별자치도,철원군제2선거구,시도의원,지역구,5,1,2,2.00,N,,N,N,N,"100157279, 100154101","김호진, 엄기성","더불어민주당, 국민의힘",0,0,1,0,0,0,N,5|강원특별자치도|철원군제2선거구
강원특별자치도,춘천시제3선거구,시도의원,지역구,5,1,3,3.00,N,,N,N,N,"100154064, 100153928, 100162155","김양욱, 박기영, 장미화","더불어민주당, 국민의힘, 무소속",0,0,1,0,0,0,N,5|강원특별자치도|춘천시제3선거구
강원특별자치도,춘천시제6선거구,시도의원,지역구,5,1,2,2.00,N,,N,N,N,"100156411, 100156422","박재균, 양숙희","더불어민주당, 국민의힘",0,0,0,0,0,0,N,5|강원특별자치도|춘천시제6선거구
강원특별자치도,태백시제2선거구,시도의원,지역구,5,1,2,2.00,N,,N,N,N,"100154467, 100161193","위청준, 문관현","더불어민주당, 국민의힘",0,0,0,0,0,0,N,5|강원특별자치도|태백시제2선거구
강원특별자치도,평창군제1선거구,시도의원,지역구,5,1,2,2.00,N,,N,N,N,"100154626, 100161916","이정균, 박희서","더불어민주당, 국민의힘",0,0,0,0,0,0,N,5|강원특별자치도|평창군제1선거구
강원특별자치도,홍천군제1선거구,시도의원,지역구,5,1,2,2.00,N,,N,N,N,"100154032, 100162039","권재혁, 이영욱","더불어민주당, 국민의힘",0,0,0,0,0,0,N,5|강원특별자치도|홍천군제1선거구
강원특별자치도,화천군선거구,시도의원,지역구,5,1,2,2.00,N,,N,N,N,"100159897, 100154608","조재규, 박대현","더불어민주당, 국민의힘",0,0,0,0,0,0,N,5|강원특별자치도|화천군선거구
강원특별자치도,강원특별자치도,시도지사,지역구,3,1,2,2.00,N,,N,N,N,"100157160, 100162343","우상호, 김진태","더불어민주당, 국민의힘",0,0,1,0,0,0,N,3|강원특별자치도|강원특별자치도
경기도,경기도,교육감,특수(교육감·재보궐 등),11,1,2,2.00,N,,N,N,N,"100163064, 100153797","임태희, 안민석","무소속, 무소속",0,0,1,0,0,0,N,11|경기도|경기도
경기도,광명시,기초단체장,지역구,4,1,2,2.00,N,,N,N,N,"100161445, 100159184","박승원, 김정호","더불어민주당, 국민의힘",0,0,0,0,0,0,N,4|경기도|광명시
경기도,광주시,기초단체장,지역구,4,1,2,2.00,N,,N,N,N,"100153835, 100162864","박관열, 방세환","더불어민주당, 국민의힘",0,0,2,0,0,0,N,4|경기도|광주시
경기도,구리시,기초단체장,지역구,4,1,2,2.00,N,,N,N,N,"100154423, 100163887","신동화, 백경현","더불어민주당, 국민의힘",0,0,1,0,0,0,N,4|경기도|구리시
경기도,군포시,기초단체장,지역구,4,1,2,2.00,N,,N,N,N,"100154482, 100163069","한대희, 하은호","더불어민주당, 국민의힘",0,0,2,0,0,0,N,4|경기도|군포시
경기도,김포시,기초단체장,지역구,4,1,2,2.00,N,,N,N,N,"100156825, 100163179","이기형, 김병수","더불어민주당, 국민의힘",0,0,0,0,0,0,N,4|경기도|김포시
경기도,남양주시,기초단체장,지역구,4,1,2,2.00,N,,N,N,N,"100154668, 100163188","최현덕, 주광덕","더불어민주당, 국민의힘",0,0,0,0,0,0,N,4|경기도|남양주시
경기도,동두천시,기초단체장,지역구,4,1,2,2.00,N,,N,N,N,"100157198, 100162748","이인규, 박형덕","더불어민주당, 국민의힘",0,0,0,0,0,0,N,4|경기도|동두천시
경기도,성남시,기초단체장,지역구,4,1,3,3.00,N,,N,N,N,"100154437, 100163411, 100157116","김병욱, 신상진, 장지화","더불어민주당, 국민의힘, 진보당",0,0,3,0,0,0,N,4|경기도|성남시
경기도,안성시,기초단체장,지역구,4,1,3,3.00,N,,N,N,N,"100162796, 100154958, 100156147","김보라, 김장연, 신원주","더불어민주당, 국민의힘, 무소속",0,0,2,0,0,0,N,4|경기도|안성시
경기도,양주시,기초단체장,지역구,4,1,2,2.00,N,,N,N,N,"100154479, 100162952","정덕영, 강수현","더불어민주당, 국민의힘",0,0,0,0,0,0,N,4|경기도|양주시
경기도,여주시,기초단체장,지역구,4,1,2,2.00,N,,N,N,N,"100156492, 100162573","박시선, 이충우","더불어민주당, 국민의힘",0,0,0,0,0,0,N,4|경기도|여주시
경기도,오산시,기초단체장,지역구,4,1,3,3.00,N,,N,N,N,"100158921, 100162963, 100158949","조용호, 이권재, 송진영","더불어민주당, 국민의힘, 개혁신당",0,0,1,0,0,0,N,4|경기도|오산시
경기도,의왕시,기초단체장,지역구,4,1,2,2.00,N,,N,N,N,"100154487, 100162723","정순욱, 김성제","더불어민주당, 국민의힘",0,0,0,0,0,0,N,4|경기도|의왕시
경기도,의정부시,기초단체장,지역구,4,1,2,2.00,N,,N,N,N,"100156125, 100162555","김원기, 김동근","더불어민주당, 국민의힘",0,0,0,0,0,0,N,4|경기도|의정부시
경기도,이천시,기초단체장,지역구,4,1,2,2.00,N,,N,N,N,"100154893, 100163215","성수석, 김경희","더불어민주당, 국민의힘",0,0,0,0,0,0,N,4|경기도|이천시
경기도,파주시,기초단체장,지역구,4,1,2,2.00,N,,N,N,N,"100154507, 100156661","손배찬, 박용호","더불어민주당, 국민의힘",0,0,0,0,0,0,N,4|경기도|파주시
경기도,하남시,기초단체장,지역구,4,1,2,2.00,N,,N,N,N,"100155214, 100163196","강병덕, 이현재","더불어민주당, 국민의힘",0,0,0,0,0,0,N,4|경기도|하남시
경기도,가평군,기초의원비례,비례,9,1,2,2.00,N,,N,N,N,"100165696, 100165438","최훈희, 허은선","더불어민주당, 국민의힘",0,0,0,0,0,0,N,9|경기도|가평군
경기도,과천시,기초의원비례,비례,9,1,2,2.00,N,,N,N,N,"100165218, 100165681","남민경, 유부임","더불어민주당, 국민의힘",0,0,0,0,0,0,N,9|경기도|과천시
경기도,구리시,기초의원비례,비례,9,1,2,2.00,N,,N,N,N,"100164247, 100164290","문은영, 김정선","더불어민주당, 국민의힘",0,0,0,0,0,0,N,9|경기도|구리시
경기도,군포시,기초의원비례,비례,9,1,2,2.00,N,,N,N,N,"100164979, 100165340","박상현, 이경옥","더불어민주당, 국민의힘",0,0,0,0,0,0,N,9|경기도|군포시
경기도,동두천시,기초의원비례,비례,9,1,2,2.00,N,,N,N,N,"100164276, 100164411","한완수, 이현숙","더불어민주당, 국민의힘",0,1,1,0,0,0,N,9|경기도|동두천시
경기도,안성시,기초의원비례,비례,9,1,2,2.00,N,,N,N,N,"100164515, 100164519","소희경, 김온유","더불어민주당, 국민의힘",0,0,0,0,0,0,N,9|경기도|안성시
경기도,양주시,기초의원비례,비례,9,1,2,2.00,N,,N,N,N,"100164472, 100164459","유선희, 최영진","더불어민주당, 국민의힘",0,0,0,0,0,0,N,9|경기도|양주시
경기도,양평군,기초의원비례,비례,9,1,2,2.00,N,,N,N,N,"100164041, 100164165","조소연, 구문경","더불어민주당, 국민의힘",0,0,0,0,0,0,N,9|경기도|양평군
경기도,여주시,기초의원비례,비례,9,1,2,2.00,N,,N,N,N,"100164655, 100165481","이혜원, 정희라","더불어민주당, 국민의힘",0,0,0,0,0,0,N,9|경기도|여주시
경기도,연천군,기초의원비례,비례,9,1,2,2.00,N,,N,N,N,"100164668, 100165268","최연우, 심미영","더불어민주당, 국민의힘",0,0,0,0,0,0,N,9|경기도|연천군
경기도,오산시,기초의원비례,비례,9,1,2,2.00,N,,N,N,N,"100164157, 100164174","김민희, 임은숙","더불어민주당, 국민의힘",0,0,1,0,0,0,N,9|경기도|오산시
경기도,의왕시,기초의원비례,비례,9,1,2,2.00,N,,N,N,N,"100164483, 100164488","김은영, 김수빈","더불어민주당, 국민의힘",0,0,0,0,0,0,N,9|경기도|의왕시
경기도,이천시,기초의원비례,비례,9,1,2,2.00,N,,N,N,N,"100164670, 100165375","김미경, 최은정","더불어민주당, 국민의힘",0,0,0,0,0,0,N,9|경기도|이천시
경기도,포천시,기초의원비례,비례,9,1,3,3.00,N,,N,N,N,"100165181, 100165125, 100165410","오은경, 권보경, 김용실","더불어민주당, 국민의힘, 진보당",0,0,0,0,0,0,N,9|경기도|포천시
경기도,하남시,기초의원비례,비례,9,1,2,2.00,N,,N,N,N,"100165512, 100165628","김어진, 지혜민","더불어민주당, 국민의힘",0,0,0,0,0,0,N,9|경기도|하남시
경기도,고양시제10선거구,시도의원,지역구,5,1,2,2.00,N,,N,N,N,"100163606, 100160046","고은정, 조만정","더불어민주당, 국민의힘",0,0,0,0,0,0,N,5|경기도|고양시제10선거구
경기도,고양시제11선거구,시도의원,지역구,5,1,2,2.00,N,,N,N,N,"100163506, 100161233","김운남, 심홍순","더불어민주당, 국민의힘",0,0,0,0,0,0,N,5|경기도|고양시제11선거구
경기도,고양시제1선거구,시도의원,지역구,5,1,2,2.00,N,,N,N,N,"100155234, 100163348","임유진, 이다겸","더불어민주당, 국민의힘",0,0,0,0,0,0,N,5|경기도|고양시제1선거구
경기도,고양시제2선거구,시도의원,지역구,5,1,2,2.00,N,,N,N,N,"100162725, 100162441","변재석, 이인애","더불어민주당, 국민의힘",0,0,0,0,0,0,N,5|경기도|고양시제2선거구
경기도,고양시제4선거구,시도의원,지역구,5,1,2,2.00,N,,N,N,N,"100163228, 100160702","최규진, 강주내","더불어민주당, 국민의힘",0,0,1,0,0,0,N,5|경기도|고양시제4선거구
경기도,고양시제6선거구,시도의원,지역구,5,1,2,2.00,N,,N,N,N,"100163225, 100161220","송규근, 이준","더불어민주당, 국민의힘",0,0,0,0,0,0,N,5|경기도|고양시제6선거구
경기도,고양시제7선거구,시도의원,지역구,5,1,2,2.00,N,,N,N,N,"100163071, 100162965","김해련, 이호배","더불어민주당, 국민의힘",0,0,0,0,0,0,N,5|경기도|고양시제7선거구
경기도,과천시선거구,시도의원,지역구,5,1,2,2.00,N,,N,N,N,"100160107, 100162799","박주리, 김현석","더불어민주당, 국민의힘",0,0,0,0,0,0,N,5|경기도|과천시선거구
경기도,광명시제4선거구,시도의원,지역구,5,1,2,2.00,N,,N,N,N,"100157241, 100162660","김용성, 정정자","더불어민주당, 국민의힘",0,0,0,0,0,0,N,5|경기도|광명시제4선거구
경기도,광주시제3선거구,시도의원,지역구,5,1,2,2.00,N,,N,N,N,"100158501, 100158900","이자형, 오창준","더불어민주당, 국민의힘",0,0,0,0,0,0,N,5|경기도|광주시제3선거구
경기도,구리시제1선거구,시도의원,지역구,5,1,2,2.00,N,,N,N,N,"100154674, 100160926","장승희, 백현종","더불어민주당, 국민의힘",0,0,1,0,0,0,N,5|경기도|구리시제1선거구
경기도,구리시제2선거구,시도의원,지역구,5,1,2,2.00,N,,N,N,N,"100156469, 100161104","임창열, 이은주","더불어민주당, 국민의힘",0,0,0,0,0,0,N,5|경기도|구리시제2선거구
경기도,군포시제3선거구,시도의원,지역구,5,1,2,2.00,N,,N,N,N,"100163320, 100163578","김미숙, 김예지","더불어민주당, 국민의힘",0,0,0,0,0,0,N,5|경기도|군포시제3선거구
경기도,김포시제1선거구,시도의원,지역구,5,1,2,2.00,N,,N,N,N,"100155152, 100160936","최명진, 홍원길","더불어민주당, 국민의힘",0,0,0,0,0,0,N,5|경기도|김포시제1선거구
경기도,김포시제2선거구,시도의원,지역구,5,1,2,2.00,N,,N,N,N,"100155553, 100157837","채신덕, 오세풍","더불어민주당, 국민의힘",0,0,1,0,0,0,N,5|경기도|김포시제2선거구
경기도,김포시제3선거구,시도의원,지역구,5,1,2,2.00,N,,N,N,N,"100155648, 100158751","신명순, 김시용","더불어민주당, 국민의힘",0,0,1,0,0,0,N,5|경기도|김포시제3선거구
경기도,김포시제4선거구,시도의원,지역구,5,1,2,2.00,N,,N,N,N,"100156385, 100158051","김철환, 박상우","더불어민주당, 국민의힘",0,0,0,0,0,0,N,5|경기도|김포시제4선거구
경기도,남양주시제3선거구,시도의원,지역구,5,1,2,2.00,N,,N,N,N,"100155147, 100162927","김승기, 김지훈","더불어민주당, 국민의힘",0,0,0,0,0,0,N,5|경기도|남양주시제3선거구
경기도,남양주시제4선거구,시도의원,지역구,5,1,2,2.00,N,,N,N,N,"100157863, 100161296","이대한, 이재형","더불어민주당, 국민의힘",0,0,2,0,0,0,N,5|경기도|남양주시제4선거구
경기도,남양주시제5선거구,시도의원,지역구,5,1,2,2.00,N,,N,N,N,"100161787, 100156254","김창식, 류상근","더불어민주당, 국민의힘",0,0,1,0,0,0,N,5|경기도|남양주시제5선거구
경기도,동두천시제1선거구,시도의원,지역구,5,1,2,2.00,N,,N,N,N,"100162739, 100160308","안시현, 홍석우","더불어민주당, 국민의힘",0,0,0,0,0,0,N,5|경기도|동두천시제1선거구
경기도,부천시제1선거구,시도의원,지역구,5,1,2,2.00,N,,N,N,N,"100162402, 100161467","이선구, 장호영","더불어민주당, 국민의힘",0,0,1,0,0,0,N,5|경기도|부천시제1선거구
경기도,부천시제3선거구,시도의원,지역구,5,1,2,2.00,N,,N,N,N,"100158687, 100161310","이재영, 박민석","더불어민주당, 국민의힘",0,0,0,0,0,0,N,5|경기도|부천시제3선거구
경기도,부천시제4선거구,시도의원,지역구,5,1,3,3.00,N,,N,N,N,"100154639, 100161452, 100154664","명성숙, 예승현, 조선희","더불어민주당, 국민의힘, 진보당",0,0,0,0,0,0,N,5|경기도|부천시제4선거구
경기도,부천시제5선거구,시도의원,지역구,5,1,2,2.00,N,,N,N,N,"100160217, 100161463","최성운, 김부미","더불어민주당, 국민의힘",0,0,1,0,0,0,N,5|경기도|부천시제5선거구
경기도,부천시제6선거구,시도의원,지역구,5,1,2,2.00,N,,N,N,N,"100161634, 100165594","김동희, 이희용","더불어민주당, 국민의힘",0,0,0,0,0,0,N,5|경기도|부천시제6선거구
경기도,부천시제8선거구,시도의원,지역구,5,1,2,2.00,N,,N,N,N,"100163186, 100163204","박순희, 황계호","더불어민주당, 국민의힘",0,0,1,0,0,0,N,5|경기도|부천시제8선거구
경기도,성남시제1선거구,시도의원,지역구,5,1,2,2.00,N,,N,N,N,"100157475, 100155626","문승호, 김쌍기","더불어민주당, 국민의힘",0,0,0,0,0,0,N,5|경기도|성남시제1선거구
경기도,성남시제2선거구,시도의원,지역구,5,1,2,2.00,N,,N,N,N,"100158705, 100157893","최만식, 박창순","더불어민주당, 국민의힘",0,0,1,0,0,0,N,5|경기도|성남시제2선거구
경기도,성남시제3선거구,시도의원,지역구,5,1,3,3.00,N,,N,N,N,"100155603, 100158213, 100158703","전석훈, 모성민, 김병조","더불어민주당, 국민의힘, 진보당",0,0,1,0,0,0,N,5|경기도|성남시제3선거구
경기도,성남시제5선거구,시도의원,지역구,5,1,3,3.00,N,,N,N,N,"100154825, 100157940, 100165614","유민아, 방성환, 이서영","더불어민주당, 국민의힘, 무소속",0,0,0,0,0,0,N,5|경기도|성남시제5선거구
경기도,성남시제6선거구,시도의원,지역구,5,1,2,2.00,N,,N,N,N,"100158078, 100156000","김진명, 송경택","더불어민주당, 국민의힘",0,0,0,0,0,0,N,5|경기도|성남시제6선거구
경기도,성남시제8선거구,시도의원,지역구,5,1,2,2.00,N,,N,N,N,"100154490, 100158833","이창임, 정용한","더불어민주당, 국민의힘",0,0,1,0,0,0,N,5|경기도|성남시제8선거구
경기도,수원시제10선거구,시도의원,지역구,5,1,2,2.00,N,,N,N,N,"100157744, 100160345","조명자, 이애형","더불어민주당, 국민의힘",0,0,0,0,0,0,N,5|경기도|수원시제10선거구
경기도,수원시제11선거구,시도의원,지역구,5,1,2,2.00,N,,N,N,N,"100161393, 100160519","장정희, 한광희","더불어민주당, 국민의힘",0,0,1,0,0,0,N,5|경기도|수원시제11선거구
경기도,수원시제12선거구,시도의원,지역구,5,1,2,2.00,N,,N,N,N,"100163695, 100161548","이병숙, 김기정","더불어민주당, 국민의힘",0,0,0,0,0,0,N,5|경기도|수원시제12선거구
경기도,수원시제1선거구,시도의원,지역구,5,1,2,2.00,N,,N,N,N,"100155139, 100165783","최상규, 이필근","더불어민주당, 국민의힘",0,0,0,0,0,0,N,5|경기도|수원시제1선거구
경기도,수원시제3선거구,시도의원,지역구,5,1,2,2.00,N,,N,N,N,"100158701, 100158181","한운옥, 손민아","더불어민주당, 국민의힘",0,0,0,0,0,0,N,5|경기도|수원시제3선거구
경기도,수원시제4선거구,시도의원,지역구,5,1,3,3.00,N,,N,N,N,"100163586, 100163385, 100154455","장한별, 조정근, 배득현","더불어민주당, 국민의힘, 진보당",0,0,2,0,0,0,N,5|경기도|수원시제4선거구
경기도,수원시제7선거구,시도의원,지역구,5,1,2,2.00,N,,N,N,N,"100162734, 100162223","최종현, 이재선","더불어민주당, 국민의힘",0,0,0,0,0,0,N,5|경기도|수원시제7선거구
경기도,수원시제9선거구,시도의원,지역구,5,1,2,2.00,N,,N,N,N,"100156914, 100161456","최영옥, 이오수","더불어민주당, 국민의힘",0,0,1,0,0,0,N,5|경기도|수원시제9선거구
경기도,시흥시제2선거구,시도의원,지역구,5,1,2,2.00,N,,N,N,N,"100161513, 100160068","최동식, 장민우","더불어민주당, 국민의힘",0,0,0,0,0,0,N,5|경기도|시흥시제2선거구
경기도,시흥시제5선거구,시도의원,지역구,5,1,2,2.00,N,,N,N,N,"100157725, 100158629","이성원, 송승화","더불어민주당, 국민의힘",0,0,0,0,0,0,N,5|경기도|시흥시제5선거구
경기도,안산시제3선거구,시도의원,지역구,5,1,2,2.00,N,,N,N,N,"100165434, 100164101","장윤정, 구미숙","더불어민주당, 국민의힘",0,0,1,0,0,0,N,5|경기도|안산시제3선거구
경기도,안산시제7선거구,시도의원,지역구,5,1,3,3.00,N,,N,N,N,"100163244, 100163575, 100158115","황은화, 박건희, 방우성","더불어민주당, 국민의힘, 진보당",0,0,1,0,0,0,N,5|경기도|안산시제7선거구
경기도,안성시제1선거구,시도의원,지역구,5,1,2,2.00,N,,N,N,N,"100155704, 100159995","이주현, 박근배","더불어민주당, 국민의힘",0,0,1,0,0,0,N,5|경기도|안성시제1선거구
경기도,안성시제2선거구,시도의원,지역구,5,1,2,2.00,N,,N,N,N,"100154919, 100154946","백승기, 윤성환","더불어민주당, 국민의힘",0,0,1,0,0,0,N,5|경기도|안성시제2선거구
경기도,안양시제5선거구,시도의원,지역구,5,1,2,2.00,N,,N,N,N,"100161318, 100161479","장민수, 유영일","더불어민주당, 국민의힘",0,0,1,0,0,0,N,5|경기도|안양시제5선거구
경기도,양주시제2선거구,시도의원,지역구,5,1,2,2.00,N,,N,N,N,"100162968, 100154390","정석원, 김한섭","더불어민주당, 국민의힘",0,0,0,0,0,0,N,5|경기도|양주시제2선거구
경기도,양평군제2선거구,시도의원,지역구,5,1,2,2.00,N,,N,N,N,"100159947, 100155009","김주남, 이혜원","더불어민주당, 국민의힘",0,0,0,0,0,0,N,5|경기도|양평군제2선거구
경기도,여주시제2선거구,시도의원,지역구,5,1,2,2.00,N,,N,N,N,"100160184, 100155474","유필선, 안인성","더불어민주당, 국민의힘",0,0,1,0,0,0,N,5|경기도|여주시제2선거구
경기도,연천군선거구,시도의원,지역구,5,1,2,2.00,N,,N,N,N,"100155614, 100160633","서희정, 윤종영","더불어민주당, 국민의힘",0,0,0,0,0,0,N,5|경기도|연천군선거구
경기도,오산시제1선거구,시도의원,지역구,5,1,2,2.00,N,,N,N,N,"100163424, 100157040","김영희, 박현명","더불어민주당, 국민의힘",0,0,1,0,0,0,N,5|경기도|오산시제1선거구
경기도,오산시제2선거구,시도의원,지역구,5,1,2,2.00,N,,N,N,N,"100163370, 100157574","전예슬, 남상현","더불어민주당, 국민의힘",0,0,0,0,0,0,N,5|경기도|오산시제2선거구
경기도,용인시제10선거구,시도의원,지역구,5,1,2,2.00,N,,N,N,N,"100157362, 100163222","우현욱, 이유진","더불어민주당, 국민의힘",0,0,0,0,0,0,N,5|경기도|용인시제10선거구
경기도,용인시제11선거구,시도의원,지역구,5,1,2,2.00,N,,N,N,N,"100154528, 100163958","엄교섭, 기주옥","더불어민주당, 국민의힘",0,0,0,0,0,0,N,5|경기도|용인시제11선거구
경기도,용인시제2선거구,시도의원,지역구,5,1,2,2.00,N,,N,N,N,"100154501, 100162606","김성태, 김영민","더불어민주당, 국민의힘",0,0,1,0,0,0,N,5|경기도|용인시제2선거구
경기도,용인시제7선거구,시도의원,지역구,5,1,2,2.00,N,,N,N,N,"100157414, 100158868","김용찬, 유채현","더불어민주당, 국민의힘",0,0,1,0,0,0,N,5|경기도|용인시제7선거구
경기도,용인시제8선거구,시도의원,지역구,5,1,2,2.00,N,,N,N,N,"100162633, 100158500","이건한, 이경호","더불어민주당, 국민의힘",0,0,0,0,0,0,N,5|경기도|용인시제8선거구
경기도,용인시제9선거구,시도의원,지역구,5,1,2,2.00,N,,N,N,N,"100163207, 100161521","고찬석, 신현정","더불어민주당, 국민의힘",0,0,0,0,0,0,N,5|경기도|용인시제9선거구
경기도,의왕시제1선거구,시도의원,지역구,5,1,2,2.00,N,,N,N,N,"100156889, 100161229","박근철, 김영기","더불어민주당, 국민의힘",0,0,1,0,0,0,N,5|경기도|의왕시제1선거구
경기도,의정부시제1선거구,시도의원,지역구,5,1,2,2.00,N,,N,N,N,"100161243, 100162270","유수연, 김정영","더불어민주당, 국민의힘",0,0,0,0,0,0,N,5|경기도|의정부시제1선거구
경기도,의정부시제2선거구,시도의원,지역구,5,1,2,2.00,N,,N,N,N,"100160423, 100158496","이영봉, 구구회","더불어민주당, 국민의힘",0,0,0,0,0,0,N,5|경기도|의정부시제2선거구
경기도,의정부시제3선거구,시도의원,지역구,5,1,2,2.00,N,,N,N,N,"100160544, 100161783","김지호, 이철호","더불어민주당, 국민의힘",0,0,0,0,0,0,N,5|경기도|의정부시제3선거구
경기도,이천시제1선거구,시도의원,지역구,5,1,2,2.00,N,,N,N,N,"100155062, 100161840","이상목, 김일중","더불어민주당, 국민의힘",0,0,1,0,0,0,N,5|경기도|이천시제1선거구
경기도,이천시제2선거구,시도의원,지역구,5,1,2,2.00,N,,N,N,N,"100154434, 100161337","김인영, 허원","더불어민주당, 국민의힘",0,0,1,0,0,0,N,5|경기도|이천시제2선거구
경기도,파주시제3선거구,시도의원,지역구,5,1,2,2.00,N,,N,N,N,"100162744, 100165675","손성익, 정국진","더불어민주당, 국민의힘",0,0,0,0,0,0,N,5|경기도|파주시제3선거구
경기도,평택시제3선거구,시도의원,지역구,5,1,2,2.00,N,,N,N,N,"100155140, 100158618","김경옥, 이동화","더불어민주당, 국민의힘",0,0,0,0,0,0,N,5|경기도|평택시제3선거구
경기도,평택시제4선거구,시도의원,지역구,5,1,2,2.00,N,,N,N,N,"100155746, 100160694","한규찬, 윤성근","더불어민주당, 국민의힘",0,0,0,0,0,0,N,5|경기도|평택시제4선거구
경기도,포천시제1선거구,시도의원,지역구,5,1,2,2.00,N,,N,N,N,"100156426, 100160485","박혜옥, 윤충식","더불어민주당, 국민의힘",0,0,0,0,0,0,N,5|경기도|포천시제1선거구
경기도,포천시제2선거구,시도의원,지역구,5,1,3,3.00,N,,N,N,N,"100156018, 100158678, 100156947","이원웅, 김성남, 김소정","더불어민주당, 국민의힘, 진보당",0,0,1,0,0,0,N,5|경기도|포천시제2선거구
경기도,화성시제1선거구,시도의원,지역구,5,1,2,2.00,N,,N,N,N,"100162559, 100161972","이홍근, 박연숙","더불어민주당, 국민의힘",0,0,1,0,0,0,N,5|경기도|화성시제1선거구
경기도,화성시제3선거구,시도의원,지역구,5,1,2,2.00,N,,N,N,N,"100162478, 100160615","김영훈, 김형남","더불어민주당, 국민의힘",0,0,0,0,0,0,N,5|경기도|화성시제3선거구
경기도,화성시제4선거구,시도의원,지역구,5,1,2,2.00,N,,N,N,N,"100164637, 100163218","신미숙, 이은희","더불어민주당, 국민의힘",0,0,1,0,0,0,N,5|경기도|화성시제4선거구
경기도,화성시제7선거구,시도의원,지역구,5,1,2,2.00,N,,N,N,N,"100164498, 100156354","이진형, 박상현","더불어민주당, 국민의힘",0,0,0,0,0,0,N,5|경기도|화성시제7선거구
경상남도,밀양시,기초단체장,지역구,4,1,2,2.00,N,,N,N,N,"100155324, 100164187","이주옥, 안병구","더불어민주당, 국민의힘",0,0,1,0,0,0,N,4|경상남도|밀양시
경상남도,사천시,기초단체장,지역구,4,1,2,2.00,N,,N,N,N,"100154274, 100162961","정국정, 박동식","더불어민주당, 국민의힘",0,0,0,0,0,0,N,4|경상남도|사천시
경상남도,의령군,기초단체장,지역구,4,1,3,3.00,N,,N,N,N,"100159670, 100159773, 100164784","손태영, 강원덕, 오태완","더불어민주당, 국민의힘, 무소속",0,0,2,0,0,0,N,4|경상남도|의령군
경상남도,진주시,기초단체장,지역구,4,1,3,3.00,N,,N,N,N,"100155311, 100156287, 100163051","갈상돈, 한경호, 조규일","더불어민주당, 국민의힘, 무소속",0,0,0,0,0,0,N,4|경상남도|진주시
경상남도,창녕군,기초단체장,지역구,4,1,2,2.00,N,,N,N,N,"100165720, 100161575","주윤식, 성낙인","더불어민주당, 국민의힘",0,0,1,0,0,0,N,4|경상남도|창녕군
경상남도,통영시,기초단체장,지역구,4,1,3,3.00,N,,N,N,N,"100157697, 100162510, 100156257","강석주, 천영기, 박청정","더불어민주당, 국민의힘, 무소속",0,0,0,0,0,0,N,4|경상남도|통영시
경상남도,함안군,기초단체장,지역구,4,1,2,2.00,N,,N,N,N,"100159788, 100164463","정금효, 차석호","더불어민주당, 국민의힘",0,0,0,0,0,0,N,4|경상남도|함안군
경상남도,남해군,기초의원비례,비례,9,1,2,2.00,N,,N,N,N,"100164965, 100165030","김혜경, 배경순","더불어민주당, 국민의힘",0,0,0,0,0,0,N,9|경상남도|남해군
경상남도,의령군,기초의원비례,비례,9,1,3,3.00,N,,N,N,N,"100164693, 100165011, 100164639","오우동, 오경주, 유영임","더불어민주당, 국민의힘, 진보당",0,0,1,0,0,0,N,9|경상남도|의령군
경상남도,함양군,기초의원비례,비례,9,1,2,2.00,N,,N,N,N,"100164127, 100164155","이영미, 임진희","더불어민주당, 국민의힘",0,0,0,0,0,0,N,9|경상남도|함양군
경상남도,거제시제3선거구,시도의원,지역구,5,1,2,2.00,N,,N,N,N,"100156173, 100161294","김성갑, 양정연","더불어민주당, 국민의힘",0,0,0,0,0,0,N,5|경상남도|거제시제3선거구
경상남도,거창군제2선거구,시도의원,지역구,5,1,3,3.00,N,,N,N,N,"100163438, 100154534, 100164001","김위성, 공재권, 성창헌","더불어민주당, 국민의힘, 무소속",0,0,1,0,0,0,N,5|경상남도|거창군제2선거구
경상남도,고성군제1선거구,시도의원,지역구,5,1,2,2.00,N,,N,N,N,"100162583, 100154569","박예진, 임왕건","더불어민주당, 국민의힘",0,0,0,0,0,0,N,5|경상남도|고성군제1선거구
경상남도,고성군제2선거구,시도의원,지역구,5,1,2,2.00,N,,N,N,N,"100159320, 100163617","허옥희, 허동원","국민의힘, 무소속",0,0,0,0,0,0,N,5|경상남도|고성군제2선거구
경상남도,김해시제4선거구,시도의원,지역구,5,1,2,2.00,N,,N,N,N,"100156146, 100159283","김호대, 류명열","더불어민주당, 국민의힘",0,0,1,0,0,0,N,5|경상남도|김해시제4선거구
경상남도,김해시제5선거구,시도의원,지역구,5,1,2,2.00,N,,N,N,N,"100155826, 100157816","하선영, 주봉한","더불어민주당, 국민의힘",0,0,1,0,0,0,N,5|경상남도|김해시제5선거구
경상남도,남해군선거구,시도의원,지역구,5,1,2,2.00,N,,N,N,N,"100162023, 100155590","정현옥, 김창우","더불어민주당, 국민의힘",0,0,2,0,0,0,N,5|경상남도|남해군선거구
경상남도,사천시제2선거구,시도의원,지역구,5,1,2,2.00,N,,N,N,N,"100156440, 100162906","최갑현, 이상헌","국민의힘, 진보당",0,0,1,0,0,0,N,5|경상남도|사천시제2선거구
경상남도,산청군선거구,시도의원,지역구,5,1,2,2.00,N,,N,N,N,"100155811, 100163047","김진범, 신종철","더불어민주당, 국민의힘",0,0,1,0,0,0,N,5|경상남도|산청군선거구
경상남도,양산시제5선거구,시도의원,지역구,5,1,2,2.00,N,,N,N,N,"100156485, 100162421","성낙평, 박인","더불어민주당, 국민의힘",0,0,0,0,0,0,N,5|경상남도|양산시제5선거구
경상남도,양산시제6선거구,시도의원,지역구,5,1,2,2.00,N,,N,N,N,"100156062, 100161604","성동은, 허용복","더불어민주당, 국민의힘",0,0,1,0,0,0,N,5|경상남도|양산시제6선거구
경상남도,양산시제7선거구,시도의원,지역구,5,1,2,2.00,N,,N,N,N,"100155221, 100158352","표병호, 권혁준","더불어민주당, 국민의힘",0,0,0,0,0,0,N,5|경상남도|양산시제7선거구
경상남도,진주시제2선거구,시도의원,지역구,5,1,3,3.00,N,,N,N,N,"100158134, 100161649, 100163409","강정봉, 양해영, 황진선","더불어민주당, 국민의힘, 무소속",0,0,1,0,0,0,N,5|경상남도|진주시제2선거구
경상남도,진주시제5선거구,시도의원,지역구,5,1,3,3.00,N,,N,N,N,"100158305, 100154334, 100163093","강민승, 정현미, 최신용","국민의힘, 진보당, 무소속",0,0,0,0,0,0,N,5|경상남도|진주시제5선거구
경상남도,창원시제10선거구,시도의원,지역구,5,1,2,2.00,N,,N,N,N,"100162521, 100162219","김강, 정쌍학","더불어민주당, 국민의힘",0,0,0,0,0,0,N,5|경상남도|창원시제10선거구
경상남도,창원시제12선거구,시도의원,지역구,5,1,2,2.00,N,,N,N,N,"100163234, 100162261","김용훈, 정희성","더불어민주당, 국민의힘",0,0,0,0,0,0,N,5|경상남도|창원시제12선거구
경상남도,창원시제14선거구,시도의원,지역구,5,1,3,3.00,N,,N,N,N,"100162017, 100160772, 100155615","김묘정, 박동철, 정혜숙","더불어민주당, 국민의힘, 진보당",0,0,0,0,0,0,N,5|경상남도|창원시제14선거구
경상남도,창원시제16선거구,시도의원,지역구,5,1,2,2.00,N,,N,N,N,"100159053, 100158826","심영석, 김화영","더불어민주당, 국민의힘",0,0,1,0,0,0,N,5|경상남도|창원시제16선거구
경상남도,창원시제6선거구,시도의원,지역구,5,1,3,3.00,N,,N,N,N,"100156097, 100158253, 100153966","원성일, 이재두, 김서영","더불어민주당, 국민의힘, 진보당",0,0,1,0,0,0,N,5|경상남도|창원시제6선거구
경상남도,창원시제7선거구,시도의원,지역구,5,1,2,2.00,N,,N,N,N,"100154006, 100162944","문병선, 박남용","더불어민주당, 국민의힘",0,0,1,0,0,0,N,5|경상남도|창원시제7선거구
경상남도,통영시제1선거구,시도의원,지역구,5,1,2,2.00,N,,N,N,N,"100153837, 100154210","정동영, 강성중","더불어민주당, 국민의힘",0,0,0,0,0,0,N,5|경상남도|통영시제1선거구
경상남도,통영시제2선거구,시도의원,지역구,5,1,2,2.00,N,,N,N,N,"100157408, 100158228","황수배, 김태종","더불어민주당, 국민의힘",0,0,0,0,0,0,N,5|경상남도|통영시제2선거구
경상남도,함양군선거구,시도의원,지역구,5,1,2,2.00,N,,N,N,N,"100160760, 100159027","한상현, 권대근","더불어민주당, 국민의힘",0,0,0,0,0,0,N,5|경상남도|함양군선거구
경상남도,경상남도,시도지사,지역구,3,1,3,3.00,N,,N,N,N,"100158507, 100162958, 100153781","김경수, 박완수, 전희영","더불어민주당, 국민의힘, 진보당",0,0,2,0,0,0,N,3|경상남도|경상남도
경상북도,경상북도,교육감,특수(교육감·재보궐 등),11,1,3,3.00,N,,N,N,N,"100156976, 100153805, 100162976","김상동, 이용기, 임종식","무소속, 무소속, 무소속",0,0,1,0,0,0,N,11|경상북도|경상북도
경상북도,경산시,기초단체장,지역구,4,1,4,4.00,N,,N,N,N,"100157607, 100160682, 100155471, 100158312","김기현, 조현일, 김두환, 최병국","더불어민주당, 국민의힘, 한국독립당, 무소속",0,0,3,0,0,0,N,4|경상북도|경산시
경상북도,상주시,기초단체장,지역구,4,1,4,4.00,N,,N,N,N,"100160821, 100154756, 100154532, 100163681","정재현, 안재민, 윤위영, 강경모","더불어민주당, 국민의힘, 무소속, 무소속",0,0,1,0,0,0,N,4|경상북도|상주시
경상북도,영양군,기초단체장,지역구,4,1,2,2.00,N,,N,N,N,"100159432, 100161607","김상훈, 오도창","더불어민주당, 국민의힘",0,0,0,0,0,0,N,4|경상북도|영양군
경상북도,예천군,기초단체장,지역구,4,1,2,2.00,N,,N,N,N,"100159478, 100159497","윤동춘, 안병윤","더불어민주당, 국민의힘",0,0,0,0,0,0,N,4|경상북도|예천군
경상북도,의성군,기초단체장,지역구,4,1,2,2.00,N,,N,N,N,"100159421, 100159711","최유철, 이왕식","국민의힘, 무소속",0,0,0,0,0,0,N,4|경상북도|의성군
경상북도,포항시,기초단체장,지역구,4,1,3,3.00,N,,N,N,N,"100156421, 100154073, 100154100","박희정, 박용선, 박승호","더불어민주당, 국민의힘, 무소속",0,0,0,0,0,0,N,4|경상북도|포항시
경상북도,경산시제3선거구,시도의원,지역구,5,1,2,2.00,N,,N,N,N,"100163592, 100157499","윤중호, 우영봉","더불어민주당, 국민의힘",0,0,1,0,0,0,N,5|경상북도|경산시제3선거구
경상북도,경산시제4선거구,시도의원,지역구,5,1,2,2.00,N,,N,N,N,"100163425, 100163094","장말선, 박채아","더불어민주당, 국민의힘",0,0,0,0,0,0,N,5|경상북도|경산시제4선거구
경상북도,구미시제3선거구,시도의원,지역구,5,1,2,2.00,N,,N,N,N,"100163102, 100162123","이준모, 허복","더불어민주당, 국민의힘",0,0,1,0,0,0,N,5|경상북도|구미시제3선거구
경상북도,구미시제5선거구,시도의원,지역구,5,1,2,2.00,N,,N,N,N,"100165178, 100157921","이정태, 이명희","더불어민주당, 국민의힘",0,0,1,0,0,0,N,5|경상북도|구미시제5선거구
경상북도,구미시제7선거구,시도의원,지역구,5,1,2,2.00,N,,N,N,N,"100162713, 100162522","문창균, 김창혁","더불어민주당, 국민의힘",0,0,1,0,0,0,N,5|경상북도|구미시제7선거구
경상북도,구미시제8선거구,시도의원,지역구,5,1,2,2.00,N,,N,N,N,"100162375, 100158319","이지연, 백순창","더불어민주당, 국민의힘",0,0,0,0,0,0,N,5|경상북도|구미시제8선거구
경상북도,김천시제3선거구,시도의원,지역구,5,1,2,2.00,N,,N,N,N,"100162015, 100161609","박성현, 조용진","더불어민주당, 국민의힘",0,0,1,0,0,0,N,5|경상북도|김천시제3선거구
경상북도,상주시제1선거구,시도의원,지역구,5,1,3,3.00,N,,N,N,N,"100154956, 100156794, 100154684","송병길, 이정원, 김태영","국민의힘, 무소속, 무소속",0,0,1,0,0,0,N,5|경상북도|상주시제1선거구
경상북도,상주시제2선거구,시도의원,지역구,5,1,2,2.00,N,,N,N,N,"100155517, 100155253","김진욱, 김홍구","국민의힘, 무소속",0,0,0,0,0,0,N,5|경상북도|상주시제2선거구
경상북도,영양군선거구,시도의원,지역구,5,1,2,2.00,N,,N,N,N,"100155778, 100158254","이종열, 윤철남","국민의힘, 무소속",0,0,0,0,0,0,N,5|경상북도|영양군선거구
경상북도,영주시제1선거구,시도의원,지역구,5,1,2,2.00,N,,N,N,N,"100161253, 100160118","조중열, 우충무","더불어민주당, 국민의힘",0,0,0,0,0,0,N,5|경상북도|영주시제1선거구
경상북도,영주시제2선거구,시도의원,지역구,5,1,5,5.00,N,,N,N,N,"100163894, 100156833, 100165205, 100163599, 100163939","최인식, 임무석, 임병하, 김덕환, 이재형","더불어민주당, 국민의힘, 무소속, 무소속, 무소속",0,0,2,0,0,0,N,5|경상북도|영주시제2선거구
경상북도,포항시제2선거구,시도의원,지역구,5,1,2,2.00,N,,N,N,N,"100163326, 100163502","장명수, 이성일","국민의힘, 무소속",0,0,0,0,0,0,N,5|경상북도|포항시제2선거구
경상북도,경상북도,시도지사,지역구,3,1,2,2.00,N,,N,N,N,"100161413, 100159249","오중기, 이철우","더불어민주당, 국민의힘",0,0,2,0,0,0,N,3|경상북도|경상북도
광주광역시,광산구을,국회의원(재·보궐),특수(교육감·재보궐 등),2,1,6,6.00,N,,N,N,N,"100163871, 100163566, 100163698, 100163546, 100163291, 100163305","임문영, 안태욱, 배수진, 전주연, 신지혜, 구본기","더불어민주당, 국민의힘, 조국혁신당, 진보당, 기본소득당, 무소속",0,0,1,0,0,0,N,2|광주광역시|광산구을
광주광역시,광산구,기초단체장,지역구,4,1,2,2.00,N,,N,N,N,"100158654, 100157865","박병규, 정희성","더불어민주당, 진보당",0,0,2,0,0,0,N,4|광주광역시|광산구
광주광역시,동구,기초단체장,지역구,4,1,2,2.00,N,,N,N,N,"100158729, 100162102","임택, 김성환","더불어민주당, 조국혁신당",0,0,0,0,0,0,N,4|광주광역시|동구
광주광역시,광산구제1선거구,시도의원,지역구,5,1,2,2.00,N,,N,N,N,"100154945, 100158948","한귀례, 국강현","더불어민주당, 진보당",0,0,0,0,0,0,N,5|광주광역시|광산구제1선거구
광주광역시,동구제1선거구,시도의원,지역구,5,1,2,2.00,N,,N,N,N,"100157106, 100158198","홍기월, 문정호","더불어민주당, 무소속",0,0,0,0,0,0,N,5|광주광역시|동구제1선거구
광주광역시,서구제2선거구,시도의원,지역구,5,1,2,2.00,N,,N,N,N,"100160569, 100158819","오미섭, 김태진","더불어민주당, 진보당",0,0,0,0,0,0,N,5|광주광역시|서구제2선거구
광주광역시,서구제3선거구,시도의원,지역구,5,1,2,2.00,N,,N,N,N,"100163973, 100164071","고경애, 김형남","더불어민주당, 무소속",0,0,1,0,0,0,N,5|광주광역시|서구제3선거구
대구광역시,달성군,국회의원(재·보궐),특수(교육감·재보궐 등),2,1,2,2.00,N,,N,N,N,"100163951, 100163482","박형룡, 이진숙","더불어민주당, 국민의힘",0,0,1,0,0,0,N,2|대구광역시|달성군
대구광역시,남구,기초단체장,지역구,4,1,2,2.00,N,,N,N,N,"100157868, 100163053","정연우, 조재구","더불어민주당, 국민의힘",0,0,1,0,0,0,N,4|대구광역시|남구
대구광역시,달서구,기초단체장,지역구,4,1,3,3.00,N,,N,N,N,"100154833, 100155317, 100163927","김성태, 김용판, 김재흥","더불어민주당, 국민의힘, 무소속",0,0,0,0,0,0,N,4|대구광역시|달서구
대구광역시,동구,기초단체장,지역구,4,1,3,3.00,N,,N,N,N,"100157119, 100155802, 100162027","신효철, 우성진, 양희","더불어민주당, 국민의힘, 정의당",0,0,2,0,0,0,N,4|대구광역시|동구
대구광역시,수성구,기초단체장,지역구,4,1,2,2.00,N,,N,N,N,"100155160, 100160089","박정권, 김대권","더불어민주당, 국민의힘",0,0,1,0,0,0,N,4|대구광역시|수성구
대구광역시,서구,기초의원비례,비례,9,1,3,3.00,N,,N,N,N,"100164386, 100164403, 100164439","박은희, 김옥련, 손주형","더불어민주당, 국민의힘, 국민의힘",0,0,0,0,0,0,N,9|대구광역시|서구
대구광역시,남구제2선거구,시도의원,지역구,5,1,2,2.00,N,,N,N,N,"100163226, 100157334","이도겸, 고병수","더불어민주당, 국민의힘",0,0,0,0,0,0,N,5|대구광역시|남구제2선거구
대구광역시,달서구제1선거구,시도의원,지역구,5,1,2,2.00,N,,N,N,N,"100161396, 100161723","김민환, 이영애","더불어민주당, 국민의힘",0,0,0,0,0,0,N,5|대구광역시|달서구제1선거구
대구광역시,달서구제6선거구,시도의원,지역구,5,1,2,2.00,N,,N,N,N,"100163559, 100161699","김정희, 김주범","더불어민주당, 국민의힘",0,0,0,0,0,0,N,5|대구광역시|달서구제6선거구
대구광역시,달서구제7선거구,시도의원,지역구,5,1,3,3.00,N,,N,N,N,"100163637, 100163354, 100163627","이진환, 김해철, 황순자","더불어민주당, 국민의힘, 무소속",0,0,1,0,0,0,N,5|대구광역시|달서구제7선거구
대구광역시,달성군제1선거구,시도의원,지역구,5,1,2,2.00,N,,N,N,N,"100163095, 100162843","김소형, 하중환","더불어민주당, 국민의힘",0,0,0,0,0,0,N,5|대구광역시|달성군제1선거구
대구광역시,동구제1선거구,시도의원,지역구,5,1,2,2.00,N,,N,N,N,"100162394, 100158356","도근환, 이원우","더불어민주당, 국민의힘",0,0,0,0,0,0,N,5|대구광역시|동구제1선거구
대구광역시,동구제3선거구,시도의원,지역구,5,1,2,2.00,N,,N,N,N,"100158802, 100155798","이종현, 김정민","더불어민주당, 국민의힘",0,0,1,0,0,0,N,5|대구광역시|동구제3선거구
대구광역시,북구제2선거구,시도의원,지역구,5,1,2,2.00,N,,N,N,N,"100163902, 100162109","임미연, 박현규","더불어민주당, 국민의힘",0,0,0,0,0,0,N,5|대구광역시|북구제2선거구
대구광역시,북구제4선거구,시도의원,지역구,5,1,2,2.00,N,,N,N,N,"100161946, 100158917","김지연, 허정수","더불어민주당, 국민의힘",0,0,0,0,0,0,N,5|대구광역시|북구제4선거구
대구광역시,서구제2선거구,시도의원,지역구,5,1,3,3.00,N,,N,N,N,"100163105, 100161880, 100161439","노태룡, 김준범, 이규근","더불어민주당, 국민의힘, 무소속",0,0,0,0,0,0,N,5|대구광역시|서구제2선거구
대구광역시,수성구제1선거구,시도의원,지역구,5,1,2,2.00,N,,N,N,N,"100162013, 100161270","이지은, 정일균","더불어민주당, 국민의힘",0,0,1,0,0,0,N,5|대구광역시|수성구제1선거구
대구광역시,수성구제4선거구,시도의원,지역구,5,1,2,2.00,N,,N,N,N,"100162409, 100161717","김호희, 박종필","더불어민주당, 국민의힘",0,0,0,0,0,0,N,5|대구광역시|수성구제4선거구
대구광역시,중구제1선거구,시도의원,지역구,5,1,2,2.00,N,,N,N,N,"100161014, 100162979","석혜영, 임인환","더불어민주당, 국민의힘",0,0,0,0,0,0,N,5|대구광역시|중구제1선거구
대구광역시,대구광역시,시도지사,지역구,3,1,3,3.00,N,,N,N,N,"100162026, 100163199, 100156890","김부겸, 추경호, 이수찬","더불어민주당, 국민의힘, 개혁신당",0,0,1,0,0,0,N,3|대구광역시|대구광역시
대전광역시,중구,기초단체장,지역구,4,1,2,2.00,N,,N,N,N,"100163066, 100155482","김제선, 김선광","더불어민주당, 국민의힘",0,0,2,0,0,0,N,4|대전광역시|중구
대전광역시,대덕구,기초의원비례,비례,9,1,3,3.00,N,,N,N,N,"100164341, 100164347, 100164754","정미선, 김현순, 도예린","더불어민주당, 더불어민주당, 국민의힘",0,0,0,0,0,0,N,9|대전광역시|대덕구
대전광역시,중구,기초의원비례,비례,9,1,2,2.00,N,,N,N,N,"100165033, 100164344","강순복, 홍성옥","더불어민주당, 국민의힘",0,0,0,0,0,0,N,9|대전광역시|중구
대전광역시,대덕구제3선거구,시도의원,지역구,5,1,2,2.00,N,,N,N,N,"100154975, 100154932","권인호, 김수연","더불어민주당, 국민의힘",0,0,0,0,0,0,N,5|대전광역시|대덕구제3선거구
대전광역시,동구제3선거구,시도의원,지역구,5,1,2,2.00,N,,N,N,N,"100154180, 100161692","이나영, 정명국","더불어민주당, 국민의힘",0,0,0,0,0,0,N,5|대전광역시|동구제3선거구
대전광역시,서구제1선거구,시도의원,지역구,5,1,2,2.00,N,,N,N,N,"100158775, 100162198","김민숙, 김진오","더불어민주당, 국민의힘",0,0,0,0,0,0,N,5|대전광역시|서구제1선거구
대전광역시,서구제2선거구,시도의원,지역구,5,1,2,2.00,N,,N,N,N,"100158188, 100161911","김영미, 김영삼","더불어민주당, 국민의힘",0,0,0,0,0,0,N,5|대전광역시|서구제2선거구
대전광역시,서구제3선거구,시도의원,지역구,5,1,2,2.00,N,,N,N,N,"100160859, 100162324","최지연, 이재경","더불어민주당, 국민의힘",0,0,1,0,0,0,N,5|대전광역시|서구제3선거구
대전광역시,서구제4선거구,시도의원,지역구,5,1,3,3.00,N,,N,N,N,"100161027, 100157235, 100158828","서다운, 송재웅, 김동석","더불어민주당, 국민의힘, 조국혁신당",0,0,1,0,0,0,N,5|대전광역시|서구제4선거구
대전광역시,서구제6선거구,시도의원,지역구,5,1,2,2.00,N,,N,N,N,"100161084, 100160486","손도선, 이한영","더불어민주당, 국민의힘",0,0,0,0,0,0,N,5|대전광역시|서구제6선거구
대전광역시,유성구제1선거구,시도의원,지역구,5,1,2,2.00,N,,N,N,N,"100161250, 100162564","김미희, 김동수","더불어민주당, 국민의힘",0,0,0,0,0,0,N,5|대전광역시|유성구제1선거구
대전광역시,중구제1선거구,시도의원,지역구,5,1,2,2.00,N,,N,N,N,"100153974, 100161800","조성칠, 박주화","더불어민주당, 국민의힘",0,0,1,0,0,0,N,5|대전광역시|중구제1선거구
대전광역시,대전광역시,시도지사,지역구,3,1,3,3.00,N,,N,N,N,"100153736, 100163200, 100153978","허태정, 이장우, 강희린","더불어민주당, 국민의힘, 개혁신당",0,0,1,0,0,0,N,3|대전광역시|대전광역시
부산광역시,부산광역시,교육감,특수(교육감·재보궐 등),11,1,3,3.00,N,,N,N,N,"100163844, 100153847, 100162788","정승윤, 최윤홍, 김석준","무소속, 무소속, 무소속",0,0,1,0,0,0,N,11|부산광역시|부산광역시
부산광역시,북구갑,국회의원(재·보궐),특수(교육감·재보궐 등),2,1,4,4.00,N,,N,N,N,"100163473, 100163284, 100164159, 100163406","하정우, 박민식, 김성근, 한동훈","더불어민주당, 국민의힘, 무소속, 무소속",0,0,0,0,0,0,N,2|부산광역시|북구갑
부산광역시,금정구,기초단체장,지역구,4,1,4,4.00,N,,N,N,N,"100155373, 100162580, 100162407, 100158700","김경지, 윤일현, 박용찬, 최봉환","더불어민주당, 국민의힘, 조국혁신당, 개혁신당",0,0,0,0,0,0,N,4|부산광역시|금정구
부산광역시,기장군,기초단체장,지역구,4,1,4,4.00,N,,N,N,N,"100159468, 100159508, 100159959, 100161285","우성빈, 정명시, 정진백, 김쌍우","더불어민주당, 국민의힘, 조국혁신당, 무소속",0,0,1,0,0,0,N,4|부산광역시|기장군
부산광역시,동래구,기초단체장,지역구,4,1,2,2.00,N,,N,N,N,"100160999, 100161689","탁영일, 장준용","더불어민주당, 국민의힘",0,0,1,0,0,0,N,4|부산광역시|동래구
부산광역시,부산진구,기초단체장,지역구,4,1,2,2.00,N,,N,N,N,"100154165, 100162205","서은숙, 김영욱","더불어민주당, 국민의힘",0,0,1,0,0,0,N,4|부산광역시|부산진구
부산광역시,사상구,기초단체장,지역구,4,1,3,3.00,N,,N,N,N,"100154522, 100157758, 100163162","서태경, 이대훈, 조병길","더불어민주당, 국민의힘, 무소속",0,0,0,0,0,0,N,4|부산광역시|사상구
부산광역시,수영구,기초단체장,지역구,4,1,3,3.00,N,,N,N,N,"100154466, 100160995, 100154671","김진, 강성태, 황진수","더불어민주당, 국민의힘, 무소속",0,0,1,0,0,0,N,4|부산광역시|수영구
부산광역시,연제구,기초단체장,지역구,4,1,3,3.00,N,,N,N,N,"100154412, 100161507, 100154415","이정식, 주석수, 노정현","더불어민주당, 국민의힘, 진보당",0,0,1,0,0,0,N,4|부산광역시|연제구
부산광역시,영도구,기초단체장,지역구,4,1,3,3.00,N,,N,N,N,"100154799, 100161385, 100162974","김철훈, 안성민, 김기재","더불어민주당, 국민의힘, 무소속",0,0,1,0,0,0,N,4|부산광역시|영도구
부산광역시,중구,기초단체장,지역구,4,1,2,2.00,N,,N,N,N,"100158114, 100162254","강희은, 최진봉","더불어민주당, 국민의힘",0,0,0,0,0,0,N,4|부산광역시|중구
부산광역시,해운대구,기초단체장,지역구,4,1,2,2.00,N,,N,N,N,"100158453, 100161620","홍순헌, 김성수","더불어민주당, 국민의힘",0,0,0,0,0,0,N,4|부산광역시|해운대구
부산광역시,강서구,기초의원비례,비례,9,1,2,2.00,N,,N,N,N,"100164843, 100164178","신나영, 남윤주","더불어민주당, 국민의힘",0,0,0,0,0,0,N,9|부산광역시|강서구
부산광역시,동구,기초의원비례,비례,9,1,2,2.00,N,,N,N,N,"100164289, 100165062","김현숙, 임해분","더불어민주당, 국민의힘",0,0,0,0,0,0,N,9|부산광역시|동구
부산광역시,사상구,기초의원비례,비례,9,1,2,2.00,N,,N,N,N,"100165192, 100165166","임경화, 김지윤","더불어민주당, 국민의힘",0,0,0,0,0,0,N,9|부산광역시|사상구
부산광역시,서구,기초의원비례,비례,9,1,2,2.00,N,,N,N,N,"100164253, 100164726","김경숙, 김수현","더불어민주당, 국민의힘",0,0,0,0,0,0,N,9|부산광역시|서구
부산광역시,수영구,기초의원비례,비례,9,1,2,2.00,N,,N,N,N,"100164391, 100165308","장서인, 김성매","더불어민주당, 국민의힘",0,0,0,0,0,0,N,9|부산광역시|수영구
부산광역시,영도구,기초의원비례,비례,9,1,2,2.00,N,,N,N,N,"100165395, 100165386","제정은, 김보경","더불어민주당, 국민의힘",0,0,1,0,0,0,N,9|부산광역시|영도구
부산광역시,중구,기초의원비례,비례,9,1,2,2.00,N,,N,N,N,"100165582, 100165307","김성경, 윤보영","더불어민주당, 국민의힘",0,0,0,0,0,0,N,9|부산광역시|중구
부산광역시,강서구제1선거구,시도의원,지역구,5,1,2,2.00,N,,N,N,N,"100157394, 100160889","강승주, 이종환","더불어민주당, 국민의힘",0,0,1,0,0,0,N,5|부산광역시|강서구제1선거구
부산광역시,금정구제1선거구,시도의원,지역구,5,1,2,2.00,N,,N,N,N,"100154683, 100159992","김지윤, 하은미","더불어민주당, 국민의힘",0,0,1,0,0,0,N,5|부산광역시|금정구제1선거구
부산광역시,금정구제2선거구,시도의원,지역구,5,1,2,2.00,N,,N,N,N,"100155126, 100158641","임성태, 이준호","더불어민주당, 국민의힘",0,0,0,0,0,0,N,5|부산광역시|금정구제2선거구
부산광역시,남구제1선거구,시도의원,지역구,5,1,2,2.00,N,,N,N,N,"100156850, 100158835","이용형, 서성부","더불어민주당, 국민의힘",0,0,1,0,0,0,N,5|부산광역시|남구제1선거구
부산광역시,남구제3선거구,시도의원,지역구,5,1,2,2.00,N,,N,N,N,"100157308, 100159918","박구슬, 성현달","더불어민주당, 국민의힘",0,0,1,0,0,0,N,5|부산광역시|남구제3선거구
부산광역시,동래구제2선거구,시도의원,지역구,5,1,2,2.00,N,,N,N,N,"100157914, 100162084","류숙현, 송우현","더불어민주당, 국민의힘",0,0,0,0,0,0,N,5|부산광역시|동래구제2선거구
부산광역시,동래구제3선거구,시도의원,지역구,5,1,2,2.00,N,,N,N,N,"100160117, 100161535","전경문, 서국보","더불어민주당, 국민의힘",0,0,1,0,0,0,N,5|부산광역시|동래구제3선거구
부산광역시,부산진구제2선거구,시도의원,지역구,5,1,3,3.00,N,,N,N,N,"100162005, 100162752, 100155694","한갑용, 이대석, 강해복","더불어민주당, 국민의힘, 무소속",0,0,1,0,0,0,N,5|부산광역시|부산진구제2선거구
부산광역시,부산진구제4선거구,시도의원,지역구,5,1,2,2.00,N,,N,N,N,"100161105, 100160879","한일태, 배영숙","더불어민주당, 국민의힘",0,0,0,0,0,0,N,5|부산광역시|부산진구제4선거구
부산광역시,북구제1선거구,시도의원,지역구,5,1,2,2.00,N,,N,N,N,"100160584, 100160102","문영남, 강영두","더불어민주당, 국민의힘",0,0,0,0,0,0,N,5|부산광역시|북구제1선거구
부산광역시,북구제2선거구,시도의원,지역구,5,1,2,2.00,N,,N,N,N,"100157364, 100158624","이순영, 김효정","더불어민주당, 국민의힘",0,0,0,0,0,0,N,5|부산광역시|북구제2선거구
부산광역시,사상구제1선거구,시도의원,지역구,5,1,2,2.00,N,,N,N,N,"100156352, 100161894","정성열, 윤태한","더불어민주당, 국민의힘",0,0,1,0,0,0,N,5|부산광역시|사상구제1선거구
부산광역시,사상구제2선거구,시도의원,지역구,5,1,2,2.00,N,,N,N,N,"100160698, 100154832","정춘희, 서경태","더불어민주당, 국민의힘",0,0,0,0,0,0,N,5|부산광역시|사상구제2선거구
부산광역시,사하구제3선거구,시도의원,지역구,5,1,2,2.00,N,,N,N,N,"100158031, 100159059","서영준, 채창섭","더불어민주당, 국민의힘",0,0,1,0,0,0,N,5|부산광역시|사하구제3선거구
부산광역시,서구제2선거구,시도의원,지역구,5,1,2,2.00,N,,N,N,N,"100156888, 100161145","조수호, 이용운","더불어민주당, 국민의힘",0,0,1,0,0,0,N,5|부산광역시|서구제2선거구
부산광역시,수영구제2선거구,시도의원,지역구,5,1,2,2.00,N,,N,N,N,"100161211, 100162625","최영아, 김보언","더불어민주당, 국민의힘",0,0,0,0,0,0,N,5|부산광역시|수영구제2선거구
부산광역시,연제구제1선거구,시도의원,지역구,5,1,3,3.00,N,,N,N,N,"100159878, 100160265, 100162314","정홍숙, 최홍찬, 유주이","더불어민주당, 국민의힘, 무소속",0,0,2,0,0,0,N,5|부산광역시|연제구제1선거구
부산광역시,연제구제2선거구,시도의원,지역구,5,1,2,2.00,N,,N,N,N,"100159890, 100157786","권성하, 이열","더불어민주당, 국민의힘",0,0,0,0,0,0,N,5|부산광역시|연제구제2선거구
부산광역시,영도구제1선거구,시도의원,지역구,5,1,2,2.00,N,,N,N,N,"100155796, 100161103","홍희철, 김은명","더불어민주당, 국민의힘",0,0,1,0,0,0,N,5|부산광역시|영도구제1선거구
부산광역시,해운대구제2선거구,시도의원,지역구,5,1,2,2.00,N,,N,N,N,"100159191, 100160894","최은영, 임말숙","더불어민주당, 국민의힘",0,0,0,0,0,0,N,5|부산광역시|해운대구제2선거구
부산광역시,해운대구제3선거구,시도의원,지역구,5,1,2,2.00,N,,N,N,N,"100160409, 100160619","이상곤, 김태효","더불어민주당, 국민의힘",0,0,0,0,0,0,N,5|부산광역시|해운대구제3선거구
부산광역시,해운대구제4선거구,시도의원,지역구,5,1,2,2.00,N,,N,N,N,"100155548, 100158975","윤영동, 강무길","더불어민주당, 국민의힘",0,0,0,0,0,0,N,5|부산광역시|해운대구제4선거구
서울특별시,강남구,기초단체장,지역구,4,1,2,2.00,N,,N,N,N,"100157718, 100158841","김형곤, 김현기","더불어민주당, 국민의힘",0,0,0,0,0,0,N,4|서울특별시|강남구
서울특별시,강동구,기초단체장,지역구,4,1,3,3.00,N,,N,N,N,"100154374, 100163194, 100157173","김종무, 이수희, 이용우","더불어민주당, 국민의힘, 개혁신당",0,0,0,0,0,0,N,4|서울특별시|강동구
서울특별시,광진구,기초단체장,지역구,4,1,2,2.00,N,,N,N,N,"100155529, 100162595","문종철, 김경호","더불어민주당, 국민의힘",0,0,1,0,0,0,N,4|서울특별시|광진구
서울특별시,구로구,기초단체장,지역구,4,1,2,2.00,N,,N,N,N,"100163864, 100162222","장인홍, 홍덕희","더불어민주당, 국민의힘",0,0,0,0,0,0,N,4|서울특별시|구로구
서울특별시,금천구,기초단체장,지역구,4,1,2,2.00,N,,N,N,N,"100160192, 100161473","최기찬, 이희권","더불어민주당, 국민의힘",0,0,0,0,0,0,N,4|서울특별시|금천구
서울특별시,노원구,기초단체장,지역구,4,1,2,2.00,N,,N,N,N,"100155624, 100163127","서준오, 김광수","더불어민주당, 국민의힘",0,0,1,0,0,0,N,4|서울특별시|노원구
서울특별시,도봉구,기초단체장,지역구,4,1,2,2.00,N,,N,N,N,"100154007, 100162870","김동욱, 오언석","더불어민주당, 국민의힘",0,0,1,0,0,0,N,4|서울특별시|도봉구
서울특별시,마포구,기초단체장,지역구,4,1,2,2.00,N,,N,N,N,"100154576, 100162253","유동균, 박강수","더불어민주당, 국민의힘",0,0,1,0,0,0,N,4|서울특별시|마포구
서울특별시,서대문구,기초단체장,지역구,4,1,2,2.00,N,,N,N,N,"100154445, 100163662","박운기, 이성헌","더불어민주당, 국민의힘",0,0,0,0,0,0,N,4|서울특별시|서대문구
서울특별시,송파구,기초단체장,지역구,4,1,2,2.00,N,,N,N,N,"100155375, 100160360","조재희, 서강석","더불어민주당, 국민의힘",0,0,0,0,0,0,N,4|서울특별시|송파구
서울특별시,양천구,기초단체장,지역구,4,1,2,2.00,N,,N,N,N,"100158135, 100162646","우형찬, 이기재","더불어민주당, 국민의힘",0,0,1,0,0,0,N,4|서울특별시|양천구
서울특별시,영등포구,기초단체장,지역구,4,1,2,2.00,N,,N,N,N,"100155777, 100156463","조유진, 최웅식","더불어민주당, 국민의힘",0,0,0,0,0,0,N,4|서울특별시|영등포구
서울특별시,용산구,기초단체장,지역구,4,1,3,3.00,N,,N,N,N,"100155683, 100154458, 100156780","강태웅, 김경대, 김윤재","더불어민주당, 국민의힘, 개혁신당",0,0,0,0,0,0,N,4|서울특별시|용산구
서울특별시,은평구,기초단체장,지역구,4,1,2,2.00,N,,N,N,N,"100163092, 100156220","김미경, 남기정","더불어민주당, 국민의힘",0,0,0,0,0,0,N,4|서울특별시|은평구
서울특별시,종로구,기초단체장,지역구,4,1,2,2.00,N,,N,N,N,"100154016, 100163635","유찬종, 정문헌","더불어민주당, 국민의힘",0,0,1,0,0,0,N,4|서울특별시|종로구
서울특별시,중구,기초단체장,지역구,4,1,3,3.00,N,,N,N,N,"100154189, 100163124, 100157792","이동현, 김길성, 길기영","더불어민주당, 국민의힘, 개혁신당",0,0,1,0,0,0,N,4|서울특별시|중구
서울특별시,금천구,기초의원비례,비례,9,1,3,3.00,N,,N,N,N,"100165702, 100165706, 100165262","이은영, 김혜경, 황수진","더불어민주당, 더불어민주당, 국민의힘",0,0,0,0,0,0,N,9|서울특별시|금천구
서울특별시,중구,기초의원비례,비례,9,1,2,2.00,N,,N,N,N,"100164069, 100164207","강운희, 오서희","더불어민주당, 국민의힘",0,0,0,0,0,0,N,9|서울특별시|중구
서울특별시,강남구제1선거구,시도의원,지역구,5,1,3,3.00,N,,N,N,N,"100162988, 100165014, 100160340","민경희, 강인수, 김선경","국민의힘, 개혁신당, 진보당",0,0,1,0,0,0,N,5|서울특별시|강남구제1선거구
서울특별시,강남구제2선거구,시도의원,지역구,5,1,3,3.00,N,,N,N,N,"100158065, 100163521, 100163601","황선수, 강신욱, 명경백","더불어민주당, 국민의힘, 무소속",0,0,0,0,0,0,N,5|서울특별시|강남구제2선거구
서울특별시,강남구제4선거구,시도의원,지역구,5,1,4,4.00,N,,N,N,N,"100163504, 100163088, 100163922, 100160336","안형순, 유만희, 강득형, 정준모","더불어민주당, 국민의힘, 개혁신당, 진보당",0,0,1,0,0,0,N,5|서울특별시|강남구제4선거구
서울특별시,강남구제5선거구,시도의원,지역구,5,1,2,2.00,N,,N,N,N,"100156019, 100162267","김숭선, 이도희","더불어민주당, 국민의힘",0,0,1,0,0,0,N,5|서울특별시|강남구제5선거구
서울특별시,강남구제6선거구,시도의원,지역구,5,1,2,2.00,N,,N,N,N,"100162504, 100162405","김영빈, 김길영","더불어민주당, 국민의힘",0,0,1,0,0,0,N,5|서울특별시|강남구제6선거구
서울특별시,강동구제1선거구,시도의원,지역구,5,1,2,2.00,N,,N,N,N,"100160167, 100160300","이희동, 남효선","더불어민주당, 국민의힘",0,0,1,0,0,0,N,5|서울특별시|강동구제1선거구
서울특별시,강동구제2선거구,시도의원,지역구,5,1,3,3.00,N,,N,N,N,"100159909, 100161625, 100161556","김남현, 박춘선, 이종태","더불어민주당, 국민의힘, 개혁신당",0,0,1,0,0,0,N,5|서울특별시|강동구제2선거구
서울특별시,강동구제3선거구,시도의원,지역구,5,1,2,2.00,N,,N,N,N,"100157801, 100163154","이준형, 김현석","더불어민주당, 국민의힘",0,0,1,0,0,0,N,5|서울특별시|강동구제3선거구
서울특별시,강동구제5선거구,시도의원,지역구,5,1,2,2.00,N,,N,N,N,"100157857, 100162886","황인구, 김영철","더불어민주당, 국민의힘",0,0,1,0,0,0,N,5|서울특별시|강동구제5선거구
서울특별시,강북구제2선거구,시도의원,지역구,5,1,2,2.00,N,,N,N,N,"100163030, 100161863","이상훈, 정초립","더불어민주당, 국민의힘",0,0,1,0,0,0,N,5|서울특별시|강북구제2선거구
서울특별시,강북구제3선거구,시도의원,지역구,5,1,2,2.00,N,,N,N,N,"100159004, 100162173","곽인혜, 한수종","더불어민주당, 국민의힘",0,0,0,0,0,0,N,5|서울특별시|강북구제3선거구
서울특별시,강북구제4선거구,시도의원,지역구,5,1,4,4.00,N,,N,N,N,"100161353, 100158591, 100165755, 100161472","허광행, 강경덕, 문모은, 이승원","더불어민주당, 국민의힘, 개혁신당, 무소속",0,0,0,0,0,0,N,5|서울특별시|강북구제4선거구
서울특별시,강서구제1선거구,시도의원,지역구,5,1,2,2.00,N,,N,N,N,"100160720, 100162355","고찬양, 한지산","더불어민주당, 국민의힘",0,0,0,0,0,0,N,5|서울특별시|강서구제1선거구
서울특별시,강서구제2선거구,시도의원,지역구,5,1,2,2.00,N,,N,N,N,"100161000, 100163168","장상기, 강석주","더불어민주당, 국민의힘",0,0,1,0,0,0,N,5|서울특별시|강서구제2선거구
서울특별시,강서구제3선거구,시도의원,지역구,5,1,2,2.00,N,,N,N,N,"100156025, 100162425","박계홍, 최진혁","더불어민주당, 국민의힘",0,0,1,0,0,0,N,5|서울특별시|강서구제3선거구
서울특별시,강서구제4선거구,시도의원,지역구,5,1,2,2.00,N,,N,N,N,"100155813, 100160613","송순효, 김춘곤","더불어민주당, 국민의힘",0,0,1,0,0,0,N,5|서울특별시|강서구제4선거구
서울특별시,광진구제1선거구,시도의원,지역구,5,1,2,2.00,N,,N,N,N,"100157253, 100156840","김회근, 손정수","더불어민주당, 국민의힘",0,0,0,0,0,0,N,5|서울특별시|광진구제1선거구
서울특별시,광진구제2선거구,시도의원,지역구,5,1,2,2.00,N,,N,N,N,"100155982, 100161403","최두호, 박성연","더불어민주당, 국민의힘",0,0,0,0,0,0,N,5|서울특별시|광진구제2선거구
서울특별시,광진구제4선거구,시도의원,지역구,5,1,2,2.00,N,,N,N,N,"100158022, 100162962","김창현, 전은혜","더불어민주당, 국민의힘",0,0,1,0,0,0,N,5|서울특별시|광진구제4선거구
서울특별시,구로구제2선거구,시도의원,지역구,5,1,2,2.00,N,,N,N,N,"100157846, 100163393","김인제, 최현석","더불어민주당, 국민의힘",0,0,0,0,0,0,N,5|서울특별시|구로구제2선거구
서울특별시,구로구제3선거구,시도의원,지역구,5,1,2,2.00,N,,N,N,N,"100157981, 100161985","박무영, 박용순","더불어민주당, 국민의힘",0,0,0,0,0,0,N,5|서울특별시|구로구제3선거구
서울특별시,금천구제1선거구,시도의원,지역구,5,1,2,2.00,N,,N,N,N,"100161564, 100157655","이인식, 손민지","더불어민주당, 국민의힘",0,0,0,0,0,0,N,5|서울특별시|금천구제1선거구
서울특별시,금천구제2선거구,시도의원,지역구,5,1,2,2.00,N,,N,N,N,"100157403, 100158562","박희정, 오봉수","더불어민주당, 국민의힘",0,0,0,0,0,0,N,5|서울특별시|금천구제2선거구
서울특별시,노원구제1선거구,시도의원,지역구,5,1,2,2.00,N,,N,N,N,"100160191, 100161572","박이강, 신동원","더불어민주당, 국민의힘",0,0,0,0,0,0,N,5|서울특별시|노원구제1선거구
서울특별시,노원구제2선거구,시도의원,지역구,5,1,2,2.00,N,,N,N,N,"100158104, 100154927","오금란, 유룻","더불어민주당, 진보당",0,0,0,0,0,0,N,5|서울특별시|노원구제2선거구
서울특별시,노원구제3선거구,시도의원,지역구,5,1,2,2.00,N,,N,N,N,"100161009, 100158433","봉양순, 김수정","더불어민주당, 진보당",0,0,0,0,0,0,N,5|서울특별시|노원구제3선거구
서울특별시,노원구제4선거구,시도의원,지역구,5,1,3,3.00,N,,N,N,N,"100160210, 100163489, 100158445","노연수, 함수연, 한다영","더불어민주당, 국민의힘, 진보당",0,0,1,0,0,0,N,5|서울특별시|노원구제4선거구
서울특별시,노원구제6선거구,시도의원,지역구,5,1,2,2.00,N,,N,N,N,"100159006, 100163402","김준성, 어정화","더불어민주당, 국민의힘",0,0,0,0,0,0,N,5|서울특별시|노원구제6선거구
서울특별시,도봉구제1선거구,시도의원,지역구,5,1,2,2.00,N,,N,N,N,"100154980, 100155547","이영숙, 이경숙","더불어민주당, 국민의힘",0,0,0,0,0,0,N,5|서울특별시|도봉구제1선거구
서울특별시,도봉구제3선거구,시도의원,지역구,5,1,2,2.00,N,,N,N,N,"100154485, 100156438","유기훈, 박석","더불어민주당, 국민의힘",0,0,1,0,0,0,N,5|서울특별시|도봉구제3선거구
서울특별시,도봉구제4선거구,시도의원,지역구,5,1,2,2.00,N,,N,N,N,"100156977, 100154601","홍은정, 이은림","더불어민주당, 국민의힘",0,0,0,0,0,0,N,5|서울특별시|도봉구제4선거구
서울특별시,동대문구제1선거구,시도의원,지역구,5,1,2,2.00,N,,N,N,N,"100158566, 100161023","이영남, 이병윤","더불어민주당, 국민의힘",0,0,1,0,0,0,N,5|서울특별시|동대문구제1선거구
서울특별시,동대문구제2선거구,시도의원,지역구,5,1,3,3.00,N,,N,N,N,"100154143, 100161593, 100161748","오중석, 심미경, 이승효","더불어민주당, 국민의힘, 진보당",0,0,0,0,0,0,N,5|서울특별시|동대문구제2선거구
서울특별시,동대문구제3선거구,시도의원,지역구,5,1,3,3.00,N,,N,N,N,"100157358, 100160848, 100161500","이의안, 남궁역, 박종진","더불어민주당, 국민의힘, 진보당",0,0,0,0,0,0,N,5|서울특별시|동대문구제3선거구
서울특별시,동대문구제4선거구,시도의원,지역구,5,1,2,2.00,N,,N,N,N,"100157344, 100159239","박규남, 신복자","더불어민주당, 국민의힘",0,0,0,0,0,0,N,5|서울특별시|동대문구제4선거구
서울특별시,동작구제4선거구,시도의원,지역구,5,1,2,2.00,N,,N,N,N,"100155647, 100159976","유용, 이희원","더불어민주당, 국민의힘",0,0,0,0,0,0,N,5|서울특별시|동작구제4선거구
서울특별시,마포구제1선거구,시도의원,지역구,5,1,3,3.00,N,,N,N,N,"100160550, 100160030, 100159195","고병준, 이민석, 이현숙","더불어민주당, 국민의힘, 진보당",0,0,1,0,0,0,N,5|서울특별시|마포구제1선거구
서울특별시,마포구제2선거구,시도의원,지역구,5,1,2,2.00,N,,N,N,N,"100158046, 100158640","한기영, 이효원","더불어민주당, 국민의힘",0,0,0,0,0,0,N,5|서울특별시|마포구제2선거구
서울특별시,마포구제4선거구,시도의원,지역구,5,1,2,2.00,N,,N,N,N,"100157477, 100163400","김기덕, 한정민","더불어민주당, 국민의힘",0,0,0,0,0,0,N,5|서울특별시|마포구제4선거구
서울특별시,서대문구제1선거구,시도의원,지역구,5,1,4,4.00,N,,N,N,N,"100160113, 100157723, 100160198, 100157366","이동화, 정지웅, 주이삭, 이해지","더불어민주당, 국민의힘, 개혁신당, 진보당",0,0,1,0,0,0,N,5|서울특별시|서대문구제1선거구
서울특별시,서대문구제2선거구,시도의원,지역구,5,1,3,3.00,N,,N,N,N,"100156361, 100162416, 100158918","김호진, 문성호, 원은정","더불어민주당, 국민의힘, 진보당",0,0,0,0,0,0,N,5|서울특별시|서대문구제2선거구
서울특별시,서대문구제3선거구,시도의원,지역구,5,1,3,3.00,N,,N,N,N,"100162299, 100161118, 100156558","이승미, 홍정희, 안다미","더불어민주당, 국민의힘, 진보당",0,0,0,0,0,0,N,5|서울특별시|서대문구제3선거구
서울특별시,서대문구제4선거구,시도의원,지역구,5,1,2,2.00,N,,N,N,N,"100155130, 100158338","이용구, 전예은","더불어민주당, 국민의힘",0,0,0,0,0,0,N,5|서울특별시|서대문구제4선거구
서울특별시,서초구제2선거구,시도의원,지역구,5,1,2,2.00,N,,N,N,N,"100159377, 100162257","박재형, 이숙자","더불어민주당, 국민의힘",0,0,0,0,0,0,N,5|서울특별시|서초구제2선거구
서울특별시,서초구제4선거구,시도의원,지역구,5,1,2,2.00,N,,N,N,N,"100162181, 100162016","이완형, 이효진","더불어민주당, 국민의힘",0,0,0,0,0,0,N,5|서울특별시|서초구제4선거구
서울특별시,성동구제1선거구,시도의원,지역구,5,1,3,3.00,N,,N,N,N,"100161767, 100157773, 100158694","박성근, 박중화, 안중현","더불어민주당, 국민의힘, 진보당",0,0,1,0,0,0,N,5|서울특별시|성동구제1선거구
서울특별시,성동구제2선거구,시도의원,지역구,5,1,3,3.00,N,,N,N,N,"100155437, 100161933, 100161367","김현우, 구미경, 신종훈","더불어민주당, 국민의힘, 진보당",0,0,1,0,0,0,N,5|서울특별시|성동구제2선거구
서울특별시,성동구제3선거구,시도의원,지역구,5,1,2,2.00,N,,N,N,N,"100162956, 100163206","이민옥, 이현숙","더불어민주당, 국민의힘",0,0,1,0,0,0,N,5|서울특별시|성동구제3선거구
서울특별시,성동구제4선거구,시도의원,지역구,5,1,3,3.00,N,,N,N,N,"100162043, 100163079, 100161629","김현주, 황철규, 강혜진","더불어민주당, 국민의힘, 진보당",0,0,2,0,0,0,N,5|서울특별시|성동구제4선거구
서울특별시,성북구제2선거구,시도의원,지역구,5,1,2,2.00,N,,N,N,N,"100161506, 100157910","목소영, 김종길","더불어민주당, 국민의힘",0,0,0,0,0,0,N,5|서울특별시|성북구제2선거구
서울특별시,성북구제3선거구,시도의원,지역구,5,1,2,2.00,N,,N,N,N,"100162229, 100163155","강동길, 권민성","더불어민주당, 국민의힘",0,0,0,0,0,0,N,5|서울특별시|성북구제3선거구
서울특별시,성북구제4선거구,시도의원,지역구,5,1,2,2.00,N,,N,N,N,"100160148, 100163133","이소라, 김태수","더불어민주당, 국민의힘",0,0,0,0,0,0,N,5|서울특별시|성북구제4선거구
서울특별시,송파구제1선거구,시도의원,지역구,5,1,2,2.00,N,,N,N,N,"100161454, 100158083","김정열, 윤유진","더불어민주당, 국민의힘",0,0,0,0,0,0,N,5|서울특별시|송파구제1선거구
서울특별시,송파구제2선거구,시도의원,지역구,5,1,2,2.00,N,,N,N,N,"100161273, 100161583","정주리, 김광철","더불어민주당, 국민의힘",0,0,0,0,0,0,N,5|서울특별시|송파구제2선거구
서울특별시,송파구제3선거구,시도의원,지역구,5,1,2,2.00,N,,N,N,N,"100161150, 100161592","박종현, 임춘대","더불어민주당, 국민의힘",0,0,0,0,0,0,N,5|서울특별시|송파구제3선거구
서울특별시,송파구제4선거구,시도의원,지역구,5,1,2,2.00,N,,N,N,N,"100157553, 100162427","이진용, 이성배","더불어민주당, 국민의힘",0,0,0,0,0,0,N,5|서울특별시|송파구제4선거구
서울특별시,송파구제5선거구,시도의원,지역구,5,1,3,3.00,N,,N,N,N,"100161322, 100162862, 100156436","정진철, 유정인, 이용우","더불어민주당, 국민의힘, 진보당",0,0,1,0,0,0,N,5|서울특별시|송파구제5선거구
서울특별시,송파구제6선거구,시도의원,지역구,5,1,3,3.00,N,,N,N,N,"100161348, 100156359, 100158089","신영재, 이수진, 이규랑","더불어민주당, 국민의힘, 진보당",0,0,0,0,0,0,N,5|서울특별시|송파구제6선거구
서울특별시,양천구제1선거구,시도의원,지역구,5,1,2,2.00,N,,N,N,N,"100157576, 100160593","최재란, 이재식","더불어민주당, 국민의힘",0,0,0,0,0,0,N,5|서울특별시|양천구제1선거구
서울특별시,양천구제2선거구,시도의원,지역구,5,1,2,2.00,N,,N,N,N,"100158933, 100162353","윤종철, 송건우","더불어민주당, 국민의힘",0,0,0,0,0,0,N,5|서울특별시|양천구제2선거구
서울특별시,양천구제3선거구,시도의원,지역구,5,1,2,2.00,N,,N,N,N,"100155059, 100162552","이광희, 주광호","더불어민주당, 국민의힘",0,0,0,0,0,0,N,5|서울특별시|양천구제3선거구
서울특별시,양천구제4선거구,시도의원,지역구,5,1,2,2.00,N,,N,N,N,"100158869, 100162899","옥동준, 강재훈","더불어민주당, 국민의힘",0,0,0,0,0,0,N,5|서울특별시|양천구제4선거구
서울특별시,영등포구제1선거구,시도의원,지역구,5,1,2,2.00,N,,N,N,N,"100158103, 100161306","고기판, 김재진","더불어민주당, 국민의힘",0,0,1,0,0,0,N,5|서울특별시|영등포구제1선거구
서울특별시,영등포구제2선거구,시도의원,지역구,5,1,3,3.00,N,,N,N,N,"100160872, 100161865, 100165655","전승관, 김종길, 한범수","더불어민주당, 국민의힘, 개혁신당",0,0,1,0,0,0,N,5|서울특별시|영등포구제2선거구
서울특별시,영등포구제4선거구,시도의원,지역구,5,1,2,2.00,N,,N,N,N,"100161398, 100160917","양송이, 김지향","더불어민주당, 국민의힘",0,0,0,0,0,0,N,5|서울특별시|영등포구제4선거구
서울특별시,은평구제3선거구,시도의원,지역구,5,1,2,2.00,N,,N,N,N,"100155930, 100160942","박유진, 김영웅","더불어민주당, 국민의힘",0,0,0,0,0,0,N,5|서울특별시|은평구제3선거구
서울특별시,은평구제4선거구,시도의원,지역구,5,1,3,3.00,N,,N,N,N,"100155911, 100161898, 100161447","이현찬, 신봉규, 백은지","더불어민주당, 국민의힘, 진보당",0,0,0,0,0,0,N,5|서울특별시|은평구제4선거구
서울특별시,종로구제1선거구,시도의원,지역구,5,1,3,3.00,N,,N,N,N,"100157111, 100160207, 100162134","윤선희, 이응주, 조진서","더불어민주당, 국민의힘, 무소속",0,0,0,0,0,0,N,5|서울특별시|종로구제1선거구
서울특별시,중구제1선거구,시도의원,지역구,5,1,3,3.00,N,,N,N,N,"100161770, 100162292, 100160970","박순규, 이정미, 이희온","더불어민주당, 국민의힘, 진보당",0,0,1,0,0,0,N,5|서울특별시|중구제1선거구
서울특별시,중구제2선거구,시도의원,지역구,5,1,3,3.00,N,,N,N,N,"100160194, 100160761, 100160499","송재천, 윤수혁, 김지혜","더불어민주당, 국민의힘, 진보당",0,0,0,0,0,0,N,5|서울특별시|중구제2선거구
서울특별시,중랑구제1선거구,시도의원,지역구,5,1,2,2.00,N,,N,N,N,"100162098, 100162746","이영실, 남궁일주","더불어민주당, 국민의힘",0,0,0,0,0,0,N,5|서울특별시|중랑구제1선거구
서울특별시,중랑구제2선거구,시도의원,지역구,5,1,3,3.00,N,,N,N,N,"100161099, 100162793, 100163572","임규호, 박예진, 정윤서","더불어민주당, 국민의힘, 진보당",0,0,0,0,0,0,N,5|서울특별시|중랑구제2선거구
서울특별시,중랑구제3선거구,시도의원,지역구,5,1,2,2.00,N,,N,N,N,"100161738, 100158827","박승진, 김미연","더불어민주당, 진보당",0,0,0,0,0,0,N,5|서울특별시|중랑구제3선거구
서울특별시,중랑구제4선거구,시도의원,지역구,5,1,4,4.00,N,,N,N,N,"100155395, 100162837, 100163621, 100156235","최형규, 전유정, 김도영, 민병주","더불어민주당, 국민의힘, 진보당, 무소속",0,0,0,0,0,0,N,5|서울특별시|중랑구제4선거구
서울특별시,서울특별시,시도지사,지역구,3,1,6,6.00,N,,N,N,N,"100157144, 100162984, 100158541, 100162632, 100162642, 100162720","정원오, 오세훈, 김정철, 유지혜, 이강산, 권영국","더불어민주당, 국민의힘, 개혁신당, 여성의당, 자유통일당, 정의당",0,0,2,0,0,0,N,3|서울특별시|서울특별시
세종특별자치시,세종특별자치시제10선거구,시도의원,지역구,5,1,2,2.00,N,,N,N,N,"100163082, 100156639","박범종, 이규영","더불어민주당, 국민의힘",0,0,0,0,0,0,N,5|세종특별자치시|세종특별자치시제10선거구
세종특별자치시,세종특별자치시제13선거구,시도의원,지역구,5,1,3,3.00,N,,N,N,N,"100161086, 100154039, 100158768","유인호, 박윤경, 이계호","더불어민주당, 국민의힘, 자유와혁신",0,0,1,0,0,0,N,5|세종특별자치시|세종특별자치시제13선거구
세종특별자치시,세종특별자치시제15선거구,시도의원,지역구,5,1,2,2.00,N,,N,N,N,"100154056, 100154286","김창연, 이미경","더불어민주당, 국민의힘",0,0,0,0,0,0,N,5|세종특별자치시|세종특별자치시제15선거구
세종특별자치시,세종특별자치시제16선거구,시도의원,지역구,5,1,2,2.00,N,,N,N,N,"100160899, 100154061","김동호, 정영원","더불어민주당, 국민의힘",0,0,1,0,0,0,N,5|세종특별자치시|세종특별자치시제16선거구
세종특별자치시,세종특별자치시제17선거구,시도의원,지역구,5,1,2,2.00,N,,N,N,N,"100154070, 100157128","손인수, 한민정","더불어민주당, 국민의힘",0,0,0,0,0,0,N,5|세종특별자치시|세종특별자치시제17선거구
세종특별자치시,세종특별자치시제3선거구,시도의원,지역구,5,1,2,2.00,N,,N,N,N,"100156507, 100161077","황관영, 김동빈","더불어민주당, 국민의힘",0,0,1,0,0,0,N,5|세종특별자치시|세종특별자치시제3선거구
세종특별자치시,세종특별자치시제5선거구,시도의원,지역구,5,1,2,2.00,N,,N,N,N,"100154127, 100154123","김종철, 김학서","더불어민주당, 국민의힘",0,0,0,0,0,0,N,5|세종특별자치시|세종특별자치시제5선거구
세종특별자치시,세종특별자치시제7선거구,시도의원,지역구,5,1,2,2.00,N,,N,N,N,"100160431, 100154316","이순열, 최원석","더불어민주당, 국민의힘",0,0,0,0,0,0,N,5|세종특별자치시|세종특별자치시제7선거구
세종특별자치시,세종특별자치시제8선거구,시도의원,지역구,5,1,2,2.00,N,,N,N,N,"100160800, 100161295","김효숙, 정성헌","더불어민주당, 국민의힘",0,0,0,0,0,0,N,5|세종특별자치시|세종특별자치시제8선거구
세종특별자치시,세종특별자치시제9선거구,시도의원,지역구,5,1,2,2.00,N,,N,N,N,"100154102, 100164332","박병남, 문찬우","더불어민주당, 국민의힘",0,0,0,0,0,0,N,5|세종특별자치시|세종특별자치시제9선거구
세종특별자치시,세종특별자치시,시도지사,지역구,3,1,3,3.00,N,,N,N,N,"100153754, 100161690, 100158883","조상호, 최민호, 하헌휘","더불어민주당, 국민의힘, 개혁신당",0,0,0,0,0,0,N,3|세종특별자치시|세종특별자치시
울산광역시,북구,기초단체장,지역구,4,1,2,2.00,N,,N,N,N,"100154368, 100163315","이동권, 박천동","더불어민주당, 국민의힘",0,0,0,0,0,0,N,4|울산광역시|북구
울산광역시,중구,기초의원비례,비례,9,1,3,3.00,N,,N,N,N,"100164611, 100164610, 100164613","박정원, 엄희순, 노정자","더불어민주당, 국민의힘, 국민의힘",0,0,0,0,0,0,N,9|울산광역시|중구
울산광역시,남구제1선거구,시도의원,지역구,5,1,3,3.00,N,,N,N,N,"100162064, 100161182, 100160478","안창률, 박용걸, 양수경","더불어민주당, 국민의힘, 진보당",0,0,0,0,0,0,N,5|울산광역시|남구제1선거구
울산광역시,동구제1선거구,시도의원,지역구,5,1,3,3.00,N,,N,N,N,"100155161, 100159966, 100155430","전영희, 박은심, 권기백","더불어민주당, 국민의힘, 진보당",0,0,1,0,0,0,N,5|울산광역시|동구제1선거구
울산광역시,동구제3선거구,시도의원,지역구,5,1,3,3.00,N,,N,N,N,"100157289, 100156326, 100155434","김형근, 이현준, 이은주","더불어민주당, 국민의힘, 진보당",0,0,2,0,0,0,N,5|울산광역시|동구제3선거구
울산광역시,북구제3선거구,시도의원,지역구,5,1,3,3.00,N,,N,N,N,"100161595, 100161002, 100156280","임채오, 백현조, 강진희","더불어민주당, 국민의힘, 진보당",0,0,2,0,0,0,N,5|울산광역시|북구제3선거구
울산광역시,중구제4선거구,시도의원,지역구,5,1,2,2.00,N,,N,N,N,"100157543, 100160124","손명희, 강혜순","더불어민주당, 국민의힘",0,0,0,0,0,0,N,5|울산광역시|중구제4선거구
인천광역시,미추홀구,기초단체장,지역구,4,1,2,2.00,N,,N,N,N,"100156594, 100163246","김정식, 이영훈","더불어민주당, 국민의힘",0,0,2,0,0,0,N,4|인천광역시|미추홀구
인천광역시,옹진군,기초단체장,지역구,4,1,2,2.00,N,,N,N,N,"100160566, 100162743","장정민, 문경복","더불어민주당, 국민의힘",0,0,0,0,0,0,N,4|인천광역시|옹진군
인천광역시,제물포구,기초단체장,지역구,4,1,2,2.00,N,,N,N,N,"100157497, 100162900","남궁형, 김찬진","더불어민주당, 국민의힘",0,0,0,0,0,0,N,4|인천광역시|제물포구
인천광역시,강화군,기초의원비례,비례,9,1,2,2.00,N,,N,N,N,"100164560, 100164084","박승주, 한진희","더불어민주당, 국민의힘",0,0,0,0,0,0,N,9|인천광역시|강화군
인천광역시,계양구,기초의원비례,비례,9,1,2,2.00,N,,N,N,N,"100165462, 100165445","김윤경, 박연자","더불어민주당, 국민의힘",0,0,0,0,0,0,N,9|인천광역시|계양구
인천광역시,영종구,기초의원비례,비례,9,1,2,2.00,N,,N,N,N,"100165039, 100165724","조현정, 이경자","더불어민주당, 국민의힘",0,0,0,0,0,0,N,9|인천광역시|영종구
인천광역시,옹진군,기초의원비례,비례,9,1,2,2.00,N,,N,N,N,"100164226, 100165353","서은미, 서희경","더불어민주당, 국민의힘",0,0,0,0,0,0,N,9|인천광역시|옹진군
인천광역시,강화군선거구,시도의원,지역구,5,1,2,2.00,N,,N,N,N,"100157418, 100162006","강창훈, 윤재상","더불어민주당, 국민의힘",0,0,0,0,0,0,N,5|인천광역시|강화군선거구
인천광역시,검단구제2선거구,시도의원,지역구,5,1,2,2.00,N,,N,N,N,"100163686, 100162339","이순학, 신충식","더불어민주당, 무소속",0,0,1,0,0,0,N,5|인천광역시|검단구제2선거구
인천광역시,계양구제1선거구,시도의원,지역구,5,1,2,2.00,N,,N,N,N,"100161151, 100156952","조성환, 김보성","더불어민주당, 국민의힘",0,0,1,0,0,0,N,5|인천광역시|계양구제1선거구
인천광역시,계양구제4선거구,시도의원,지역구,5,1,2,2.00,N,,N,N,N,"100161902, 100161357","문세종, 이정호","더불어민주당, 국민의힘",0,0,1,0,0,0,N,5|인천광역시|계양구제4선거구
인천광역시,남동구제3선거구,시도의원,지역구,5,1,3,3.00,N,,N,N,N,"100154295, 100155903, 100155090","이오상, 문종관, 노경진","더불어민주당, 국민의힘, 진보당",0,0,1,0,0,0,N,5|인천광역시|남동구제3선거구
인천광역시,남동구제4선거구,시도의원,지역구,5,1,2,2.00,N,,N,N,N,"100154349, 100163347","조성민, 신동섭","더불어민주당, 국민의힘",0,0,1,0,0,0,N,5|인천광역시|남동구제4선거구
인천광역시,남동구제5선거구,시도의원,지역구,5,1,2,2.00,N,,N,N,N,"100158898, 100160511","이연주, 이유경","더불어민주당, 국민의힘",0,0,0,0,0,0,N,5|인천광역시|남동구제5선거구
인천광역시,미추홀구제1선거구,시도의원,지역구,5,1,2,2.00,N,,N,N,N,"100156965, 100156960","이수현, 최백규","더불어민주당, 국민의힘",0,0,1,0,0,0,N,5|인천광역시|미추홀구제1선거구
인천광역시,미추홀구제2선거구,시도의원,지역구,5,1,2,2.00,N,,N,N,N,"100159011, 100156024","김오현, 이주형","더불어민주당, 국민의힘",0,0,0,0,0,0,N,5|인천광역시|미추홀구제2선거구
인천광역시,미추홀구제4선거구,시도의원,지역구,5,1,2,2.00,N,,N,N,N,"100154939, 100162091","강정선, 김성호","더불어민주당, 국민의힘",0,0,0,0,0,0,N,5|인천광역시|미추홀구제4선거구
인천광역시,부평구제4선거구,시도의원,지역구,5,1,2,2.00,N,,N,N,N,"100154698, 100158434","신진영, 홍석규","더불어민주당, 국민의힘",0,0,0,0,0,0,N,5|인천광역시|부평구제4선거구
인천광역시,서구제3선거구,시도의원,지역구,5,1,2,2.00,N,,N,N,N,"100155650, 100161214","최병은, 유은희","더불어민주당, 국민의힘",0,0,1,0,0,0,N,5|인천광역시|서구제3선거구
인천광역시,연수구제1선거구,시도의원,지역구,5,1,2,2.00,N,,N,N,N,"100156080, 100163125","장시춘, 정해권","더불어민주당, 국민의힘",0,0,1,0,0,0,N,5|인천광역시|연수구제1선거구
인천광역시,연수구제3선거구,시도의원,지역구,5,1,2,2.00,N,,N,N,N,"100160976, 100161512","정보현, 유승분","더불어민주당, 국민의힘",0,0,0,0,0,0,N,5|인천광역시|연수구제3선거구
인천광역시,연수구제4선거구,시도의원,지역구,5,1,2,2.00,N,,N,N,N,"100154659, 100155783","조민경, 송인창","더불어민주당, 국민의힘",0,0,0,0,0,0,N,5|인천광역시|연수구제4선거구
인천광역시,연수구제6선거구,시도의원,지역구,5,1,2,2.00,N,,N,N,N,"100157373, 100163157","정채훈, 서정호","더불어민주당, 국민의힘",0,0,0,0,0,0,N,5|인천광역시|연수구제6선거구
인천광역시,옹진군선거구,시도의원,지역구,5,1,3,3.00,N,,N,N,N,"100157602, 100161332, 100160783","백종빈, 신영희, 장경석","더불어민주당, 국민의힘, 개혁신당",0,0,0,0,0,0,N,5|인천광역시|옹진군선거구
인천광역시,제물포구제2선거구,시도의원,지역구,5,1,2,2.00,N,,N,N,N,"100157709, 100163239","장수진, 허식","더불어민주당, 국민의힘",0,0,0,0,0,0,N,5|인천광역시|제물포구제2선거구
전라남도,곡성군,기초단체장,지역구,4,1,2,2.00,N,,N,N,N,"100162127, 100159406","조상래, 박웅두","더불어민주당, 조국혁신당",0,0,1,0,0,0,N,4|전라남도|곡성군
전라남도,나주시,기초단체장,지역구,4,1,2,2.00,N,,N,N,N,"100159254, 100154407","윤병태, 김덕수","더불어민주당, 조국혁신당",0,0,0,0,0,0,N,4|전라남도|나주시
전라남도,담양군,기초단체장,지역구,4,1,3,3.00,N,,N,N,N,"100159766, 100161597, 100159811","박종원, 정철원, 최화삼","더불어민주당, 조국혁신당, 무소속",0,0,1,0,0,0,N,4|전라남도|담양군
전라남도,장흥군,기초단체장,지역구,4,1,2,2.00,N,,N,N,N,"100159211, 100159482","김성, 사순문","더불어민주당, 조국혁신당",0,0,1,0,0,0,N,4|전라남도|장흥군
전라남도,진도군,기초단체장,지역구,4,1,2,2.00,N,,N,N,N,"100158406, 100163314","이재각, 김희수","더불어민주당, 무소속",0,0,0,0,0,0,N,4|전라남도|진도군
전라남도,화순군,기초단체장,지역구,4,1,3,3.00,N,,N,N,N,"100159565, 100165834, 100159651","임지락, 정연지, 김회수","더불어민주당, 무소속, 무소속",0,0,1,0,0,0,N,4|전라남도|화순군
전라남도,담양군,기초의원비례,비례,9,1,3,3.00,N,,N,N,N,"100164095, 100164098, 100164153","김양희, 오성순, 강순임","더불어민주당, 더불어민주당, 조국혁신당",0,0,0,0,0,0,N,9|전라남도|담양군
전라남도,신안군,기초의원비례,비례,9,1,2,2.00,N,,N,N,N,"100165406, 100165421","최성자, 최미선","더불어민주당, 조국혁신당",0,0,0,0,0,0,N,9|전라남도|신안군
전라남도,광양시제3선거구,시도의원,지역구,5,1,2,2.00,N,,N,N,N,"100158822, 100154901","서영배, 박정철","더불어민주당, 진보당",0,0,1,0,0,0,N,5|전라남도|광양시제3선거구
전라남도,보성군제2선거구,시도의원,지역구,5,1,2,2.00,N,,N,N,N,"100155068, 100162732","강경윤, 한순철","더불어민주당, 무소속",0,0,0,0,0,0,N,5|전라남도|보성군제2선거구
전라남도,여수시제3선거구,시도의원,지역구,5,1,2,2.00,N,,N,N,N,"100160896, 100162280","강문성, 김점유","더불어민주당, 조국혁신당",0,0,1,0,0,0,N,5|전라남도|여수시제3선거구
전라남도,장흥군제1선거구,시도의원,지역구,5,1,2,2.00,N,,N,N,N,"100156740, 100154096","김재승, 박형대","더불어민주당, 진보당",0,0,1,0,0,0,N,5|전라남도|장흥군제1선거구
전라남도,해남군제1선거구,시도의원,지역구,5,1,2,2.00,N,,N,N,N,"100156883, 100162245","김성일, 민홍일","더불어민주당, 조국혁신당",0,0,0,0,0,0,N,5|전라남도|해남군제1선거구
전북특별자치도,전북특별자치도,교육감,특수(교육감·재보궐 등),11,1,2,2.00,N,,N,N,N,"100153763, 100153762","이남호, 천호성","무소속, 무소속",0,0,0,0,0,0,N,11|전북특별자치도|전북특별자치도
전북특별자치도,군산시김제시부안군갑,국회의원(재·보궐),특수(교육감·재보궐 등),2,1,2,2.00,N,,N,N,N,"100163683, 100153826","김의겸, 오지성","더불어민주당, 국민의힘",0,0,1,0,0,0,N,2|전북특별자치도|군산시김제시부안군갑
전북특별자치도,군산시김제시부안군을,국회의원(재·보궐),특수(교육감·재보궐 등),2,1,2,2.00,N,,N,N,N,"100163904, 100163629","박지원, 김종회","더불어민주당, 무소속",0,0,0,0,0,0,N,2|전북특별자치도|군산시김제시부안군을
전북특별자치도,군산시,기초단체장,지역구,4,1,3,3.00,N,,N,N,N,"100153863, 100155581, 100161913","김재준, 이주현, 고영섭","더불어민주당, 조국혁신당, 무소속",0,0,0,0,0,0,N,4|전북특별자치도|군산시
전북특별자치도,김제시,기초단체장,지역구,4,1,2,2.00,N,,N,N,N,"100163513, 100165590","정성주, 이병철","더불어민주당, 무소속",0,0,2,0,0,0,N,4|전북특별자치도|김제시
전북특별자치도,진안군,기초단체장,지역구,4,1,3,3.00,N,,N,N,N,"100159517, 100159503, 100161906","전춘성, 천춘진, 고준식","더불어민주당, 무소속, 무소속",0,0,1,0,0,0,N,4|전북특별자치도|진안군
전북특별자치도,임실군,기초의원비례,비례,9,1,2,2.00,N,,N,N,N,"100164817, 100164816","박선옥, 황보람","더불어민주당, 조국혁신당",0,0,0,0,0,0,N,9|전북특별자치도|임실군
전북특별자치도,군산시제2선거구,시도의원,지역구,5,1,2,2.00,N,,N,N,N,"100155907, 100157378","김동구, 안근","더불어민주당, 조국혁신당",0,0,1,0,0,0,N,5|전북특별자치도|군산시제2선거구
전북특별자치도,남원시제1선거구,시도의원,지역구,5,1,2,2.00,N,,N,N,N,"100160317, 100162265","윤지홍, 김대규","더불어민주당, 조국혁신당",0,0,0,0,0,0,N,5|전북특별자치도|남원시제1선거구
전북특별자치도,남원시제2선거구,시도의원,지역구,5,1,2,2.00,N,,N,N,N,"100157650, 100156407","임종명, 강용구","더불어민주당, 조국혁신당",0,0,1,0,0,0,N,5|전북특별자치도|남원시제2선거구
전북특별자치도,임실군선거구,시도의원,지역구,5,1,2,2.00,N,,N,N,N,"100160475, 100157487","박정규, 김철호","더불어민주당, 기본소득당",0,0,2,0,0,0,N,5|전북특별자치도|임실군선거구
전북특별자치도,전주시제7선거구,시도의원,지역구,5,1,3,3.00,N,,N,N,N,"100157496, 100164981, 100164409","박형배, 천서영, 이수진","더불어민주당, 국민의힘, 무소속",0,0,1,0,0,0,N,5|전북특별자치도|전주시제7선거구
전북특별자치도,정읍시제2선거구,시도의원,지역구,5,1,2,2.00,N,,N,N,N,"100154849, 100156640","염영선, 이윤호","더불어민주당, 조국혁신당",0,0,0,0,0,0,N,5|전북특별자치도|정읍시제2선거구
제주특별자치도,제주특별자치도,교육감,특수(교육감·재보궐 등),11,1,3,3.00,N,,N,N,N,"100153761, 100156980, 100162806","송문석, 고의숙, 김광수","무소속, 무소속, 무소속",0,0,1,0,0,0,N,11|제주특별자치도|제주특별자치도
제주특별자치도,서귀포시,국회의원(재·보궐),특수(교육감·재보궐 등),2,1,2,2.00,N,,N,N,N,"100163437, 100163324","김성범, 고기철","더불어민주당, 국민의힘",0,0,0,0,0,0,N,2|제주특별자치도|서귀포시
제주특별자치도,제주특별자치도 서귀포시 대륜동선거구,시도의원,지역구,5,1,2,2.00,N,,N,N,N,"100154119, 100159022","강명균, 이정엽","더불어민주당, 국민의힘",0,0,1,0,0,0,N,5|제주특별자치도|제주특별자치도 서귀포시 대륜동선거구
제주특별자치도,제주특별자치도 서귀포시 성산읍선거구,시도의원,지역구,5,1,2,2.00,N,,N,N,N,"100161698, 100159929","양홍식, 현기종","더불어민주당, 국민의힘",0,0,0,0,0,0,N,5|제주특별자치도|제주특별자치도 서귀포시 성산읍선거구
제주특별자치도,제주특별자치도 서귀포시 표선면선거구,시도의원,지역구,5,1,3,3.00,N,,N,N,N,"100154071, 100157777, 100158431","한동훈, 현경주, 이성인","더불어민주당, 국민의힘, 무소속",0,0,1,0,0,0,N,5|제주특별자치도|제주특별자치도 서귀포시 표선면선거구
제주특별자치도,제주특별자치도 제주시 구좌읍·우도면선거구,시도의원,지역구,5,1,3,3.00,N,,N,N,N,"100154916, 100156101, 100155623","강동우, 양정철, 부지성","더불어민주당, 조국혁신당, 무소속",0,0,1,0,0,0,N,5|제주특별자치도|제주특별자치도 제주시 구좌읍·우도면선거구
제주특별자치도,제주특별자치도 제주시 삼도1동·삼도2동선거구,시도의원,지역구,5,1,2,2.00,N,,N,N,N,"100159188, 100156369","정민구, 윤용팔","더불어민주당, 국민의힘",0,0,1,0,0,0,N,5|제주특별자치도|제주특별자치도 제주시 삼도1동·삼도2동선거구
제주특별자치도,제주특별자치도 제주시 애월읍갑선거구,시도의원,지역구,5,1,2,2.00,N,,N,N,N,"100154920, 100154682","장정훈, 강재섭","더불어민주당, 국민의힘",0,0,0,0,0,0,N,5|제주특별자치도|제주특별자치도 제주시 애월읍갑선거구
제주특별자치도,제주특별자치도 제주시 연동갑선거구,시도의원,지역구,5,1,2,2.00,N,,N,N,N,"100158886, 100156775","양영식, 강경문","더불어민주당, 국민의힘",0,0,0,0,0,0,N,5|제주특별자치도|제주특별자치도 제주시 연동갑선거구
제주특별자치도,제주특별자치도 제주시 용담1동·용담2동선거구,시도의원,지역구,5,1,2,2.00,N,,N,N,N,"100155979, 100161315","이창민, 김황국","더불어민주당, 국민의힘",0,0,0,0,0,0,N,5|제주특별자치도|제주특별자치도 제주시 용담1동·용담2동선거구
제주특별자치도,제주특별자치도 제주시 조천읍선거구,시도의원,지역구,5,1,2,2.00,N,,N,N,N,"100163024, 100154750","김석진, 김덕홍","더불어민주당, 무소속",0,0,0,0,0,0,N,5|제주특별자치도|제주특별자치도 제주시 조천읍선거구
제주특별자치도,제주특별자치도,시도지사,지역구,3,1,3,3.00,N,,N,N,N,"100163197, 100157851, 100153886","위성곤, 문성유, 양윤녕","더불어민주당, 국민의힘, 무소속",0,0,1,0,0,0,N,3|제주특별자치도|제주특별자치도
충청남도,아산시을,국회의원(재·보궐),특수(교육감·재보궐 등),2,1,3,3.00,N,,N,N,N,"100163272, 100153926, 100162727","전은수, 김민경, 조덕호","더불어민주당, 국민의힘, 새미래민주당",0,0,1,0,0,0,N,2|충청남도|아산시을
충청남도,공주시,기초단체장,지역구,4,1,2,2.00,N,,N,N,N,"100154547, 100161314","김정섭, 최원철","더불어민주당, 국민의힘",0,1,1,0,0,0,N,4|충청남도|공주시
충청남도,금산군,기초단체장,지역구,4,1,3,3.00,N,,N,N,N,"100159379, 100162209, 100159392","문정우, 박범인, 안찬","더불어민주당, 국민의힘, 조국혁신당",0,0,1,0,0,0,N,4|충청남도|금산군
충청남도,논산시,기초단체장,지역구,4,1,3,3.00,N,,N,N,N,"100159108, 100162268, 100161551","오인환, 백성현, 이창원","더불어민주당, 국민의힘, 개혁신당",0,0,1,0,0,0,N,4|충청남도|논산시
충청남도,당진시,기초단체장,지역구,4,1,2,2.00,N,,N,N,N,"100154262, 100157962","김기재, 오성환","더불어민주당, 국민의힘",0,0,0,0,0,0,N,4|충청남도|당진시
충청남도,서산시,기초단체장,지역구,4,1,3,3.00,N,,N,N,N,"100154484, 100162794, 100158737","맹정호, 이완섭, 유관곤","더불어민주당, 국민의힘, 개혁신당",0,0,1,0,0,0,N,4|충청남도|서산시
충청남도,서천군,기초단체장,지역구,4,1,3,3.00,N,,N,N,N,"100159444, 100162384, 100163271","유승광, 김기웅, 조중연","더불어민주당, 국민의힘, 개혁신당",0,0,1,0,0,0,N,4|충청남도|서천군
충청남도,아산시,기초단체장,지역구,4,1,3,3.00,N,,N,N,N,"100163850, 100161004, 100160751","오세현, 맹의석, 한태국","더불어민주당, 국민의힘, 무소속",0,0,0,0,0,0,N,4|충청남도|아산시
충청남도,청양군,기초단체장,지역구,4,1,2,2.00,N,,N,N,N,"100162513, 100158459","김돈곤, 김홍열","더불어민주당, 국민의힘",0,0,1,0,0,0,N,4|충청남도|청양군
충청남도,계룡시,기초의원비례,비례,9,1,2,2.00,N,,N,N,N,"100165506, 100164449","한희선, 이은영","더불어민주당, 국민의힘",0,0,0,0,0,0,N,9|충청남도|계룡시
충청남도,금산군,기초의원비례,비례,9,1,2,2.00,N,,N,N,N,"100164944, 100164500","길영예, 이정림","더불어민주당, 국민의힘",0,0,0,0,0,0,N,9|충청남도|금산군
충청남도,서천군,기초의원비례,비례,9,1,2,2.00,N,,N,N,N,"100164376, 100164322","최애순, 이혜주","더불어민주당, 국민의힘",0,0,0,0,0,0,N,9|충청남도|서천군
충청남도,청양군,기초의원비례,비례,9,1,2,2.00,N,,N,N,N,"100164039, 100164046","박미나, 손미옥","더불어민주당, 국민의힘",0,0,0,0,0,0,N,9|충청남도|청양군
충청남도,논산시제1선거구,시도의원,지역구,5,1,2,2.00,N,,N,N,N,"100155227, 100161945","기호엽, 윤기형","더불어민주당, 국민의힘",0,0,0,0,0,0,N,5|충청남도|논산시제1선거구
충청남도,논산시제2선거구,시도의원,지역구,5,1,3,3.00,N,,N,N,N,"100160410, 100154746, 100154824","김종욱, 전낙운, 박현희","더불어민주당, 국민의힘, 진보당",0,0,0,0,0,0,N,5|충청남도|논산시제2선거구
충청남도,당진시제2선거구,시도의원,지역구,5,1,2,2.00,N,,N,N,N,"100159070, 100158121","최연숙, 이해선","더불어민주당, 국민의힘",0,0,1,0,0,0,N,5|충청남도|당진시제2선거구
충청남도,당진시제3선거구,시도의원,지역구,5,1,2,2.00,N,,N,N,N,"100163256, 100163083","홍기후, 고아라","더불어민주당, 국민의힘",0,0,0,0,0,0,N,5|충청남도|당진시제3선거구
충청남도,보령시제1선거구,시도의원,지역구,5,1,2,2.00,N,,N,N,N,"100154356, 100159979","조성철, 최은순","더불어민주당, 국민의힘",0,0,0,0,0,0,N,5|충청남도|보령시제1선거구
충청남도,부여군제1선거구,시도의원,지역구,5,1,2,2.00,N,,N,N,N,"100158837, 100156954","민병희, 정헌구","더불어민주당, 국민의힘",0,0,0,0,0,0,N,5|충청남도|부여군제1선거구
충청남도,부여군제2선거구,시도의원,지역구,5,1,2,2.00,N,,N,N,N,"100155182, 100159981","김의현, 김영춘","더불어민주당, 국민의힘",0,0,2,0,0,0,N,5|충청남도|부여군제2선거구
충청남도,서산시제2선거구,시도의원,지역구,5,1,2,2.00,N,,N,N,N,"100157257, 100159222","장승재, 이용국","더불어민주당, 국민의힘",0,0,1,0,0,0,N,5|충청남도|서산시제2선거구
충청남도,서천군제1선거구,시도의원,지역구,5,1,2,2.00,N,,N,N,N,"100158912, 100156879","김아진, 노희충","더불어민주당, 국민의힘",0,0,0,0,0,0,N,5|충청남도|서천군제1선거구
충청남도,서천군제2선거구,시도의원,지역구,5,1,2,2.00,N,,N,N,N,"100157562, 100158217","조동준, 나주하","더불어민주당, 국민의힘",0,0,1,0,0,0,N,5|충청남도|서천군제2선거구
충청남도,아산시제3선거구,시도의원,지역구,5,1,2,2.00,N,,N,N,N,"100154460, 100154802","김윤섭, 이의상","더불어민주당, 국민의힘",0,0,1,0,0,0,N,5|충청남도|아산시제3선거구
충청남도,아산시제5선거구,시도의원,지역구,5,1,2,2.00,N,,N,N,N,"100162114, 100155538","이지윤, 김기창","더불어민주당, 국민의힘",0,0,0,0,0,0,N,5|충청남도|아산시제5선거구
충청남도,아산시제6선거구,시도의원,지역구,5,1,2,2.00,N,,N,N,N,"100161091, 100157385","김희영, 현인배","더불어민주당, 국민의힘",0,0,0,0,0,0,N,5|충청남도|아산시제6선거구
충청남도,예산군제2선거구,시도의원,지역구,5,1,2,2.00,N,,N,N,N,"100158887, 100156490","김영춘, 전달수","더불어민주당, 국민의힘",0,0,1,0,0,0,N,5|충청남도|예산군제2선거구
충청남도,천안시제1선거구,시도의원,지역구,5,1,2,2.00,N,,N,N,N,"100157336, 100162208","김수옥, 홍성현","더불어민주당, 국민의힘",0,0,0,0,0,0,N,5|충청남도|천안시제1선거구
충청남도,천안시제2선거구,시도의원,지역구,5,1,2,2.00,N,,N,N,N,"100161821, 100161281","이병하, 신한철","더불어민주당, 국민의힘",0,0,1,0,0,0,N,5|충청남도|천안시제2선거구
충청남도,천안시제3선거구,시도의원,지역구,5,1,2,2.00,N,,N,N,N,"100154324, 100157586","정병기, 이재현","더불어민주당, 국민의힘",0,0,1,0,0,0,N,5|충청남도|천안시제3선거구
충청남도,천안시제4선거구,시도의원,지역구,5,1,2,2.00,N,,N,N,N,"100161577, 100161163","구형서, 김은주","더불어민주당, 국민의힘",0,0,1,0,0,0,N,5|충청남도|천안시제4선거구
충청남도,천안시제5선거구,시도의원,지역구,5,1,2,2.00,N,,N,N,N,"100163622, 100159289","김재호, 유성재","더불어민주당, 국민의힘",0,0,0,0,0,0,N,5|충청남도|천안시제5선거구
충청남도,천안시제7선거구,시도의원,지역구,5,1,2,2.00,N,,N,N,N,"100155123, 100161574","진성범, 김영경","더불어민주당, 국민의힘",0,0,0,0,0,0,N,5|충청남도|천안시제7선거구
충청남도,천안시제8선거구,시도의원,지역구,5,1,2,2.00,N,,N,N,N,"100161953, 100163397","정병인, 강문식","더불어민주당, 국민의힘",0,0,1,0,0,0,N,5|충청남도|천안시제8선거구
충청남도,천안시제9선거구,시도의원,지역구,5,1,2,2.00,N,,N,N,N,"100154743, 100160689","지정근, 박정수","더불어민주당, 국민의힘",0,0,0,0,0,0,N,5|충청남도|천안시제9선거구
충청남도,태안군제1선거구,시도의원,지역구,5,1,2,2.00,N,,N,N,N,"100155898, 100154526","홍성준, 최경환","더불어민주당, 국민의힘",0,0,1,0,0,0,N,5|충청남도|태안군제1선거구
충청남도,홍성군제1선거구,시도의원,지역구,5,1,2,2.00,N,,N,N,N,"100154384, 100161434","문정균, 이상근","더불어민주당, 국민의힘",0,0,0,0,0,0,N,5|충청남도|홍성군제1선거구
충청남도,충청남도,시도지사,지역구,3,1,2,2.00,N,,N,N,N,"100163153, 100163640","박수현, 김태흠","더불어민주당, 국민의힘",0,0,0,0,0,0,N,3|충청남도|충청남도
충청북도,충청북도,교육감,특수(교육감·재보궐 등),11,1,3,3.00,N,,N,N,N,"100162804, 100153743, 100153825","윤건영, 김성근, 김진균","무소속, 무소속, 무소속",0,0,0,0,0,0,N,11|충청북도|충청북도
충청북도,단양군,기초단체장,지역구,4,1,2,2.00,N,,N,N,N,"100159212, 100161025","김광직, 김문근","더불어민주당, 국민의힘",0,0,0,0,0,0,N,4|충청북도|단양군
충청북도,영동군,기초단체장,지역구,4,1,2,2.00,N,,N,N,N,"100159343, 100161763","이수동, 정영철","더불어민주당, 국민의힘",0,0,0,0,0,0,N,4|충청북도|영동군
충청북도,음성군,기초단체장,지역구,4,1,2,2.00,N,,N,N,N,"100162677, 100159438","조병옥, 임택수","더불어민주당, 국민의힘",0,0,0,0,0,0,N,4|충청북도|음성군
충청북도,제천시,기초단체장,지역구,4,1,3,3.00,N,,N,N,N,"100153952, 100158725, 100163653","이상천, 김창규, 송수연","더불어민주당, 국민의힘, 무소속",0,0,0,0,0,0,N,4|충청북도|제천시
충청북도,증평군,기초단체장,지역구,4,1,2,2.00,N,,N,N,N,"100162033, 100158717","이재영, 이민표","더불어민주당, 국민의힘",0,0,0,0,0,0,N,4|충청북도|증평군
충청북도,괴산군,기초의원비례,비례,9,1,2,2.00,N,,N,N,N,"100164448, 100164461","박수연, 김영희","더불어민주당, 국민의힘",0,0,0,0,0,0,N,9|충청북도|괴산군
충청북도,보은군,기초의원비례,비례,9,1,2,2.00,N,,N,N,N,"100164255, 100164028","정은숙, 신정아","더불어민주당, 국민의힘",0,0,0,0,0,0,N,9|충청북도|보은군
충청북도,영동군,기초의원비례,비례,9,1,2,2.00,N,,N,N,N,"100164846, 100165000","오정숙, 이은주","더불어민주당, 국민의힘",0,0,0,0,0,0,N,9|충청북도|영동군
충청북도,옥천군,기초의원비례,비례,9,1,2,2.00,N,,N,N,N,"100164807, 100164952","박영미, 김경숙","더불어민주당, 국민의힘",0,0,0,0,0,0,N,9|충청북도|옥천군
충청북도,음성군,기초의원비례,비례,9,1,2,2.00,N,,N,N,N,"100164019, 100164048","노진영, 유순익","더불어민주당, 국민의힘",0,0,0,0,0,0,N,9|충청북도|음성군
충청북도,증평군,기초의원비례,비례,9,1,2,2.00,N,,N,N,N,"100164061, 100164052","이향숙, 김은영","더불어민주당, 국민의힘",0,0,2,0,0,0,N,9|충청북도|증평군
충청북도,영동군선거구,시도의원,지역구,5,1,2,2.00,N,,N,N,N,"100156515, 100158858","이두환, 신현광","더불어민주당, 국민의힘",0,0,1,0,0,0,N,5|충청북도|영동군선거구
충청북도,옥천군제1선거구,시도의원,지역구,5,1,2,2.00,N,,N,N,N,"100156118, 100161582","박형용, 박용규","더불어민주당, 국민의힘",0,0,0,0,0,0,N,5|충청북도|옥천군제1선거구
충청북도,음성군제1선거구,시도의원,지역구,5,1,2,2.00,N,,N,N,N,"100158681, 100159010","곽상선, 안해성","더불어민주당, 국민의힘",0,0,1,0,0,0,N,5|충청북도|음성군제1선거구
충청북도,제천시제1선거구,시도의원,지역구,5,1,2,2.00,N,,N,N,N,"100155546, 100158379","김홍철, 김꽃임","더불어민주당, 국민의힘",0,0,0,0,0,0,N,5|충청북도|제천시제1선거구
충청북도,제천시제2선거구,시도의원,지역구,5,1,2,2.00,N,,N,N,N,"100156204, 100163414","양순경, 이정임","더불어민주당, 국민의힘",0,0,0,0,0,0,N,5|충청북도|제천시제2선거구
충청북도,제천시제3선거구,시도의원,지역구,5,1,2,2.00,N,,N,N,N,"100160201, 100158656","권오규, 김호경","더불어민주당, 국민의힘",0,0,0,0,0,0,N,5|충청북도|제천시제3선거구
충청북도,증평군선거구,시도의원,지역구,5,1,2,2.00,N,,N,N,N,"100162232, 100162095","박병천, 이동령","더불어민주당, 국민의힘",0,0,0,0,0,0,N,5|충청북도|증평군선거구
충청북도,진천군제1선거구,시도의원,지역구,5,1,2,2.00,N,,N,N,N,"100157294, 100160115","안치영, 이재명","더불어민주당, 국민의힘",0,0,2,0,0,0,N,5|충청북도|진천군제1선거구
충청북도,진천군제2선거구,시도의원,지역구,5,1,2,2.00,N,,N,N,N,"100161204, 100162231","김성우, 성한경","더불어민주당, 국민의힘",0,0,0,0,0,0,N,5|충청북도|진천군제2선거구
충청북도,청주시제11선거구,시도의원,지역구,5,1,2,2.00,N,,N,N,N,"100161392, 100158133","최재호, 이재림","더불어민주당, 국민의힘",0,0,1,0,0,0,N,5|충청북도|청주시제11선거구
충청북도,청주시제1선거구,시도의원,지역구,5,1,2,2.00,N,,N,N,N,"100155490, 100159374","송미애, 이동우","더불어민주당, 국민의힘",0,0,1,0,0,0,N,5|충청북도|청주시제1선거구
충청북도,청주시제2선거구,시도의원,지역구,5,1,2,2.00,N,,N,N,N,"100155678, 100161830","이숙애, 최정훈","더불어민주당, 국민의힘",0,0,0,0,0,0,N,5|충청북도|청주시제2선거구
충청북도,청주시제4선거구,시도의원,지역구,5,1,2,2.00,N,,N,N,N,"100156541, 100158923","오창근, 안성현","더불어민주당, 국민의힘",0,0,1,0,0,0,N,5|충청북도|청주시제4선거구
충청북도,청주시제7선거구,시도의원,지역구,5,1,2,2.00,N,,N,N,N,"100155943, 100165855","박상돈, 이숙원","더불어민주당, 국민의힘",0,0,0,0,0,0,N,5|충청북도|청주시제7선거구
