회차,연도,선거일,선거구명,동,투표구명,분류,선거인수,투표수,유효표_계,무효투표수,기권자수,후보순번,정당,후보명,득표수,득표율_유효표대비
17,2004,2004-04-15,북구·강서구갑,전체,계,race_total,133099,81998,81217,781,51101,1,한나라당,정형근,41547,51.16
17,2004,2004-04-15,북구·강서구갑,전체,계,race_total,133099,81998,81217,781,51101,2,새천년민주당,박희동,1333,1.64
17,2004,2004-04-15,북구·강서구갑,전체,계,race_total,133099,81998,81217,781,51101,3,열린우리당,이철,35280,43.44
17,2004,2004-04-15,북구·강서구갑,전체,계,race_total,133099,81998,81217,781,51101,4,자민련,노태석,708,0.87
17,2004,2004-04-15,북구·강서구갑,전체,계,race_total,133099,81998,81217,781,51101,5,무소속,도희윤,2349,2.89
17,2004,2004-04-15,북구·강서구갑,전체,부재자투표,special,3504,3253,3102,151,251,1,한나라당,정형근,1313,42.33
17,2004,2004-04-15,북구·강서구갑,전체,부재자투표,special,3504,3253,3102,151,251,2,새천년민주당,박희동,128,4.13
17,2004,2004-04-15,북구·강서구갑,전체,부재자투표,special,3504,3253,3102,151,251,3,열린우리당,이철,1337,43.1
17,2004,2004-04-15,북구·강서구갑,전체,부재자투표,special,3504,3253,3102,151,251,4,자민련,노태석,77,2.48
17,2004,2004-04-15,북구·강서구갑,전체,부재자투표,special,3504,3253,3102,151,251,5,무소속,도희윤,247,7.96
17,2004,2004-04-15,북구·강서구갑,전체,소계,subtotal,22159,13453,13332,121,8706,1,한나라당,정형근,6670,50.03
17,2004,2004-04-15,북구·강서구갑,전체,소계,subtotal,22159,13453,13332,121,8706,2,새천년민주당,박희동,222,1.67
17,2004,2004-04-15,북구·강서구갑,전체,소계,subtotal,22159,13453,13332,121,8706,3,열린우리당,이철,5940,44.55
17,2004,2004-04-15,북구·강서구갑,전체,소계,subtotal,22159,13453,13332,121,8706,4,자민련,노태석,138,1.04
17,2004,2004-04-15,북구·강서구갑,전체,소계,subtotal,22159,13453,13332,121,8706,5,무소속,도희윤,362,2.72
17,2004,2004-04-15,북구·강서구갑,구포2동,구포2동제1투,box,3660,2158,2141,17,1502,1,한나라당,정형근,1054,49.23
17,2004,2004-04-15,북구·강서구갑,구포2동,구포2동제1투,box,3660,2158,2141,17,1502,2,새천년민주당,박희동,31,1.45
17,2004,2004-04-15,북구·강서구갑,구포2동,구포2동제1투,box,3660,2158,2141,17,1502,3,열린우리당,이철,964,45.03
17,2004,2004-04-15,북구·강서구갑,구포2동,구포2동제1투,box,3660,2158,2141,17,1502,4,자민련,노태석,13,0.61
17,2004,2004-04-15,북구·강서구갑,구포2동,구포2동제1투,box,3660,2158,2141,17,1502,5,무소속,도희윤,79,3.69
17,2004,2004-04-15,북구·강서구갑,구포2동,구포2동제2투,box,3895,2222,2201,21,1673,1,한나라당,정형근,1099,49.93
17,2004,2004-04-15,북구·강서구갑,구포2동,구포2동제2투,box,3895,2222,2201,21,1673,2,새천년민주당,박희동,37,1.68
17,2004,2004-04-15,북구·강서구갑,구포2동,구포2동제2투,box,3895,2222,2201,21,1673,3,열린우리당,이철,981,44.57
17,2004,2004-04-15,북구·강서구갑,구포2동,구포2동제2투,box,3895,2222,2201,21,1673,4,자민련,노태석,19,0.86
17,2004,2004-04-15,북구·강서구갑,구포2동,구포2동제2투,box,3895,2222,2201,21,1673,5,무소속,도희윤,65,2.95
17,2004,2004-04-15,북구·강서구갑,구포2동,구포2동제3투,box,4023,2502,2488,14,1521,1,한나라당,정형근,1184,47.59
17,2004,2004-04-15,북구·강서구갑,구포2동,구포2동제3투,box,4023,2502,2488,14,1521,2,새천년민주당,박희동,50,2.01
17,2004,2004-04-15,북구·강서구갑,구포2동,구포2동제3투,box,4023,2502,2488,14,1521,3,열린우리당,이철,1162,46.7
17,2004,2004-04-15,북구·강서구갑,구포2동,구포2동제3투,box,4023,2502,2488,14,1521,4,자민련,노태석,33,1.33
17,2004,2004-04-15,북구·강서구갑,구포2동,구포2동제3투,box,4023,2502,2488,14,1521,5,무소속,도희윤,59,2.37
17,2004,2004-04-15,북구·강서구갑,구포2동,구포2동제4투,box,3978,2338,2314,24,1640,1,한나라당,정형근,1172,50.65
17,2004,2004-04-15,북구·강서구갑,구포2동,구포2동제4투,box,3978,2338,2314,24,1640,2,새천년민주당,박희동,31,1.34
17,2004,2004-04-15,북구·강서구갑,구포2동,구포2동제4투,box,3978,2338,2314,24,1640,3,열린우리당,이철,995,43.0
17,2004,2004-04-15,북구·강서구갑,구포2동,구포2동제4투,box,3978,2338,2314,24,1640,4,자민련,노태석,46,1.99
17,2004,2004-04-15,북구·강서구갑,구포2동,구포2동제4투,box,3978,2338,2314,24,1640,5,무소속,도희윤,70,3.03
17,2004,2004-04-15,북구·강서구갑,구포2동,구포2동제5투,box,4291,3032,2998,34,1259,1,한나라당,정형근,1555,51.87
17,2004,2004-04-15,북구·강서구갑,구포2동,구포2동제5투,box,4291,3032,2998,34,1259,2,새천년민주당,박희동,51,1.7
17,2004,2004-04-15,북구·강서구갑,구포2동,구포2동제5투,box,4291,3032,2998,34,1259,3,열린우리당,이철,1304,43.5
17,2004,2004-04-15,북구·강서구갑,구포2동,구포2동제5투,box,4291,3032,2998,34,1259,4,자민련,노태석,18,0.6
17,2004,2004-04-15,북구·강서구갑,구포2동,구포2동제5투,box,4291,3032,2998,34,1259,5,무소속,도희윤,70,2.33
17,2004,2004-04-15,북구·강서구갑,구포2동,구포2동제6투,box,2312,1201,1190,11,1111,1,한나라당,정형근,606,50.92
17,2004,2004-04-15,북구·강서구갑,구포2동,구포2동제6투,box,2312,1201,1190,11,1111,2,새천년민주당,박희동,22,1.85
17,2004,2004-04-15,북구·강서구갑,구포2동,구포2동제6투,box,2312,1201,1190,11,1111,3,열린우리당,이철,534,44.87
17,2004,2004-04-15,북구·강서구갑,구포2동,구포2동제6투,box,2312,1201,1190,11,1111,4,자민련,노태석,9,0.76
17,2004,2004-04-15,북구·강서구갑,구포2동,구포2동제6투,box,2312,1201,1190,11,1111,5,무소속,도희윤,19,1.6
17,2004,2004-04-15,북구·강서구갑,구포2동,소계,subtotal,21204,11983,11902,81,9221,1,한나라당,정형근,5618,47.2
17,2004,2004-04-15,북구·강서구갑,구포2동,소계,subtotal,21204,11983,11902,81,9221,2,새천년민주당,박희동,223,1.87
17,2004,2004-04-15,북구·강서구갑,구포2동,소계,subtotal,21204,11983,11902,81,9221,3,열린우리당,이철,5639,47.38
17,2004,2004-04-15,북구·강서구갑,구포2동,소계,subtotal,21204,11983,11902,81,9221,4,자민련,노태석,67,0.56
17,2004,2004-04-15,북구·강서구갑,구포2동,소계,subtotal,21204,11983,11902,81,9221,5,무소속,도희윤,355,2.98
17,2004,2004-04-15,북구·강서구갑,구포3동,구포3동제1투,box,3488,1877,1865,12,1611,1,한나라당,정형근,945,50.67
17,2004,2004-04-15,북구·강서구갑,구포3동,구포3동제1투,box,3488,1877,1865,12,1611,2,새천년민주당,박희동,30,1.61
17,2004,2004-04-15,북구·강서구갑,구포3동,구포3동제1투,box,3488,1877,1865,12,1611,3,열린우리당,이철,824,44.18
17,2004,2004-04-15,북구·강서구갑,구포3동,구포3동제1투,box,3488,1877,1865,12,1611,4,자민련,노태석,13,0.7
17,2004,2004-04-15,북구·강서구갑,구포3동,구포3동제1투,box,3488,1877,1865,12,1611,5,무소속,도희윤,53,2.84
17,2004,2004-04-15,북구·강서구갑,구포3동,구포3동제2투,box,3357,1865,1852,13,1492,1,한나라당,정형근,859,46.38
17,2004,2004-04-15,북구·강서구갑,구포3동,구포3동제2투,box,3357,1865,1852,13,1492,2,새천년민주당,박희동,35,1.89
17,2004,2004-04-15,북구·강서구갑,구포3동,구포3동제2투,box,3357,1865,1852,13,1492,3,열린우리당,이철,898,48.49
17,2004,2004-04-15,북구·강서구갑,구포3동,구포3동제2투,box,3357,1865,1852,13,1492,4,자민련,노태석,9,0.49
17,2004,2004-04-15,북구·강서구갑,구포3동,구포3동제2투,box,3357,1865,1852,13,1492,5,무소속,도희윤,51,2.75
17,2004,2004-04-15,북구·강서구갑,구포3동,구포3동제3투,box,3428,1892,1880,12,1536,1,한나라당,정형근,842,44.79
17,2004,2004-04-15,북구·강서구갑,구포3동,구포3동제3투,box,3428,1892,1880,12,1536,2,새천년민주당,박희동,50,2.66
17,2004,2004-04-15,북구·강서구갑,구포3동,구포3동제3투,box,3428,1892,1880,12,1536,3,열린우리당,이철,904,48.09
17,2004,2004-04-15,북구·강서구갑,구포3동,구포3동제3투,box,3428,1892,1880,12,1536,4,자민련,노태석,9,0.48
17,2004,2004-04-15,북구·강서구갑,구포3동,구포3동제3투,box,3428,1892,1880,12,1536,5,무소속,도희윤,75,3.99
17,2004,2004-04-15,북구·강서구갑,구포3동,구포3동제4투,box,3744,2189,2177,12,1555,1,한나라당,정형근,1058,48.6
17,2004,2004-04-15,북구·강서구갑,구포3동,구포3동제4투,box,3744,2189,2177,12,1555,2,새천년민주당,박희동,43,1.98
17,2004,2004-04-15,북구·강서구갑,구포3동,구포3동제4투,box,3744,2189,2177,12,1555,3,열린우리당,이철,999,45.89
17,2004,2004-04-15,북구·강서구갑,구포3동,구포3동제4투,box,3744,2189,2177,12,1555,4,자민련,노태석,8,0.37
17,2004,2004-04-15,북구·강서구갑,구포3동,구포3동제4투,box,3744,2189,2177,12,1555,5,무소속,도희윤,69,3.17
17,2004,2004-04-15,북구·강서구갑,구포3동,구포3동제5투,box,3345,1944,1931,13,1401,1,한나라당,정형근,903,46.76
17,2004,2004-04-15,북구·강서구갑,구포3동,구포3동제5투,box,3345,1944,1931,13,1401,2,새천년민주당,박희동,31,1.61
17,2004,2004-04-15,북구·강서구갑,구포3동,구포3동제5투,box,3345,1944,1931,13,1401,3,열린우리당,이철,938,48.58
17,2004,2004-04-15,북구·강서구갑,구포3동,구포3동제5투,box,3345,1944,1931,13,1401,4,자민련,노태석,13,0.67
17,2004,2004-04-15,북구·강서구갑,구포3동,구포3동제5투,box,3345,1944,1931,13,1401,5,무소속,도희윤,46,2.38
17,2004,2004-04-15,북구·강서구갑,구포3동,구포3동제6투,box,3842,2216,2197,19,1626,1,한나라당,정형근,1011,46.02
17,2004,2004-04-15,북구·강서구갑,구포3동,구포3동제6투,box,3842,2216,2197,19,1626,2,새천년민주당,박희동,34,1.55
17,2004,2004-04-15,북구·강서구갑,구포3동,구포3동제6투,box,3842,2216,2197,19,1626,3,열린우리당,이철,1076,48.98
17,2004,2004-04-15,북구·강서구갑,구포3동,구포3동제6투,box,3842,2216,2197,19,1626,4,자민련,노태석,15,0.68
17,2004,2004-04-15,북구·강서구갑,구포3동,구포3동제6투,box,3842,2216,2197,19,1626,5,무소속,도희윤,61,2.78
17,2004,2004-04-15,북구·강서구갑,구포3동,소계,subtotal,14332,8612,8542,70,5720,1,한나라당,정형근,4520,52.92
17,2004,2004-04-15,북구·강서구갑,구포3동,소계,subtotal,14332,8612,8542,70,5720,2,새천년민주당,박희동,149,1.74
17,2004,2004-04-15,북구·강서구갑,구포3동,소계,subtotal,14332,8612,8542,70,5720,3,열린우리당,이철,3590,42.03
17,2004,2004-04-15,북구·강서구갑,구포3동,소계,subtotal,14332,8612,8542,70,5720,4,자민련,노태석,72,0.84
17,2004,2004-04-15,북구·강서구갑,구포3동,소계,subtotal,14332,8612,8542,70,5720,5,무소속,도희윤,211,2.47
17,2004,2004-04-15,북구·강서구갑,덕천1동,덕천1동제1투,box,3470,2085,2069,16,1385,1,한나라당,정형근,1123,54.28
17,2004,2004-04-15,북구·강서구갑,덕천1동,덕천1동제1투,box,3470,2085,2069,16,1385,2,새천년민주당,박희동,28,1.35
17,2004,2004-04-15,북구·강서구갑,덕천1동,덕천1동제1투,box,3470,2085,2069,16,1385,3,열린우리당,이철,850,41.08
17,2004,2004-04-15,북구·강서구갑,덕천1동,덕천1동제1투,box,3470,2085,2069,16,1385,4,자민련,노태석,18,0.87
17,2004,2004-04-15,북구·강서구갑,덕천1동,덕천1동제1투,box,3470,2085,2069,16,1385,5,무소속,도희윤,50,2.42
17,2004,2004-04-15,북구·강서구갑,덕천1동,덕천1동제2투,box,3854,2356,2339,17,1498,1,한나라당,정형근,1270,54.3
17,2004,2004-04-15,북구·강서구갑,덕천1동,덕천1동제2투,box,3854,2356,2339,17,1498,2,새천년민주당,박희동,42,1.8
17,2004,2004-04-15,북구·강서구갑,덕천1동,덕천1동제2투,box,3854,2356,2339,17,1498,3,열린우리당,이철,959,41.0
17,2004,2004-04-15,북구·강서구갑,덕천1동,덕천1동제2투,box,3854,2356,2339,17,1498,4,자민련,노태석,17,0.73
17,2004,2004-04-15,북구·강서구갑,덕천1동,덕천1동제2투,box,3854,2356,2339,17,1498,5,무소속,도희윤,51,2.18
17,2004,2004-04-15,북구·강서구갑,덕천1동,덕천1동제3투,box,2916,1702,1685,17,1214,1,한나라당,정형근,826,49.02
17,2004,2004-04-15,북구·강서구갑,덕천1동,덕천1동제3투,box,2916,1702,1685,17,1214,2,새천년민주당,박희동,32,1.9
17,2004,2004-04-15,북구·강서구갑,덕천1동,덕천1동제3투,box,2916,1702,1685,17,1214,3,열린우리당,이철,765,45.4
17,2004,2004-04-15,북구·강서구갑,덕천1동,덕천1동제3투,box,2916,1702,1685,17,1214,4,자민련,노태석,19,1.13
17,2004,2004-04-15,북구·강서구갑,덕천1동,덕천1동제3투,box,2916,1702,1685,17,1214,5,무소속,도희윤,43,2.55
17,2004,2004-04-15,북구·강서구갑,덕천1동,덕천1동제4투,box,4092,2469,2449,20,1623,1,한나라당,정형근,1301,53.12
17,2004,2004-04-15,북구·강서구갑,덕천1동,덕천1동제4투,box,4092,2469,2449,20,1623,2,새천년민주당,박희동,47,1.92
17,2004,2004-04-15,북구·강서구갑,덕천1동,덕천1동제4투,box,4092,2469,2449,20,1623,3,열린우리당,이철,1016,41.49
17,2004,2004-04-15,북구·강서구갑,덕천1동,덕천1동제4투,box,4092,2469,2449,20,1623,4,자민련,노태석,18,0.73
17,2004,2004-04-15,북구·강서구갑,덕천1동,덕천1동제4투,box,4092,2469,2449,20,1623,5,무소속,도희윤,67,2.74
17,2004,2004-04-15,북구·강서구갑,덕천1동,소계,subtotal,10838,6325,6249,76,4513,1,한나라당,정형근,3322,53.16
17,2004,2004-04-15,북구·강서구갑,덕천1동,소계,subtotal,10838,6325,6249,76,4513,2,새천년민주당,박희동,119,1.9
17,2004,2004-04-15,북구·강서구갑,덕천1동,소계,subtotal,10838,6325,6249,76,4513,3,열린우리당,이철,2614,41.83
17,2004,2004-04-15,북구·강서구갑,덕천1동,소계,subtotal,10838,6325,6249,76,4513,4,자민련,노태석,58,0.93
17,2004,2004-04-15,북구·강서구갑,덕천1동,소계,subtotal,10838,6325,6249,76,4513,5,무소속,도희윤,136,2.18
17,2004,2004-04-15,북구·강서구갑,덕천3동,덕천3동제1투,box,2913,1781,1757,24,1132,1,한나라당,정형근,892,50.77
17,2004,2004-04-15,북구·강서구갑,덕천3동,덕천3동제1투,box,2913,1781,1757,24,1132,2,새천년민주당,박희동,28,1.59
17,2004,2004-04-15,북구·강서구갑,덕천3동,덕천3동제1투,box,2913,1781,1757,24,1132,3,열린우리당,이철,780,44.39
17,2004,2004-04-15,북구·강서구갑,덕천3동,덕천3동제1투,box,2913,1781,1757,24,1132,4,자민련,노태석,15,0.85
17,2004,2004-04-15,북구·강서구갑,덕천3동,덕천3동제1투,box,2913,1781,1757,24,1132,5,무소속,도희윤,42,2.39
17,2004,2004-04-15,북구·강서구갑,덕천3동,덕천3동제2투,box,2536,1496,1480,16,1040,1,한나라당,정형근,778,52.57
17,2004,2004-04-15,북구·강서구갑,덕천3동,덕천3동제2투,box,2536,1496,1480,16,1040,2,새천년민주당,박희동,33,2.23
17,2004,2004-04-15,북구·강서구갑,덕천3동,덕천3동제2투,box,2536,1496,1480,16,1040,3,열린우리당,이철,628,42.43
17,2004,2004-04-15,북구·강서구갑,덕천3동,덕천3동제2투,box,2536,1496,1480,16,1040,4,자민련,노태석,13,0.88
17,2004,2004-04-15,북구·강서구갑,덕천3동,덕천3동제2투,box,2536,1496,1480,16,1040,5,무소속,도희윤,28,1.89
17,2004,2004-04-15,북구·강서구갑,덕천3동,덕천3동제3투,box,3036,1736,1726,10,1300,1,한나라당,정형근,956,55.39
17,2004,2004-04-15,북구·강서구갑,덕천3동,덕천3동제3투,box,3036,1736,1726,10,1300,2,새천년민주당,박희동,19,1.1
17,2004,2004-04-15,북구·강서구갑,덕천3동,덕천3동제3투,box,3036,1736,1726,10,1300,3,열린우리당,이철,709,41.08
17,2004,2004-04-15,북구·강서구갑,덕천3동,덕천3동제3투,box,3036,1736,1726,10,1300,4,자민련,노태석,11,0.64
17,2004,2004-04-15,북구·강서구갑,덕천3동,덕천3동제3투,box,3036,1736,1726,10,1300,5,무소속,도희윤,31,1.8
17,2004,2004-04-15,북구·강서구갑,덕천3동,덕천3동제4투,box,2353,1312,1286,26,1041,1,한나라당,정형근,696,54.12
17,2004,2004-04-15,북구·강서구갑,덕천3동,덕천3동제4투,box,2353,1312,1286,26,1041,2,새천년민주당,박희동,39,3.03
17,2004,2004-04-15,북구·강서구갑,덕천3동,덕천3동제4투,box,2353,1312,1286,26,1041,3,열린우리당,이철,497,38.65
17,2004,2004-04-15,북구·강서구갑,덕천3동,덕천3동제4투,box,2353,1312,1286,26,1041,4,자민련,노태석,19,1.48
17,2004,2004-04-15,북구·강서구갑,덕천3동,덕천3동제4투,box,2353,1312,1286,26,1041,5,무소속,도희윤,35,2.72
17,2004,2004-04-15,북구·강서구갑,덕천3동,소계,subtotal,12589,7801,7729,72,4788,1,한나라당,정형근,4160,53.82
17,2004,2004-04-15,북구·강서구갑,덕천3동,소계,subtotal,12589,7801,7729,72,4788,2,새천년민주당,박희동,125,1.62
17,2004,2004-04-15,북구·강서구갑,덕천3동,소계,subtotal,12589,7801,7729,72,4788,3,열린우리당,이철,3201,41.42
17,2004,2004-04-15,북구·강서구갑,덕천3동,소계,subtotal,12589,7801,7729,72,4788,4,자민련,노태석,63,0.82
17,2004,2004-04-15,북구·강서구갑,덕천3동,소계,subtotal,12589,7801,7729,72,4788,5,무소속,도희윤,180,2.33
17,2004,2004-04-15,북구·강서구갑,만덕1동,만덕1동제1투,box,3360,2107,2090,17,1253,1,한나라당,정형근,1136,54.35
17,2004,2004-04-15,북구·강서구갑,만덕1동,만덕1동제1투,box,3360,2107,2090,17,1253,2,새천년민주당,박희동,34,1.63
17,2004,2004-04-15,북구·강서구갑,만덕1동,만덕1동제1투,box,3360,2107,2090,17,1253,3,열린우리당,이철,864,41.34
17,2004,2004-04-15,북구·강서구갑,만덕1동,만덕1동제1투,box,3360,2107,2090,17,1253,4,자민련,노태석,18,0.86
17,2004,2004-04-15,북구·강서구갑,만덕1동,만덕1동제1투,box,3360,2107,2090,17,1253,5,무소속,도희윤,38,1.82
17,2004,2004-04-15,북구·강서구갑,만덕1동,만덕1동제2투,box,3065,1842,1825,17,1223,1,한나라당,정형근,1025,56.16
17,2004,2004-04-15,북구·강서구갑,만덕1동,만덕1동제2투,box,3065,1842,1825,17,1223,2,새천년민주당,박희동,34,1.86
17,2004,2004-04-15,북구·강서구갑,만덕1동,만덕1동제2투,box,3065,1842,1825,17,1223,3,열린우리당,이철,716,39.23
17,2004,2004-04-15,북구·강서구갑,만덕1동,만덕1동제2투,box,3065,1842,1825,17,1223,4,자민련,노태석,18,0.99
17,2004,2004-04-15,북구·강서구갑,만덕1동,만덕1동제2투,box,3065,1842,1825,17,1223,5,무소속,도희윤,32,1.75
17,2004,2004-04-15,북구·강서구갑,만덕1동,만덕1동제3투,box,2659,1614,1591,23,1045,1,한나라당,정형근,842,52.92
17,2004,2004-04-15,북구·강서구갑,만덕1동,만덕1동제3투,box,2659,1614,1591,23,1045,2,새천년민주당,박희동,27,1.7
17,2004,2004-04-15,북구·강서구갑,만덕1동,만덕1동제3투,box,2659,1614,1591,23,1045,3,열린우리당,이철,669,42.05
17,2004,2004-04-15,북구·강서구갑,만덕1동,만덕1동제3투,box,2659,1614,1591,23,1045,4,자민련,노태석,16,1.01
17,2004,2004-04-15,북구·강서구갑,만덕1동,만덕1동제3투,box,2659,1614,1591,23,1045,5,무소속,도희윤,37,2.33
17,2004,2004-04-15,북구·강서구갑,만덕1동,만덕1동제4투,box,3505,2238,2223,15,1267,1,한나라당,정형근,1157,52.05
17,2004,2004-04-15,북구·강서구갑,만덕1동,만덕1동제4투,box,3505,2238,2223,15,1267,2,새천년민주당,박희동,30,1.35
17,2004,2004-04-15,북구·강서구갑,만덕1동,만덕1동제4투,box,3505,2238,2223,15,1267,3,열린우리당,이철,952,42.83
17,2004,2004-04-15,북구·강서구갑,만덕1동,만덕1동제4투,box,3505,2238,2223,15,1267,4,자민련,노태석,11,0.49
17,2004,2004-04-15,북구·강서구갑,만덕1동,만덕1동제4투,box,3505,2238,2223,15,1267,5,무소속,도희윤,73,3.28
17,2004,2004-04-15,북구·강서구갑,만덕1동,소계,subtotal,18840,11870,11801,69,6970,1,한나라당,정형근,6014,50.96
17,2004,2004-04-15,북구·강서구갑,만덕1동,소계,subtotal,18840,11870,11801,69,6970,2,새천년민주당,박희동,152,1.29
17,2004,2004-04-15,북구·강서구갑,만덕1동,소계,subtotal,18840,11870,11801,69,6970,3,열린우리당,이철,5296,44.88
17,2004,2004-04-15,북구·강서구갑,만덕1동,소계,subtotal,18840,11870,11801,69,6970,4,자민련,노태석,65,0.55
17,2004,2004-04-15,북구·강서구갑,만덕1동,소계,subtotal,18840,11870,11801,69,6970,5,무소속,도희윤,274,2.32
17,2004,2004-04-15,북구·강서구갑,만덕2동,만덕2동제1투,box,3014,1925,1918,7,1089,1,한나라당,정형근,989,51.56
17,2004,2004-04-15,북구·강서구갑,만덕2동,만덕2동제1투,box,3014,1925,1918,7,1089,2,새천년민주당,박희동,36,1.88
17,2004,2004-04-15,북구·강서구갑,만덕2동,만덕2동제1투,box,3014,1925,1918,7,1089,3,열린우리당,이철,844,44.0
17,2004,2004-04-15,북구·강서구갑,만덕2동,만덕2동제1투,box,3014,1925,1918,7,1089,4,자민련,노태석,9,0.47
17,2004,2004-04-15,북구·강서구갑,만덕2동,만덕2동제1투,box,3014,1925,1918,7,1089,5,무소속,도희윤,40,2.09
17,2004,2004-04-15,북구·강서구갑,만덕2동,만덕2동제2투,box,3814,2245,2224,21,1569,1,한나라당,정형근,1167,52.47
17,2004,2004-04-15,북구·강서구갑,만덕2동,만덕2동제2투,box,3814,2245,2224,21,1569,2,새천년민주당,박희동,26,1.17
17,2004,2004-04-15,북구·강서구갑,만덕2동,만덕2동제2투,box,3814,2245,2224,21,1569,3,열린우리당,이철,990,44.51
17,2004,2004-04-15,북구·강서구갑,만덕2동,만덕2동제2투,box,3814,2245,2224,21,1569,4,자민련,노태석,4,0.18
17,2004,2004-04-15,북구·강서구갑,만덕2동,만덕2동제2투,box,3814,2245,2224,21,1569,5,무소속,도희윤,37,1.66
17,2004,2004-04-15,북구·강서구갑,만덕2동,만덕2동제3투,box,3134,1837,1821,16,1297,1,한나라당,정형근,916,50.3
17,2004,2004-04-15,북구·강서구갑,만덕2동,만덕2동제3투,box,3134,1837,1821,16,1297,2,새천년민주당,박희동,33,1.81
17,2004,2004-04-15,북구·강서구갑,만덕2동,만덕2동제3투,box,3134,1837,1821,16,1297,3,열린우리당,이철,826,45.36
17,2004,2004-04-15,북구·강서구갑,만덕2동,만덕2동제3투,box,3134,1837,1821,16,1297,4,자민련,노태석,11,0.6
17,2004,2004-04-15,북구·강서구갑,만덕2동,만덕2동제3투,box,3134,1837,1821,16,1297,5,무소속,도희윤,35,1.92
17,2004,2004-04-15,북구·강서구갑,만덕2동,만덕2동제4투,box,3023,1985,1976,9,1038,1,한나라당,정형근,1000,50.61
17,2004,2004-04-15,북구·강서구갑,만덕2동,만덕2동제4투,box,3023,1985,1976,9,1038,2,새천년민주당,박희동,29,1.47
17,2004,2004-04-15,북구·강서구갑,만덕2동,만덕2동제4투,box,3023,1985,1976,9,1038,3,열린우리당,이철,868,43.93
17,2004,2004-04-15,북구·강서구갑,만덕2동,만덕2동제4투,box,3023,1985,1976,9,1038,4,자민련,노태석,16,0.81
17,2004,2004-04-15,북구·강서구갑,만덕2동,만덕2동제4투,box,3023,1985,1976,9,1038,5,무소속,도희윤,63,3.19
17,2004,2004-04-15,북구·강서구갑,만덕2동,만덕2동제5투,box,3076,2172,2163,9,904,1,한나라당,정형근,1224,56.59
17,2004,2004-04-15,북구·강서구갑,만덕2동,만덕2동제5투,box,3076,2172,2163,9,904,2,새천년민주당,박희동,17,0.79
17,2004,2004-04-15,북구·강서구갑,만덕2동,만덕2동제5투,box,3076,2172,2163,9,904,3,열린우리당,이철,845,39.07
17,2004,2004-04-15,북구·강서구갑,만덕2동,만덕2동제5투,box,3076,2172,2163,9,904,4,자민련,노태석,16,0.74
17,2004,2004-04-15,북구·강서구갑,만덕2동,만덕2동제5투,box,3076,2172,2163,9,904,5,무소속,도희윤,61,2.82
17,2004,2004-04-15,북구·강서구갑,만덕2동,만덕2동제6투,box,2779,1706,1699,7,1073,1,한나라당,정형근,718,42.26
17,2004,2004-04-15,북구·강서구갑,만덕2동,만덕2동제6투,box,2779,1706,1699,7,1073,2,새천년민주당,박희동,11,0.65
17,2004,2004-04-15,북구·강서구갑,만덕2동,만덕2동제6투,box,2779,1706,1699,7,1073,3,열린우리당,이철,923,54.33
17,2004,2004-04-15,북구·강서구갑,만덕2동,만덕2동제6투,box,2779,1706,1699,7,1073,4,자민련,노태석,9,0.53
17,2004,2004-04-15,북구·강서구갑,만덕2동,만덕2동제6투,box,2779,1706,1699,7,1073,5,무소속,도희윤,38,2.24
17,2004,2004-04-15,북구·강서구갑,만덕2동,소계,subtotal,16590,11185,11112,73,5405,1,한나라당,정형근,6043,54.38
17,2004,2004-04-15,북구·강서구갑,만덕2동,소계,subtotal,16590,11185,11112,73,5405,2,새천년민주당,박희동,115,1.03
17,2004,2004-04-15,북구·강서구갑,만덕2동,소계,subtotal,16590,11185,11112,73,5405,3,열린우리당,이철,4607,41.46
17,2004,2004-04-15,북구·강서구갑,만덕2동,소계,subtotal,16590,11185,11112,73,5405,4,자민련,노태석,96,0.86
17,2004,2004-04-15,북구·강서구갑,만덕2동,소계,subtotal,16590,11185,11112,73,5405,5,무소속,도희윤,251,2.26
17,2004,2004-04-15,북구·강서구갑,만덕3동,만덕3동제1투,box,3172,1973,1960,13,1199,1,한나라당,정형근,998,50.92
17,2004,2004-04-15,북구·강서구갑,만덕3동,만덕3동제1투,box,3172,1973,1960,13,1199,2,새천년민주당,박희동,20,1.02
17,2004,2004-04-15,북구·강서구갑,만덕3동,만덕3동제1투,box,3172,1973,1960,13,1199,3,열린우리당,이철,872,44.49
17,2004,2004-04-15,북구·강서구갑,만덕3동,만덕3동제1투,box,3172,1973,1960,13,1199,4,자민련,노태석,22,1.12
17,2004,2004-04-15,북구·강서구갑,만덕3동,만덕3동제1투,box,3172,1973,1960,13,1199,5,무소속,도희윤,48,2.45
17,2004,2004-04-15,북구·강서구갑,만덕3동,만덕3동제2투,box,3754,2652,2639,13,1102,1,한나라당,정형근,1606,60.86
17,2004,2004-04-15,북구·강서구갑,만덕3동,만덕3동제2투,box,3754,2652,2639,13,1102,2,새천년민주당,박희동,23,0.87
17,2004,2004-04-15,북구·강서구갑,만덕3동,만덕3동제2투,box,3754,2652,2639,13,1102,3,열린우리당,이철,945,35.81
17,2004,2004-04-15,북구·강서구갑,만덕3동,만덕3동제2투,box,3754,2652,2639,13,1102,4,자민련,노태석,16,0.61
17,2004,2004-04-15,북구·강서구갑,만덕3동,만덕3동제2투,box,3754,2652,2639,13,1102,5,무소속,도희윤,49,1.86
17,2004,2004-04-15,북구·강서구갑,만덕3동,만덕3동제3투,box,3246,2191,2179,12,1055,1,한나라당,정형근,1180,54.15
17,2004,2004-04-15,북구·강서구갑,만덕3동,만덕3동제3투,box,3246,2191,2179,12,1055,2,새천년민주당,박희동,16,0.73
17,2004,2004-04-15,북구·강서구갑,만덕3동,만덕3동제3투,box,3246,2191,2179,12,1055,3,열린우리당,이철,932,42.77
17,2004,2004-04-15,북구·강서구갑,만덕3동,만덕3동제3투,box,3246,2191,2179,12,1055,4,자민련,노태석,13,0.6
17,2004,2004-04-15,북구·강서구갑,만덕3동,만덕3동제3투,box,3246,2191,2179,12,1055,5,무소속,도희윤,38,1.74
17,2004,2004-04-15,북구·강서구갑,만덕3동,만덕3동제4투,box,3539,2447,2425,22,1092,1,한나라당,정형근,1230,50.72
17,2004,2004-04-15,북구·강서구갑,만덕3동,만덕3동제4투,box,3539,2447,2425,22,1092,2,새천년민주당,박희동,31,1.28
17,2004,2004-04-15,북구·강서구갑,만덕3동,만덕3동제4투,box,3539,2447,2425,22,1092,3,열린우리당,이철,1072,44.21
17,2004,2004-04-15,북구·강서구갑,만덕3동,만덕3동제4투,box,3539,2447,2425,22,1092,4,자민련,노태석,17,0.7
17,2004,2004-04-15,북구·강서구갑,만덕3동,만덕3동제4투,box,3539,2447,2425,22,1092,5,무소속,도희윤,75,3.09
17,2004,2004-04-15,북구·강서구갑,만덕3동,만덕3동제5투,box,2879,1922,1909,13,957,1,한나라당,정형근,1029,53.9
17,2004,2004-04-15,북구·강서구갑,만덕3동,만덕3동제5투,box,2879,1922,1909,13,957,2,새천년민주당,박희동,25,1.31
17,2004,2004-04-15,북구·강서구갑,만덕3동,만덕3동제5투,box,2879,1922,1909,13,957,3,열린우리당,이철,786,41.17
17,2004,2004-04-15,북구·강서구갑,만덕3동,만덕3동제5투,box,2879,1922,1909,13,957,4,자민련,노태석,28,1.47
17,2004,2004-04-15,북구·강서구갑,만덕3동,만덕3동제5투,box,2879,1922,1909,13,957,5,무소속,도희윤,41,2.15
17,2004,2004-04-15,북구·강서구갑,만덕3동,소계,subtotal,13043,7462,7394,68,5581,1,한나라당,정형근,3861,52.22
17,2004,2004-04-15,북구·강서구갑,만덕3동,소계,subtotal,13043,7462,7394,68,5581,2,새천년민주당,박희동,99,1.34
17,2004,2004-04-15,북구·강서구갑,만덕3동,소계,subtotal,13043,7462,7394,68,5581,3,열린우리당,이철,3030,40.98
17,2004,2004-04-15,북구·강서구갑,만덕3동,소계,subtotal,13043,7462,7394,68,5581,4,자민련,노태석,72,0.97
17,2004,2004-04-15,북구·강서구갑,만덕3동,소계,subtotal,13043,7462,7394,68,5581,5,무소속,도희윤,332,4.49
17,2004,2004-04-15,북구·강서구갑,구포1동,구포1동제1투,box,3214,1946,1928,18,1268,1,한나라당,정형근,1062,55.08
17,2004,2004-04-15,북구·강서구갑,구포1동,구포1동제1투,box,3214,1946,1928,18,1268,2,새천년민주당,박희동,18,0.93
17,2004,2004-04-15,북구·강서구갑,구포1동,구포1동제1투,box,3214,1946,1928,18,1268,3,열린우리당,이철,705,36.57
17,2004,2004-04-15,북구·강서구갑,구포1동,구포1동제1투,box,3214,1946,1928,18,1268,4,자민련,노태석,15,0.78
17,2004,2004-04-15,북구·강서구갑,구포1동,구포1동제1투,box,3214,1946,1928,18,1268,5,무소속,도희윤,128,6.64
17,2004,2004-04-15,북구·강서구갑,구포1동,구포1동제2투,box,3359,1904,1888,16,1455,1,한나라당,정형근,1000,52.97
17,2004,2004-04-15,북구·강서구갑,구포1동,구포1동제2투,box,3359,1904,1888,16,1455,2,새천년민주당,박희동,27,1.43
17,2004,2004-04-15,북구·강서구갑,구포1동,구포1동제2투,box,3359,1904,1888,16,1455,3,열린우리당,이철,758,40.15
17,2004,2004-04-15,북구·강서구갑,구포1동,구포1동제2투,box,3359,1904,1888,16,1455,4,자민련,노태석,11,0.58
17,2004,2004-04-15,북구·강서구갑,구포1동,구포1동제2투,box,3359,1904,1888,16,1455,5,무소속,도희윤,92,4.87
17,2004,2004-04-15,북구·강서구갑,구포1동,구포1동제3투,box,3218,1870,1851,19,1348,1,한나라당,정형근,986,53.27
17,2004,2004-04-15,북구·강서구갑,구포1동,구포1동제3투,box,3218,1870,1851,19,1348,2,새천년민주당,박희동,19,1.03
17,2004,2004-04-15,북구·강서구갑,구포1동,구포1동제3투,box,3218,1870,1851,19,1348,3,열린우리당,이철,751,40.57
17,2004,2004-04-15,북구·강서구갑,구포1동,구포1동제3투,box,3218,1870,1851,19,1348,4,자민련,노태석,30,1.62
17,2004,2004-04-15,북구·강서구갑,구포1동,구포1동제3투,box,3218,1870,1851,19,1348,5,무소속,도희윤,65,3.51
17,2004,2004-04-15,북구·강서구갑,구포1동,구포1동제4투,box,3252,1742,1727,15,1510,1,한나라당,정형근,813,47.08
17,2004,2004-04-15,북구·강서구갑,구포1동,구포1동제4투,box,3252,1742,1727,15,1510,2,새천년민주당,박희동,35,2.03
17,2004,2004-04-15,북구·강서구갑,구포1동,구포1동제4투,box,3252,1742,1727,15,1510,3,열린우리당,이철,816,47.25
17,2004,2004-04-15,북구·강서구갑,구포1동,구포1동제4투,box,3252,1742,1727,15,1510,4,자민련,노태석,16,0.93
17,2004,2004-04-15,북구·강서구갑,구포1동,구포1동제4투,box,3252,1742,1727,15,1510,5,무소속,도희윤,47,2.72
17,2004,2004-04-15,북구·강서구갑,구포1동,잘못 투입·구분된 투표지,other,0,54,54,0,-54,1,한나라당,정형근,26,48.15
17,2004,2004-04-15,북구·강서구갑,구포1동,잘못 투입·구분된 투표지,other,0,54,54,0,-54,2,새천년민주당,박희동,1,1.85
17,2004,2004-04-15,북구·강서구갑,구포1동,잘못 투입·구분된 투표지,other,0,54,54,0,-54,3,열린우리당,이철,26,48.15
17,2004,2004-04-15,북구·강서구갑,구포1동,잘못 투입·구분된 투표지,other,0,54,54,0,-54,4,자민련,노태석,0,0.0
17,2004,2004-04-15,북구·강서구갑,구포1동,잘못 투입·구분된 투표지,other,0,54,54,0,-54,5,무소속,도희윤,1,1.85
18,2008,2008-04-09,북구강서구갑,전체,계,race_total,135186,53622,52687,935,81564,1,통합민주당,전재수,20322,38.57
18,2008,2008-04-09,북구강서구갑,전체,계,race_total,135186,53622,52687,935,81564,2,한나라당,박민식,30215,57.35
18,2008,2008-04-09,북구강서구갑,전체,계,race_total,135186,53622,52687,935,81564,3,평화통일가정당,임종보,2150,4.08
18,2008,2008-04-09,북구강서구갑,전체,부재자투표,special,2945,2756,2702,54,189,1,통합민주당,전재수,1376,50.93
18,2008,2008-04-09,북구강서구갑,전체,부재자투표,special,2945,2756,2702,54,189,2,한나라당,박민식,1260,46.63
18,2008,2008-04-09,북구강서구갑,전체,부재자투표,special,2945,2756,2702,54,189,3,평화통일가정당,임종보,66,2.44
18,2008,2008-04-09,북구강서구갑,전체,소계,subtotal,12124,4404,4304,100,7720,1,통합민주당,전재수,1404,32.62
18,2008,2008-04-09,북구강서구갑,전체,소계,subtotal,12124,4404,4304,100,7720,2,한나라당,박민식,2675,62.15
18,2008,2008-04-09,북구강서구갑,전체,소계,subtotal,12124,4404,4304,100,7720,3,평화통일가정당,임종보,225,5.23
18,2008,2008-04-09,북구강서구갑,구포제1동,구포제1동제1투,box,3141,1310,1291,19,1831,1,통합민주당,전재수,376,29.12
18,2008,2008-04-09,북구강서구갑,구포제1동,구포제1동제1투,box,3141,1310,1291,19,1831,2,한나라당,박민식,869,67.31
18,2008,2008-04-09,북구강서구갑,구포제1동,구포제1동제1투,box,3141,1310,1291,19,1831,3,평화통일가정당,임종보,46,3.56
18,2008,2008-04-09,북구강서구갑,구포제1동,구포제1동제2투,box,2752,1003,975,28,1749,1,통합민주당,전재수,345,35.38
18,2008,2008-04-09,북구강서구갑,구포제1동,구포제1동제2투,box,2752,1003,975,28,1749,2,한나라당,박민식,574,58.87
18,2008,2008-04-09,북구강서구갑,구포제1동,구포제1동제2투,box,2752,1003,975,28,1749,3,평화통일가정당,임종보,56,5.74
18,2008,2008-04-09,북구강서구갑,구포제1동,구포제1동제3투,box,3199,1127,1097,30,2072,1,통합민주당,전재수,333,30.36
18,2008,2008-04-09,북구강서구갑,구포제1동,구포제1동제3투,box,3199,1127,1097,30,2072,2,한나라당,박민식,691,62.99
18,2008,2008-04-09,북구강서구갑,구포제1동,구포제1동제3투,box,3199,1127,1097,30,2072,3,평화통일가정당,임종보,73,6.65
18,2008,2008-04-09,북구강서구갑,구포제1동,구포제1동제4투,box,3032,964,941,23,2068,1,통합민주당,전재수,350,37.19
18,2008,2008-04-09,북구강서구갑,구포제1동,구포제1동제4투,box,3032,964,941,23,2068,2,한나라당,박민식,541,57.49
18,2008,2008-04-09,북구강서구갑,구포제1동,구포제1동제4투,box,3032,964,941,23,2068,3,평화통일가정당,임종보,50,5.31
18,2008,2008-04-09,북구강서구갑,구포제1동,소계,subtotal,24339,9073,8912,161,15266,1,통합민주당,전재수,3138,35.21
18,2008,2008-04-09,북구강서구갑,구포제1동,소계,subtotal,24339,9073,8912,161,15266,2,한나라당,박민식,5354,60.08
18,2008,2008-04-09,북구강서구갑,구포제1동,소계,subtotal,24339,9073,8912,161,15266,3,평화통일가정당,임종보,420,4.71
18,2008,2008-04-09,북구강서구갑,구포제2동,구포제2동제1투,box,3365,1245,1213,32,2120,1,통합민주당,전재수,421,34.71
18,2008,2008-04-09,북구강서구갑,구포제2동,구포제2동제1투,box,3365,1245,1213,32,2120,2,한나라당,박민식,722,59.52
18,2008,2008-04-09,북구강서구갑,구포제2동,구포제2동제1투,box,3365,1245,1213,32,2120,3,평화통일가정당,임종보,70,5.77
18,2008,2008-04-09,북구강서구갑,구포제2동,구포제2동제2투,box,4052,1445,1408,37,2607,1,통합민주당,전재수,481,34.16
18,2008,2008-04-09,북구강서구갑,구포제2동,구포제2동제2투,box,4052,1445,1408,37,2607,2,한나라당,박민식,855,60.72
18,2008,2008-04-09,북구강서구갑,구포제2동,구포제2동제2투,box,4052,1445,1408,37,2607,3,평화통일가정당,임종보,72,5.11
18,2008,2008-04-09,북구강서구갑,구포제2동,구포제2동제3투,box,3900,1366,1349,17,2534,1,통합민주당,전재수,471,34.91
18,2008,2008-04-09,북구강서구갑,구포제2동,구포제2동제3투,box,3900,1366,1349,17,2534,2,한나라당,박민식,819,60.71
18,2008,2008-04-09,북구강서구갑,구포제2동,구포제2동제3투,box,3900,1366,1349,17,2534,3,평화통일가정당,임종보,59,4.37
18,2008,2008-04-09,북구강서구갑,구포제2동,구포제2동제4투,box,3833,1317,1293,24,2516,1,통합민주당,전재수,422,32.64
18,2008,2008-04-09,북구강서구갑,구포제2동,구포제2동제4투,box,3833,1317,1293,24,2516,2,한나라당,박민식,818,63.26
18,2008,2008-04-09,북구강서구갑,구포제2동,구포제2동제4투,box,3833,1317,1293,24,2516,3,평화통일가정당,임종보,53,4.1
18,2008,2008-04-09,북구강서구갑,구포제2동,구포제2동제5투,box,4373,1967,1935,32,2406,1,통합민주당,전재수,646,33.39
18,2008,2008-04-09,북구강서구갑,구포제2동,구포제2동제5투,box,4373,1967,1935,32,2406,2,한나라당,박민식,1199,61.96
18,2008,2008-04-09,북구강서구갑,구포제2동,구포제2동제5투,box,4373,1967,1935,32,2406,3,평화통일가정당,임종보,90,4.65
18,2008,2008-04-09,북구강서구갑,구포제2동,구포제2동제6투,box,2170,651,642,9,1519,1,통합민주당,전재수,240,37.38
18,2008,2008-04-09,북구강서구갑,구포제2동,구포제2동제6투,box,2170,651,642,9,1519,2,한나라당,박민식,368,57.32
18,2008,2008-04-09,북구강서구갑,구포제2동,구포제2동제6투,box,2170,651,642,9,1519,3,평화통일가정당,임종보,34,5.3
18,2008,2008-04-09,북구강서구갑,구포제2동,구포제2동제7투,box,2646,1082,1072,10,1564,1,통합민주당,전재수,457,42.63
18,2008,2008-04-09,북구강서구갑,구포제2동,구포제2동제7투,box,2646,1082,1072,10,1564,2,한나라당,박민식,573,53.45
18,2008,2008-04-09,북구강서구갑,구포제2동,구포제2동제7투,box,2646,1082,1072,10,1564,3,평화통일가정당,임종보,42,3.92
18,2008,2008-04-09,북구강서구갑,구포제2동,소계,subtotal,20652,6885,6781,104,13767,1,통합민주당,전재수,2530,37.31
18,2008,2008-04-09,북구강서구갑,구포제2동,소계,subtotal,20652,6885,6781,104,13767,2,한나라당,박민식,3942,58.13
18,2008,2008-04-09,북구강서구갑,구포제2동,소계,subtotal,20652,6885,6781,104,13767,3,평화통일가정당,임종보,309,4.56
18,2008,2008-04-09,북구강서구갑,구포제3동,구포제3동제1투,box,3281,1125,1106,19,2156,1,통합민주당,전재수,404,36.53
18,2008,2008-04-09,북구강서구갑,구포제3동,구포제3동제1투,box,3281,1125,1106,19,2156,2,한나라당,박민식,644,58.23
18,2008,2008-04-09,북구강서구갑,구포제3동,구포제3동제1투,box,3281,1125,1106,19,2156,3,평화통일가정당,임종보,58,5.24
18,2008,2008-04-09,북구강서구갑,구포제3동,구포제3동제2투,box,3245,1003,986,17,2242,1,통합민주당,전재수,362,36.71
18,2008,2008-04-09,북구강서구갑,구포제3동,구포제3동제2투,box,3245,1003,986,17,2242,2,한나라당,박민식,572,58.01
18,2008,2008-04-09,북구강서구갑,구포제3동,구포제3동제2투,box,3245,1003,986,17,2242,3,평화통일가정당,임종보,52,5.27
18,2008,2008-04-09,북구강서구갑,구포제3동,구포제3동제3투,box,3578,959,952,7,2619,1,통합민주당,전재수,363,38.13
18,2008,2008-04-09,북구강서구갑,구포제3동,구포제3동제3투,box,3578,959,952,7,2619,2,한나라당,박민식,543,57.04
18,2008,2008-04-09,북구강서구갑,구포제3동,구포제3동제3투,box,3578,959,952,7,2619,3,평화통일가정당,임종보,46,4.83
18,2008,2008-04-09,북구강서구갑,구포제3동,구포제3동제4투,box,3535,1353,1331,22,2182,1,통합민주당,전재수,509,38.24
18,2008,2008-04-09,북구강서구갑,구포제3동,구포제3동제4투,box,3535,1353,1331,22,2182,2,한나라당,박민식,768,57.7
18,2008,2008-04-09,북구강서구갑,구포제3동,구포제3동제4투,box,3535,1353,1331,22,2182,3,평화통일가정당,임종보,54,4.06
18,2008,2008-04-09,북구강서구갑,구포제3동,구포제3동제5투,box,3248,1171,1150,21,2077,1,통합민주당,전재수,437,38.0
18,2008,2008-04-09,북구강서구갑,구포제3동,구포제3동제5투,box,3248,1171,1150,21,2077,2,한나라당,박민식,652,56.7
18,2008,2008-04-09,북구강서구갑,구포제3동,구포제3동제5투,box,3248,1171,1150,21,2077,3,평화통일가정당,임종보,61,5.3
18,2008,2008-04-09,북구강서구갑,구포제3동,구포제3동제6투,box,3765,1274,1256,18,2491,1,통합민주당,전재수,455,36.23
18,2008,2008-04-09,북구강서구갑,구포제3동,구포제3동제6투,box,3765,1274,1256,18,2491,2,한나라당,박민식,763,60.75
18,2008,2008-04-09,북구강서구갑,구포제3동,구포제3동제6투,box,3765,1274,1256,18,2491,3,평화통일가정당,임종보,38,3.03
18,2008,2008-04-09,북구강서구갑,구포제3동,소계,subtotal,14950,5858,5765,93,9092,1,통합민주당,전재수,2098,36.39
18,2008,2008-04-09,북구강서구갑,구포제3동,소계,subtotal,14950,5858,5765,93,9092,2,한나라당,박민식,3397,58.92
18,2008,2008-04-09,북구강서구갑,구포제3동,소계,subtotal,14950,5858,5765,93,9092,3,평화통일가정당,임종보,270,4.68
18,2008,2008-04-09,북구강서구갑,덕천제1동,덕천제1동제1투,box,3806,1490,1460,30,2316,1,통합민주당,전재수,539,36.92
18,2008,2008-04-09,북구강서구갑,덕천제1동,덕천제1동제1투,box,3806,1490,1460,30,2316,2,한나라당,박민식,847,58.01
18,2008,2008-04-09,북구강서구갑,덕천제1동,덕천제1동제1투,box,3806,1490,1460,30,2316,3,평화통일가정당,임종보,74,5.07
18,2008,2008-04-09,북구강서구갑,덕천제1동,덕천제1동제2투,box,3921,1599,1578,21,2322,1,통합민주당,전재수,529,33.52
18,2008,2008-04-09,북구강서구갑,덕천제1동,덕천제1동제2투,box,3921,1599,1578,21,2322,2,한나라당,박민식,967,61.28
18,2008,2008-04-09,북구강서구갑,덕천제1동,덕천제1동제2투,box,3921,1599,1578,21,2322,3,평화통일가정당,임종보,82,5.2
18,2008,2008-04-09,북구강서구갑,덕천제1동,덕천제1동제3투,box,2837,1087,1068,19,1750,1,통합민주당,전재수,403,37.73
18,2008,2008-04-09,북구강서구갑,덕천제1동,덕천제1동제3투,box,2837,1087,1068,19,1750,2,한나라당,박민식,617,57.77
18,2008,2008-04-09,북구강서구갑,덕천제1동,덕천제1동제3투,box,2837,1087,1068,19,1750,3,평화통일가정당,임종보,48,4.49
18,2008,2008-04-09,북구강서구갑,덕천제1동,덕천제1동제4투,box,4386,1682,1659,23,2704,1,통합민주당,전재수,627,37.79
18,2008,2008-04-09,북구강서구갑,덕천제1동,덕천제1동제4투,box,4386,1682,1659,23,2704,2,한나라당,박민식,966,58.23
18,2008,2008-04-09,북구강서구갑,덕천제1동,덕천제1동제4투,box,4386,1682,1659,23,2704,3,평화통일가정당,임종보,66,3.98
18,2008,2008-04-09,북구강서구갑,덕천제1동,소계,subtotal,11723,4528,4431,97,7195,1,통합민주당,전재수,1559,35.18
18,2008,2008-04-09,북구강서구갑,덕천제1동,소계,subtotal,11723,4528,4431,97,7195,2,한나라당,박민식,2650,59.81
18,2008,2008-04-09,북구강서구갑,덕천제1동,소계,subtotal,11723,4528,4431,97,7195,3,평화통일가정당,임종보,222,5.01
18,2008,2008-04-09,북구강서구갑,덕천제3동,덕천제3동제1투,box,3632,1286,1271,15,2346,1,통합민주당,전재수,518,40.76
18,2008,2008-04-09,북구강서구갑,덕천제3동,덕천제3동제1투,box,3632,1286,1271,15,2346,2,한나라당,박민식,706,55.55
18,2008,2008-04-09,북구강서구갑,덕천제3동,덕천제3동제1투,box,3632,1286,1271,15,2346,3,평화통일가정당,임종보,47,3.7
18,2008,2008-04-09,북구강서구갑,덕천제3동,덕천제3동제2투,box,2340,896,882,14,1444,1,통합민주당,전재수,300,34.01
18,2008,2008-04-09,북구강서구갑,덕천제3동,덕천제3동제2투,box,2340,896,882,14,1444,2,한나라당,박민식,532,60.32
18,2008,2008-04-09,북구강서구갑,덕천제3동,덕천제3동제2투,box,2340,896,882,14,1444,3,평화통일가정당,임종보,50,5.67
18,2008,2008-04-09,북구강서구갑,덕천제3동,덕천제3동제3투,box,2935,1113,1090,23,1822,1,통합민주당,전재수,358,32.84
18,2008,2008-04-09,북구강서구갑,덕천제3동,덕천제3동제3투,box,2935,1113,1090,23,1822,2,한나라당,박민식,674,61.83
18,2008,2008-04-09,북구강서구갑,덕천제3동,덕천제3동제3투,box,2935,1113,1090,23,1822,3,평화통일가정당,임종보,58,5.32
18,2008,2008-04-09,북구강서구갑,덕천제3동,덕천제3동제4투,box,2816,1233,1188,45,1583,1,통합민주당,전재수,383,32.24
18,2008,2008-04-09,북구강서구갑,덕천제3동,덕천제3동제4투,box,2816,1233,1188,45,1583,2,한나라당,박민식,738,62.12
18,2008,2008-04-09,북구강서구갑,덕천제3동,덕천제3동제4투,box,2816,1233,1188,45,1583,3,평화통일가정당,임종보,67,5.64
18,2008,2008-04-09,북구강서구갑,덕천제3동,소계,subtotal,11959,5066,4990,76,6893,1,통합민주당,전재수,2449,49.08
18,2008,2008-04-09,북구강서구갑,덕천제3동,소계,subtotal,11959,5066,4990,76,6893,2,한나라당,박민식,2386,47.82
18,2008,2008-04-09,북구강서구갑,덕천제3동,소계,subtotal,11959,5066,4990,76,6893,3,평화통일가정당,임종보,155,3.11
18,2008,2008-04-09,북구강서구갑,만덕제1동,만덕제1동제1투,box,3354,1480,1454,26,1874,1,통합민주당,전재수,712,48.97
18,2008,2008-04-09,북구강서구갑,만덕제1동,만덕제1동제1투,box,3354,1480,1454,26,1874,2,한나라당,박민식,704,48.42
18,2008,2008-04-09,북구강서구갑,만덕제1동,만덕제1동제1투,box,3354,1480,1454,26,1874,3,평화통일가정당,임종보,38,2.61
18,2008,2008-04-09,북구강서구갑,만덕제1동,만덕제1동제2투,box,2748,1210,1196,14,1538,1,통합민주당,전재수,642,53.68
18,2008,2008-04-09,북구강서구갑,만덕제1동,만덕제1동제2투,box,2748,1210,1196,14,1538,2,한나라당,박민식,506,42.31
18,2008,2008-04-09,북구강서구갑,만덕제1동,만덕제1동제2투,box,2748,1210,1196,14,1538,3,평화통일가정당,임종보,48,4.01
18,2008,2008-04-09,북구강서구갑,만덕제1동,만덕제1동제3투,box,2709,1101,1081,20,1608,1,통합민주당,전재수,521,48.2
18,2008,2008-04-09,북구강서구갑,만덕제1동,만덕제1동제3투,box,2709,1101,1081,20,1608,2,한나라당,박민식,529,48.94
18,2008,2008-04-09,북구강서구갑,만덕제1동,만덕제1동제3투,box,2709,1101,1081,20,1608,3,평화통일가정당,임종보,31,2.87
18,2008,2008-04-09,북구강서구갑,만덕제1동,만덕제1동제4투,box,3148,1275,1259,16,1873,1,통합민주당,전재수,574,45.59
18,2008,2008-04-09,북구강서구갑,만덕제1동,만덕제1동제4투,box,3148,1275,1259,16,1873,2,한나라당,박민식,647,51.39
18,2008,2008-04-09,북구강서구갑,만덕제1동,만덕제1동제4투,box,3148,1275,1259,16,1873,3,평화통일가정당,임종보,38,3.02
18,2008,2008-04-09,북구강서구갑,만덕제1동,소계,subtotal,18266,7271,7153,118,10995,1,통합민주당,전재수,2774,38.78
18,2008,2008-04-09,북구강서구갑,만덕제1동,소계,subtotal,18266,7271,7153,118,10995,2,한나라당,박민식,4142,57.91
18,2008,2008-04-09,북구강서구갑,만덕제1동,소계,subtotal,18266,7271,7153,118,10995,3,평화통일가정당,임종보,237,3.31
18,2008,2008-04-09,북구강서구갑,만덕제2동,만덕제2동제1투,box,2849,1189,1167,22,1660,1,통합민주당,전재수,469,40.19
18,2008,2008-04-09,북구강서구갑,만덕제2동,만덕제2동제1투,box,2849,1189,1167,22,1660,2,한나라당,박민식,667,57.16
18,2008,2008-04-09,북구강서구갑,만덕제2동,만덕제2동제1투,box,2849,1189,1167,22,1660,3,평화통일가정당,임종보,31,2.66
18,2008,2008-04-09,북구강서구갑,만덕제2동,만덕제2동제2투,box,3189,1117,1106,11,2072,1,통합민주당,전재수,407,36.8
18,2008,2008-04-09,북구강서구갑,만덕제2동,만덕제2동제2투,box,3189,1117,1106,11,2072,2,한나라당,박민식,651,58.86
18,2008,2008-04-09,북구강서구갑,만덕제2동,만덕제2동제2투,box,3189,1117,1106,11,2072,3,평화통일가정당,임종보,48,4.34
18,2008,2008-04-09,북구강서구갑,만덕제2동,만덕제2동제3투,box,3181,1137,1119,18,2044,1,통합민주당,전재수,424,37.89
18,2008,2008-04-09,북구강서구갑,만덕제2동,만덕제2동제3투,box,3181,1137,1119,18,2044,2,한나라당,박민식,659,58.89
18,2008,2008-04-09,북구강서구갑,만덕제2동,만덕제2동제3투,box,3181,1137,1119,18,2044,3,평화통일가정당,임종보,36,3.22
18,2008,2008-04-09,북구강서구갑,만덕제2동,만덕제2동제4투,box,4129,1884,1846,38,2245,1,통합민주당,전재수,709,38.41
18,2008,2008-04-09,북구강서구갑,만덕제2동,만덕제2동제4투,box,4129,1884,1846,38,2245,2,한나라당,박민식,1078,58.4
18,2008,2008-04-09,북구강서구갑,만덕제2동,만덕제2동제4투,box,4129,1884,1846,38,2245,3,평화통일가정당,임종보,59,3.2
18,2008,2008-04-09,북구강서구갑,만덕제2동,만덕제2동제5투,box,4918,1944,1915,29,2974,1,통합민주당,전재수,765,39.95
18,2008,2008-04-09,북구강서구갑,만덕제2동,만덕제2동제5투,box,4918,1944,1915,29,2974,2,한나라당,박민식,1087,56.76
18,2008,2008-04-09,북구강서구갑,만덕제2동,만덕제2동제5투,box,4918,1944,1915,29,2974,3,평화통일가정당,임종보,63,3.29
18,2008,2008-04-09,북구강서구갑,만덕제2동,소계,subtotal,18228,7699,7570,129,10529,1,통합민주당,전재수,2974,39.29
18,2008,2008-04-09,북구강서구갑,만덕제2동,소계,subtotal,18228,7699,7570,129,10529,2,한나라당,박민식,4355,57.53
18,2008,2008-04-09,북구강서구갑,만덕제2동,소계,subtotal,18228,7699,7570,129,10529,3,평화통일가정당,임종보,241,3.18
18,2008,2008-04-09,북구강서구갑,만덕제3동,만덕제3동제1투,box,3246,1248,1221,27,1998,1,통합민주당,전재수,520,42.59
18,2008,2008-04-09,북구강서구갑,만덕제3동,만덕제3동제1투,box,3246,1248,1221,27,1998,2,한나라당,박민식,657,53.81
18,2008,2008-04-09,북구강서구갑,만덕제3동,만덕제3동제1투,box,3246,1248,1221,27,1998,3,평화통일가정당,임종보,44,3.6
18,2008,2008-04-09,북구강서구갑,만덕제3동,만덕제3동제2투,box,3890,1875,1848,27,2015,1,통합민주당,전재수,640,34.63
18,2008,2008-04-09,북구강서구갑,만덕제3동,만덕제3동제2투,box,3890,1875,1848,27,2015,2,한나라당,박민식,1158,62.66
18,2008,2008-04-09,북구강서구갑,만덕제3동,만덕제3동제2투,box,3890,1875,1848,27,2015,3,평화통일가정당,임종보,50,2.71
18,2008,2008-04-09,북구강서구갑,만덕제3동,만덕제3동제3투,box,2905,1075,1058,17,1830,1,통합민주당,전재수,416,39.32
18,2008,2008-04-09,북구강서구갑,만덕제3동,만덕제3동제3투,box,2905,1075,1058,17,1830,2,한나라당,박민식,610,57.66
18,2008,2008-04-09,북구강서구갑,만덕제3동,만덕제3동제3투,box,2905,1075,1058,17,1830,3,평화통일가정당,임종보,32,3.02
18,2008,2008-04-09,북구강서구갑,만덕제3동,만덕제3동제4투,box,3763,1590,1565,25,2173,1,통합민주당,전재수,656,41.92
18,2008,2008-04-09,북구강서구갑,만덕제3동,만덕제3동제4투,box,3763,1590,1565,25,2173,2,한나라당,박민식,848,54.19
18,2008,2008-04-09,북구강서구갑,만덕제3동,만덕제3동제4투,box,3763,1590,1565,25,2173,3,평화통일가정당,임종보,61,3.9
18,2008,2008-04-09,북구강서구갑,만덕제3동,만덕제3동제5투,box,4424,1911,1878,33,2513,1,통합민주당,전재수,742,39.51
18,2008,2008-04-09,북구강서구갑,만덕제3동,만덕제3동제5투,box,4424,1911,1878,33,2513,2,한나라당,박민식,1082,57.61
18,2008,2008-04-09,북구강서구갑,만덕제3동,만덕제3동제5투,box,4424,1911,1878,33,2513,3,평화통일가정당,임종보,54,2.88
18,2008,2008-04-09,북구강서구갑,만덕제3동,잘못 투입·구분된 투표지,other,0,82,79,3,-82,1,통합민주당,전재수,20,25.32
18,2008,2008-04-09,북구강서구갑,만덕제3동,잘못 투입·구분된 투표지,other,0,82,79,3,-82,2,한나라당,박민식,54,68.35
18,2008,2008-04-09,북구강서구갑,만덕제3동,잘못 투입·구분된 투표지,other,0,82,79,3,-82,3,평화통일가정당,임종보,5,6.33
19,2012,2012-04-11,북구강서구갑,전체,계,race_total,135354,74375,73670,705,60979,1,새누리당,박민식,38601,52.4
19,2012,2012-04-11,북구강서구갑,전체,계,race_total,135354,74375,73670,705,60979,2,민주통합당,전재수,35069,47.6
19,2012,2012-04-11,북구강서구갑,전체,국외부재자투표,special,237,67,66,1,170,1,새누리당,박민식,18,27.27
19,2012,2012-04-11,북구강서구갑,전체,국외부재자투표,special,237,67,66,1,170,2,민주통합당,전재수,48,72.73
19,2012,2012-04-11,북구강서구갑,전체,국내부재자투표,special,2924,2690,2640,50,234,1,새누리당,박민식,1380,52.27
19,2012,2012-04-11,북구강서구갑,전체,국내부재자투표,special,2924,2690,2640,50,234,2,민주통합당,전재수,1260,47.73
19,2012,2012-04-11,북구강서구갑,전체,소계,subtotal,11650,5920,5846,74,5730,1,새누리당,박민식,3295,56.36
19,2012,2012-04-11,북구강서구갑,전체,소계,subtotal,11650,5920,5846,74,5730,2,민주통합당,전재수,2551,43.64
19,2012,2012-04-11,북구강서구갑,구포제1동,구포제1동제1투,box,3017,1560,1541,19,1457,1,새누리당,박민식,981,63.66
19,2012,2012-04-11,북구강서구갑,구포제1동,구포제1동제1투,box,3017,1560,1541,19,1457,2,민주통합당,전재수,560,36.34
19,2012,2012-04-11,북구강서구갑,구포제1동,구포제1동제2투,box,2667,1375,1349,26,1292,1,새누리당,박민식,734,54.41
19,2012,2012-04-11,북구강서구갑,구포제1동,구포제1동제2투,box,2667,1375,1349,26,1292,2,민주통합당,전재수,615,45.59
19,2012,2012-04-11,북구강서구갑,구포제1동,구포제1동제3투,box,2890,1478,1463,15,1412,1,새누리당,박민식,826,56.46
19,2012,2012-04-11,북구강서구갑,구포제1동,구포제1동제3투,box,2890,1478,1463,15,1412,2,민주통합당,전재수,637,43.54
19,2012,2012-04-11,북구강서구갑,구포제1동,구포제1동제4투,box,3076,1507,1493,14,1569,1,새누리당,박민식,754,50.5
19,2012,2012-04-11,북구강서구갑,구포제1동,구포제1동제4투,box,3076,1507,1493,14,1569,2,민주통합당,전재수,739,49.5
19,2012,2012-04-11,북구강서구갑,구포제1동,소계,subtotal,24664,13246,13126,120,11418,1,새누리당,박민식,6921,52.73
19,2012,2012-04-11,북구강서구갑,구포제1동,소계,subtotal,24664,13246,13126,120,11418,2,민주통합당,전재수,6205,47.27
19,2012,2012-04-11,북구강서구갑,구포제2동,구포제2동제1투,box,3426,1759,1739,20,1667,1,새누리당,박민식,956,54.97
19,2012,2012-04-11,북구강서구갑,구포제2동,구포제2동제1투,box,3426,1759,1739,20,1667,2,민주통합당,전재수,783,45.03
19,2012,2012-04-11,북구강서구갑,구포제2동,구포제2동제2투,box,4112,1938,1922,16,2174,1,새누리당,박민식,1081,56.24
19,2012,2012-04-11,북구강서구갑,구포제2동,구포제2동제2투,box,4112,1938,1922,16,2174,2,민주통합당,전재수,841,43.76
19,2012,2012-04-11,북구강서구갑,구포제2동,구포제2동제3투,box,3921,2176,2158,18,1745,1,새누리당,박민식,1107,51.3
19,2012,2012-04-11,북구강서구갑,구포제2동,구포제2동제3투,box,3921,2176,2158,18,1745,2,민주통합당,전재수,1051,48.7
19,2012,2012-04-11,북구강서구갑,구포제2동,구포제2동제4투,box,4199,2165,2131,34,2034,1,새누리당,박민식,1147,53.82
19,2012,2012-04-11,북구강서구갑,구포제2동,구포제2동제4투,box,4199,2165,2131,34,2034,2,민주통합당,전재수,984,46.18
19,2012,2012-04-11,북구강서구갑,구포제2동,구포제2동제5투,box,4351,2714,2705,9,1637,1,새누리당,박민식,1403,51.87
19,2012,2012-04-11,북구강서구갑,구포제2동,구포제2동제5투,box,4351,2714,2705,9,1637,2,민주통합당,전재수,1302,48.13
19,2012,2012-04-11,북구강서구갑,구포제2동,구포제2동제6투,box,1974,900,887,13,1074,1,새누리당,박민식,489,55.13
19,2012,2012-04-11,북구강서구갑,구포제2동,구포제2동제6투,box,1974,900,887,13,1074,2,민주통합당,전재수,398,44.87
19,2012,2012-04-11,북구강서구갑,구포제2동,구포제2동제7투,box,2681,1594,1584,10,1087,1,새누리당,박민식,738,46.59
19,2012,2012-04-11,북구강서구갑,구포제2동,구포제2동제7투,box,2681,1594,1584,10,1087,2,민주통합당,전재수,846,53.41
19,2012,2012-04-11,북구강서구갑,구포제2동,소계,subtotal,21007,10229,10134,95,10778,1,새누리당,박민식,5309,52.39
19,2012,2012-04-11,북구강서구갑,구포제2동,소계,subtotal,21007,10229,10134,95,10778,2,민주통합당,전재수,4825,47.61
19,2012,2012-04-11,북구강서구갑,구포제3동,구포제3동제1투,box,3327,1559,1547,12,1768,1,새누리당,박민식,841,54.36
19,2012,2012-04-11,북구강서구갑,구포제3동,구포제3동제1투,box,3327,1559,1547,12,1768,2,민주통합당,전재수,706,45.64
19,2012,2012-04-11,북구강서구갑,구포제3동,구포제3동제2투,box,3291,1513,1503,10,1778,1,새누리당,박민식,803,53.43
19,2012,2012-04-11,북구강서구갑,구포제3동,구포제3동제2투,box,3291,1513,1503,10,1778,2,민주통합당,전재수,700,46.57
19,2012,2012-04-11,북구강서구갑,구포제3동,구포제3동제3투,box,3594,1651,1632,19,1943,1,새누리당,박민식,798,48.9
19,2012,2012-04-11,북구강서구갑,구포제3동,구포제3동제3투,box,3594,1651,1632,19,1943,2,민주통합당,전재수,834,51.1
19,2012,2012-04-11,북구강서구갑,구포제3동,구포제3동제4투,box,3640,2038,2018,20,1602,1,새누리당,박민식,1038,51.44
19,2012,2012-04-11,북구강서구갑,구포제3동,구포제3동제4투,box,3640,2038,2018,20,1602,2,민주통합당,전재수,980,48.56
19,2012,2012-04-11,북구강서구갑,구포제3동,구포제3동제5투,box,3209,1532,1514,18,1677,1,새누리당,박민식,840,55.48
19,2012,2012-04-11,북구강서구갑,구포제3동,구포제3동제5투,box,3209,1532,1514,18,1677,2,민주통합당,전재수,674,44.52
19,2012,2012-04-11,북구강서구갑,구포제3동,구포제3동제6투,box,3946,1936,1920,16,2010,1,새누리당,박민식,989,51.51
19,2012,2012-04-11,북구강서구갑,구포제3동,구포제3동제6투,box,3946,1936,1920,16,2010,2,민주통합당,전재수,931,48.49
19,2012,2012-04-11,북구강서구갑,구포제3동,소계,subtotal,14805,8076,8008,68,6729,1,새누리당,박민식,4394,54.87
19,2012,2012-04-11,북구강서구갑,구포제3동,소계,subtotal,14805,8076,8008,68,6729,2,민주통합당,전재수,3614,45.13
19,2012,2012-04-11,북구강서구갑,덕천제1동,덕천제1동제1투,box,4138,2458,2438,20,1680,1,새누리당,박민식,1351,55.41
19,2012,2012-04-11,북구강서구갑,덕천제1동,덕천제1동제1투,box,4138,2458,2438,20,1680,2,민주통합당,전재수,1087,44.59
19,2012,2012-04-11,북구강서구갑,덕천제1동,덕천제1동제2투,box,3778,1965,1950,15,1813,1,새누리당,박민식,1102,56.51
19,2012,2012-04-11,북구강서구갑,덕천제1동,덕천제1동제2투,box,3778,1965,1950,15,1813,2,민주통합당,전재수,848,43.49
19,2012,2012-04-11,북구강서구갑,덕천제1동,덕천제1동제3투,box,2738,1447,1438,9,1291,1,새누리당,박민식,765,53.2
19,2012,2012-04-11,북구강서구갑,덕천제1동,덕천제1동제3투,box,2738,1447,1438,9,1291,2,민주통합당,전재수,673,46.8
19,2012,2012-04-11,북구강서구갑,덕천제1동,덕천제1동제4투,box,4151,2206,2182,24,1945,1,새누리당,박민식,1176,53.9
19,2012,2012-04-11,북구강서구갑,덕천제1동,덕천제1동제4투,box,4151,2206,2182,24,1945,2,민주통합당,전재수,1006,46.1
19,2012,2012-04-11,북구강서구갑,덕천제1동,소계,subtotal,11523,6026,5944,82,5497,1,새누리당,박민식,3292,55.38
19,2012,2012-04-11,북구강서구갑,덕천제1동,소계,subtotal,11523,6026,5944,82,5497,2,민주통합당,전재수,2652,44.62
19,2012,2012-04-11,북구강서구갑,덕천제3동,덕천제3동제1투,box,3597,1925,1913,12,1672,1,새누리당,박민식,942,49.24
19,2012,2012-04-11,북구강서구갑,덕천제3동,덕천제3동제1투,box,3597,1925,1913,12,1672,2,민주통합당,전재수,971,50.76
19,2012,2012-04-11,북구강서구갑,덕천제3동,덕천제3동제2투,box,2378,1242,1231,11,1136,1,새누리당,박민식,685,55.65
19,2012,2012-04-11,북구강서구갑,덕천제3동,덕천제3동제2투,box,2378,1242,1231,11,1136,2,민주통합당,전재수,546,44.35
19,2012,2012-04-11,북구강서구갑,덕천제3동,덕천제3동제3투,box,2880,1494,1474,20,1386,1,새누리당,박민식,839,56.92
19,2012,2012-04-11,북구강서구갑,덕천제3동,덕천제3동제3투,box,2880,1494,1474,20,1386,2,민주통합당,전재수,635,43.08
19,2012,2012-04-11,북구강서구갑,덕천제3동,덕천제3동제4투,box,2668,1365,1326,39,1303,1,새누리당,박민식,826,62.29
19,2012,2012-04-11,북구강서구갑,덕천제3동,덕천제3동제4투,box,2668,1365,1326,39,1303,2,민주통합당,전재수,500,37.71
19,2012,2012-04-11,북구강서구갑,덕천제3동,소계,subtotal,11926,6924,6865,59,5002,1,새누리당,박민식,2919,42.52
19,2012,2012-04-11,북구강서구갑,덕천제3동,소계,subtotal,11926,6924,6865,59,5002,2,민주통합당,전재수,3946,57.48
19,2012,2012-04-11,북구강서구갑,만덕제1동,만덕제1동제1투,box,2800,1660,1642,18,1140,1,새누리당,박민식,644,39.22
19,2012,2012-04-11,북구강서구갑,만덕제1동,만덕제1동제1투,box,2800,1660,1642,18,1140,2,민주통합당,전재수,998,60.78
19,2012,2012-04-11,북구강서구갑,만덕제1동,만덕제1동제2투,box,2906,1627,1612,15,1279,1,새누리당,박민식,500,31.02
19,2012,2012-04-11,북구강서구갑,만덕제1동,만덕제1동제2투,box,2906,1627,1612,15,1279,2,민주통합당,전재수,1112,68.98
19,2012,2012-04-11,북구강서구갑,만덕제1동,만덕제1동제3투,box,3070,1754,1739,15,1316,1,새누리당,박민식,834,47.96
19,2012,2012-04-11,북구강서구갑,만덕제1동,만덕제1동제3투,box,3070,1754,1739,15,1316,2,민주통합당,전재수,905,52.04
19,2012,2012-04-11,북구강서구갑,만덕제1동,만덕제1동제4투,box,3150,1883,1872,11,1267,1,새누리당,박민식,941,50.27
19,2012,2012-04-11,북구강서구갑,만덕제1동,만덕제1동제4투,box,3150,1883,1872,11,1267,2,민주통합당,전재수,931,49.73
19,2012,2012-04-11,북구강서구갑,만덕제1동,소계,subtotal,18355,10288,10204,84,8067,1,새누리당,박민식,5378,52.7
19,2012,2012-04-11,북구강서구갑,만덕제1동,소계,subtotal,18355,10288,10204,84,8067,2,민주통합당,전재수,4826,47.3
19,2012,2012-04-11,북구강서구갑,만덕제2동,만덕제2동제1투,box,2882,1595,1579,16,1287,1,새누리당,박민식,864,54.72
19,2012,2012-04-11,북구강서구갑,만덕제2동,만덕제2동제1투,box,2882,1595,1579,16,1287,2,민주통합당,전재수,715,45.28
19,2012,2012-04-11,북구강서구갑,만덕제2동,만덕제2동제2투,box,2567,1326,1315,11,1241,1,새누리당,박민식,711,54.07
19,2012,2012-04-11,북구강서구갑,만덕제2동,만덕제2동제2투,box,2567,1326,1315,11,1241,2,민주통합당,전재수,604,45.93
19,2012,2012-04-11,북구강서구갑,만덕제2동,만덕제2동제3투,box,3705,2006,1992,14,1699,1,새누리당,박민식,1012,50.8
19,2012,2012-04-11,북구강서구갑,만덕제2동,만덕제2동제3투,box,3705,2006,1992,14,1699,2,민주통합당,전재수,980,49.2
19,2012,2012-04-11,북구강서구갑,만덕제2동,만덕제2동제4투,box,4218,2340,2321,19,1878,1,새누리당,박민식,1314,56.61
19,2012,2012-04-11,북구강서구갑,만덕제2동,만덕제2동제4투,box,4218,2340,2321,19,1878,2,민주통합당,전재수,1007,43.39
19,2012,2012-04-11,북구강서구갑,만덕제2동,만덕제2동제5투,box,4983,3021,2997,24,1962,1,새누리당,박민식,1477,49.28
19,2012,2012-04-11,북구강서구갑,만덕제2동,만덕제2동제5투,box,4983,3021,2997,24,1962,2,민주통합당,전재수,1520,50.72
19,2012,2012-04-11,북구강서구갑,만덕제2동,소계,subtotal,18263,10909,10837,72,7354,1,새누리당,박민식,5695,52.55
19,2012,2012-04-11,북구강서구갑,만덕제2동,소계,subtotal,18263,10909,10837,72,7354,2,민주통합당,전재수,5142,47.45
19,2012,2012-04-11,북구강서구갑,만덕제3동,만덕제3동제1투,box,3299,1960,1944,16,1339,1,새누리당,박민식,982,50.51
19,2012,2012-04-11,북구강서구갑,만덕제3동,만덕제3동제1투,box,3299,1960,1944,16,1339,2,민주통합당,전재수,962,49.49
19,2012,2012-04-11,북구강서구갑,만덕제3동,만덕제3동제2투,box,3836,2375,2359,16,1461,1,새누리당,박민식,1307,55.4
19,2012,2012-04-11,북구강서구갑,만덕제3동,만덕제3동제2투,box,3836,2375,2359,16,1461,2,민주통합당,전재수,1052,44.6
19,2012,2012-04-11,북구강서구갑,만덕제3동,만덕제3동제3투,box,2925,1565,1554,11,1360,1,새누리당,박민식,790,50.84
19,2012,2012-04-11,북구강서구갑,만덕제3동,만덕제3동제3투,box,2925,1565,1554,11,1360,2,민주통합당,전재수,764,49.16
19,2012,2012-04-11,북구강서구갑,만덕제3동,만덕제3동제4투,box,3895,2350,2338,12,1545,1,새누리당,박민식,1175,50.26
19,2012,2012-04-11,북구강서구갑,만덕제3동,만덕제3동제4투,box,3895,2350,2338,12,1545,2,민주통합당,전재수,1163,49.74
19,2012,2012-04-11,북구강서구갑,만덕제3동,만덕제3동제5투,box,4308,2659,2642,17,1649,1,새누리당,박민식,1441,54.54
19,2012,2012-04-11,북구강서구갑,만덕제3동,만덕제3동제5투,box,4308,2659,2642,17,1649,2,민주통합당,전재수,1201,45.46
20,2016,2016-04-13,북구강서구갑,전체,계,race_total,146182,88490,87414,1076,57692,1,새누리당,박민식,38527,44.07
20,2016,2016-04-13,북구강서구갑,전체,계,race_total,146182,88490,87414,1076,57692,2,더불어민주당,전재수,48887,55.93
20,2016,2016-04-13,북구강서구갑,전체,거소·선상투표,special,324,311,297,14,13,1,새누리당,박민식,179,60.27
20,2016,2016-04-13,북구강서구갑,전체,거소·선상투표,special,324,311,297,14,13,2,더불어민주당,전재수,118,39.73
20,2016,2016-04-13,북구강서구갑,전체,관외사전투표,special,5295,5291,5205,86,4,1,새누리당,박민식,1989,38.21
20,2016,2016-04-13,북구강서구갑,전체,관외사전투표,special,5295,5291,5205,86,4,2,더불어민주당,전재수,3216,61.79
20,2016,2016-04-13,북구강서구갑,전체,국외부재자투표,special,241,100,99,1,141,1,새누리당,박민식,24,24.24
20,2016,2016-04-13,북구강서구갑,전체,국외부재자투표,special,241,100,99,1,141,2,더불어민주당,전재수,75,75.76
20,2016,2016-04-13,북구강서구갑,전체,소계,subtotal,13513,7683,7593,90,5830,1,새누리당,박민식,3379,44.5
20,2016,2016-04-13,북구강서구갑,전체,소계,subtotal,13513,7683,7593,90,5830,2,더불어민주당,전재수,4214,55.5
20,2016,2016-04-13,북구강서구갑,전체,관내사전투표,early,1234,1234,1224,10,0,1,새누리당,박민식,520,42.48
20,2016,2016-04-13,북구강서구갑,전체,관내사전투표,early,1234,1234,1224,10,0,2,더불어민주당,전재수,704,57.52
20,2016,2016-04-13,북구강서구갑,구포제1동,구포제1동제1투,box,3970,2134,2109,25,1836,1,새누리당,박민식,909,43.1
20,2016,2016-04-13,북구강서구갑,구포제1동,구포제1동제1투,box,3970,2134,2109,25,1836,2,더불어민주당,전재수,1200,56.9
20,2016,2016-04-13,북구강서구갑,구포제1동,구포제1동제2투,box,2736,1382,1361,21,1354,1,새누리당,박민식,662,48.64
20,2016,2016-04-13,북구강서구갑,구포제1동,구포제1동제2투,box,2736,1382,1361,21,1354,2,더불어민주당,전재수,699,51.36
20,2016,2016-04-13,북구강서구갑,구포제1동,구포제1동제3투,box,2758,1492,1473,19,1266,1,새누리당,박민식,701,47.59
20,2016,2016-04-13,북구강서구갑,구포제1동,구포제1동제3투,box,2758,1492,1473,19,1266,2,더불어민주당,전재수,772,52.41
20,2016,2016-04-13,북구강서구갑,구포제1동,구포제1동제4투,box,2815,1441,1426,15,1374,1,새누리당,박민식,587,41.16
20,2016,2016-04-13,북구강서구갑,구포제1동,구포제1동제4투,box,2815,1441,1426,15,1374,2,더불어민주당,전재수,839,58.84
20,2016,2016-04-13,북구강서구갑,구포제1동,소계,subtotal,23204,13621,13439,182,9583,1,새누리당,박민식,5805,43.2
20,2016,2016-04-13,북구강서구갑,구포제1동,소계,subtotal,23204,13621,13439,182,9583,2,더불어민주당,전재수,7634,56.8
20,2016,2016-04-13,북구강서구갑,구포제1동,관내사전투표,early,1387,1387,1376,11,0,1,새누리당,박민식,551,40.04
20,2016,2016-04-13,북구강서구갑,구포제1동,관내사전투표,early,1387,1387,1376,11,0,2,더불어민주당,전재수,825,59.96
20,2016,2016-04-13,북구강서구갑,구포제2동,구포제2동제1투,box,2929,1552,1527,25,1377,1,새누리당,박민식,727,47.61
20,2016,2016-04-13,북구강서구갑,구포제2동,구포제2동제1투,box,2929,1552,1527,25,1377,2,더불어민주당,전재수,800,52.39
20,2016,2016-04-13,북구강서구갑,구포제2동,구포제2동제2투,box,3552,1627,1591,36,1925,1,새누리당,박민식,702,44.12
20,2016,2016-04-13,북구강서구갑,구포제2동,구포제2동제2투,box,3552,1627,1591,36,1925,2,더불어민주당,전재수,889,55.88
20,2016,2016-04-13,북구강서구갑,구포제2동,구포제2동제3투,box,3663,2062,2037,25,1601,1,새누리당,박민식,839,41.19
20,2016,2016-04-13,북구강서구갑,구포제2동,구포제2동제3투,box,3663,2062,2037,25,1601,2,더불어민주당,전재수,1198,58.81
20,2016,2016-04-13,북구강서구갑,구포제2동,구포제2동제4투,box,3533,1942,1907,35,1591,1,새누리당,박민식,842,44.15
20,2016,2016-04-13,북구강서구갑,구포제2동,구포제2동제4투,box,3533,1942,1907,35,1591,2,더불어민주당,전재수,1065,55.85
20,2016,2016-04-13,북구강서구갑,구포제2동,구포제2동제5투,box,3855,2594,2568,26,1261,1,새누리당,박민식,1100,42.83
20,2016,2016-04-13,북구강서구갑,구포제2동,구포제2동제5투,box,3855,2594,2568,26,1261,2,더불어민주당,전재수,1468,57.17
20,2016,2016-04-13,북구강서구갑,구포제2동,구포제2동제6투,box,1733,776,765,11,957,1,새누리당,박민식,380,49.67
20,2016,2016-04-13,북구강서구갑,구포제2동,구포제2동제6투,box,1733,776,765,11,957,2,더불어민주당,전재수,385,50.33
20,2016,2016-04-13,북구강서구갑,구포제2동,구포제2동제7투,box,2552,1681,1668,13,871,1,새누리당,박민식,664,39.81
20,2016,2016-04-13,북구강서구갑,구포제2동,구포제2동제7투,box,2552,1681,1668,13,871,2,더불어민주당,전재수,1004,60.19
20,2016,2016-04-13,북구강서구갑,구포제2동,소계,subtotal,19507,10570,10454,116,8937,1,새누리당,박민식,4626,44.25
20,2016,2016-04-13,북구강서구갑,구포제2동,소계,subtotal,19507,10570,10454,116,8937,2,더불어민주당,전재수,5828,55.75
20,2016,2016-04-13,북구강서구갑,구포제2동,관내사전투표,early,1459,1459,1448,11,0,1,새누리당,박민식,619,42.75
20,2016,2016-04-13,북구강서구갑,구포제2동,관내사전투표,early,1459,1459,1448,11,0,2,더불어민주당,전재수,829,57.25
20,2016,2016-04-13,북구강서구갑,구포제3동,구포제3동제1투,box,2917,1392,1379,13,1525,1,새누리당,박민식,646,46.85
20,2016,2016-04-13,북구강서구갑,구포제3동,구포제3동제1투,box,2917,1392,1379,13,1525,2,더불어민주당,전재수,733,53.15
20,2016,2016-04-13,북구강서구갑,구포제3동,구포제3동제2투,box,2846,1370,1350,20,1476,1,새누리당,박민식,624,46.22
20,2016,2016-04-13,북구강서구갑,구포제3동,구포제3동제2투,box,2846,1370,1350,20,1476,2,더불어민주당,전재수,726,53.78
20,2016,2016-04-13,북구강서구갑,구포제3동,구포제3동제3투,box,3131,1573,1542,31,1558,1,새누리당,박민식,651,42.22
20,2016,2016-04-13,북구강서구갑,구포제3동,구포제3동제3투,box,3131,1573,1542,31,1558,2,더불어민주당,전재수,891,57.78
20,2016,2016-04-13,북구강서구갑,구포제3동,구포제3동제4투,box,3053,1771,1757,14,1282,1,새누리당,박민식,735,41.83
20,2016,2016-04-13,북구강서구갑,구포제3동,구포제3동제4투,box,3053,1771,1757,14,1282,2,더불어민주당,전재수,1022,58.17
20,2016,2016-04-13,북구강서구갑,구포제3동,구포제3동제5투,box,2684,1298,1290,8,1386,1,새누리당,박민식,625,48.45
20,2016,2016-04-13,북구강서구갑,구포제3동,구포제3동제5투,box,2684,1298,1290,8,1386,2,더불어민주당,전재수,665,51.55
20,2016,2016-04-13,북구강서구갑,구포제3동,구포제3동제6투,box,3417,1707,1688,19,1710,1,새누리당,박민식,726,43.01
20,2016,2016-04-13,북구강서구갑,구포제3동,구포제3동제6투,box,3417,1707,1688,19,1710,2,더불어민주당,전재수,962,56.99
20,2016,2016-04-13,북구강서구갑,구포제3동,소계,subtotal,13693,7941,7821,120,5752,1,새누리당,박민식,3770,48.2
20,2016,2016-04-13,북구강서구갑,구포제3동,소계,subtotal,13693,7941,7821,120,5752,2,더불어민주당,전재수,4051,51.8
20,2016,2016-04-13,북구강서구갑,구포제3동,관내사전투표,early,1003,1003,990,13,0,1,새누리당,박민식,479,48.38
20,2016,2016-04-13,북구강서구갑,구포제3동,관내사전투표,early,1003,1003,990,13,0,2,더불어민주당,전재수,511,51.62
20,2016,2016-04-13,북구강서구갑,덕천제1동,덕천제1동제1투,box,3621,2198,2163,35,1423,1,새누리당,박민식,986,45.58
20,2016,2016-04-13,북구강서구갑,덕천제1동,덕천제1동제1투,box,3621,2198,2163,35,1423,2,더불어민주당,전재수,1177,54.42
20,2016,2016-04-13,북구강서구갑,덕천제1동,덕천제1동제2투,box,3142,1648,1617,31,1494,1,새누리당,박민식,743,45.95
20,2016,2016-04-13,북구강서구갑,덕천제1동,덕천제1동제2투,box,3142,1648,1617,31,1494,2,더불어민주당,전재수,874,54.05
20,2016,2016-04-13,북구강서구갑,덕천제1동,덕천제1동제3투,box,2393,1236,1213,23,1157,1,새누리당,박민식,532,43.86
20,2016,2016-04-13,북구강서구갑,덕천제1동,덕천제1동제3투,box,2393,1236,1213,23,1157,2,더불어민주당,전재수,681,56.14
20,2016,2016-04-13,북구강서구갑,덕천제1동,덕천제1동제4투,box,3534,1856,1838,18,1678,1,새누리당,박민식,1030,56.04
20,2016,2016-04-13,북구강서구갑,덕천제1동,덕천제1동제4투,box,3534,1856,1838,18,1678,2,더불어민주당,전재수,808,43.96
20,2016,2016-04-13,북구강서구갑,덕천제1동,소계,subtotal,11598,6396,6303,93,5202,1,새누리당,박민식,2807,44.53
20,2016,2016-04-13,북구강서구갑,덕천제1동,소계,subtotal,11598,6396,6303,93,5202,2,더불어민주당,전재수,3496,55.47
20,2016,2016-04-13,북구강서구갑,덕천제1동,관내사전투표,early,909,909,903,6,0,1,새누리당,박민식,308,34.11
20,2016,2016-04-13,북구강서구갑,덕천제1동,관내사전투표,early,909,909,903,6,0,2,더불어민주당,전재수,595,65.89
20,2016,2016-04-13,북구강서구갑,덕천제2동,덕천제2동제1투,box,2645,1313,1294,19,1332,1,새누리당,박민식,619,47.84
20,2016,2016-04-13,북구강서구갑,덕천제2동,덕천제2동제1투,box,2645,1313,1294,19,1332,2,더불어민주당,전재수,675,52.16
20,2016,2016-04-13,북구강서구갑,덕천제2동,덕천제2동제2투,box,2660,1276,1254,22,1384,1,새누리당,박민식,571,45.53
20,2016,2016-04-13,북구강서구갑,덕천제2동,덕천제2동제2투,box,2660,1276,1254,22,1384,2,더불어민주당,전재수,683,54.47
20,2016,2016-04-13,북구강서구갑,덕천제2동,덕천제2동제3투,box,2916,1577,1548,29,1339,1,새누리당,박민식,679,43.86
20,2016,2016-04-13,북구강서구갑,덕천제2동,덕천제2동제3투,box,2916,1577,1548,29,1339,2,더불어민주당,전재수,869,56.14
20,2016,2016-04-13,북구강서구갑,덕천제2동,덕천제2동제4투,box,2468,1321,1304,17,1147,1,새누리당,박민식,630,48.31
20,2016,2016-04-13,북구강서구갑,덕천제2동,덕천제2동제4투,box,2468,1321,1304,17,1147,2,더불어민주당,전재수,674,51.69
20,2016,2016-04-13,북구강서구갑,덕천제2동,소계,subtotal,10524,6010,5918,92,4514,1,새누리당,박민식,2907,49.12
20,2016,2016-04-13,북구강서구갑,덕천제2동,소계,subtotal,10524,6010,5918,92,4514,2,더불어민주당,전재수,3011,50.88
20,2016,2016-04-13,북구강서구갑,덕천제2동,관내사전투표,early,1059,1059,1039,20,0,1,새누리당,박민식,506,48.7
20,2016,2016-04-13,북구강서구갑,덕천제2동,관내사전투표,early,1059,1059,1039,20,0,2,더불어민주당,전재수,533,51.3
20,2016,2016-04-13,북구강서구갑,덕천제3동,덕천제3동제1투,box,1805,990,982,8,815,1,새누리당,박민식,393,40.02
20,2016,2016-04-13,북구강서구갑,덕천제3동,덕천제3동제1투,box,1805,990,982,8,815,2,더불어민주당,전재수,589,59.98
20,2016,2016-04-13,북구강서구갑,덕천제3동,덕천제3동제2투,box,2956,1558,1536,22,1398,1,새누리당,박민식,750,48.83
20,2016,2016-04-13,북구강서구갑,덕천제3동,덕천제3동제2투,box,2956,1558,1536,22,1398,2,더불어민주당,전재수,786,51.17
20,2016,2016-04-13,북구강서구갑,덕천제3동,덕천제3동제3투,box,2594,1353,1332,21,1241,1,새누리당,박민식,655,49.17
20,2016,2016-04-13,북구강서구갑,덕천제3동,덕천제3동제3투,box,2594,1353,1332,21,1241,2,더불어민주당,전재수,677,50.83
20,2016,2016-04-13,북구강서구갑,덕천제3동,덕천제3동제4투,box,2110,1050,1029,21,1060,1,새누리당,박민식,603,58.6
20,2016,2016-04-13,북구강서구갑,덕천제3동,덕천제3동제4투,box,2110,1050,1029,21,1060,2,더불어민주당,전재수,426,41.4
20,2016,2016-04-13,북구강서구갑,덕천제3동,소계,subtotal,8314,5278,5236,42,3036,1,새누리당,박민식,2221,42.42
20,2016,2016-04-13,북구강서구갑,덕천제3동,소계,subtotal,8314,5278,5236,42,3036,2,더불어민주당,전재수,3015,57.58
20,2016,2016-04-13,북구강서구갑,덕천제3동,관내사전투표,early,879,879,872,7,0,1,새누리당,박민식,334,38.3
20,2016,2016-04-13,북구강서구갑,덕천제3동,관내사전투표,early,879,879,872,7,0,2,더불어민주당,전재수,538,61.7
20,2016,2016-04-13,북구강서구갑,만덕제1동,만덕제1동제1투,box,2184,1272,1266,6,912,1,새누리당,박민식,525,41.47
20,2016,2016-04-13,북구강서구갑,만덕제1동,만덕제1동제1투,box,2184,1272,1266,6,912,2,더불어민주당,전재수,741,58.53
20,2016,2016-04-13,북구강서구갑,만덕제1동,만덕제1동제2투,box,2656,1576,1560,16,1080,1,새누리당,박민식,636,40.77
20,2016,2016-04-13,북구강서구갑,만덕제1동,만덕제1동제2투,box,2656,1576,1560,16,1080,2,더불어민주당,전재수,924,59.23
20,2016,2016-04-13,북구강서구갑,만덕제1동,만덕제1동제3투,box,2595,1551,1538,13,1044,1,새누리당,박민식,726,47.2
20,2016,2016-04-13,북구강서구갑,만덕제1동,만덕제1동제3투,box,2595,1551,1538,13,1044,2,더불어민주당,전재수,812,52.8
20,2016,2016-04-13,북구강서구갑,만덕제1동,소계,subtotal,22974,14292,14164,128,8682,1,새누리당,박민식,6011,42.44
20,2016,2016-04-13,북구강서구갑,만덕제1동,소계,subtotal,22974,14292,14164,128,8682,2,더불어민주당,전재수,8153,57.56
20,2016,2016-04-13,북구강서구갑,만덕제1동,관내사전투표,early,2198,2198,2180,18,0,1,새누리당,박민식,942,43.21
20,2016,2016-04-13,북구강서구갑,만덕제1동,관내사전투표,early,2198,2198,2180,18,0,2,더불어민주당,전재수,1238,56.79
20,2016,2016-04-13,북구강서구갑,만덕제2동,만덕제2동제1투,box,2391,1336,1315,21,1055,1,새누리당,박민식,606,46.08
20,2016,2016-04-13,북구강서구갑,만덕제2동,만덕제2동제1투,box,2391,1336,1315,21,1055,2,더불어민주당,전재수,709,53.92
20,2016,2016-04-13,북구강서구갑,만덕제2동,만덕제2동제2투,box,2206,1150,1138,12,1056,1,새누리당,박민식,531,46.66
20,2016,2016-04-13,북구강서구갑,만덕제2동,만덕제2동제2투,box,2206,1150,1138,12,1056,2,더불어민주당,전재수,607,53.34
20,2016,2016-04-13,북구강서구갑,만덕제2동,만덕제2동제3투,box,3064,1703,1681,22,1361,1,새누리당,박민식,717,42.65
20,2016,2016-04-13,북구강서구갑,만덕제2동,만덕제2동제3투,box,3064,1703,1681,22,1361,2,더불어민주당,전재수,964,57.35
20,2016,2016-04-13,북구강서구갑,만덕제2동,만덕제2동제4투,box,2540,1504,1486,18,1036,1,새누리당,박민식,708,47.64
20,2016,2016-04-13,북구강서구갑,만덕제2동,만덕제2동제4투,box,2540,1504,1486,18,1036,2,더불어민주당,전재수,778,52.36
20,2016,2016-04-13,북구강서구갑,만덕제2동,만덕제2동제5투,box,4508,2783,2764,19,1725,1,새누리당,박민식,1097,39.69
20,2016,2016-04-13,북구강서구갑,만덕제2동,만덕제2동제5투,box,4508,2783,2764,19,1725,2,더불어민주당,전재수,1667,60.31
20,2016,2016-04-13,북구강서구갑,만덕제2동,만덕제2동제6투,box,2629,1482,1472,10,1147,1,새누리당,박민식,603,40.96
20,2016,2016-04-13,북구강서구갑,만덕제2동,만덕제2동제6투,box,2629,1482,1472,10,1147,2,더불어민주당,전재수,869,59.04
20,2016,2016-04-13,북구강서구갑,만덕제2동,만덕제2동제7투,box,3438,2136,2128,8,1302,1,새누리당,박민식,807,37.92
20,2016,2016-04-13,북구강서구갑,만덕제2동,만덕제2동제7투,box,3438,2136,2128,8,1302,2,더불어민주당,전재수,1321,62.08
20,2016,2016-04-13,북구강서구갑,만덕제2동,소계,subtotal,16995,10997,10885,112,5998,1,새누리당,박민식,4809,44.18
20,2016,2016-04-13,북구강서구갑,만덕제2동,소계,subtotal,16995,10997,10885,112,5998,2,더불어민주당,전재수,6076,55.82
20,2016,2016-04-13,북구강서구갑,만덕제2동,관내사전투표,early,1590,1590,1577,13,0,1,새누리당,박민식,702,44.51
20,2016,2016-04-13,북구강서구갑,만덕제2동,관내사전투표,early,1590,1590,1577,13,0,2,더불어민주당,전재수,875,55.49
20,2016,2016-04-13,북구강서구갑,만덕제3동,만덕제3동제1투,box,2751,1669,1655,14,1082,1,새누리당,박민식,687,41.51
20,2016,2016-04-13,북구강서구갑,만덕제3동,만덕제3동제1투,box,2751,1669,1655,14,1082,2,더불어민주당,전재수,968,58.49
20,2016,2016-04-13,북구강서구갑,만덕제3동,만덕제3동제2투,box,3281,2105,2082,23,1176,1,새누리당,박민식,944,45.34
20,2016,2016-04-13,북구강서구갑,만덕제3동,만덕제3동제2투,box,3281,2105,2082,23,1176,2,더불어민주당,전재수,1138,54.66
20,2016,2016-04-13,북구강서구갑,만덕제3동,만덕제3동제3투,box,2501,1299,1289,10,1202,1,새누리당,박민식,537,41.66
20,2016,2016-04-13,북구강서구갑,만덕제3동,만덕제3동제3투,box,2501,1299,1289,10,1202,2,더불어민주당,전재수,752,58.34
20,2016,2016-04-13,북구강서구갑,만덕제3동,만덕제3동제4투,box,3454,2165,2134,31,1289,1,새누리당,박민식,927,43.44
20,2016,2016-04-13,북구강서구갑,만덕제3동,만덕제3동제4투,box,3454,2165,2134,31,1289,2,더불어민주당,전재수,1207,56.56
20,2016,2016-04-13,북구강서구갑,만덕제3동,만덕제3동제5투,box,3418,2169,2148,21,1249,1,새누리당,박민식,1012,47.11
20,2016,2016-04-13,북구강서구갑,만덕제3동,만덕제3동제5투,box,3418,2169,2148,21,1249,2,더불어민주당,전재수,1136,52.89
21,2020,2020-04-15,북구강서구갑,전체,계,race_total,141852,97195,96334,861,44657,1,더불어민주당,전재수,48733,50.59
21,2020,2020-04-15,북구강서구갑,전체,계,race_total,141852,97195,96334,861,44657,2,미래통합당,박민식,46795,48.58
21,2020,2020-04-15,북구강서구갑,전체,계,race_total,141852,97195,96334,861,44657,3,국가혁명배당금당,이성근,806,0.84
21,2020,2020-04-15,북구강서구갑,전체,거소·선상투표,special,288,274,264,10,14,1,더불어민주당,전재수,137,51.89
21,2020,2020-04-15,북구강서구갑,전체,거소·선상투표,special,288,274,264,10,14,2,미래통합당,박민식,118,44.7
21,2020,2020-04-15,북구강서구갑,전체,거소·선상투표,special,288,274,264,10,14,3,국가혁명배당금당,이성근,9,3.41
21,2020,2020-04-15,북구강서구갑,전체,관외사전투표,special,7780,7777,7677,100,3,1,더불어민주당,전재수,4649,60.56
21,2020,2020-04-15,북구강서구갑,전체,관외사전투표,special,7780,7777,7677,100,3,2,미래통합당,박민식,2968,38.66
21,2020,2020-04-15,북구강서구갑,전체,관외사전투표,special,7780,7777,7677,100,3,3,국가혁명배당금당,이성근,60,0.78
21,2020,2020-04-15,북구강서구갑,전체,국외부재자투표,special,266,87,87,0,179,1,더불어민주당,전재수,63,72.41
21,2020,2020-04-15,북구강서구갑,전체,국외부재자투표,special,266,87,87,0,179,2,미래통합당,박민식,23,26.44
21,2020,2020-04-15,북구강서구갑,전체,국외부재자투표,special,266,87,87,0,179,3,국가혁명배당금당,이성근,1,1.15
21,2020,2020-04-15,북구강서구갑,전체,국외부재자투표(공관),other,0,1,1,0,-1,1,더불어민주당,전재수,1,100.0
21,2020,2020-04-15,북구강서구갑,전체,국외부재자투표(공관),other,0,1,1,0,-1,2,미래통합당,박민식,0,0.0
21,2020,2020-04-15,북구강서구갑,전체,국외부재자투표(공관),other,0,1,1,0,-1,3,국가혁명배당금당,이성근,0,0.0
21,2020,2020-04-15,북구강서구갑,전체,소계,subtotal,13447,8608,8520,88,4839,1,더불어민주당,전재수,4156,48.78
21,2020,2020-04-15,북구강서구갑,전체,소계,subtotal,13447,8608,8520,88,4839,2,미래통합당,박민식,4283,50.27
21,2020,2020-04-15,북구강서구갑,전체,소계,subtotal,13447,8608,8520,88,4839,3,국가혁명배당금당,이성근,81,0.95
21,2020,2020-04-15,북구강서구갑,전체,관내사전투표,early,3402,3402,3377,25,0,1,더불어민주당,전재수,1759,52.09
21,2020,2020-04-15,북구강서구갑,전체,관내사전투표,early,3402,3402,3377,25,0,2,미래통합당,박민식,1600,47.38
21,2020,2020-04-15,북구강서구갑,전체,관내사전투표,early,3402,3402,3377,25,0,3,국가혁명배당금당,이성근,18,0.53
21,2020,2020-04-15,북구강서구갑,구포제1동,구포제1동제1투,box,4137,2114,2090,24,2023,1,더불어민주당,전재수,1014,48.52
21,2020,2020-04-15,북구강서구갑,구포제1동,구포제1동제1투,box,4137,2114,2090,24,2023,2,미래통합당,박민식,1053,50.38
21,2020,2020-04-15,북구강서구갑,구포제1동,구포제1동제1투,box,4137,2114,2090,24,2023,3,국가혁명배당금당,이성근,23,1.1
21,2020,2020-04-15,북구강서구갑,구포제1동,구포제1동제2투,box,1495,686,680,6,809,1,더불어민주당,전재수,284,41.76
21,2020,2020-04-15,북구강서구갑,구포제1동,구포제1동제2투,box,1495,686,680,6,809,2,미래통합당,박민식,387,56.91
21,2020,2020-04-15,북구강서구갑,구포제1동,구포제1동제2투,box,1495,686,680,6,809,3,국가혁명배당금당,이성근,9,1.32
21,2020,2020-04-15,북구강서구갑,구포제1동,구포제1동제3투,box,2137,1155,1137,18,982,1,더불어민주당,전재수,482,42.39
21,2020,2020-04-15,북구강서구갑,구포제1동,구포제1동제3투,box,2137,1155,1137,18,982,2,미래통합당,박민식,639,56.2
21,2020,2020-04-15,북구강서구갑,구포제1동,구포제1동제3투,box,2137,1155,1137,18,982,3,국가혁명배당금당,이성근,16,1.41
21,2020,2020-04-15,북구강서구갑,구포제1동,구포제1동제4투,box,2276,1251,1236,15,1025,1,더불어민주당,전재수,617,49.92
21,2020,2020-04-15,북구강서구갑,구포제1동,구포제1동제4투,box,2276,1251,1236,15,1025,2,미래통합당,박민식,604,48.87
21,2020,2020-04-15,북구강서구갑,구포제1동,구포제1동제4투,box,2276,1251,1236,15,1025,3,국가혁명배당금당,이성근,15,1.21
21,2020,2020-04-15,북구강서구갑,구포제1동,소계,subtotal,21776,14128,13992,136,7648,1,더불어민주당,전재수,6965,49.78
21,2020,2020-04-15,북구강서구갑,구포제1동,소계,subtotal,21776,14128,13992,136,7648,2,미래통합당,박민식,6910,49.39
21,2020,2020-04-15,북구강서구갑,구포제1동,소계,subtotal,21776,14128,13992,136,7648,3,국가혁명배당금당,이성근,117,0.84
21,2020,2020-04-15,북구강서구갑,구포제1동,관내사전투표,early,3743,3743,3717,26,0,1,더불어민주당,전재수,2144,57.68
21,2020,2020-04-15,북구강서구갑,구포제1동,관내사전투표,early,3743,3743,3717,26,0,2,미래통합당,박민식,1556,41.86
21,2020,2020-04-15,북구강서구갑,구포제1동,관내사전투표,early,3743,3743,3717,26,0,3,국가혁명배당금당,이성근,17,0.46
21,2020,2020-04-15,북구강서구갑,구포제2동,구포제2동제1투,box,2318,1182,1169,13,1136,1,더불어민주당,전재수,475,40.63
21,2020,2020-04-15,북구강서구갑,구포제2동,구포제2동제1투,box,2318,1182,1169,13,1136,2,미래통합당,박민식,680,58.17
21,2020,2020-04-15,북구강서구갑,구포제2동,구포제2동제1투,box,2318,1182,1169,13,1136,3,국가혁명배당금당,이성근,14,1.2
21,2020,2020-04-15,북구강서구갑,구포제2동,구포제2동제2투,box,2611,1119,1108,11,1492,1,더불어민주당,전재수,514,46.39
21,2020,2020-04-15,북구강서구갑,구포제2동,구포제2동제2투,box,2611,1119,1108,11,1492,2,미래통합당,박민식,584,52.71
21,2020,2020-04-15,북구강서구갑,구포제2동,구포제2동제2투,box,2611,1119,1108,11,1492,3,국가혁명배당금당,이성근,10,0.9
21,2020,2020-04-15,북구강서구갑,구포제2동,구포제2동제3투,box,3304,1964,1953,11,1340,1,더불어민주당,전재수,948,48.54
21,2020,2020-04-15,북구강서구갑,구포제2동,구포제2동제3투,box,3304,1964,1953,11,1340,2,미래통합당,박민식,983,50.33
21,2020,2020-04-15,북구강서구갑,구포제2동,구포제2동제3투,box,3304,1964,1953,11,1340,3,국가혁명배당금당,이성근,22,1.13
21,2020,2020-04-15,북구강서구갑,구포제2동,구포제2동제4투,box,2973,1653,1635,18,1320,1,더불어민주당,전재수,740,45.26
21,2020,2020-04-15,북구강서구갑,구포제2동,구포제2동제4투,box,2973,1653,1635,18,1320,2,미래통합당,박민식,881,53.88
21,2020,2020-04-15,북구강서구갑,구포제2동,구포제2동제4투,box,2973,1653,1635,18,1320,3,국가혁명배당금당,이성근,14,0.86
21,2020,2020-04-15,북구강서구갑,구포제2동,구포제2동제5투,box,3215,2246,2221,25,969,1,더불어민주당,전재수,1059,47.68
21,2020,2020-04-15,북구강서구갑,구포제2동,구포제2동제5투,box,3215,2246,2221,25,969,2,미래통합당,박민식,1145,51.55
21,2020,2020-04-15,북구강서구갑,구포제2동,구포제2동제5투,box,3215,2246,2221,25,969,3,국가혁명배당금당,이성근,17,0.77
21,2020,2020-04-15,북구강서구갑,구포제2동,구포제2동제6투,box,1362,687,668,19,675,1,더불어민주당,전재수,268,40.12
21,2020,2020-04-15,북구강서구갑,구포제2동,구포제2동제6투,box,1362,687,668,19,675,2,미래통합당,박민식,392,58.68
21,2020,2020-04-15,북구강서구갑,구포제2동,구포제2동제6투,box,1362,687,668,19,675,3,국가혁명배당금당,이성근,8,1.2
21,2020,2020-04-15,북구강서구갑,구포제2동,구포제2동제7투,box,2250,1534,1521,13,716,1,더불어민주당,전재수,817,53.71
21,2020,2020-04-15,북구강서구갑,구포제2동,구포제2동제7투,box,2250,1534,1521,13,716,2,미래통합당,박민식,689,45.3
21,2020,2020-04-15,북구강서구갑,구포제2동,구포제2동제7투,box,2250,1534,1521,13,716,3,국가혁명배당금당,이성근,15,0.99
21,2020,2020-04-15,북구강서구갑,구포제2동,소계,subtotal,17680,10992,10893,99,6688,1,더불어민주당,전재수,5394,49.52
21,2020,2020-04-15,북구강서구갑,구포제2동,소계,subtotal,17680,10992,10893,99,6688,2,미래통합당,박민식,5384,49.43
21,2020,2020-04-15,북구강서구갑,구포제2동,소계,subtotal,17680,10992,10893,99,6688,3,국가혁명배당금당,이성근,115,1.06
21,2020,2020-04-15,북구강서구갑,구포제2동,관내사전투표,early,4236,4235,4211,24,1,1,더불어민주당,전재수,2323,55.17
21,2020,2020-04-15,북구강서구갑,구포제2동,관내사전투표,early,4236,4235,4211,24,1,2,미래통합당,박민식,1860,44.17
21,2020,2020-04-15,북구강서구갑,구포제2동,관내사전투표,early,4236,4235,4211,24,1,3,국가혁명배당금당,이성근,28,0.66
21,2020,2020-04-15,북구강서구갑,구포제3동,구포제3동제1투,box,2211,1136,1125,11,1075,1,더불어민주당,전재수,516,45.87
21,2020,2020-04-15,북구강서구갑,구포제3동,구포제3동제1투,box,2211,1136,1125,11,1075,2,미래통합당,박민식,598,53.16
21,2020,2020-04-15,북구강서구갑,구포제3동,구포제3동제1투,box,2211,1136,1125,11,1075,3,국가혁명배당금당,이성근,11,0.98
21,2020,2020-04-15,북구강서구갑,구포제3동,구포제3동제2투,box,2131,1026,1018,8,1105,1,더불어민주당,전재수,449,44.11
21,2020,2020-04-15,북구강서구갑,구포제3동,구포제3동제2투,box,2131,1026,1018,8,1105,2,미래통합당,박민식,556,54.62
21,2020,2020-04-15,북구강서구갑,구포제3동,구포제3동제2투,box,2131,1026,1018,8,1105,3,국가혁명배당금당,이성근,13,1.28
21,2020,2020-04-15,북구강서구갑,구포제3동,구포제3동제3투,box,2396,1146,1130,16,1250,1,더불어민주당,전재수,501,44.34
21,2020,2020-04-15,북구강서구갑,구포제3동,구포제3동제3투,box,2396,1146,1130,16,1250,2,미래통합당,박민식,618,54.69
21,2020,2020-04-15,북구강서구갑,구포제3동,구포제3동제3투,box,2396,1146,1130,16,1250,3,국가혁명배당금당,이성근,11,0.97
21,2020,2020-04-15,북구강서구갑,구포제3동,구포제3동제4투,box,2359,1358,1342,16,1001,1,더불어민주당,전재수,647,48.21
21,2020,2020-04-15,북구강서구갑,구포제3동,구포제3동제4투,box,2359,1358,1342,16,1001,2,미래통합당,박민식,679,50.6
21,2020,2020-04-15,북구강서구갑,구포제3동,구포제3동제4투,box,2359,1358,1342,16,1001,3,국가혁명배당금당,이성근,16,1.19
21,2020,2020-04-15,북구강서구갑,구포제3동,구포제3동제5투,box,1908,931,922,9,977,1,더불어민주당,전재수,406,44.03
21,2020,2020-04-15,북구강서구갑,구포제3동,구포제3동제5투,box,1908,931,922,9,977,2,미래통합당,박민식,497,53.9
21,2020,2020-04-15,북구강서구갑,구포제3동,구포제3동제5투,box,1908,931,922,9,977,3,국가혁명배당금당,이성근,19,2.06
21,2020,2020-04-15,북구강서구갑,구포제3동,구포제3동제6투,box,2439,1160,1145,15,1279,1,더불어민주당,전재수,552,48.21
21,2020,2020-04-15,북구강서구갑,구포제3동,구포제3동제6투,box,2439,1160,1145,15,1279,2,미래통합당,박민식,576,50.31
21,2020,2020-04-15,북구강서구갑,구포제3동,구포제3동제6투,box,2439,1160,1145,15,1279,3,국가혁명배당금당,이성근,17,1.48
21,2020,2020-04-15,북구강서구갑,구포제3동,소계,subtotal,11759,7731,7662,69,4028,1,더불어민주당,전재수,3524,45.99
21,2020,2020-04-15,북구강서구갑,구포제3동,소계,subtotal,11759,7731,7662,69,4028,2,미래통합당,박민식,4071,53.13
21,2020,2020-04-15,북구강서구갑,구포제3동,소계,subtotal,11759,7731,7662,69,4028,3,국가혁명배당금당,이성근,67,0.87
21,2020,2020-04-15,북구강서구갑,구포제3동,관내사전투표,early,2578,2578,2568,10,0,1,더불어민주당,전재수,1311,51.05
21,2020,2020-04-15,북구강서구갑,구포제3동,관내사전투표,early,2578,2578,2568,10,0,2,미래통합당,박민식,1241,48.33
21,2020,2020-04-15,북구강서구갑,구포제3동,관내사전투표,early,2578,2578,2568,10,0,3,국가혁명배당금당,이성근,16,0.62
21,2020,2020-04-15,북구강서구갑,덕천제1동,덕천제1동제1투,box,2973,1892,1874,18,1081,1,더불어민주당,전재수,818,43.65
21,2020,2020-04-15,북구강서구갑,덕천제1동,덕천제1동제1투,box,2973,1892,1874,18,1081,2,미래통합당,박민식,1038,55.39
21,2020,2020-04-15,북구강서구갑,덕천제1동,덕천제1동제1투,box,2973,1892,1874,18,1081,3,국가혁명배당금당,이성근,18,0.96
21,2020,2020-04-15,북구강서구갑,덕천제1동,덕천제1동제2투,box,1792,859,852,7,933,1,더불어민주당,전재수,334,39.2
21,2020,2020-04-15,북구강서구갑,덕천제1동,덕천제1동제2투,box,1792,859,852,7,933,2,미래통합당,박민식,514,60.33
21,2020,2020-04-15,북구강서구갑,덕천제1동,덕천제1동제2투,box,1792,859,852,7,933,3,국가혁명배당금당,이성근,4,0.47
21,2020,2020-04-15,북구강서구갑,덕천제1동,덕천제1동제3투,box,1700,922,914,8,778,1,더불어민주당,전재수,430,47.05
21,2020,2020-04-15,북구강서구갑,덕천제1동,덕천제1동제3투,box,1700,922,914,8,778,2,미래통합당,박민식,473,51.75
21,2020,2020-04-15,북구강서구갑,덕천제1동,덕천제1동제3투,box,1700,922,914,8,778,3,국가혁명배당금당,이성근,11,1.2
21,2020,2020-04-15,북구강서구갑,덕천제1동,덕천제1동제4투,box,2716,1480,1454,26,1236,1,더불어민주당,전재수,631,43.4
21,2020,2020-04-15,북구강서구갑,덕천제1동,덕천제1동제4투,box,2716,1480,1454,26,1236,2,미래통합당,박민식,805,55.36
21,2020,2020-04-15,북구강서구갑,덕천제1동,덕천제1동제4투,box,2716,1480,1454,26,1236,3,국가혁명배당금당,이성근,18,1.24
21,2020,2020-04-15,북구강서구갑,덕천제1동,소계,subtotal,11179,7130,7049,81,4049,1,더불어민주당,전재수,3396,48.18
21,2020,2020-04-15,북구강서구갑,덕천제1동,소계,subtotal,11179,7130,7049,81,4049,2,미래통합당,박민식,3570,50.65
21,2020,2020-04-15,북구강서구갑,덕천제1동,소계,subtotal,11179,7130,7049,81,4049,3,국가혁명배당금당,이성근,83,1.18
21,2020,2020-04-15,북구강서구갑,덕천제1동,관내사전투표,early,2476,2475,2445,30,1,1,더불어민주당,전재수,1391,56.89
21,2020,2020-04-15,북구강서구갑,덕천제1동,관내사전투표,early,2476,2475,2445,30,1,2,미래통합당,박민식,1033,42.25
21,2020,2020-04-15,북구강서구갑,덕천제1동,관내사전투표,early,2476,2475,2445,30,1,3,국가혁명배당금당,이성근,21,0.86
21,2020,2020-04-15,북구강서구갑,덕천제2동,덕천제2동제1투,box,2320,1094,1084,10,1226,1,더불어민주당,전재수,440,40.59
21,2020,2020-04-15,북구강서구갑,덕천제2동,덕천제2동제1투,box,2320,1094,1084,10,1226,2,미래통합당,박민식,624,57.56
21,2020,2020-04-15,북구강서구갑,덕천제2동,덕천제2동제1투,box,2320,1094,1084,10,1226,3,국가혁명배당금당,이성근,20,1.85
21,2020,2020-04-15,북구강서구갑,덕천제2동,덕천제2동제2투,box,1972,1012,997,15,960,1,더불어민주당,전재수,440,44.13
21,2020,2020-04-15,북구강서구갑,덕천제2동,덕천제2동제2투,box,1972,1012,997,15,960,2,미래통합당,박민식,544,54.56
21,2020,2020-04-15,북구강서구갑,덕천제2동,덕천제2동제2투,box,1972,1012,997,15,960,3,국가혁명배당금당,이성근,13,1.3
21,2020,2020-04-15,북구강서구갑,덕천제2동,덕천제2동제3투,box,2318,1350,1337,13,968,1,더불어민주당,전재수,630,47.12
21,2020,2020-04-15,북구강서구갑,덕천제2동,덕천제2동제3투,box,2318,1350,1337,13,968,2,미래통합당,박민식,695,51.98
21,2020,2020-04-15,북구강서구갑,덕천제2동,덕천제2동제3투,box,2318,1350,1337,13,968,3,국가혁명배당금당,이성근,12,0.9
21,2020,2020-04-15,북구강서구갑,덕천제2동,덕천제2동제4투,box,2093,1199,1186,13,894,1,더불어민주당,전재수,495,41.74
21,2020,2020-04-15,북구강서구갑,덕천제2동,덕천제2동제4투,box,2093,1199,1186,13,894,2,미래통합당,박민식,674,56.83
21,2020,2020-04-15,북구강서구갑,덕천제2동,덕천제2동제4투,box,2093,1199,1186,13,894,3,국가혁명배당금당,이성근,17,1.43
21,2020,2020-04-15,북구강서구갑,덕천제2동,소계,subtotal,9888,6374,6309,65,3514,1,더불어민주당,전재수,2989,47.38
21,2020,2020-04-15,북구강서구갑,덕천제2동,소계,subtotal,9888,6374,6309,65,3514,2,미래통합당,박민식,3260,51.67
21,2020,2020-04-15,북구강서구갑,덕천제2동,소계,subtotal,9888,6374,6309,65,3514,3,국가혁명배당금당,이성근,60,0.95
21,2020,2020-04-15,북구강서구갑,덕천제2동,관내사전투표,early,2679,2679,2658,21,0,1,더불어민주당,전재수,1406,52.9
21,2020,2020-04-15,북구강서구갑,덕천제2동,관내사전투표,early,2679,2679,2658,21,0,2,미래통합당,박민식,1234,46.43
21,2020,2020-04-15,북구강서구갑,덕천제2동,관내사전투표,early,2679,2679,2658,21,0,3,국가혁명배당금당,이성근,18,0.68
21,2020,2020-04-15,북구강서구갑,덕천제3동,덕천제3동제1투,box,1431,818,815,3,613,1,더불어민주당,전재수,416,51.04
21,2020,2020-04-15,북구강서구갑,덕천제3동,덕천제3동제1투,box,1431,818,815,3,613,2,미래통합당,박민식,394,48.34
21,2020,2020-04-15,북구강서구갑,덕천제3동,덕천제3동제1투,box,1431,818,815,3,613,3,국가혁명배당금당,이성근,5,0.61
21,2020,2020-04-15,북구강서구갑,덕천제3동,덕천제3동제2투,box,2058,1007,996,11,1051,1,더불어민주당,전재수,420,42.17
21,2020,2020-04-15,북구강서구갑,덕천제3동,덕천제3동제2투,box,2058,1007,996,11,1051,2,미래통합당,박민식,565,56.73
21,2020,2020-04-15,북구강서구갑,덕천제3동,덕천제3동제2투,box,2058,1007,996,11,1051,3,국가혁명배당금당,이성근,11,1.1
21,2020,2020-04-15,북구강서구갑,덕천제3동,덕천제3동제3투,box,2050,1068,1053,15,982,1,더불어민주당,전재수,446,42.36
21,2020,2020-04-15,북구강서구갑,덕천제3동,덕천제3동제3투,box,2050,1068,1053,15,982,2,미래통합당,박민식,595,56.51
21,2020,2020-04-15,북구강서구갑,덕천제3동,덕천제3동제3투,box,2050,1068,1053,15,982,3,국가혁명배당금당,이성근,12,1.14
21,2020,2020-04-15,북구강서구갑,덕천제3동,덕천제3동제4투,box,1670,802,787,15,868,1,더불어민주당,전재수,301,38.25
21,2020,2020-04-15,북구강서구갑,덕천제3동,덕천제3동제4투,box,1670,802,787,15,868,2,미래통합당,박민식,472,59.97
21,2020,2020-04-15,북구강서구갑,덕천제3동,덕천제3동제4투,box,1670,802,787,15,868,3,국가혁명배당금당,이성근,14,1.78
21,2020,2020-04-15,북구강서구갑,덕천제3동,소계,subtotal,10450,7507,7460,47,2943,1,더불어민주당,전재수,3951,52.96
21,2020,2020-04-15,북구강서구갑,덕천제3동,소계,subtotal,10450,7507,7460,47,2943,2,미래통합당,박민식,3453,46.29
21,2020,2020-04-15,북구강서구갑,덕천제3동,소계,subtotal,10450,7507,7460,47,2943,3,국가혁명배당금당,이성근,56,0.75
21,2020,2020-04-15,북구강서구갑,덕천제3동,관내사전투표,early,2708,2706,2695,11,2,1,더불어민주당,전재수,1585,58.81
21,2020,2020-04-15,북구강서구갑,덕천제3동,관내사전투표,early,2708,2706,2695,11,2,2,미래통합당,박민식,1099,40.78
21,2020,2020-04-15,북구강서구갑,덕천제3동,관내사전투표,early,2708,2706,2695,11,2,3,국가혁명배당금당,이성근,11,0.41
21,2020,2020-04-15,북구강서구갑,만덕제1동,만덕제1동제1투,box,1431,799,792,7,632,1,더불어민주당,전재수,375,47.35
21,2020,2020-04-15,북구강서구갑,만덕제1동,만덕제1동제1투,box,1431,799,792,7,632,2,미래통합당,박민식,408,51.52
21,2020,2020-04-15,북구강서구갑,만덕제1동,만덕제1동제1투,box,1431,799,792,7,632,3,국가혁명배당금당,이성근,9,1.14
21,2020,2020-04-15,북구강서구갑,만덕제1동,만덕제1동제2투,box,1962,1207,1200,7,755,1,더불어민주당,전재수,535,44.58
21,2020,2020-04-15,북구강서구갑,만덕제1동,만덕제1동제2투,box,1962,1207,1200,7,755,2,미래통합당,박민식,652,54.33
21,2020,2020-04-15,북구강서구갑,만덕제1동,만덕제1동제2투,box,1962,1207,1200,7,755,3,국가혁명배당금당,이성근,13,1.08
21,2020,2020-04-15,북구강서구갑,만덕제1동,만덕제1동제3투,box,2079,1328,1316,12,751,1,더불어민주당,전재수,574,43.62
21,2020,2020-04-15,북구강서구갑,만덕제1동,만덕제1동제3투,box,2079,1328,1316,12,751,2,미래통합당,박민식,736,55.93
21,2020,2020-04-15,북구강서구갑,만덕제1동,만덕제1동제3투,box,2079,1328,1316,12,751,3,국가혁명배당금당,이성근,6,0.46
21,2020,2020-04-15,북구강서구갑,만덕제1동,만덕제1동제4투,box,2270,1467,1457,10,803,1,더불어민주당,전재수,882,60.54
21,2020,2020-04-15,북구강서구갑,만덕제1동,만덕제1동제4투,box,2270,1467,1457,10,803,2,미래통합당,박민식,558,38.3
21,2020,2020-04-15,북구강서구갑,만덕제1동,만덕제1동제4투,box,2270,1467,1457,10,803,3,국가혁명배당금당,이성근,17,1.17
21,2020,2020-04-15,북구강서구갑,만덕제1동,소계,subtotal,21413,15036,14945,91,6377,1,더불어민주당,전재수,7779,52.05
21,2020,2020-04-15,북구강서구갑,만덕제1동,소계,subtotal,21413,15036,14945,91,6377,2,미래통합당,박민식,7070,47.31
21,2020,2020-04-15,북구강서구갑,만덕제1동,소계,subtotal,21413,15036,14945,91,6377,3,국가혁명배당금당,이성근,96,0.64
21,2020,2020-04-15,북구강서구갑,만덕제1동,관내사전투표,early,4250,4250,4232,18,0,1,더불어민주당,전재수,2397,56.64
21,2020,2020-04-15,북구강서구갑,만덕제1동,관내사전투표,early,4250,4250,4232,18,0,2,미래통합당,박민식,1821,43.03
21,2020,2020-04-15,북구강서구갑,만덕제1동,관내사전투표,early,4250,4250,4232,18,0,3,국가혁명배당금당,이성근,14,0.33
21,2020,2020-04-15,북구강서구갑,만덕제2동,만덕제2동제1투,box,1730,953,940,13,777,1,더불어민주당,전재수,397,42.23
21,2020,2020-04-15,북구강서구갑,만덕제2동,만덕제2동제1투,box,1730,953,940,13,777,2,미래통합당,박민식,534,56.81
21,2020,2020-04-15,북구강서구갑,만덕제2동,만덕제2동제1투,box,1730,953,940,13,777,3,국가혁명배당금당,이성근,9,0.96
21,2020,2020-04-15,북구강서구갑,만덕제2동,만덕제2동제2투,box,1248,709,703,6,539,1,더불어민주당,전재수,313,44.52
21,2020,2020-04-15,북구강서구갑,만덕제2동,만덕제2동제2투,box,1248,709,703,6,539,2,미래통합당,박민식,386,54.91
21,2020,2020-04-15,북구강서구갑,만덕제2동,만덕제2동제2투,box,1248,709,703,6,539,3,국가혁명배당금당,이성근,4,0.57
21,2020,2020-04-15,북구강서구갑,만덕제2동,만덕제2동제3투,box,2398,1392,1381,11,1006,1,더불어민주당,전재수,635,45.98
21,2020,2020-04-15,북구강서구갑,만덕제2동,만덕제2동제3투,box,2398,1392,1381,11,1006,2,미래통합당,박민식,736,53.29
21,2020,2020-04-15,북구강서구갑,만덕제2동,만덕제2동제3투,box,2398,1392,1381,11,1006,3,국가혁명배당금당,이성근,10,0.72
21,2020,2020-04-15,북구강서구갑,만덕제2동,만덕제2동제4투,box,1996,1227,1221,6,769,1,더불어민주당,전재수,563,46.11
21,2020,2020-04-15,북구강서구갑,만덕제2동,만덕제2동제4투,box,1996,1227,1221,6,769,2,미래통합당,박민식,650,53.24
21,2020,2020-04-15,북구강서구갑,만덕제2동,만덕제2동제4투,box,1996,1227,1221,6,769,3,국가혁명배당금당,이성근,8,0.66
21,2020,2020-04-15,북구강서구갑,만덕제2동,만덕제2동제5투,box,1658,1172,1159,13,486,1,더불어민주당,전재수,704,60.74
21,2020,2020-04-15,북구강서구갑,만덕제2동,만덕제2동제5투,box,1658,1172,1159,13,486,2,미래통합당,박민식,448,38.65
21,2020,2020-04-15,북구강서구갑,만덕제2동,만덕제2동제5투,box,1658,1172,1159,13,486,3,국가혁명배당금당,이성근,7,0.6
21,2020,2020-04-15,북구강서구갑,만덕제2동,만덕제2동제6투,box,2448,1516,1511,5,932,1,더불어민주당,전재수,761,50.36
21,2020,2020-04-15,북구강서구갑,만덕제2동,만덕제2동제6투,box,2448,1516,1511,5,932,2,미래통합당,박민식,744,49.24
21,2020,2020-04-15,북구강서구갑,만덕제2동,만덕제2동제6투,box,2448,1516,1511,5,932,3,국가혁명배당금당,이성근,6,0.4
21,2020,2020-04-15,북구강서구갑,만덕제2동,만덕제2동제7투,box,3346,2262,2253,9,1084,1,더불어민주당,전재수,1249,55.44
21,2020,2020-04-15,북구강서구갑,만덕제2동,만덕제2동제7투,box,3346,2262,2253,9,1084,2,미래통합당,박민식,982,43.59
21,2020,2020-04-15,북구강서구갑,만덕제2동,만덕제2동제7투,box,3346,2262,2253,9,1084,3,국가혁명배당금당,이성근,22,0.98
21,2020,2020-04-15,북구강서구갑,만덕제2동,만덕제2동제8투,box,2339,1555,1545,10,784,1,더불어민주당,전재수,760,49.19
21,2020,2020-04-15,북구강서구갑,만덕제2동,만덕제2동제8투,box,2339,1555,1545,10,784,2,미래통합당,박민식,769,49.77
21,2020,2020-04-15,북구강서구갑,만덕제2동,만덕제2동제8투,box,2339,1555,1545,10,784,3,국가혁명배당금당,이성근,16,1.04
21,2020,2020-04-15,북구강서구갑,만덕제2동,소계,subtotal,15926,11543,11470,73,4383,1,더불어민주당,전재수,5727,49.93
21,2020,2020-04-15,북구강서구갑,만덕제2동,소계,subtotal,15926,11543,11470,73,4383,2,미래통합당,박민식,5682,49.54
21,2020,2020-04-15,북구강서구갑,만덕제2동,소계,subtotal,15926,11543,11470,73,4383,3,국가혁명배당금당,이성근,61,0.53
21,2020,2020-04-15,북구강서구갑,만덕제2동,관내사전투표,early,4227,4227,4205,22,0,1,더불어민주당,전재수,2317,55.1
21,2020,2020-04-15,북구강서구갑,만덕제2동,관내사전투표,early,4227,4227,4205,22,0,2,미래통합당,박민식,1865,44.35
21,2020,2020-04-15,북구강서구갑,만덕제2동,관내사전투표,early,4227,4227,4205,22,0,3,국가혁명배당금당,이성근,23,0.55
21,2020,2020-04-15,북구강서구갑,만덕제3동,만덕제3동제1투,box,2043,1269,1261,8,774,1,더불어민주당,전재수,621,49.25
21,2020,2020-04-15,북구강서구갑,만덕제3동,만덕제3동제1투,box,2043,1269,1261,8,774,2,미래통합당,박민식,634,50.28
21,2020,2020-04-15,북구강서구갑,만덕제3동,만덕제3동제1투,box,2043,1269,1261,8,774,3,국가혁명배당금당,이성근,6,0.48
21,2020,2020-04-15,북구강서구갑,만덕제3동,만덕제3동제2투,box,2594,1733,1715,18,861,1,더불어민주당,전재수,787,45.89
21,2020,2020-04-15,북구강서구갑,만덕제3동,만덕제3동제2투,box,2594,1733,1715,18,861,2,미래통합당,박민식,923,53.82
21,2020,2020-04-15,북구강서구갑,만덕제3동,만덕제3동제2투,box,2594,1733,1715,18,861,3,국가혁명배당금당,이성근,5,0.29
21,2020,2020-04-15,북구강서구갑,만덕제3동,만덕제3동제3투,box,1886,998,996,2,888,1,더불어민주당,전재수,479,48.09
21,2020,2020-04-15,북구강서구갑,만덕제3동,만덕제3동제3투,box,1886,998,996,2,888,2,미래통합당,박민식,505,50.7
21,2020,2020-04-15,북구강서구갑,만덕제3동,만덕제3동제3투,box,1886,998,996,2,888,3,국가혁명배당금당,이성근,12,1.2
21,2020,2020-04-15,북구강서구갑,만덕제3동,만덕제3동제4투,box,2780,1864,1850,14,916,1,더불어민주당,전재수,928,50.16
21,2020,2020-04-15,북구강서구갑,만덕제3동,만덕제3동제4투,box,2780,1864,1850,14,916,2,미래통합당,박민식,912,49.3
21,2020,2020-04-15,북구강서구갑,만덕제3동,만덕제3동제4투,box,2780,1864,1850,14,916,3,국가혁명배당금당,이성근,10,0.54
21,2020,2020-04-15,북구강서구갑,만덕제3동,만덕제3동제5투,box,2396,1452,1443,9,944,1,더불어민주당,전재수,595,41.23
21,2020,2020-04-15,북구강서구갑,만덕제3동,만덕제3동제5투,box,2396,1452,1443,9,944,2,미래통합당,박민식,843,58.42
21,2020,2020-04-15,북구강서구갑,만덕제3동,만덕제3동제5투,box,2396,1452,1443,9,944,3,국가혁명배당금당,이성근,5,0.35
21,2020,2020-04-15,북구강서구갑,만덕제3동,잘못 투입·구분된 투표지,other,0,7,5,2,-7,1,더불어민주당,전재수,2,40.0
21,2020,2020-04-15,북구강서구갑,만덕제3동,잘못 투입·구분된 투표지,other,0,7,5,2,-7,2,미래통합당,박민식,3,60.0
21,2020,2020-04-15,북구강서구갑,만덕제3동,잘못 투입·구분된 투표지,other,0,7,5,2,-7,3,국가혁명배당금당,이성근,0,0.0
22,2024,2024-04-10,북구갑,전체,계,race_total,121889,84012,83234,778,37877,1,더불어민주당,전재수,43548,52.32
22,2024,2024-04-10,북구갑,전체,계,race_total,121889,84012,83234,778,37877,2,국민의힘,서병수,38850,46.68
22,2024,2024-04-10,북구갑,전체,계,race_total,121889,84012,83234,778,37877,3,개혁신당,배기석,836,1.0
22,2024,2024-04-10,북구갑,전체,거소·선상투표,special,233,216,214,2,17,1,더불어민주당,전재수,114,53.27
22,2024,2024-04-10,북구갑,전체,거소·선상투표,special,233,216,214,2,17,2,국민의힘,서병수,97,45.33
22,2024,2024-04-10,북구갑,전체,거소·선상투표,special,233,216,214,2,17,3,개혁신당,배기석,3,1.4
22,2024,2024-04-10,북구갑,전체,관외사전투표,special,7772,7769,7697,72,3,1,더불어민주당,전재수,4733,61.49
22,2024,2024-04-10,북구갑,전체,관외사전투표,special,7772,7769,7697,72,3,2,국민의힘,서병수,2863,37.2
22,2024,2024-04-10,북구갑,전체,관외사전투표,special,7772,7769,7697,72,3,3,개혁신당,배기석,101,1.31
22,2024,2024-04-10,북구갑,전체,국외부재자투표,special,188,134,134,0,54,1,더불어민주당,전재수,104,77.61
22,2024,2024-04-10,북구갑,전체,국외부재자투표,special,188,134,134,0,54,2,국민의힘,서병수,29,21.64
22,2024,2024-04-10,북구갑,전체,국외부재자투표,special,188,134,134,0,54,3,개혁신당,배기석,1,0.75
22,2024,2024-04-10,북구갑,전체,소계,subtotal,13121,8503,8426,77,4618,1,더불어민주당,전재수,4191,49.74
22,2024,2024-04-10,북구갑,전체,소계,subtotal,13121,8503,8426,77,4618,2,국민의힘,서병수,4143,49.17
22,2024,2024-04-10,북구갑,전체,소계,subtotal,13121,8503,8426,77,4618,3,개혁신당,배기석,92,1.09
22,2024,2024-04-10,북구갑,전체,관내사전투표,early,3173,3173,3159,14,0,1,더불어민주당,전재수,1637,51.82
22,2024,2024-04-10,북구갑,전체,관내사전투표,early,3173,3173,3159,14,0,2,국민의힘,서병수,1497,47.39
22,2024,2024-04-10,북구갑,전체,관내사전투표,early,3173,3173,3159,14,0,3,개혁신당,배기석,25,0.79
22,2024,2024-04-10,북구갑,구포제1동,구포제1동제1투,box,1836,827,815,12,1009,1,더불어민주당,전재수,370,45.4
22,2024,2024-04-10,북구갑,구포제1동,구포제1동제1투,box,1836,827,815,12,1009,2,국민의힘,서병수,435,53.37
22,2024,2024-04-10,북구갑,구포제1동,구포제1동제1투,box,1836,827,815,12,1009,3,개혁신당,배기석,10,1.23
22,2024,2024-04-10,북구갑,구포제1동,구포제1동제2투,box,2356,1314,1298,16,1042,1,더불어민주당,전재수,642,49.46
22,2024,2024-04-10,북구갑,구포제1동,구포제1동제2투,box,2356,1314,1298,16,1042,2,국민의힘,서병수,637,49.08
22,2024,2024-04-10,북구갑,구포제1동,구포제1동제2투,box,2356,1314,1298,16,1042,3,개혁신당,배기석,19,1.46
22,2024,2024-04-10,북구갑,구포제1동,구포제1동제3투,box,1663,796,782,14,867,1,더불어민주당,전재수,340,43.48
22,2024,2024-04-10,북구갑,구포제1동,구포제1동제3투,box,1663,796,782,14,867,2,국민의힘,서병수,432,55.24
22,2024,2024-04-10,북구갑,구포제1동,구포제1동제3투,box,1663,796,782,14,867,3,개혁신당,배기석,10,1.28
22,2024,2024-04-10,북구갑,구포제1동,구포제1동제4투,box,1811,932,917,15,879,1,더불어민주당,전재수,485,52.89
22,2024,2024-04-10,북구갑,구포제1동,구포제1동제4투,box,1811,932,917,15,879,2,국민의힘,서병수,420,45.8
22,2024,2024-04-10,북구갑,구포제1동,구포제1동제4투,box,1811,932,917,15,879,3,개혁신당,배기석,12,1.31
22,2024,2024-04-10,북구갑,구포제1동,구포제1동제5투,box,2282,1461,1455,6,821,1,더불어민주당,전재수,717,49.28
22,2024,2024-04-10,북구갑,구포제1동,구포제1동제5투,box,2282,1461,1455,6,821,2,국민의힘,서병수,722,49.62
22,2024,2024-04-10,북구갑,구포제1동,구포제1동제5투,box,2282,1461,1455,6,821,3,개혁신당,배기석,16,1.1
22,2024,2024-04-10,북구갑,구포제1동,소계,subtotal,20025,13292,13152,140,6733,1,더불어민주당,전재수,6828,51.92
22,2024,2024-04-10,북구갑,구포제1동,소계,subtotal,20025,13292,13152,140,6733,2,국민의힘,서병수,6224,47.32
22,2024,2024-04-10,북구갑,구포제1동,소계,subtotal,20025,13292,13152,140,6733,3,개혁신당,배기석,100,0.76
22,2024,2024-04-10,북구갑,구포제1동,관내사전투표,early,4418,4416,4393,23,2,1,더불어민주당,전재수,2574,58.59
22,2024,2024-04-10,북구갑,구포제1동,관내사전투표,early,4418,4416,4393,23,2,2,국민의힘,서병수,1792,40.79
22,2024,2024-04-10,북구갑,구포제1동,관내사전투표,early,4418,4416,4393,23,2,3,개혁신당,배기석,27,0.61
22,2024,2024-04-10,북구갑,구포제2동,구포제2동제1투,box,1969,999,983,16,970,1,더불어민주당,전재수,447,45.47
22,2024,2024-04-10,북구갑,구포제2동,구포제2동제1투,box,1969,999,983,16,970,2,국민의힘,서병수,526,53.51
22,2024,2024-04-10,북구갑,구포제2동,구포제2동제1투,box,1969,999,983,16,970,3,개혁신당,배기석,10,1.02
22,2024,2024-04-10,북구갑,구포제2동,구포제2동제2투,box,2095,981,963,18,1114,1,더불어민주당,전재수,447,46.42
22,2024,2024-04-10,북구갑,구포제2동,구포제2동제2투,box,2095,981,963,18,1114,2,국민의힘,서병수,512,53.17
22,2024,2024-04-10,북구갑,구포제2동,구포제2동제2투,box,2095,981,963,18,1114,3,개혁신당,배기석,4,0.42
22,2024,2024-04-10,북구갑,구포제2동,구포제2동제3투,box,2857,1640,1622,18,1217,1,더불어민주당,전재수,811,50.0
22,2024,2024-04-10,북구갑,구포제2동,구포제2동제3투,box,2857,1640,1622,18,1217,2,국민의힘,서병수,801,49.38
22,2024,2024-04-10,북구갑,구포제2동,구포제2동제3투,box,2857,1640,1622,18,1217,3,개혁신당,배기석,10,0.62
22,2024,2024-04-10,북구갑,구포제2동,구포제2동제4투,box,2560,1360,1342,18,1200,1,더불어민주당,전재수,637,47.47
22,2024,2024-04-10,북구갑,구포제2동,구포제2동제4투,box,2560,1360,1342,18,1200,2,국민의힘,서병수,698,52.01
22,2024,2024-04-10,북구갑,구포제2동,구포제2동제4투,box,2560,1360,1342,18,1200,3,개혁신당,배기석,7,0.52
22,2024,2024-04-10,북구갑,구포제2동,구포제2동제5투,box,2921,1977,1958,19,944,1,더불어민주당,전재수,941,48.06
22,2024,2024-04-10,북구갑,구포제2동,구포제2동제5투,box,2921,1977,1958,19,944,2,국민의힘,서병수,995,50.82
22,2024,2024-04-10,북구갑,구포제2동,구포제2동제5투,box,2921,1977,1958,19,944,3,개혁신당,배기석,22,1.12
22,2024,2024-04-10,북구갑,구포제2동,구포제2동제6투,box,1184,546,528,18,638,1,더불어민주당,전재수,201,38.07
22,2024,2024-04-10,북구갑,구포제2동,구포제2동제6투,box,1184,546,528,18,638,2,국민의힘,서병수,320,60.61
22,2024,2024-04-10,북구갑,구포제2동,구포제2동제6투,box,1184,546,528,18,638,3,개혁신당,배기석,7,1.33
22,2024,2024-04-10,북구갑,구포제2동,구포제2동제7투,box,2021,1373,1363,10,648,1,더불어민주당,전재수,770,56.49
22,2024,2024-04-10,북구갑,구포제2동,구포제2동제7투,box,2021,1373,1363,10,648,2,국민의힘,서병수,580,42.55
22,2024,2024-04-10,북구갑,구포제2동,구포제2동제7투,box,2021,1373,1363,10,648,3,개혁신당,배기석,13,0.95
22,2024,2024-04-10,북구갑,구포제2동,소계,subtotal,15345,9358,9255,103,5987,1,더불어민주당,전재수,4855,52.46
22,2024,2024-04-10,북구갑,구포제2동,소계,subtotal,15345,9358,9255,103,5987,2,국민의힘,서병수,4315,46.62
22,2024,2024-04-10,북구갑,구포제2동,소계,subtotal,15345,9358,9255,103,5987,3,개혁신당,배기석,85,0.92
22,2024,2024-04-10,북구갑,구포제2동,관내사전투표,early,3926,3924,3912,12,2,1,더불어민주당,전재수,2258,57.72
22,2024,2024-04-10,북구갑,구포제2동,관내사전투표,early,3926,3924,3912,12,2,2,국민의힘,서병수,1614,41.26
22,2024,2024-04-10,북구갑,구포제2동,관내사전투표,early,3926,3924,3912,12,2,3,개혁신당,배기석,40,1.02
22,2024,2024-04-10,북구갑,구포제3동,구포제3동제1투,box,1847,907,889,18,940,1,더불어민주당,전재수,426,47.92
22,2024,2024-04-10,북구갑,구포제3동,구포제3동제1투,box,1847,907,889,18,940,2,국민의힘,서병수,458,51.52
22,2024,2024-04-10,북구갑,구포제3동,구포제3동제1투,box,1847,907,889,18,940,3,개혁신당,배기석,5,0.56
22,2024,2024-04-10,북구갑,구포제3동,구포제3동제2투,box,1850,882,867,15,968,1,더불어민주당,전재수,413,47.64
22,2024,2024-04-10,북구갑,구포제3동,구포제3동제2투,box,1850,882,867,15,968,2,국민의힘,서병수,449,51.79
22,2024,2024-04-10,북구갑,구포제3동,구포제3동제2투,box,1850,882,867,15,968,3,개혁신당,배기석,5,0.58
22,2024,2024-04-10,북구갑,구포제3동,구포제3동제3투,box,2045,920,912,8,1125,1,더불어민주당,전재수,459,50.33
22,2024,2024-04-10,북구갑,구포제3동,구포제3동제3투,box,2045,920,912,8,1125,2,국민의힘,서병수,444,48.68
22,2024,2024-04-10,북구갑,구포제3동,구포제3동제3투,box,2045,920,912,8,1125,3,개혁신당,배기석,9,0.99
22,2024,2024-04-10,북구갑,구포제3동,구포제3동제4투,box,2057,1081,1059,22,976,1,더불어민주당,전재수,514,48.54
22,2024,2024-04-10,북구갑,구포제3동,구포제3동제4투,box,2057,1081,1059,22,976,2,국민의힘,서병수,539,50.9
22,2024,2024-04-10,북구갑,구포제3동,구포제3동제4투,box,2057,1081,1059,22,976,3,개혁신당,배기석,6,0.57
22,2024,2024-04-10,북구갑,구포제3동,구포제3동제5투,box,1603,739,724,15,864,1,더불어민주당,전재수,360,49.72
22,2024,2024-04-10,북구갑,구포제3동,구포제3동제5투,box,1603,739,724,15,864,2,국민의힘,서병수,354,48.9
22,2024,2024-04-10,북구갑,구포제3동,구포제3동제5투,box,1603,739,724,15,864,3,개혁신당,배기석,10,1.38
22,2024,2024-04-10,북구갑,구포제3동,구포제3동제6투,box,2017,905,892,13,1112,1,더불어민주당,전재수,425,47.65
22,2024,2024-04-10,북구갑,구포제3동,구포제3동제6투,box,2017,905,892,13,1112,2,국민의힘,서병수,457,51.23
22,2024,2024-04-10,북구갑,구포제3동,구포제3동제6투,box,2017,905,892,13,1112,3,개혁신당,배기석,10,1.12
22,2024,2024-04-10,북구갑,구포제3동,소계,subtotal,11357,7667,7590,77,3690,1,더불어민주당,전재수,3700,48.75
22,2024,2024-04-10,북구갑,구포제3동,소계,subtotal,11357,7667,7590,77,3690,2,국민의힘,서병수,3801,50.08
22,2024,2024-04-10,북구갑,구포제3동,소계,subtotal,11357,7667,7590,77,3690,3,개혁신당,배기석,89,1.17
22,2024,2024-04-10,북구갑,구포제3동,관내사전투표,early,2649,2647,2634,13,2,1,더불어민주당,전재수,1406,53.38
22,2024,2024-04-10,북구갑,구포제3동,관내사전투표,early,2649,2647,2634,13,2,2,국민의힘,서병수,1200,45.56
22,2024,2024-04-10,북구갑,구포제3동,관내사전투표,early,2649,2647,2634,13,2,3,개혁신당,배기석,28,1.06
22,2024,2024-04-10,북구갑,덕천제1동,덕천제1동제1투,box,2227,1450,1437,13,777,1,더불어민주당,전재수,641,44.61
22,2024,2024-04-10,북구갑,덕천제1동,덕천제1동제1투,box,2227,1450,1437,13,777,2,국민의힘,서병수,779,54.21
22,2024,2024-04-10,북구갑,덕천제1동,덕천제1동제1투,box,2227,1450,1437,13,777,3,개혁신당,배기석,17,1.18
22,2024,2024-04-10,북구갑,덕천제1동,덕천제1동제2투,box,1778,929,917,12,849,1,더불어민주당,전재수,438,47.76
22,2024,2024-04-10,북구갑,덕천제1동,덕천제1동제2투,box,1778,929,917,12,849,2,국민의힘,서병수,461,50.27
22,2024,2024-04-10,북구갑,덕천제1동,덕천제1동제2투,box,1778,929,917,12,849,3,개혁신당,배기석,18,1.96
22,2024,2024-04-10,북구갑,덕천제1동,덕천제1동제3투,box,2302,1239,1225,14,1063,1,더불어민주당,전재수,634,51.76
22,2024,2024-04-10,북구갑,덕천제1동,덕천제1동제3투,box,2302,1239,1225,14,1063,2,국민의힘,서병수,575,46.94
22,2024,2024-04-10,북구갑,덕천제1동,덕천제1동제3투,box,2302,1239,1225,14,1063,3,개혁신당,배기석,16,1.31
22,2024,2024-04-10,북구갑,덕천제1동,덕천제1동제4투,box,2401,1402,1377,25,999,1,더불어민주당,전재수,581,42.19
22,2024,2024-04-10,북구갑,덕천제1동,덕천제1동제4투,box,2401,1402,1377,25,999,2,국민의힘,서병수,786,57.08
22,2024,2024-04-10,북구갑,덕천제1동,덕천제1동제4투,box,2401,1402,1377,25,999,3,개혁신당,배기석,10,0.73
22,2024,2024-04-10,북구갑,덕천제1동,소계,subtotal,10082,6523,6452,71,3559,1,더불어민주당,전재수,3179,49.27
22,2024,2024-04-10,북구갑,덕천제1동,소계,subtotal,10082,6523,6452,71,3559,2,국민의힘,서병수,3204,49.66
22,2024,2024-04-10,북구갑,덕천제1동,소계,subtotal,10082,6523,6452,71,3559,3,개혁신당,배기석,69,1.07
22,2024,2024-04-10,북구갑,덕천제1동,관내사전투표,early,2664,2664,2646,18,0,1,더불어민주당,전재수,1494,56.46
22,2024,2024-04-10,북구갑,덕천제1동,관내사전투표,early,2664,2664,2646,18,0,2,국민의힘,서병수,1125,42.52
22,2024,2024-04-10,북구갑,덕천제1동,관내사전투표,early,2664,2664,2646,18,0,3,개혁신당,배기석,27,1.02
22,2024,2024-04-10,북구갑,덕천제2동,덕천제2동제1투,box,2060,972,955,17,1088,1,더불어민주당,전재수,412,43.14
22,2024,2024-04-10,북구갑,덕천제2동,덕천제2동제1투,box,2060,972,955,17,1088,2,국민의힘,서병수,534,55.92
22,2024,2024-04-10,북구갑,덕천제2동,덕천제2동제1투,box,2060,972,955,17,1088,3,개혁신당,배기석,9,0.94
22,2024,2024-04-10,북구갑,덕천제2동,덕천제2동제2투,box,1663,796,789,7,867,1,더불어민주당,전재수,306,38.78
22,2024,2024-04-10,북구갑,덕천제2동,덕천제2동제2투,box,1663,796,789,7,867,2,국민의힘,서병수,473,59.95
22,2024,2024-04-10,북구갑,덕천제2동,덕천제2동제2투,box,1663,796,789,7,867,3,개혁신당,배기석,10,1.27
22,2024,2024-04-10,북구갑,덕천제2동,덕천제2동제3투,box,1977,1126,1109,17,851,1,더불어민주당,전재수,554,49.95
22,2024,2024-04-10,북구갑,덕천제2동,덕천제2동제3투,box,1977,1126,1109,17,851,2,국민의힘,서병수,544,49.05
22,2024,2024-04-10,북구갑,덕천제2동,덕천제2동제3투,box,1977,1126,1109,17,851,3,개혁신당,배기석,11,0.99
22,2024,2024-04-10,북구갑,덕천제2동,덕천제2동제4투,box,1718,965,953,12,753,1,더불어민주당,전재수,413,43.34
22,2024,2024-04-10,북구갑,덕천제2동,덕천제2동제4투,box,1718,965,953,12,753,2,국민의힘,서병수,528,55.4
22,2024,2024-04-10,북구갑,덕천제2동,덕천제2동제4투,box,1718,965,953,12,753,3,개혁신당,배기석,12,1.26
22,2024,2024-04-10,북구갑,덕천제2동,소계,subtotal,8515,5532,5475,57,2983,1,더불어민주당,전재수,2687,49.08
22,2024,2024-04-10,북구갑,덕천제2동,소계,subtotal,8515,5532,5475,57,2983,2,국민의힘,서병수,2728,49.83
22,2024,2024-04-10,북구갑,덕천제2동,소계,subtotal,8515,5532,5475,57,2983,3,개혁신당,배기석,60,1.1
22,2024,2024-04-10,북구갑,덕천제2동,관내사전투표,early,2348,2348,2337,11,0,1,더불어민주당,전재수,1293,55.33
22,2024,2024-04-10,북구갑,덕천제2동,관내사전투표,early,2348,2348,2337,11,0,2,국민의힘,서병수,1025,43.86
22,2024,2024-04-10,북구갑,덕천제2동,관내사전투표,early,2348,2348,2337,11,0,3,개혁신당,배기석,19,0.81
22,2024,2024-04-10,북구갑,덕천제3동,덕천제3동제1투,box,1222,660,658,2,562,1,더불어민주당,전재수,349,53.04
22,2024,2024-04-10,북구갑,덕천제3동,덕천제3동제1투,box,1222,660,658,2,562,2,국민의힘,서병수,302,45.9
22,2024,2024-04-10,북구갑,덕천제3동,덕천제3동제1투,box,1222,660,658,2,562,3,개혁신당,배기석,7,1.06
22,2024,2024-04-10,북구갑,덕천제3동,덕천제3동제2투,box,1754,873,866,7,881,1,더불어민주당,전재수,370,42.73
22,2024,2024-04-10,북구갑,덕천제3동,덕천제3동제2투,box,1754,873,866,7,881,2,국민의힘,서병수,480,55.43
22,2024,2024-04-10,북구갑,덕천제3동,덕천제3동제2투,box,1754,873,866,7,881,3,개혁신당,배기석,16,1.85
22,2024,2024-04-10,북구갑,덕천제3동,덕천제3동제3투,box,1874,959,947,12,915,1,더불어민주당,전재수,414,43.72
22,2024,2024-04-10,북구갑,덕천제3동,덕천제3동제3투,box,1874,959,947,12,915,2,국민의힘,서병수,528,55.76
22,2024,2024-04-10,북구갑,덕천제3동,덕천제3동제3투,box,1874,959,947,12,915,3,개혁신당,배기석,5,0.53
22,2024,2024-04-10,북구갑,덕천제3동,덕천제3동제4투,box,1317,692,667,25,625,1,더불어민주당,전재수,261,39.13
22,2024,2024-04-10,북구갑,덕천제3동,덕천제3동제4투,box,1317,692,667,25,625,2,국민의힘,서병수,393,58.92
22,2024,2024-04-10,북구갑,덕천제3동,덕천제3동제4투,box,1317,692,667,25,625,3,개혁신당,배기석,13,1.95
22,2024,2024-04-10,북구갑,덕천제3동,소계,subtotal,20776,14583,14478,105,6193,1,더불어민주당,전재수,7934,54.8
22,2024,2024-04-10,북구갑,덕천제3동,소계,subtotal,20776,14583,14478,105,6193,2,국민의힘,서병수,6432,44.43
22,2024,2024-04-10,북구갑,덕천제3동,소계,subtotal,20776,14583,14478,105,6193,3,개혁신당,배기석,112,0.77
22,2024,2024-04-10,북구갑,덕천제3동,관내사전투표,early,5387,5387,5368,19,0,1,더불어민주당,전재수,3127,58.25
22,2024,2024-04-10,북구갑,덕천제3동,관내사전투표,early,5387,5387,5368,19,0,2,국민의힘,서병수,2203,41.04
22,2024,2024-04-10,북구갑,덕천제3동,관내사전투표,early,5387,5387,5368,19,0,3,개혁신당,배기석,38,0.71
22,2024,2024-04-10,북구갑,만덕제2동,만덕제2동제1투,box,1397,740,736,4,657,1,더불어민주당,전재수,260,35.33
22,2024,2024-04-10,북구갑,만덕제2동,만덕제2동제1투,box,1397,740,736,4,657,2,국민의힘,서병수,471,63.99
22,2024,2024-04-10,북구갑,만덕제2동,만덕제2동제1투,box,1397,740,736,4,657,3,개혁신당,배기석,5,0.68
22,2024,2024-04-10,북구갑,만덕제2동,만덕제2동제2투,box,1763,956,949,7,807,1,더불어민주당,전재수,468,49.32
22,2024,2024-04-10,북구갑,만덕제2동,만덕제2동제2투,box,1763,956,949,7,807,2,국민의힘,서병수,469,49.42
22,2024,2024-04-10,북구갑,만덕제2동,만덕제2동제2투,box,1763,956,949,7,807,3,개혁신당,배기석,12,1.26
22,2024,2024-04-10,북구갑,만덕제2동,만덕제2동제3투,box,1943,1113,1103,10,830,1,더불어민주당,전재수,496,44.97
22,2024,2024-04-10,북구갑,만덕제2동,만덕제2동제3투,box,1943,1113,1103,10,830,2,국민의힘,서병수,592,53.67
22,2024,2024-04-10,북구갑,만덕제2동,만덕제2동제3투,box,1943,1113,1103,10,830,3,개혁신당,배기석,15,1.36
22,2024,2024-04-10,북구갑,만덕제2동,만덕제2동제4투,box,1590,924,912,12,666,1,더불어민주당,전재수,438,48.03
22,2024,2024-04-10,북구갑,만덕제2동,만덕제2동제4투,box,1590,924,912,12,666,2,국민의힘,서병수,468,51.32
22,2024,2024-04-10,북구갑,만덕제2동,만덕제2동제4투,box,1590,924,912,12,666,3,개혁신당,배기석,6,0.66
22,2024,2024-04-10,북구갑,만덕제2동,만덕제2동제5투,box,1547,1083,1077,6,464,1,더불어민주당,전재수,719,66.76
22,2024,2024-04-10,북구갑,만덕제2동,만덕제2동제5투,box,1547,1083,1077,6,464,2,국민의힘,서병수,352,32.68
22,2024,2024-04-10,북구갑,만덕제2동,만덕제2동제5투,box,1547,1083,1077,6,464,3,개혁신당,배기석,6,0.56
22,2024,2024-04-10,북구갑,만덕제2동,만덕제2동제6투,box,2145,1221,1204,17,924,1,더불어민주당,전재수,675,56.06
22,2024,2024-04-10,북구갑,만덕제2동,만덕제2동제6투,box,2145,1221,1204,17,924,2,국민의힘,서병수,521,43.27
22,2024,2024-04-10,북구갑,만덕제2동,만덕제2동제6투,box,2145,1221,1204,17,924,3,개혁신당,배기석,8,0.66
22,2024,2024-04-10,북구갑,만덕제2동,만덕제2동제7투,box,2985,1833,1823,10,1152,1,더불어민주당,전재수,1133,62.15
22,2024,2024-04-10,북구갑,만덕제2동,만덕제2동제7투,box,2985,1833,1823,10,1152,2,국민의힘,서병수,674,36.97
22,2024,2024-04-10,북구갑,만덕제2동,만덕제2동제7투,box,2985,1833,1823,10,1152,3,개혁신당,배기석,16,0.88
22,2024,2024-04-10,북구갑,만덕제2동,만덕제2동제8투,box,2019,1326,1306,20,693,1,더불어민주당,전재수,618,47.32
22,2024,2024-04-10,북구갑,만덕제2동,만덕제2동제8투,box,2019,1326,1306,20,693,2,국민의힘,서병수,682,52.22
22,2024,2024-04-10,북구갑,만덕제2동,만덕제2동제8투,box,2019,1326,1306,20,693,3,개혁신당,배기석,6,0.46
22,2024,2024-04-10,북구갑,만덕제2동,소계,subtotal,14475,10430,10356,74,4045,1,더불어민주당,전재수,5222,50.42
22,2024,2024-04-10,북구갑,만덕제2동,소계,subtotal,14475,10430,10356,74,4045,2,국민의힘,서병수,5010,48.38
22,2024,2024-04-10,북구갑,만덕제2동,소계,subtotal,14475,10430,10356,74,4045,3,개혁신당,배기석,124,1.2
22,2024,2024-04-10,북구갑,만덕제2동,관내사전투표,early,4234,4235,4212,23,-1,1,더불어민주당,전재수,2318,55.03
22,2024,2024-04-10,북구갑,만덕제2동,관내사전투표,early,4234,4235,4212,23,-1,2,국민의힘,서병수,1857,44.09
22,2024,2024-04-10,북구갑,만덕제2동,관내사전투표,early,4234,4235,4212,23,-1,3,개혁신당,배기석,37,0.88
22,2024,2024-04-10,북구갑,만덕제3동,만덕제3동제1투,box,2822,1633,1622,11,1189,1,더불어민주당,전재수,744,45.87
22,2024,2024-04-10,북구갑,만덕제3동,만덕제3동제1투,box,2822,1633,1622,11,1189,2,국민의힘,서병수,857,52.84
22,2024,2024-04-10,북구갑,만덕제3동,만덕제3동제1투,box,2822,1633,1622,11,1189,3,개혁신당,배기석,21,1.29
22,2024,2024-04-10,북구갑,만덕제3동,만덕제3동제2투,box,2353,1557,1541,16,796,1,더불어민주당,전재수,696,45.17
22,2024,2024-04-10,북구갑,만덕제3동,만덕제3동제2투,box,2353,1557,1541,16,796,2,국민의힘,서병수,827,53.67
22,2024,2024-04-10,북구갑,만덕제3동,만덕제3동제2투,box,2353,1557,1541,16,796,3,개혁신당,배기석,18,1.17
22,2024,2024-04-10,북구갑,만덕제3동,만덕제3동제3투,box,2453,1345,1338,7,1108,1,더불어민주당,전재수,594,44.39
22,2024,2024-04-10,북구갑,만덕제3동,만덕제3동제3투,box,2453,1345,1338,7,1108,2,국민의힘,서병수,725,54.19
22,2024,2024-04-10,북구갑,만덕제3동,만덕제3동제3투,box,2453,1345,1338,7,1108,3,개혁신당,배기석,19,1.42
22,2024,2024-04-10,북구갑,만덕제3동,만덕제3동제4투,box,2613,1660,1643,17,953,1,더불어민주당,전재수,870,52.95
22,2024,2024-04-10,북구갑,만덕제3동,만덕제3동제4투,box,2613,1660,1643,17,953,2,국민의힘,서병수,744,45.28
22,2024,2024-04-10,북구갑,만덕제3동,만덕제3동제4투,box,2613,1660,1643,17,953,3,개혁신당,배기석,29,1.77
22,2024,2024-04-10,북구갑,만덕제3동,잘못 투입·구분된 투표지,other,0,5,5,0,-5,1,더불어민주당,전재수,1,20.0
22,2024,2024-04-10,북구갑,만덕제3동,잘못 투입·구분된 투표지,other,0,5,5,0,-5,2,국민의힘,서병수,4,80.0
22,2024,2024-04-10,북구갑,만덕제3동,잘못 투입·구분된 투표지,other,0,5,5,0,-5,3,개혁신당,배기석,0,0.0
22,2024,2024-04-10,북구을,전체,계,race_total,117612,86348,85385,963,31264,1,더불어민주당,전재수,40499,47.43
22,2024,2024-04-10,북구을,전체,계,race_total,117612,86348,85385,963,31264,2,국민의힘,서병수,44886,52.57
22,2024,2024-04-10,북구을,전체,계,race_total,117612,86348,85385,963,31264,3,개혁신당,배기석,,
22,2024,2024-04-10,북구을,전체,거소·선상투표,special,204,193,186,7,11,1,더불어민주당,전재수,74,39.78
22,2024,2024-04-10,북구을,전체,거소·선상투표,special,204,193,186,7,11,2,국민의힘,서병수,112,60.22
22,2024,2024-04-10,북구을,전체,거소·선상투표,special,204,193,186,7,11,3,개혁신당,배기석,,
22,2024,2024-04-10,북구을,전체,관외사전투표,special,8248,8247,8130,117,1,1,더불어민주당,전재수,4649,57.18
22,2024,2024-04-10,북구을,전체,관외사전투표,special,8248,8247,8130,117,1,2,국민의힘,서병수,3481,42.82
22,2024,2024-04-10,북구을,전체,관외사전투표,special,8248,8247,8130,117,1,3,개혁신당,배기석,,
22,2024,2024-04-10,북구을,전체,국외부재자투표,special,218,131,130,1,87,1,더불어민주당,전재수,93,71.54
22,2024,2024-04-10,북구을,전체,국외부재자투표,special,218,131,130,1,87,2,국민의힘,서병수,37,28.46
22,2024,2024-04-10,북구을,전체,국외부재자투표,special,218,131,130,1,87,3,개혁신당,배기석,,
22,2024,2024-04-10,북구을,전체,소계,subtotal,29491,20422,20107,315,9069,1,더불어민주당,전재수,8930,44.41
22,2024,2024-04-10,북구을,전체,소계,subtotal,29491,20422,20107,315,9069,2,국민의힘,서병수,11177,55.59
22,2024,2024-04-10,북구을,전체,소계,subtotal,29491,20422,20107,315,9069,3,개혁신당,배기석,,
22,2024,2024-04-10,북구을,전체,관내사전투표,early,5497,5496,5464,32,1,1,더불어민주당,전재수,3011,55.11
22,2024,2024-04-10,북구을,전체,관내사전투표,early,5497,5496,5464,32,1,2,국민의힘,서병수,2453,44.89
22,2024,2024-04-10,북구을,전체,관내사전투표,early,5497,5496,5464,32,1,3,개혁신당,배기석,,
22,2024,2024-04-10,북구을,금곡동,금곡동제1투,box,1930,1302,1259,43,628,1,더불어민주당,전재수,419,33.28
22,2024,2024-04-10,북구을,금곡동,금곡동제1투,box,1930,1302,1259,43,628,2,국민의힘,서병수,840,66.72
22,2024,2024-04-10,북구을,금곡동,금곡동제1투,box,1930,1302,1259,43,628,3,개혁신당,배기석,,
22,2024,2024-04-10,북구을,금곡동,금곡동제2투,box,1891,1149,1125,24,742,1,더불어민주당,전재수,408,36.27
22,2024,2024-04-10,북구을,금곡동,금곡동제2투,box,1891,1149,1125,24,742,2,국민의힘,서병수,717,63.73
22,2024,2024-04-10,북구을,금곡동,금곡동제2투,box,1891,1149,1125,24,742,3,개혁신당,배기석,,
22,2024,2024-04-10,북구을,금곡동,금곡동제3투,box,1948,1227,1211,16,721,1,더불어민주당,전재수,443,36.58
22,2024,2024-04-10,북구을,금곡동,금곡동제3투,box,1948,1227,1211,16,721,2,국민의힘,서병수,768,63.42
22,2024,2024-04-10,북구을,금곡동,금곡동제3투,box,1948,1227,1211,16,721,3,개혁신당,배기석,,
22,2024,2024-04-10,북구을,금곡동,금곡동제4투,box,2204,1536,1508,28,668,1,더불어민주당,전재수,595,39.46
22,2024,2024-04-10,북구을,금곡동,금곡동제4투,box,2204,1536,1508,28,668,2,국민의힘,서병수,913,60.54
22,2024,2024-04-10,북구을,금곡동,금곡동제4투,box,2204,1536,1508,28,668,3,개혁신당,배기석,,
22,2024,2024-04-10,북구을,금곡동,금곡동제5투,box,1436,913,888,25,523,1,더불어민주당,전재수,265,29.84
22,2024,2024-04-10,북구을,금곡동,금곡동제5투,box,1436,913,888,25,523,2,국민의힘,서병수,623,70.16
22,2024,2024-04-10,북구을,금곡동,금곡동제5투,box,1436,913,888,25,523,3,개혁신당,배기석,,
22,2024,2024-04-10,북구을,금곡동,금곡동제6투,box,1563,951,931,20,612,1,더불어민주당,전재수,352,37.81
22,2024,2024-04-10,북구을,금곡동,금곡동제6투,box,1563,951,931,20,612,2,국민의힘,서병수,579,62.19
22,2024,2024-04-10,북구을,금곡동,금곡동제6투,box,1563,951,931,20,612,3,개혁신당,배기석,,
22,2024,2024-04-10,북구을,금곡동,금곡동제7투,box,2073,1252,1235,17,821,1,더불어민주당,전재수,489,39.6
22,2024,2024-04-10,북구을,금곡동,금곡동제7투,box,2073,1252,1235,17,821,2,국민의힘,서병수,746,60.4
22,2024,2024-04-10,북구을,금곡동,금곡동제7투,box,2073,1252,1235,17,821,3,개혁신당,배기석,,
22,2024,2024-04-10,북구을,금곡동,금곡동제8투,box,1573,870,843,27,703,1,더불어민주당,전재수,274,32.5
22,2024,2024-04-10,북구을,금곡동,금곡동제8투,box,1573,870,843,27,703,2,국민의힘,서병수,569,67.5
22,2024,2024-04-10,북구을,금곡동,금곡동제8투,box,1573,870,843,27,703,3,개혁신당,배기석,,
22,2024,2024-04-10,북구을,금곡동,금곡동제9투,box,1567,951,936,15,616,1,더불어민주당,전재수,394,42.09
22,2024,2024-04-10,북구을,금곡동,금곡동제9투,box,1567,951,936,15,616,2,국민의힘,서병수,542,57.91
22,2024,2024-04-10,북구을,금곡동,금곡동제9투,box,1567,951,936,15,616,3,개혁신당,배기석,,
22,2024,2024-04-10,북구을,금곡동,금곡동제10투,box,2131,1094,1068,26,1037,1,더불어민주당,전재수,455,42.6
22,2024,2024-04-10,북구을,금곡동,금곡동제10투,box,2131,1094,1068,26,1037,2,국민의힘,서병수,613,57.4
22,2024,2024-04-10,북구을,금곡동,금곡동제10투,box,2131,1094,1068,26,1037,3,개혁신당,배기석,,
22,2024,2024-04-10,북구을,금곡동,금곡동제11투,box,2830,1820,1800,20,1010,1,더불어민주당,전재수,895,49.72
22,2024,2024-04-10,북구을,금곡동,금곡동제11투,box,2830,1820,1800,20,1010,2,국민의힘,서병수,905,50.28
22,2024,2024-04-10,북구을,금곡동,금곡동제11투,box,2830,1820,1800,20,1010,3,개혁신당,배기석,,
22,2024,2024-04-10,북구을,금곡동,금곡동제12투,box,2848,1861,1839,22,987,1,더불어민주당,전재수,930,50.57
22,2024,2024-04-10,북구을,금곡동,금곡동제12투,box,2848,1861,1839,22,987,2,국민의힘,서병수,909,49.43
22,2024,2024-04-10,북구을,금곡동,금곡동제12투,box,2848,1861,1839,22,987,3,개혁신당,배기석,,
22,2024,2024-04-10,북구을,금곡동,소계,subtotal,30403,22177,21984,193,8226,1,더불어민주당,전재수,10042,45.68
22,2024,2024-04-10,북구을,금곡동,소계,subtotal,30403,22177,21984,193,8226,2,국민의힘,서병수,11942,54.32
22,2024,2024-04-10,북구을,금곡동,소계,subtotal,30403,22177,21984,193,8226,3,개혁신당,배기석,,
22,2024,2024-04-10,북구을,금곡동,관내사전투표,early,6714,6714,6681,33,0,1,더불어민주당,전재수,3664,54.84
22,2024,2024-04-10,북구을,금곡동,관내사전투표,early,6714,6714,6681,33,0,2,국민의힘,서병수,3017,45.16
22,2024,2024-04-10,북구을,금곡동,관내사전투표,early,6714,6714,6681,33,0,3,개혁신당,배기석,,
22,2024,2024-04-10,북구을,화명제1동,화명제1동제1투,box,2113,1123,1110,13,990,1,더불어민주당,전재수,528,47.57
22,2024,2024-04-10,북구을,화명제1동,화명제1동제1투,box,2113,1123,1110,13,990,2,국민의힘,서병수,582,52.43
22,2024,2024-04-10,북구을,화명제1동,화명제1동제1투,box,2113,1123,1110,13,990,3,개혁신당,배기석,,
22,2024,2024-04-10,북구을,화명제1동,화명제1동제2투,box,2803,1675,1652,23,1128,1,더불어민주당,전재수,707,42.8
22,2024,2024-04-10,북구을,화명제1동,화명제1동제2투,box,2803,1675,1652,23,1128,2,국민의힘,서병수,945,57.2
22,2024,2024-04-10,북구을,화명제1동,화명제1동제2투,box,2803,1675,1652,23,1128,3,개혁신당,배기석,,
22,2024,2024-04-10,북구을,화명제1동,화명제1동제3투,box,1883,1271,1262,9,612,1,더불어민주당,전재수,577,45.72
22,2024,2024-04-10,북구을,화명제1동,화명제1동제3투,box,1883,1271,1262,9,612,2,국민의힘,서병수,685,54.28
22,2024,2024-04-10,북구을,화명제1동,화명제1동제3투,box,1883,1271,1262,9,612,3,개혁신당,배기석,,
22,2024,2024-04-10,북구을,화명제1동,화명제1동제4투,box,1904,1172,1158,14,732,1,더불어민주당,전재수,523,45.16
22,2024,2024-04-10,북구을,화명제1동,화명제1동제4투,box,1904,1172,1158,14,732,2,국민의힘,서병수,635,54.84
22,2024,2024-04-10,북구을,화명제1동,화명제1동제4투,box,1904,1172,1158,14,732,3,개혁신당,배기석,,
22,2024,2024-04-10,북구을,화명제1동,화명제1동제5투,box,3173,2123,2104,19,1050,1,더불어민주당,전재수,887,42.16
22,2024,2024-04-10,북구을,화명제1동,화명제1동제5투,box,3173,2123,2104,19,1050,2,국민의힘,서병수,1217,57.84
22,2024,2024-04-10,북구을,화명제1동,화명제1동제5투,box,3173,2123,2104,19,1050,3,개혁신당,배기석,,
22,2024,2024-04-10,북구을,화명제1동,화명제1동제6투,box,2950,2087,2068,19,863,1,더불어민주당,전재수,792,38.3
22,2024,2024-04-10,북구을,화명제1동,화명제1동제6투,box,2950,2087,2068,19,863,2,국민의힘,서병수,1276,61.7
22,2024,2024-04-10,북구을,화명제1동,화명제1동제6투,box,2950,2087,2068,19,863,3,개혁신당,배기석,,
22,2024,2024-04-10,북구을,화명제1동,화명제1동제7투,box,2886,2076,2058,18,810,1,더불어민주당,전재수,777,37.76
22,2024,2024-04-10,북구을,화명제1동,화명제1동제7투,box,2886,2076,2058,18,810,2,국민의힘,서병수,1281,62.24
22,2024,2024-04-10,북구을,화명제1동,화명제1동제7투,box,2886,2076,2058,18,810,3,개혁신당,배기석,,
22,2024,2024-04-10,북구을,화명제1동,화명제1동제8투,box,3079,2076,2056,20,1003,1,더불어민주당,전재수,773,37.6
22,2024,2024-04-10,북구을,화명제1동,화명제1동제8투,box,3079,2076,2056,20,1003,2,국민의힘,서병수,1283,62.4
22,2024,2024-04-10,북구을,화명제1동,화명제1동제8투,box,3079,2076,2056,20,1003,3,개혁신당,배기석,,
22,2024,2024-04-10,북구을,화명제1동,화명제1동제9투,box,1722,1078,1063,15,644,1,더불어민주당,전재수,458,43.09
22,2024,2024-04-10,북구을,화명제1동,화명제1동제9투,box,1722,1078,1063,15,644,2,국민의힘,서병수,605,56.91
22,2024,2024-04-10,북구을,화명제1동,화명제1동제9투,box,1722,1078,1063,15,644,3,개혁신당,배기석,,
22,2024,2024-04-10,북구을,화명제1동,화명제1동제10투,box,1176,782,772,10,394,1,더불어민주당,전재수,356,46.11
22,2024,2024-04-10,북구을,화명제1동,화명제1동제10투,box,1176,782,772,10,394,2,국민의힘,서병수,416,53.89
22,2024,2024-04-10,북구을,화명제1동,화명제1동제10투,box,1176,782,772,10,394,3,개혁신당,배기석,,
22,2024,2024-04-10,북구을,화명제1동,소계,subtotal,13665,9283,9178,105,4382,1,더불어민주당,전재수,4313,46.99
22,2024,2024-04-10,북구을,화명제1동,소계,subtotal,13665,9283,9178,105,4382,2,국민의힘,서병수,4865,53.01
22,2024,2024-04-10,북구을,화명제1동,소계,subtotal,13665,9283,9178,105,4382,3,개혁신당,배기석,,
22,2024,2024-04-10,북구을,화명제1동,관내사전투표,early,3416,3415,3386,29,1,1,더불어민주당,전재수,1809,53.43
22,2024,2024-04-10,북구을,화명제1동,관내사전투표,early,3416,3415,3386,29,1,2,국민의힘,서병수,1577,46.57
22,2024,2024-04-10,북구을,화명제1동,관내사전투표,early,3416,3415,3386,29,1,3,개혁신당,배기석,,
22,2024,2024-04-10,북구을,화명제2동,화명제2동제1투,box,2663,1561,1536,25,1102,1,더불어민주당,전재수,666,43.36
22,2024,2024-04-10,북구을,화명제2동,화명제2동제1투,box,2663,1561,1536,25,1102,2,국민의힘,서병수,870,56.64
22,2024,2024-04-10,북구을,화명제2동,화명제2동제1투,box,2663,1561,1536,25,1102,3,개혁신당,배기석,,
22,2024,2024-04-10,북구을,화명제2동,화명제2동제2투,box,3026,1673,1646,27,1353,1,더불어민주당,전재수,675,41.01
22,2024,2024-04-10,북구을,화명제2동,화명제2동제2투,box,3026,1673,1646,27,1353,2,국민의힘,서병수,971,58.99
22,2024,2024-04-10,북구을,화명제2동,화명제2동제2투,box,3026,1673,1646,27,1353,3,개혁신당,배기석,,
22,2024,2024-04-10,북구을,화명제2동,화명제2동제3투,box,2708,1390,1377,13,1318,1,더불어민주당,전재수,605,43.94
22,2024,2024-04-10,북구을,화명제2동,화명제2동제3투,box,2708,1390,1377,13,1318,2,국민의힘,서병수,772,56.06
22,2024,2024-04-10,북구을,화명제2동,화명제2동제3투,box,2708,1390,1377,13,1318,3,개혁신당,배기석,,
22,2024,2024-04-10,북구을,화명제2동,화명제2동제4투,box,1852,1244,1233,11,608,1,더불어민주당,전재수,558,45.26
22,2024,2024-04-10,북구을,화명제2동,화명제2동제4투,box,1852,1244,1233,11,608,2,국민의힘,서병수,675,54.74
22,2024,2024-04-10,북구을,화명제2동,화명제2동제4투,box,1852,1244,1233,11,608,3,개혁신당,배기석,,
22,2024,2024-04-10,북구을,화명제2동,소계,subtotal,22511,16808,16657,151,5703,1,더불어민주당,전재수,8020,48.15
22,2024,2024-04-10,북구을,화명제2동,소계,subtotal,22511,16808,16657,151,5703,2,국민의힘,서병수,8637,51.85
22,2024,2024-04-10,북구을,화명제2동,소계,subtotal,22511,16808,16657,151,5703,3,개혁신당,배기석,,
22,2024,2024-04-10,북구을,화명제2동,관내사전투표,early,5811,5810,5779,31,1,1,더불어민주당,전재수,3324,57.52
22,2024,2024-04-10,북구을,화명제2동,관내사전투표,early,5811,5810,5779,31,1,2,국민의힘,서병수,2455,42.48
22,2024,2024-04-10,북구을,화명제2동,관내사전투표,early,5811,5810,5779,31,1,3,개혁신당,배기석,,
22,2024,2024-04-10,북구을,화명제3동,화명제3동제1투,box,3297,2223,2201,22,1074,1,더불어민주당,전재수,922,41.89
22,2024,2024-04-10,북구을,화명제3동,화명제3동제1투,box,3297,2223,2201,22,1074,2,국민의힘,서병수,1279,58.11
22,2024,2024-04-10,북구을,화명제3동,화명제3동제1투,box,3297,2223,2201,22,1074,3,개혁신당,배기석,,
22,2024,2024-04-10,북구을,화명제3동,화명제3동제2투,box,1914,1296,1284,12,618,1,더불어민주당,전재수,635,49.45
22,2024,2024-04-10,북구을,화명제3동,화명제3동제2투,box,1914,1296,1284,12,618,2,국민의힘,서병수,649,50.55
22,2024,2024-04-10,북구을,화명제3동,화명제3동제2투,box,1914,1296,1284,12,618,3,개혁신당,배기석,,
22,2024,2024-04-10,북구을,화명제3동,화명제3동제3투,box,2408,1334,1317,17,1074,1,더불어민주당,전재수,540,41.0
22,2024,2024-04-10,북구을,화명제3동,화명제3동제3투,box,2408,1334,1317,17,1074,2,국민의힘,서병수,777,59.0
22,2024,2024-04-10,북구을,화명제3동,화명제3동제3투,box,2408,1334,1317,17,1074,3,개혁신당,배기석,,
22,2024,2024-04-10,북구을,화명제3동,화명제3동제4투,box,2068,1303,1281,22,765,1,더불어민주당,전재수,570,44.5
22,2024,2024-04-10,북구을,화명제3동,화명제3동제4투,box,2068,1303,1281,22,765,2,국민의힘,서병수,711,55.5
22,2024,2024-04-10,북구을,화명제3동,화명제3동제4투,box,2068,1303,1281,22,765,3,개혁신당,배기석,,
22,2024,2024-04-10,북구을,화명제3동,화명제3동제5투,box,1165,807,796,11,358,1,더불어민주당,전재수,331,41.58
22,2024,2024-04-10,북구을,화명제3동,화명제3동제5투,box,1165,807,796,11,358,2,국민의힘,서병수,465,58.42
22,2024,2024-04-10,북구을,화명제3동,화명제3동제5투,box,1165,807,796,11,358,3,개혁신당,배기석,,
22,2024,2024-04-10,북구을,화명제3동,화명제3동제6투,box,2772,1907,1887,20,865,1,더불어민주당,전재수,829,43.93
22,2024,2024-04-10,북구을,화명제3동,화명제3동제6투,box,2772,1907,1887,20,865,2,국민의힘,서병수,1058,56.07
22,2024,2024-04-10,북구을,화명제3동,화명제3동제6투,box,2772,1907,1887,20,865,3,개혁신당,배기석,,
22,2024,2024-04-10,북구을,화명제3동,화명제3동제7투,box,3076,2128,2112,16,948,1,더불어민주당,전재수,869,41.15
22,2024,2024-04-10,북구을,화명제3동,화명제3동제7투,box,3076,2128,2112,16,948,2,국민의힘,서병수,1243,58.85
22,2024,2024-04-10,북구을,화명제3동,화명제3동제7투,box,3076,2128,2112,16,948,3,개혁신당,배기석,,
22,2024,2024-04-10,북구을,화명제3동,소계,subtotal,12872,9084,9010,74,3788,1,더불어민주당,전재수,4377,48.58
22,2024,2024-04-10,북구을,화명제3동,소계,subtotal,12872,9084,9010,74,3788,2,국민의힘,서병수,4633,51.42
22,2024,2024-04-10,북구을,화명제3동,소계,subtotal,12872,9084,9010,74,3788,3,개혁신당,배기석,,
22,2024,2024-04-10,북구을,화명제3동,관내사전투표,early,3772,3772,3755,17,0,1,더불어민주당,전재수,1924,51.24
22,2024,2024-04-10,북구을,화명제3동,관내사전투표,early,3772,3772,3755,17,0,2,국민의힘,서병수,1831,48.76
22,2024,2024-04-10,북구을,화명제3동,관내사전투표,early,3772,3772,3755,17,0,3,개혁신당,배기석,,
22,2024,2024-04-10,북구을,만덕제1동,만덕제1동제1투,box,1870,1016,1003,13,854,1,더불어민주당,전재수,426,42.47
22,2024,2024-04-10,북구을,만덕제1동,만덕제1동제1투,box,1870,1016,1003,13,854,2,국민의힘,서병수,577,57.53
22,2024,2024-04-10,북구을,만덕제1동,만덕제1동제1투,box,1870,1016,1003,13,854,3,개혁신당,배기석,,
22,2024,2024-04-10,북구을,만덕제1동,만덕제1동제2투,box,2612,1597,1583,14,1015,1,더불어민주당,전재수,851,53.76
22,2024,2024-04-10,북구을,만덕제1동,만덕제1동제2투,box,2612,1597,1583,14,1015,2,국민의힘,서병수,732,46.24
22,2024,2024-04-10,북구을,만덕제1동,만덕제1동제2투,box,2612,1597,1583,14,1015,3,개혁신당,배기석,,
22,2024,2024-04-10,북구을,만덕제1동,만덕제1동제3투,box,2337,1280,1258,22,1057,1,더불어민주당,전재수,485,38.55
22,2024,2024-04-10,북구을,만덕제1동,만덕제1동제3투,box,2337,1280,1258,22,1057,2,국민의힘,서병수,773,61.45
22,2024,2024-04-10,북구을,만덕제1동,만덕제1동제3투,box,2337,1280,1258,22,1057,3,개혁신당,배기석,,
22,2024,2024-04-10,북구을,만덕제1동,만덕제1동제4투,box,2281,1419,1411,8,862,1,더불어민주당,전재수,691,48.97
22,2024,2024-04-10,북구을,만덕제1동,만덕제1동제4투,box,2281,1419,1411,8,862,2,국민의힘,서병수,720,51.03
22,2024,2024-04-10,북구을,만덕제1동,만덕제1동제4투,box,2281,1419,1411,8,862,3,개혁신당,배기석,,
22,2024,2024-04-10,북구을,만덕제1동,잘못 투입·구분된 투표지,other,0,3,3,0,-3,1,더불어민주당,전재수,1,33.33
22,2024,2024-04-10,북구을,만덕제1동,잘못 투입·구분된 투표지,other,0,3,3,0,-3,2,국민의힘,서병수,2,66.67
22,2024,2024-04-10,북구을,만덕제1동,잘못 투입·구분된 투표지,other,0,3,3,0,-3,3,개혁신당,배기석,,
